loss,grad_norm,learning_rate,epoch,step,eval_loss,eval_bleu,eval_chrf2pp,eval_runtime,eval_samples_per_second,eval_steps_per_second,train_runtime,train_samples_per_second,train_steps_per_second,total_flos,train_loss
15.604490661621094,65.33306884765625,0.00029979985955056176,0.0056179775280898875,20,,,,,,,,,,,
7.714337158203125,1.783574104309082,0.00029958918539325837,0.011235955056179775,40,,,,,,,,,,,
6.249481582641602,1.0319856405258179,0.00029937851123595504,0.016853932584269662,60,,,,,,,,,,,
5.543490982055664,0.7280842661857605,0.00029916783707865165,0.02247191011235955,80,,,,,,,,,,,
5.158763885498047,0.6762425899505615,0.00029895716292134826,0.028089887640449437,100,,,,,,,,,,,
4.917122268676758,0.676381528377533,0.00029874648876404493,0.033707865168539325,120,,,,,,,,,,,
4.718192672729492,0.6913588047027588,0.00029853581460674155,0.03932584269662921,140,,,,,,,,,,,
4.602323532104492,0.6641308665275574,0.00029832514044943816,0.0449438202247191,160,,,,,,,,,,,
4.490041732788086,0.6836710572242737,0.0002981144662921348,0.05056179775280899,180,,,,,,,,,,,
4.391690444946289,0.6679507493972778,0.00029790379213483144,0.056179775280898875,200,,,,,,,,,,,
4.2732391357421875,0.6806847453117371,0.00029769311797752805,0.06179775280898876,220,,,,,,,,,,,
4.23182373046875,0.5583659410476685,0.0002974824438202247,0.06741573033707865,240,,,,,,,,,,,
4.188027572631836,0.711789071559906,0.00029727176966292133,0.07303370786516854,260,,,,,,,,,,,
4.0812522888183596,0.620749294757843,0.00029706109550561795,0.07865168539325842,280,,,,,,,,,,,
4.020516204833984,0.656703531742096,0.0002968504213483146,0.08426966292134831,300,,,,,,,,,,,
3.9478912353515625,0.6000726222991943,0.0002966397471910112,0.0898876404494382,320,,,,,,,,,,,
3.975513458251953,0.6650884747505188,0.00029642907303370784,0.09550561797752809,340,,,,,,,,,,,
3.863644027709961,0.6403281092643738,0.0002962183988764045,0.10112359550561797,360,,,,,,,,,,,
3.8763187408447264,0.651531457901001,0.00029600772471910107,0.10674157303370786,380,,,,,,,,,,,
3.7757747650146483,0.6575779914855957,0.00029579705056179774,0.11235955056179775,400,,,,,,,,,,,
3.7339221954345705,0.7273194789886475,0.00029558637640449435,0.11797752808988764,420,,,,,,,,,,,
3.738214874267578,0.6189112663269043,0.00029537570224719096,0.12359550561797752,440,,,,,,,,,,,
3.66075439453125,0.6361114382743835,0.00029516502808988763,0.12921348314606743,460,,,,,,,,,,,
3.6774520874023438,0.7154500484466553,0.00029495435393258424,0.1348314606741573,480,,,,,,,,,,,
3.657209777832031,0.5695119500160217,0.00029474367977528086,0.1404494382022472,500,,,,,,,,,,,
3.59234504699707,0.6765510439872742,0.0002945330056179775,0.14606741573033707,520,,,,,,,,,,,
3.5814697265625,0.9097209572792053,0.00029432233146067414,0.15168539325842698,540,,,,,,,,,,,
3.558304214477539,0.6519121527671814,0.00029411165730337075,0.15730337078651685,560,,,,,,,,,,,
3.519674301147461,0.6622593998908997,0.0002939009831460674,0.16292134831460675,580,,,,,,,,,,,
3.4788551330566406,0.6885918974876404,0.00029369030898876403,0.16853932584269662,600,,,,,,,,,,,
3.5053852081298826,0.6159671545028687,0.00029347963483146065,0.17415730337078653,620,,,,,,,,,,,
3.4338352203369142,0.6356991529464722,0.0002932689606741573,0.1797752808988764,640,,,,,,,,,,,
3.4547042846679688,0.6349213123321533,0.00029305828651685393,0.1853932584269663,660,,,,,,,,,,,
3.430743408203125,0.6569692492485046,0.00029284761235955054,0.19101123595505617,680,,,,,,,,,,,
3.3547061920166015,0.6959683895111084,0.00029263693820224716,0.19662921348314608,700,,,,,,,,,,,
3.3362335205078124,0.630456268787384,0.00029242626404494377,0.20224719101123595,720,,,,,,,,,,,
3.3295063018798827,0.67698734998703,0.00029221558988764044,0.20786516853932585,740,,,,,,,,,,,
3.3264694213867188,0.5372782945632935,0.00029200491573033705,0.21348314606741572,760,,,,,,,,,,,
3.309645080566406,0.8358476758003235,0.00029179424157303366,0.21910112359550563,780,,,,,,,,,,,
3.2745410919189455,0.6695498824119568,0.00029158356741573033,0.2247191011235955,800,,,,,,,,,,,
3.2824771881103514,0.6949446201324463,0.00029137289325842694,0.2303370786516854,820,,,,,,,,,,,
3.2982364654541017,0.5869446396827698,0.00029116221910112356,0.23595505617977527,840,,,,,,,,,,,
3.2546035766601564,0.6064561009407043,0.0002909515449438202,0.24157303370786518,860,,,,,,,,,,,
3.2128627777099608,0.68547123670578,0.00029074087078651684,0.24719101123595505,880,,,,,,,,,,,
3.2289283752441404,0.6562249660491943,0.00029053019662921345,0.25280898876404495,900,,,,,,,,,,,
3.2094039916992188,0.6058822274208069,0.00029031952247191007,0.25842696629213485,920,,,,,,,,,,,
3.2269775390625,0.5336553454399109,0.00029010884831460673,0.2640449438202247,940,,,,,,,,,,,
3.1864242553710938,0.6128613948822021,0.00028989817415730335,0.2696629213483146,960,,,,,,,,,,,
3.1790109634399415,0.6173758506774902,0.00028968749999999996,0.2752808988764045,980,,,,,,,,,,,
3.1604537963867188,0.6231054663658142,0.00028947682584269663,0.2808988764044944,1000,,,,,,,,,,,
3.184418296813965,0.6190146803855896,0.00028926615168539324,0.28651685393258425,1020,,,,,,,,,,,
3.121225929260254,0.6835856437683105,0.00028905547752808985,0.29213483146067415,1040,,,,,,,,,,,
3.160892105102539,0.5812669396400452,0.00028884480337078647,0.29775280898876405,1060,,,,,,,,,,,
3.1219945907592774,0.712560772895813,0.00028863412921348314,0.30337078651685395,1080,,,,,,,,,,,
3.1075712203979493,0.5222198963165283,0.00028842345505617975,0.3089887640449438,1100,,,,,,,,,,,
3.1106857299804687,0.5913833379745483,0.00028821278089887636,0.3146067415730337,1120,,,,,,,,,,,
3.086233901977539,0.6064565181732178,0.00028800210674157303,0.3202247191011236,1140,,,,,,,,,,,
3.042728233337402,0.5778910517692566,0.00028779143258426964,0.3258426966292135,1160,,,,,,,,,,,
3.0598728179931642,0.5489837527275085,0.00028758075842696626,0.33146067415730335,1180,,,,,,,,,,,
3.045965385437012,0.6185784339904785,0.00028737008426966287,0.33707865168539325,1200,,,,,,,,,,,
3.071967124938965,0.6838204860687256,0.00028715941011235954,0.34269662921348315,1220,,,,,,,,,,,
3.0374996185302736,0.558612585067749,0.00028694873595505615,0.34831460674157305,1240,,,,,,,,,,,
3.0775550842285155,0.5505797863006592,0.00028673806179775277,0.3539325842696629,1260,,,,,,,,,,,
3.045708656311035,0.6166496872901917,0.00028652738764044943,0.3595505617977528,1280,,,,,,,,,,,
2.969727325439453,0.630885124206543,0.00028631671348314605,0.3651685393258427,1300,,,,,,,,,,,
2.9908098220825194,0.6059480905532837,0.00028610603932584266,0.3707865168539326,1320,,,,,,,,,,,
2.9606048583984377,0.607105016708374,0.00028589536516853933,0.37640449438202245,1340,,,,,,,,,,,
3.0134550094604493,0.6542590260505676,0.00028568469101123594,0.38202247191011235,1360,,,,,,,,,,,
3.0171138763427736,0.5848951935768127,0.00028547401685393255,0.38764044943820225,1380,,,,,,,,,,,
2.9295148849487305,0.5816383361816406,0.00028526334269662917,0.39325842696629215,1400,,,,,,,,,,,
2.927610397338867,0.615824282169342,0.0002850526685393258,0.398876404494382,1420,,,,,,,,,,,
2.9606632232666015,0.6157646179199219,0.00028484199438202245,0.4044943820224719,1440,,,,,,,,,,,
2.958732032775879,0.7085549235343933,0.00028463132022471906,0.4101123595505618,1460,,,,,,,,,,,
2.932606887817383,0.6796075105667114,0.0002844206460674157,0.4157303370786517,1480,,,,,,,,,,,
2.921409034729004,0.5432594418525696,0.00028420997191011234,0.42134831460674155,1500,,,,,,,,,,,
2.9412248611450194,0.6072109937667847,0.00028399929775280896,0.42696629213483145,1520,,,,,,,,,,,
2.9184568405151365,0.7112596035003662,0.00028378862359550557,0.43258426966292135,1540,,,,,,,,,,,
2.885141372680664,0.6146249175071716,0.00028357794943820224,0.43820224719101125,1560,,,,,,,,,,,
2.908461570739746,0.7461124062538147,0.00028336727528089885,0.4438202247191011,1580,,,,,,,,,,,
2.891140937805176,0.578159749507904,0.00028315660112359546,0.449438202247191,1600,,,,,,,,,,,
2.9094419479370117,0.6326811909675598,0.00028294592696629213,0.4550561797752809,1620,,,,,,,,,,,
2.833785820007324,0.5808336734771729,0.00028273525280898875,0.4606741573033708,1640,,,,,,,,,,,
2.8676273345947267,0.5833141803741455,0.00028252457865168536,0.46629213483146065,1660,,,,,,,,,,,
2.81995849609375,0.5824252963066101,0.000282313904494382,0.47191011235955055,1680,,,,,,,,,,,
2.8545345306396483,0.8206151723861694,0.0002821032303370786,0.47752808988764045,1700,,,,,,,,,,,
2.809183692932129,0.553426206111908,0.00028189255617977525,0.48314606741573035,1720,,,,,,,,,,,
2.829564666748047,0.6151643395423889,0.0002816818820224719,0.4887640449438202,1740,,,,,,,,,,,
2.8313451766967774,0.5843642950057983,0.0002814712078651685,0.4943820224719101,1760,,,,,,,,,,,
2.8203048706054688,0.6714185476303101,0.00028126053370786515,0.5,1780,,,,,,,,,,,
2.8191572189331056,0.5484716892242432,0.00028104985955056176,0.5056179775280899,1800,,,,,,,,,,,
2.7907562255859375,0.53997403383255,0.0002808391853932584,0.5112359550561798,1820,,,,,,,,,,,
2.779433250427246,0.5418436527252197,0.00028062851123595504,0.5168539325842697,1840,,,,,,,,,,,
2.7510971069335937,0.5302975177764893,0.00028041783707865166,0.5224719101123596,1860,,,,,,,,,,,
2.7887468338012695,0.7420856952667236,0.00028020716292134827,0.5280898876404494,1880,,,,,,,,,,,
2.7740001678466797,0.548268735408783,0.00027999648876404494,0.5337078651685393,1900,,,,,,,,,,,
2.782542610168457,0.665600597858429,0.00027978581460674155,0.5393258426966292,1920,,,,,,,,,,,
2.775889778137207,0.5676760673522949,0.00027957514044943816,0.5449438202247191,1940,,,,,,,,,,,
2.806819534301758,0.6156857013702393,0.00027936446629213483,0.550561797752809,1960,,,,,,,,,,,
2.7636672973632814,0.5366560220718384,0.00027915379213483145,0.5561797752808989,1980,,,,,,,,,,,
2.720335006713867,0.5721933841705322,0.00027894311797752806,0.5617977528089888,2000,,,,,,,,,,,
2.7168046951293947,0.5880581140518188,0.0002787324438202247,0.5674157303370787,2020,,,,,,,,,,,
2.7530424118041994,0.5566150546073914,0.00027852176966292134,0.5730337078651685,2040,,,,,,,,,,,
2.7300621032714845,0.5651827454566956,0.00027831109550561795,0.5786516853932584,2060,,,,,,,,,,,
2.747528839111328,0.567530632019043,0.0002781004213483146,0.5842696629213483,2080,,,,,,,,,,,
2.755410575866699,0.6131511330604553,0.0002778897471910112,0.5898876404494382,2100,,,,,,,,,,,
2.7072193145751955,0.5749807953834534,0.00027767907303370785,0.5955056179775281,2120,,,,,,,,,,,
2.744602584838867,0.6491990089416504,0.00027746839887640446,0.601123595505618,2140,,,,,,,,,,,
2.670596885681152,0.5326412916183472,0.0002772577247191011,0.6067415730337079,2160,,,,,,,,,,,
2.687356948852539,0.5287235975265503,0.00027704705056179774,0.6123595505617978,2180,,,,,,,,,,,
2.7146938323974608,0.5967547297477722,0.00027683637640449436,0.6179775280898876,2200,,,,,,,,,,,
2.65197811126709,0.7026237845420837,0.00027662570224719097,0.6235955056179775,2220,,,,,,,,,,,
2.6942026138305666,0.5935249328613281,0.00027641502808988764,0.6292134831460674,2240,,,,,,,,,,,
2.6741294860839844,0.6780540347099304,0.00027620435393258425,0.6348314606741573,2260,,,,,,,,,,,
2.6636516571044924,0.6222817897796631,0.00027599367977528086,0.6404494382022472,2280,,,,,,,,,,,
2.645349884033203,0.600430965423584,0.00027578300561797753,0.6460674157303371,2300,,,,,,,,,,,
2.661843490600586,0.528530478477478,0.00027557233146067414,0.651685393258427,2320,,,,,,,,,,,
2.668910789489746,0.6152852177619934,0.00027536165730337076,0.6573033707865169,2340,,,,,,,,,,,
2.6578596115112303,0.5289168357849121,0.0002751509831460674,0.6629213483146067,2360,,,,,,,,,,,
2.6173402786254885,0.6960400342941284,0.00027494030898876404,0.6685393258426966,2380,,,,,,,,,,,
2.638783645629883,0.6535684466362,0.00027472963483146065,0.6741573033707865,2400,,,,,,,,,,,
2.6244630813598633,0.5244317054748535,0.0002745189606741573,0.6797752808988764,2420,,,,,,,,,,,
2.6172924041748047,0.757754921913147,0.0002743082865168539,0.6853932584269663,2440,,,,,,,,,,,
2.6049036026000976,0.8408368825912476,0.00027409761235955055,0.6910112359550562,2460,,,,,,,,,,,
2.6432857513427734,0.5560762286186218,0.00027388693820224716,0.6966292134831461,2480,,,,,,,,,,,
2.623481559753418,0.6597026586532593,0.0002736762640449438,0.702247191011236,2500,,,,,,,,,,,
2.6203914642333985,0.5142183303833008,0.00027346558988764044,0.7078651685393258,2520,,,,,,,,,,,
2.5850246429443358,0.6573039889335632,0.00027325491573033705,0.7134831460674157,2540,,,,,,,,,,,
2.587064743041992,0.5340986847877502,0.00027304424157303367,0.7191011235955056,2560,,,,,,,,,,,
2.6020408630371095,0.6540001034736633,0.00027283356741573034,0.7247191011235955,2580,,,,,,,,,,,
2.5629856109619142,0.5814983248710632,0.00027262289325842695,0.7303370786516854,2600,,,,,,,,,,,
2.6034969329833983,0.5879209637641907,0.00027241221910112356,0.7359550561797753,2620,,,,,,,,,,,
2.619786834716797,0.5546054244041443,0.00027220154494382023,0.7415730337078652,2640,,,,,,,,,,,
2.598972511291504,0.6150692105293274,0.00027199087078651684,0.7471910112359551,2660,,,,,,,,,,,
2.5476150512695312,0.5276341438293457,0.00027178019662921346,0.7528089887640449,2680,,,,,,,,,,,
2.5992620468139647,0.5384178757667542,0.00027156952247191007,0.7584269662921348,2700,,,,,,,,,,,
2.594757843017578,0.5046144723892212,0.00027135884831460674,0.7640449438202247,2720,,,,,,,,,,,
2.6244155883789064,0.5127459764480591,0.00027114817415730335,0.7696629213483146,2740,,,,,,,,,,,
2.583599662780762,0.5196841955184937,0.00027093749999999997,0.7752808988764045,2760,,,,,,,,,,,
2.5710817337036134,0.5121011734008789,0.0002707268258426966,0.7808988764044944,2780,,,,,,,,,,,
2.5441104888916017,0.516105592250824,0.00027051615168539325,0.7865168539325843,2800,,,,,,,,,,,
2.5420995712280274,0.5872142314910889,0.00027030547752808986,0.7921348314606742,2820,,,,,,,,,,,
2.522256851196289,0.6150514483451843,0.0002700948033707865,0.797752808988764,2840,,,,,,,,,,,
2.534154510498047,0.5878299474716187,0.00026988412921348314,0.8033707865168539,2860,,,,,,,,,,,
2.5380460739135744,0.595629870891571,0.00026967345505617975,0.8089887640449438,2880,,,,,,,,,,,
2.529978370666504,0.5473865866661072,0.00026946278089887637,0.8146067415730337,2900,,,,,,,,,,,
2.559702682495117,0.5233575105667114,0.00026925210674157304,0.8202247191011236,2920,,,,,,,,,,,
2.555021858215332,0.739949107170105,0.00026904143258426965,0.8258426966292135,2940,,,,,,,,,,,
2.528984260559082,0.568752110004425,0.00026883075842696626,0.8314606741573034,2960,,,,,,,,,,,
2.5237615585327147,0.5379799008369446,0.0002686200842696629,0.8370786516853933,2980,,,,,,,,,,,
2.554518699645996,0.6252956390380859,0.00026840941011235954,0.8426966292134831,3000,,,,,,,,,,,
2.4846668243408203,0.5712931156158447,0.00026819873595505616,0.848314606741573,3020,,,,,,,,,,,
2.524935722351074,0.5385634899139404,0.00026798806179775277,0.8539325842696629,3040,,,,,,,,,,,
2.5622203826904295,0.5192462205886841,0.00026777738764044944,0.8595505617977528,3060,,,,,,,,,,,
2.5221147537231445,0.5685120224952698,0.00026756671348314605,0.8651685393258427,3080,,,,,,,,,,,
2.51147403717041,0.6213095784187317,0.00026735603932584266,0.8707865168539326,3100,,,,,,,,,,,
2.514134979248047,0.553642749786377,0.0002671453651685393,0.8764044943820225,3120,,,,,,,,,,,
2.54492073059082,0.5578346848487854,0.00026693469101123595,0.8820224719101124,3140,,,,,,,,,,,
2.4980047225952147,0.5185163021087646,0.00026672401685393256,0.8876404494382022,3160,,,,,,,,,,,
2.488810348510742,0.7666071653366089,0.00026651334269662917,0.8932584269662921,3180,,,,,,,,,,,
2.4481622695922853,0.704598069190979,0.0002663026685393258,0.898876404494382,3200,,,,,,,,,,,
2.511239242553711,0.5428676009178162,0.00026609199438202245,0.9044943820224719,3220,,,,,,,,,,,
2.443088340759277,0.5624975562095642,0.00026588132022471907,0.9101123595505618,3240,,,,,,,,,,,
2.5005220413208007,0.6352031230926514,0.0002656706460674157,0.9157303370786517,3260,,,,,,,,,,,
2.438600540161133,0.6416563987731934,0.00026545997191011235,0.9213483146067416,3280,,,,,,,,,,,
2.473321533203125,0.6861591339111328,0.00026524929775280896,0.9269662921348315,3300,,,,,,,,,,,
2.49019718170166,0.5575387477874756,0.0002650386235955056,0.9325842696629213,3320,,,,,,,,,,,
2.471639060974121,0.631972074508667,0.00026482794943820224,0.9382022471910112,3340,,,,,,,,,,,
2.4915178298950194,0.7488676309585571,0.00026461727528089886,0.9438202247191011,3360,,,,,,,,,,,
2.4794166564941404,0.5821061134338379,0.00026440660112359547,0.949438202247191,3380,,,,,,,,,,,
2.4159225463867187,0.5704715847969055,0.00026419592696629214,0.9550561797752809,3400,,,,,,,,,,,
2.4017414093017577,0.6730543375015259,0.00026398525280898875,0.9606741573033708,3420,,,,,,,,,,,
2.473282814025879,0.648380696773529,0.00026377457865168536,0.9662921348314607,3440,,,,,,,,,,,
2.4351505279541015,0.6620808243751526,0.00026356390449438203,0.9719101123595506,3460,,,,,,,,,,,
2.3974342346191406,0.5325935482978821,0.0002633532303370786,0.9775280898876404,3480,,,,,,,,,,,
2.434975814819336,0.4899580478668213,0.00026314255617977526,0.9831460674157303,3500,,,,,,,,,,,
2.480168914794922,0.5419063568115234,0.00026293188202247187,0.9887640449438202,3520,,,,,,,,,,,
2.4443946838378907,0.5713815689086914,0.0002627212078651685,0.9943820224719101,3540,,,,,,,,,,,
2.4322105407714845,0.9194654822349548,0.00026251053370786515,1.0,3560,,,,,,,,,,,
,,,1.0,3560,1.9489809274673462,11.013040042469825,32.214981252084144,210.7781,16.154,0.508,,,,,
2.4074840545654297,0.5817707180976868,0.00026229985955056177,1.0056179775280898,3580,,,,,,,,,,,
2.3581783294677736,0.6024425029754639,0.0002620891853932584,1.0112359550561798,3600,,,,,,,,,,,
2.38262825012207,0.5654332637786865,0.00026187851123595505,1.0168539325842696,3620,,,,,,,,,,,
2.422365188598633,0.5301603078842163,0.00026166783707865166,1.0224719101123596,3640,,,,,,,,,,,
2.360025978088379,0.6565835475921631,0.0002614571629213483,1.0280898876404494,3660,,,,,,,,,,,
2.408582305908203,0.6568018794059753,0.00026124648876404494,1.0337078651685394,3680,,,,,,,,,,,
2.419878387451172,0.5706971287727356,0.00026103581460674156,1.0393258426966292,3700,,,,,,,,,,,
2.390850639343262,0.5690045356750488,0.00026082514044943817,1.0449438202247192,3720,,,,,,,,,,,
2.3649456024169924,0.6243084669113159,0.00026061446629213484,1.050561797752809,3740,,,,,,,,,,,
2.408096122741699,0.5507875680923462,0.00026040379213483145,1.0561797752808988,3760,,,,,,,,,,,
2.373399353027344,0.6289865374565125,0.00026019311797752806,1.0617977528089888,3780,,,,,,,,,,,
2.3767816543579103,0.5047023296356201,0.00025998244382022473,1.0674157303370786,3800,,,,,,,,,,,
2.3903148651123045,0.5223824381828308,0.0002597717696629213,1.0730337078651686,3820,,,,,,,,,,,
2.3678218841552736,0.5972374081611633,0.00025956109550561796,1.0786516853932584,3840,,,,,,,,,,,
2.3431941986083986,0.502450704574585,0.00025935042134831457,1.0842696629213484,3860,,,,,,,,,,,
2.423909378051758,0.5400514006614685,0.0002591397471910112,1.0898876404494382,3880,,,,,,,,,,,
2.335476303100586,0.5466011166572571,0.00025892907303370785,1.095505617977528,3900,,,,,,,,,,,
2.3723379135131837,0.717336118221283,0.00025871839887640447,1.101123595505618,3920,,,,,,,,,,,
2.3431867599487304,0.5554032921791077,0.0002585077247191011,1.1067415730337078,3940,,,,,,,,,,,
2.3823524475097657,0.5557684898376465,0.00025829705056179775,1.1123595505617978,3960,,,,,,,,,,,
2.364701843261719,0.5287486910820007,0.00025808637640449436,1.1179775280898876,3980,,,,,,,,,,,
2.353951263427734,0.5425012707710266,0.000257875702247191,1.1235955056179776,4000,,,,,,,,,,,
2.3158037185668947,0.5406523942947388,0.00025766502808988764,1.1292134831460674,4020,,,,,,,,,,,
2.329468536376953,0.5796716213226318,0.00025745435393258425,1.1348314606741572,4040,,,,,,,,,,,
2.360224723815918,0.5237733721733093,0.00025724367977528087,1.1404494382022472,4060,,,,,,,,,,,
2.3270233154296873,0.5215117335319519,0.00025703300561797754,1.146067415730337,4080,,,,,,,,,,,
2.311319923400879,0.5638593435287476,0.00025682233146067415,1.151685393258427,4100,,,,,,,,,,,
2.31640682220459,0.509854257106781,0.00025661165730337076,1.1573033707865168,4120,,,,,,,,,,,
2.290451431274414,0.5444386601448059,0.00025640098314606743,1.1629213483146068,4140,,,,,,,,,,,
2.3048938751220702,0.5593456625938416,0.000256190308988764,1.1685393258426966,4160,,,,,,,,,,,
2.346748161315918,0.4870651066303253,0.00025597963483146066,1.1741573033707866,4180,,,,,,,,,,,
2.3222587585449217,0.5438857078552246,0.00025576896067415727,1.1797752808988764,4200,,,,,,,,,,,
2.3296009063720704,0.5029245018959045,0.0002555582865168539,1.1853932584269664,4220,,,,,,,,,,,
2.3136234283447266,0.5572001338005066,0.00025534761235955055,1.1910112359550562,4240,,,,,,,,,,,
2.301852989196777,0.5001687407493591,0.00025513693820224717,1.196629213483146,4260,,,,,,,,,,,
2.3479068756103514,0.566525399684906,0.0002549262640449438,1.202247191011236,4280,,,,,,,,,,,
2.2631107330322267,0.565558910369873,0.00025471558988764045,1.2078651685393258,4300,,,,,,,,,,,
2.320356750488281,0.7341412305831909,0.00025450491573033706,1.2134831460674158,4320,,,,,,,,,,,
2.3211076736450194,0.5360020995140076,0.0002542942415730337,1.2191011235955056,4340,,,,,,,,,,,
2.367451286315918,0.6621014475822449,0.00025408356741573034,1.2247191011235956,4360,,,,,,,,,,,
2.298012351989746,0.5896956324577332,0.00025387289325842695,1.2303370786516854,4380,,,,,,,,,,,
2.296190071105957,0.5827903151512146,0.00025366221910112357,1.2359550561797752,4400,,,,,,,,,,,
2.3306636810302734,0.5334877967834473,0.00025345154494382024,1.2415730337078652,4420,,,,,,,,,,,
2.3238222122192385,0.5108837485313416,0.00025324087078651685,1.247191011235955,4440,,,,,,,,,,,
2.3231773376464844,0.5480884313583374,0.00025303019662921346,1.252808988764045,4460,,,,,,,,,,,
2.294977569580078,0.5708784461021423,0.0002528195224719101,1.2584269662921348,4480,,,,,,,,,,,
2.291326141357422,0.5473797917366028,0.0002526088483146067,1.2640449438202248,4500,,,,,,,,,,,
2.245615577697754,0.5180376172065735,0.00025239817415730336,1.2696629213483146,4520,,,,,,,,,,,
2.296320343017578,0.5329223275184631,0.00025218749999999997,1.2752808988764044,4540,,,,,,,,,,,
2.297673225402832,0.5355563163757324,0.0002519768258426966,1.2808988764044944,4560,,,,,,,,,,,
2.2742889404296873,0.5305876135826111,0.00025176615168539325,1.2865168539325842,4580,,,,,,,,,,,
2.2789331436157227,0.5336061716079712,0.00025155547752808986,1.2921348314606742,4600,,,,,,,,,,,
2.2571821212768555,0.5235557556152344,0.0002513448033707865,1.297752808988764,4620,,,,,,,,,,,
2.2873687744140625,0.5508557558059692,0.00025113412921348315,1.303370786516854,4640,,,,,,,,,,,
2.2627172470092773,0.5532343983650208,0.00025092345505617976,1.3089887640449438,4660,,,,,,,,,,,
2.300923538208008,0.5353904366493225,0.00025071278089887637,1.3146067415730336,4680,,,,,,,,,,,
2.261500358581543,0.5456827282905579,0.00025050210674157304,1.3202247191011236,4700,,,,,,,,,,,
2.2607582092285154,0.5722432136535645,0.00025029143258426965,1.3258426966292136,4720,,,,,,,,,,,
2.31048583984375,0.5976590514183044,0.00025008075842696627,1.3314606741573034,4740,,,,,,,,,,,
2.2588287353515626,0.5237513184547424,0.0002498700842696629,1.3370786516853932,4760,,,,,,,,,,,
2.2770479202270506,0.5595414638519287,0.00024965941011235955,1.3426966292134832,4780,,,,,,,,,,,
2.283234405517578,0.6743308305740356,0.00024944873595505616,1.348314606741573,4800,,,,,,,,,,,
2.2526683807373047,0.5400012731552124,0.0002492380617977528,1.3539325842696628,4820,,,,,,,,,,,
2.243826675415039,0.5002936720848083,0.00024902738764044944,1.3595505617977528,4840,,,,,,,,,,,
2.2979278564453125,0.5466550588607788,0.00024881671348314606,1.3651685393258428,4860,,,,,,,,,,,
2.2531627655029296,0.5338484048843384,0.00024860603932584267,1.3707865168539326,4880,,,,,,,,,,,
2.2263814926147463,0.6245340704917908,0.0002483953651685393,1.3764044943820224,4900,,,,,,,,,,,
2.3074493408203125,0.5159137845039368,0.00024818469101123595,1.3820224719101124,4920,,,,,,,,,,,
2.2616024017333984,0.5131286978721619,0.00024797401685393256,1.3876404494382022,4940,,,,,,,,,,,
2.2517393112182615,0.49697548151016235,0.0002477633426966292,1.3932584269662922,4960,,,,,,,,,,,
2.2352066040039062,0.5346512198448181,0.0002475526685393258,1.398876404494382,4980,,,,,,,,,,,
2.240822410583496,0.549860417842865,0.00024734199438202246,1.404494382022472,5000,,,,,,,,,,,
2.2801647186279297,0.5062310099601746,0.00024713132022471907,1.4101123595505618,5020,,,,,,,,,,,
2.2253173828125,0.5395748019218445,0.0002469206460674157,1.4157303370786516,5040,,,,,,,,,,,
2.223471450805664,0.6553232073783875,0.00024670997191011235,1.4213483146067416,5060,,,,,,,,,,,
2.288641357421875,0.6093045473098755,0.00024649929775280897,1.4269662921348314,5080,,,,,,,,,,,
2.2835988998413086,0.5414814949035645,0.0002462886235955056,1.4325842696629214,5100,,,,,,,,,,,
2.2434024810791016,0.685454249382019,0.00024607794943820225,1.4382022471910112,5120,,,,,,,,,,,
2.2082319259643555,0.5277954339981079,0.00024586727528089886,1.4438202247191012,5140,,,,,,,,,,,
2.2143779754638673,0.5438310503959656,0.0002456566011235955,1.449438202247191,5160,,,,,,,,,,,
2.203500175476074,0.5154474973678589,0.00024544592696629214,1.4550561797752808,5180,,,,,,,,,,,
2.198651885986328,0.5251688957214355,0.00024523525280898876,1.4606741573033708,5200,,,,,,,,,,,
2.193452072143555,0.5943612456321716,0.00024502457865168537,1.4662921348314606,5220,,,,,,,,,,,
2.174984359741211,0.5400239825248718,0.000244813904494382,1.4719101123595506,5240,,,,,,,,,,,
2.2091527938842774,0.4986235797405243,0.0002446032303370786,1.4775280898876404,5260,,,,,,,,,,,
2.224600601196289,0.6416956186294556,0.00024439255617977526,1.4831460674157304,5280,,,,,,,,,,,
2.189272880554199,0.6786958575248718,0.0002441818820224719,1.4887640449438202,5300,,,,,,,,,,,
2.2037237167358397,0.4673667550086975,0.00024397120786516852,1.49438202247191,5320,,,,,,,,,,,
2.2077436447143555,0.5128405094146729,0.00024376053370786516,1.5,5340,,,,,,,,,,,
2.2123289108276367,0.5691253542900085,0.0002435498595505618,1.50561797752809,5360,,,,,,,,,,,
2.1990467071533204,0.520578145980835,0.00024333918539325839,1.5112359550561798,5380,,,,,,,,,,,
2.1934764862060545,0.6661235690116882,0.00024312851123595503,1.5168539325842696,5400,,,,,,,,,,,
2.2153913497924806,0.5339376926422119,0.00024291783707865167,1.5224719101123596,5420,,,,,,,,,,,
2.202914237976074,0.5693907141685486,0.00024270716292134828,1.5280898876404494,5440,,,,,,,,,,,
2.209187698364258,0.522236704826355,0.00024249648876404492,1.5337078651685392,5460,,,,,,,,,,,
2.195965576171875,0.574059784412384,0.00024228581460674156,1.5393258426966292,5480,,,,,,,,,,,
2.209005928039551,0.5095139741897583,0.00024207514044943817,1.5449438202247192,5500,,,,,,,,,,,
2.2050405502319337,0.6258391737937927,0.00024186446629213481,1.550561797752809,5520,,,,,,,,,,,
2.17681884765625,0.5467910170555115,0.00024165379213483143,1.5561797752808988,5540,,,,,,,,,,,
2.201054000854492,0.5272834897041321,0.00024144311797752807,1.5617977528089888,5560,,,,,,,,,,,
2.174424171447754,0.49056872725486755,0.0002412324438202247,1.5674157303370788,5580,,,,,,,,,,,
2.130595016479492,0.5455603003501892,0.00024102176966292132,1.5730337078651684,5600,,,,,,,,,,,
2.2001697540283205,0.6628820300102234,0.00024081109550561796,1.5786516853932584,5620,,,,,,,,,,,
2.2266914367675783,0.5158371329307556,0.0002406004213483146,1.5842696629213484,5640,,,,,,,,,,,
2.171705436706543,0.6562699675559998,0.00024038974719101122,1.5898876404494382,5660,,,,,,,,,,,
2.1742273330688477,0.49720853567123413,0.00024017907303370786,1.595505617977528,5680,,,,,,,,,,,
2.1666633605957033,0.5195664763450623,0.0002399683988764045,1.601123595505618,5700,,,,,,,,,,,
2.138820457458496,0.5408006906509399,0.00023975772471910108,1.606741573033708,5720,,,,,,,,,,,
2.194174385070801,0.4896666407585144,0.00023954705056179772,1.6123595505617978,5740,,,,,,,,,,,
2.1601343154907227,0.49192288517951965,0.00023933637640449434,1.6179775280898876,5760,,,,,,,,,,,
2.1911571502685545,0.5022542476654053,0.00023912570224719098,1.6235955056179776,5780,,,,,,,,,,,
2.175411033630371,0.5061486959457397,0.00023891502808988762,1.6292134831460674,5800,,,,,,,,,,,
2.1520244598388674,0.5151547193527222,0.00023870435393258423,1.6348314606741572,5820,,,,,,,,,,,
2.140349578857422,0.533783495426178,0.00023849367977528087,1.6404494382022472,5840,,,,,,,,,,,
2.179874229431152,0.506912350654602,0.00023828300561797751,1.6460674157303372,5860,,,,,,,,,,,
2.1570388793945314,0.5369683504104614,0.00023807233146067413,1.651685393258427,5880,,,,,,,,,,,
2.165043830871582,0.5871955156326294,0.00023786165730337077,1.6573033707865168,5900,,,,,,,,,,,
2.177579879760742,0.4686340391635895,0.0002376509831460674,1.6629213483146068,5920,,,,,,,,,,,
2.1481756210327148,0.5874388217926025,0.00023744030898876402,1.6685393258426966,5940,,,,,,,,,,,
2.171582794189453,0.5622975826263428,0.00023722963483146066,1.6741573033707864,5960,,,,,,,,,,,
2.1783044815063475,0.5015319585800171,0.0002370189606741573,1.6797752808988764,5980,,,,,,,,,,,
2.1679170608520506,0.5076296329498291,0.00023680828651685392,1.6853932584269664,6000,,,,,,,,,,,
2.1776897430419924,0.4755745232105255,0.00023659761235955056,1.6910112359550562,6020,,,,,,,,,,,
2.131830024719238,0.537366509437561,0.00023638693820224714,1.696629213483146,6040,,,,,,,,,,,
2.1317842483520506,0.47804754972457886,0.00023617626404494378,1.702247191011236,6060,,,,,,,,,,,
2.1480220794677733,0.6266222596168518,0.00023596558988764045,1.7078651685393258,6080,,,,,,,,,,,
2.154916000366211,0.7284970283508301,0.00023575491573033704,1.7134831460674156,6100,,,,,,,,,,,
2.1025020599365236,0.5438156127929688,0.00023554424157303368,1.7191011235955056,6120,,,,,,,,,,,
2.117857551574707,0.5275093913078308,0.00023533356741573032,1.7247191011235956,6140,,,,,,,,,,,
2.165394401550293,0.5140044689178467,0.00023512289325842693,1.7303370786516854,6160,,,,,,,,,,,
2.1883285522460936,0.5619120597839355,0.00023491221910112357,1.7359550561797752,6180,,,,,,,,,,,
2.126109504699707,0.590453028678894,0.0002347015449438202,1.7415730337078652,6200,,,,,,,,,,,
2.1171918869018556,0.49714893102645874,0.00023449087078651683,1.7471910112359552,6220,,,,,,,,,,,
2.1081295013427734,0.7667946219444275,0.00023428019662921347,1.7528089887640448,6240,,,,,,,,,,,
2.144578552246094,0.5805070400238037,0.00023406952247191008,1.7584269662921348,6260,,,,,,,,,,,
2.1495534896850588,0.6539163589477539,0.00023385884831460672,1.7640449438202248,6280,,,,,,,,,,,
2.1044403076171876,0.48012641072273254,0.00023364817415730336,1.7696629213483146,6300,,,,,,,,,,,
2.158298683166504,0.6770892143249512,0.00023343749999999998,1.7752808988764044,6320,,,,,,,,,,,
2.123564529418945,0.49421945214271545,0.00023322682584269662,1.7808988764044944,6340,,,,,,,,,,,
2.1360280990600584,0.6090189218521118,0.00023301615168539326,1.7865168539325844,6360,,,,,,,,,,,
2.129670524597168,0.5505548715591431,0.00023280547752808987,1.7921348314606742,6380,,,,,,,,,,,
2.084507369995117,0.5266919732093811,0.0002325948033707865,1.797752808988764,6400,,,,,,,,,,,
2.0735185623168944,0.4597879946231842,0.00023238412921348315,1.803370786516854,6420,,,,,,,,,,,
2.1012441635131838,0.5655903220176697,0.00023217345505617974,1.8089887640449438,6440,,,,,,,,,,,
2.141039276123047,0.4733971357345581,0.00023196278089887638,1.8146067415730336,6460,,,,,,,,,,,
2.0713163375854493,0.5307148694992065,0.00023175210674157302,1.8202247191011236,6480,,,,,,,,,,,
2.1257650375366213,0.5169344544410706,0.00023154143258426963,1.8258426966292136,6500,,,,,,,,,,,
2.1008628845214843,0.5258071422576904,0.00023133075842696627,1.8314606741573034,6520,,,,,,,,,,,
2.1403112411499023,0.5285572409629822,0.00023112008426966289,1.8370786516853932,6540,,,,,,,,,,,
2.11975040435791,0.5653136372566223,0.00023090941011235953,1.8426966292134832,6560,,,,,,,,,,,
2.094916343688965,0.5957005620002747,0.00023069873595505617,1.848314606741573,6580,,,,,,,,,,,
2.0936893463134765,0.893034815788269,0.00023048806179775278,1.8539325842696628,6600,,,,,,,,,,,
2.1541828155517577,0.6299431920051575,0.00023027738764044942,1.8595505617977528,6620,,,,,,,,,,,
2.0852617263793944,0.6199735999107361,0.00023006671348314606,1.8651685393258428,6640,,,,,,,,,,,
2.08618049621582,0.5670433640480042,0.00022985603932584267,1.8707865168539326,6660,,,,,,,,,,,
2.1289495468139648,0.5324656963348389,0.00022964536516853932,1.8764044943820224,6680,,,,,,,,,,,
2.0806867599487306,0.4534594714641571,0.00022943469101123596,1.8820224719101124,6700,,,,,,,,,,,
2.0885852813720702,0.48877647519111633,0.00022922401685393257,1.8876404494382022,6720,,,,,,,,,,,
2.1114118576049803,0.5318249464035034,0.0002290133426966292,1.893258426966292,6740,,,,,,,,,,,
2.0825891494750977,0.45224010944366455,0.0002288026685393258,1.898876404494382,6760,,,,,,,,,,,
2.1206518173217774,0.5045491456985474,0.00022859199438202244,1.904494382022472,6780,,,,,,,,,,,
2.09302978515625,0.4693259000778198,0.00022838132022471908,1.9101123595505618,6800,,,,,,,,,,,
2.1167930603027343,0.5333766341209412,0.0002281706460674157,1.9157303370786516,6820,,,,,,,,,,,
2.0646127700805663,0.5509571433067322,0.00022795997191011233,1.9213483146067416,6840,,,,,,,,,,,
2.076490783691406,0.5302187204360962,0.00022774929775280897,1.9269662921348316,6860,,,,,,,,,,,
2.058894729614258,0.514371931552887,0.00022753862359550559,1.9325842696629212,6880,,,,,,,,,,,
2.088424301147461,0.5640146732330322,0.00022732794943820223,1.9382022471910112,6900,,,,,,,,,,,
2.0559452056884764,0.5699254870414734,0.00022711727528089887,1.9438202247191012,6920,,,,,,,,,,,
2.06158390045166,0.5879837870597839,0.00022690660112359548,1.949438202247191,6940,,,,,,,,,,,
2.0876754760742187,0.5664843916893005,0.00022669592696629212,1.9550561797752808,6960,,,,,,,,,,,
2.072818374633789,0.6230332255363464,0.00022648525280898876,1.9606741573033708,6980,,,,,,,,,,,
2.02537841796875,0.5324336290359497,0.00022627457865168537,1.9662921348314608,7000,,,,,,,,,,,
2.0350786209106446,0.520178496837616,0.00022606390449438201,1.9719101123595506,7020,,,,,,,,,,,
2.0847219467163085,0.5075138211250305,0.00022585323033707863,1.9775280898876404,7040,,,,,,,,,,,
2.0540283203125,0.5272512435913086,0.00022564255617977527,1.9831460674157304,7060,,,,,,,,,,,
2.053909683227539,0.5338870882987976,0.0002254318820224719,1.9887640449438202,7080,,,,,,,,,,,
2.0523330688476564,0.573134183883667,0.0002252212078651685,1.99438202247191,7100,,,,,,,,,,,
2.0748897552490235,0.8094724416732788,0.00022501053370786514,2.0,7120,,,,,,,,,,,
,,,2.0,7120,1.6634024381637573,13.93550785946203,36.33559119780655,146.585,23.229,0.73,,,,,
2.0373418807983397,0.49468499422073364,0.00022479985955056178,2.00561797752809,7140,,,,,,,,,,,
2.052079963684082,0.6027875542640686,0.0002245891853932584,2.0112359550561796,7160,,,,,,,,,,,
2.033662223815918,0.5427159667015076,0.00022437851123595503,2.0168539325842696,7180,,,,,,,,,,,
2.1055086135864256,0.5411821007728577,0.00022416783707865167,2.0224719101123596,7200,,,,,,,,,,,
2.0556591033935545,0.5136891603469849,0.00022395716292134828,2.0280898876404496,7220,,,,,,,,,,,
2.0456676483154297,0.5529780983924866,0.00022374648876404493,2.033707865168539,7240,,,,,,,,,,,
2.0439931869506838,0.4819476008415222,0.00022353581460674157,2.039325842696629,7260,,,,,,,,,,,
2.0187387466430664,0.4547381103038788,0.00022332514044943818,2.044943820224719,7280,,,,,,,,,,,
2.047136116027832,0.6094589233398438,0.00022311446629213482,2.050561797752809,7300,,,,,,,,,,,
2.028183364868164,0.5370954871177673,0.00022290379213483143,2.056179775280899,7320,,,,,,,,,,,
2.012765121459961,0.5630162358283997,0.00022269311797752807,2.061797752808989,7340,,,,,,,,,,,
2.034396743774414,0.5306840538978577,0.00022248244382022471,2.067415730337079,7360,,,,,,,,,,,
2.0682464599609376,0.5525513887405396,0.00022227176966292133,2.0730337078651684,7380,,,,,,,,,,,
2.0629453659057617,0.5069368481636047,0.00022206109550561797,2.0786516853932584,7400,,,,,,,,,,,
1.979489517211914,0.60069340467453,0.0002218504213483146,2.0842696629213484,7420,,,,,,,,,,,
2.0272775650024415,0.5281962156295776,0.0002216397471910112,2.0898876404494384,7440,,,,,,,,,,,
2.0200180053710937,0.5750032067298889,0.00022142907303370784,2.095505617977528,7460,,,,,,,,,,,
2.054296112060547,0.5139973759651184,0.0002212183988764045,2.101123595505618,7480,,,,,,,,,,,
2.0371896743774416,0.48795008659362793,0.0002210077247191011,2.106741573033708,7500,,,,,,,,,,,
1.9841974258422852,0.6145690679550171,0.00022079705056179773,2.1123595505617976,7520,,,,,,,,,,,
2.0261262893676757,0.5682656764984131,0.00022058637640449434,2.1179775280898876,7540,,,,,,,,,,,
2.032838821411133,0.5133473873138428,0.00022037570224719098,2.1235955056179776,7560,,,,,,,,,,,
2.032992935180664,0.4873926639556885,0.00022016502808988762,2.1292134831460676,7580,,,,,,,,,,,
2.015849304199219,0.5512364506721497,0.00021995435393258424,2.134831460674157,7600,,,,,,,,,,,
1.996473503112793,0.5197773575782776,0.00021974367977528088,2.140449438202247,7620,,,,,,,,,,,
2.0101783752441404,0.4925476312637329,0.00021953300561797752,2.146067415730337,7640,,,,,,,,,,,
2.011040687561035,0.5838015079498291,0.00021932233146067413,2.151685393258427,7660,,,,,,,,,,,
2.0446649551391602,0.4835561513900757,0.00021911165730337077,2.157303370786517,7680,,,,,,,,,,,
1.9894525527954101,0.5149989128112793,0.0002189009831460674,2.162921348314607,7700,,,,,,,,,,,
1.9952489852905273,0.5199407339096069,0.00021869030898876403,2.168539325842697,7720,,,,,,,,,,,
1.991616439819336,0.5154369473457336,0.00021847963483146067,2.1741573033707864,7740,,,,,,,,,,,
2.0523611068725587,0.4854868948459625,0.0002182689606741573,2.1797752808988764,7760,,,,,,,,,,,
2.0213388442993163,0.5487385392189026,0.00021805828651685392,2.1853932584269664,7780,,,,,,,,,,,
2.0541851043701174,0.567202627658844,0.00021784761235955056,2.191011235955056,7800,,,,,,,,,,,
2.0042497634887697,0.4822019636631012,0.00021763693820224715,2.196629213483146,7820,,,,,,,,,,,
2.0272871017456056,0.6231713891029358,0.0002174262640449438,2.202247191011236,7840,,,,,,,,,,,
2.0507497787475586,0.49924516677856445,0.00021721558988764043,2.207865168539326,7860,,,,,,,,,,,
1.9894405364990235,0.47348156571388245,0.00021700491573033704,2.2134831460674156,7880,,,,,,,,,,,
1.9667623519897461,0.5115534663200378,0.00021679424157303368,2.2191011235955056,7900,,,,,,,,,,,
1.9679834365844726,0.580447793006897,0.00021658356741573032,2.2247191011235956,7920,,,,,,,,,,,
1.9816802978515624,0.5710843205451965,0.00021637289325842694,2.2303370786516856,7940,,,,,,,,,,,
2.0568946838378905,0.4808790981769562,0.00021616221910112358,2.235955056179775,7960,,,,,,,,,,,
2.0249792098999024,0.6071800589561462,0.00021595154494382022,2.241573033707865,7980,,,,,,,,,,,
1.9952669143676758,0.5504711866378784,0.00021574087078651683,2.247191011235955,8000,,,,,,,,,,,
2.0079023361206056,0.5485696196556091,0.00021553019662921347,2.252808988764045,8020,,,,,,,,,,,
1.9884592056274415,0.6273797154426575,0.00021531952247191009,2.258426966292135,8040,,,,,,,,,,,
2.0266529083251954,0.8093557357788086,0.00021510884831460673,2.264044943820225,8060,,,,,,,,,,,
1.981501579284668,0.5298964381217957,0.00021489817415730337,2.2696629213483144,8080,,,,,,,,,,,
1.982016372680664,0.6016167998313904,0.00021468749999999998,2.2752808988764044,8100,,,,,,,,,,,
1.979925537109375,0.6220917105674744,0.00021447682584269662,2.2808988764044944,8120,,,,,,,,,,,
2.0349777221679686,0.6008949875831604,0.00021426615168539326,2.2865168539325844,8140,,,,,,,,,,,
2.0166088104248048,0.5766066312789917,0.00021405547752808985,2.292134831460674,8160,,,,,,,,,,,
2.0153913497924805,0.5425518751144409,0.0002138448033707865,2.297752808988764,8180,,,,,,,,,,,
2.010159492492676,0.5589826703071594,0.00021363412921348313,2.303370786516854,8200,,,,,,,,,,,
1.9888593673706054,0.5126662850379944,0.00021342345505617974,2.308988764044944,8220,,,,,,,,,,,
2.000752258300781,0.5797871947288513,0.00021321278089887638,2.3146067415730336,8240,,,,,,,,,,,
1.985072708129883,0.5149255394935608,0.00021300210674157302,2.3202247191011236,8260,,,,,,,,,,,
1.9943765640258788,0.5990144610404968,0.00021279143258426964,2.3258426966292136,8280,,,,,,,,,,,
1.9533329010009766,0.6894919872283936,0.00021258075842696628,2.331460674157303,8300,,,,,,,,,,,
1.9371103286743163,0.6339566111564636,0.0002123700842696629,2.337078651685393,8320,,,,,,,,,,,
1.957417869567871,0.49399974942207336,0.00021215941011235953,2.342696629213483,8340,,,,,,,,,,,
1.990178108215332,0.49128812551498413,0.00021194873595505617,2.348314606741573,8360,,,,,,,,,,,
2.034117889404297,0.47923603653907776,0.00021173806179775279,2.353932584269663,8380,,,,,,,,,,,
1.9509918212890625,0.4775823652744293,0.00021152738764044943,2.359550561797753,8400,,,,,,,,,,,
1.9751483917236328,0.550972044467926,0.00021131671348314607,2.365168539325843,8420,,,,,,,,,,,
1.9499675750732421,0.5242413878440857,0.00021110603932584268,2.370786516853933,8440,,,,,,,,,,,
1.9719053268432618,0.48089906573295593,0.00021089536516853932,2.3764044943820224,8460,,,,,,,,,,,
2.0122419357299806,0.5117983222007751,0.00021068469101123596,2.3820224719101124,8480,,,,,,,,,,,
1.9432790756225586,0.5114595890045166,0.00021047401685393255,2.3876404494382024,8500,,,,,,,,,,,
2.001889228820801,0.813630223274231,0.0002102633426966292,2.393258426966292,8520,,,,,,,,,,,
1.940110206604004,0.6564682126045227,0.0002100526685393258,2.398876404494382,8540,,,,,,,,,,,
1.9564090728759767,0.5281831622123718,0.00020984199438202244,2.404494382022472,8560,,,,,,,,,,,
1.9683488845825194,0.5460935831069946,0.00020963132022471908,2.4101123595505616,8580,,,,,,,,,,,
1.985479736328125,0.6233571171760559,0.0002094206460674157,2.4157303370786516,8600,,,,,,,,,,,
1.9253179550170898,0.5700375437736511,0.00020920997191011234,2.4213483146067416,8620,,,,,,,,,,,
1.9717918395996095,0.48183974623680115,0.00020899929775280898,2.4269662921348316,8640,,,,,,,,,,,
1.9865907669067382,0.499923974275589,0.0002087886235955056,2.432584269662921,8660,,,,,,,,,,,
1.9567220687866211,0.711848795413971,0.00020857794943820223,2.438202247191011,8680,,,,,,,,,,,
1.9608022689819335,0.5025789737701416,0.00020836727528089887,2.443820224719101,8700,,,,,,,,,,,
1.9675514221191406,0.4789162278175354,0.00020815660112359548,2.449438202247191,8720,,,,,,,,,,,
1.9797565460205078,0.5141489505767822,0.00020794592696629213,2.455056179775281,8740,,,,,,,,,,,
1.954857635498047,0.5465463995933533,0.00020773525280898877,2.460674157303371,8760,,,,,,,,,,,
1.9370939254760742,0.7025009393692017,0.00020752457865168538,2.466292134831461,8780,,,,,,,,,,,
1.9232118606567383,0.5205815434455872,0.00020731390449438202,2.4719101123595504,8800,,,,,,,,,,,
1.9677730560302735,0.535713791847229,0.0002071032303370786,2.4775280898876404,8820,,,,,,,,,,,
1.9530168533325196,0.529811680316925,0.00020689255617977525,2.4831460674157304,8840,,,,,,,,,,,
1.9316904067993164,0.49484768509864807,0.00020668188202247191,2.48876404494382,8860,,,,,,,,,,,
1.9553272247314453,0.5095033049583435,0.0002064712078651685,2.49438202247191,8880,,,,,,,,,,,
1.9349111557006835,0.593641996383667,0.00020626053370786514,2.5,8900,,,,,,,,,,,
1.9291275024414063,0.5770351886749268,0.00020604985955056178,2.50561797752809,8920,,,,,,,,,,,
1.9533138275146484,0.5418382883071899,0.0002058391853932584,2.51123595505618,8940,,,,,,,,,,,
1.952916145324707,0.5086987614631653,0.00020562851123595504,2.5168539325842696,8960,,,,,,,,,,,
1.9297861099243163,0.5069716572761536,0.00020541783707865168,2.5224719101123596,8980,,,,,,,,,,,
1.9269542694091797,0.7960939407348633,0.0002052071629213483,2.5280898876404496,9000,,,,,,,,,,,
1.965057945251465,1.0484156608581543,0.00020499648876404493,2.533707865168539,9020,,,,,,,,,,,
1.9428596496582031,0.5536381006240845,0.00020478581460674157,2.539325842696629,9040,,,,,,,,,,,
1.9609083175659179,0.5026441812515259,0.00020457514044943818,2.544943820224719,9060,,,,,,,,,,,
1.9473583221435546,0.5903264880180359,0.00020436446629213482,2.550561797752809,9080,,,,,,,,,,,
1.9468208312988282,0.4796038269996643,0.00020415379213483144,2.556179775280899,9100,,,,,,,,,,,
1.9244556427001953,0.46881556510925293,0.00020394311797752808,2.561797752808989,9120,,,,,,,,,,,
1.959977912902832,0.4851531386375427,0.00020373244382022472,2.567415730337079,9140,,,,,,,,,,,
1.9255182266235351,0.5337709188461304,0.00020352176966292133,2.5730337078651684,9160,,,,,,,,,,,
1.9498497009277345,0.506123960018158,0.00020331109550561797,2.5786516853932584,9180,,,,,,,,,,,
1.9205297470092773,0.5155818462371826,0.00020310042134831461,2.5842696629213484,9200,,,,,,,,,,,
1.984669303894043,0.5720139145851135,0.0002028897471910112,2.5898876404494384,9220,,,,,,,,,,,
1.9525075912475587,0.5003359913825989,0.00020267907303370784,2.595505617977528,9240,,,,,,,,,,,
1.9245643615722656,0.5501934289932251,0.00020246839887640448,2.601123595505618,9260,,,,,,,,,,,
1.9157354354858398,0.5022794604301453,0.0002022577247191011,2.606741573033708,9280,,,,,,,,,,,
1.911032485961914,0.5011707544326782,0.00020204705056179774,2.6123595505617976,9300,,,,,,,,,,,
1.9205593109130858,0.45578134059906006,0.00020183637640449435,2.6179775280898876,9320,,,,,,,,,,,
1.9555248260498046,0.48449742794036865,0.000201625702247191,2.6235955056179776,9340,,,,,,,,,,,
1.9427362442016602,0.5131583213806152,0.00020141502808988763,2.629213483146067,9360,,,,,,,,,,,
1.957621955871582,0.45227116346359253,0.00020120435393258424,2.634831460674157,9380,,,,,,,,,,,
1.9189188003540039,0.7403687238693237,0.00020099367977528088,2.640449438202247,9400,,,,,,,,,,,
1.9000354766845704,0.45298710465431213,0.00020078300561797752,2.646067415730337,9420,,,,,,,,,,,
1.907029914855957,0.6393201351165771,0.00020057233146067414,2.6516853932584272,9440,,,,,,,,,,,
1.9154413223266602,0.5031429529190063,0.00020036165730337078,2.657303370786517,9460,,,,,,,,,,,
1.9229341506958009,0.5141728520393372,0.00020015098314606742,2.662921348314607,9480,,,,,,,,,,,
1.926348876953125,0.758711576461792,0.00019994030898876403,2.668539325842697,9500,,,,,,,,,,,
1.9617645263671875,0.4862617254257202,0.00019972963483146067,2.6741573033707864,9520,,,,,,,,,,,
1.8901853561401367,0.5093675255775452,0.0001995189606741573,2.6797752808988764,9540,,,,,,,,,,,
1.9128482818603516,0.4446960687637329,0.0001993082865168539,2.6853932584269664,9560,,,,,,,,,,,
1.9420520782470703,0.539736270904541,0.00019909761235955054,2.691011235955056,9580,,,,,,,,,,,
1.9437952041625977,0.5697361826896667,0.00019888693820224715,2.696629213483146,9600,,,,,,,,,,,
1.902485466003418,0.5717843770980835,0.0001986762640449438,2.702247191011236,9620,,,,,,,,,,,
1.8797245025634766,0.6917315721511841,0.00019846558988764043,2.7078651685393256,9640,,,,,,,,,,,
1.8851179122924804,0.5137943029403687,0.00019825491573033705,2.7134831460674156,9660,,,,,,,,,,,
1.9320938110351562,0.6058427691459656,0.0001980442415730337,2.7191011235955056,9680,,,,,,,,,,,
1.911056900024414,0.5490813851356506,0.00019783356741573033,2.7247191011235956,9700,,,,,,,,,,,
1.8987316131591796,0.47878214716911316,0.00019762289325842694,2.7303370786516856,9720,,,,,,,,,,,
1.9427410125732423,0.4922318160533905,0.00019741221910112358,2.735955056179775,9740,,,,,,,,,,,
1.8999929428100586,0.4889923632144928,0.00019720154494382022,2.741573033707865,9760,,,,,,,,,,,
1.9279239654541016,0.5400752425193787,0.00019699087078651684,2.747191011235955,9780,,,,,,,,,,,
1.9111055374145507,0.533476710319519,0.00019678019662921348,2.752808988764045,9800,,,,,,,,,,,
1.8787641525268555,0.6325632333755493,0.0001965695224719101,2.758426966292135,9820,,,,,,,,,,,
1.9295537948608399,0.6566320657730103,0.00019635884831460673,2.764044943820225,9840,,,,,,,,,,,
1.908203125,0.5350106954574585,0.00019614817415730337,2.7696629213483144,9860,,,,,,,,,,,
1.9188882827758789,0.6864050030708313,0.00019593749999999996,2.7752808988764044,9880,,,,,,,,,,,
1.8716989517211915,0.5065849423408508,0.0001957268258426966,2.7808988764044944,9900,,,,,,,,,,,
1.8951429367065429,0.5046979188919067,0.00019551615168539324,2.7865168539325844,9920,,,,,,,,,,,
1.9092180252075195,0.5554230213165283,0.00019530547752808985,2.7921348314606744,9940,,,,,,,,,,,
1.944953727722168,0.5161564946174622,0.0001950948033707865,2.797752808988764,9960,,,,,,,,,,,
1.9299165725708007,0.5188546180725098,0.00019488412921348313,2.803370786516854,9980,,,,,,,,,,,
1.9022808074951172,0.6854486465454102,0.00019467345505617975,2.808988764044944,10000,,,,,,,,,,,
1.9303693771362305,0.4960189461708069,0.0001944627808988764,2.8146067415730336,10020,,,,,,,,,,,
1.894866943359375,0.5047248005867004,0.00019425210674157303,2.8202247191011236,10040,,,,,,,,,,,
1.9260051727294922,0.5086864829063416,0.00019404143258426964,2.8258426966292136,10060,,,,,,,,,,,
1.8652019500732422,0.5239026546478271,0.00019383075842696628,2.831460674157303,10080,,,,,,,,,,,
1.9023582458496093,0.5012155175209045,0.0001936200842696629,2.837078651685393,10100,,,,,,,,,,,
1.9398153305053711,0.6018126010894775,0.00019340941011235954,2.842696629213483,10120,,,,,,,,,,,
1.8637073516845704,0.4708974063396454,0.00019319873595505618,2.8483146067415728,10140,,,,,,,,,,,
1.874886703491211,0.5486007928848267,0.0001929880617977528,2.853932584269663,10160,,,,,,,,,,,
1.8756069183349608,0.5253651738166809,0.00019277738764044943,2.859550561797753,10180,,,,,,,,,,,
1.9085140228271484,0.46295809745788574,0.00019256671348314607,2.865168539325843,10200,,,,,,,,,,,
1.9047506332397461,0.5807468295097351,0.00019235603932584266,2.870786516853933,10220,,,,,,,,,,,
1.8688304901123047,0.6122533082962036,0.0001921453651685393,2.8764044943820224,10240,,,,,,,,,,,
1.8937931060791016,0.5127692818641663,0.00019193469101123597,2.8820224719101124,10260,,,,,,,,,,,
1.8844524383544923,0.5000733137130737,0.00019172401685393255,2.8876404494382024,10280,,,,,,,,,,,
1.8933143615722656,0.4977489709854126,0.0001915133426966292,2.893258426966292,10300,,,,,,,,,,,
1.8963626861572265,0.5073184370994568,0.0001913026685393258,2.898876404494382,10320,,,,,,,,,,,
1.8833990097045898,0.558744490146637,0.00019109199438202245,2.904494382022472,10340,,,,,,,,,,,
1.9067367553710937,0.49787771701812744,0.0001908813202247191,2.9101123595505616,10360,,,,,,,,,,,
1.855370330810547,0.4736052453517914,0.0001906706460674157,2.9157303370786516,10380,,,,,,,,,,,
1.8516712188720703,0.5369350910186768,0.00019045997191011234,2.9213483146067416,10400,,,,,,,,,,,
1.8691852569580079,0.5429080724716187,0.00019024929775280898,2.9269662921348316,10420,,,,,,,,,,,
1.8715906143188477,0.4901255965232849,0.0001900386235955056,2.932584269662921,10440,,,,,,,,,,,
1.9024431228637695,0.671546995639801,0.00018982794943820224,2.938202247191011,10460,,,,,,,,,,,
1.927155113220215,0.5195421576499939,0.00018961727528089888,2.943820224719101,10480,,,,,,,,,,,
1.8680341720581055,0.5220299959182739,0.0001894066011235955,2.949438202247191,10500,,,,,,,,,,,
1.8683568954467773,0.5778477787971497,0.00018919592696629213,2.955056179775281,10520,,,,,,,,,,,
1.8882061004638673,0.5986506342887878,0.00018898525280898877,2.960674157303371,10540,,,,,,,,,,,
1.8868494033813477,0.4987870752811432,0.00018877457865168538,2.966292134831461,10560,,,,,,,,,,,
1.8621952056884765,0.546495258808136,0.00018856390449438202,2.9719101123595504,10580,,,,,,,,,,,
1.8648775100708008,0.5280364155769348,0.0001883532303370786,2.9775280898876404,10600,,,,,,,,,,,
1.8828754425048828,0.5245664715766907,0.00018814255617977525,2.9831460674157304,10620,,,,,,,,,,,
1.8805463790893555,0.4653896391391754,0.0001879318820224719,2.98876404494382,10640,,,,,,,,,,,
1.8451202392578125,0.5524771213531494,0.0001877212078651685,2.99438202247191,10660,,,,,,,,,,,
1.8167608261108399,0.8673216700553894,0.00018751053370786515,3.0,10680,,,,,,,,,,,
,,,3.0,10680,1.5424227714538574,16.063221635287587,39.460488491831356,145.3427,23.427,0.736,,,,,
1.8578413009643555,0.6883349418640137,0.0001872998595505618,3.00561797752809,10700,,,,,,,,,,,
1.8532926559448242,0.510927140712738,0.0001870891853932584,3.0112359550561796,10720,,,,,,,,,,,
1.9043134689331054,0.5796980261802673,0.00018687851123595504,3.0168539325842696,10740,,,,,,,,,,,
1.8379449844360352,0.5069461464881897,0.00018666783707865168,3.0224719101123596,10760,,,,,,,,,,,
1.8211994171142578,0.5995993614196777,0.0001864571629213483,3.0280898876404496,10780,,,,,,,,,,,
1.851640510559082,0.5598133206367493,0.00018624648876404494,3.033707865168539,10800,,,,,,,,,,,
1.8691213607788086,0.46774521470069885,0.00018603581460674158,3.039325842696629,10820,,,,,,,,,,,
1.8078315734863282,0.5133699178695679,0.0001858251404494382,3.044943820224719,10840,,,,,,,,,,,
1.8314443588256837,0.5089167356491089,0.00018561446629213483,3.050561797752809,10860,,,,,,,,,,,
1.8776586532592774,0.48896437883377075,0.00018540379213483144,3.056179775280899,10880,,,,,,,,,,,
1.8377132415771484,0.5023125410079956,0.00018519311797752808,3.061797752808989,10900,,,,,,,,,,,
1.8595291137695313,0.49987727403640747,0.00018498244382022472,3.067415730337079,10920,,,,,,,,,,,
1.8011886596679687,0.4955158531665802,0.0001847717696629213,3.0730337078651684,10940,,,,,,,,,,,
1.8453088760375977,0.6087012887001038,0.00018456109550561795,3.0786516853932584,10960,,,,,,,,,,,
1.8250656127929688,0.48931771516799927,0.0001843504213483146,3.0842696629213484,10980,,,,,,,,,,,
1.83843994140625,0.5494015216827393,0.0001841397471910112,3.0898876404494384,11000,,,,,,,,,,,
1.8641345977783204,0.5547118782997131,0.00018392907303370785,3.095505617977528,11020,,,,,,,,,,,
1.807364273071289,0.48223838210105896,0.00018371839887640449,3.101123595505618,11040,,,,,,,,,,,
1.83564453125,0.4533082842826843,0.0001835077247191011,3.106741573033708,11060,,,,,,,,,,,
1.806169319152832,0.5026768445968628,0.00018329705056179774,3.1123595505617976,11080,,,,,,,,,,,
1.8618867874145508,0.4781739413738251,0.00018308637640449435,3.1179775280898876,11100,,,,,,,,,,,
1.8135456085205077,0.5135511755943298,0.000182875702247191,3.1235955056179776,11120,,,,,,,,,,,
1.802511215209961,0.5244159698486328,0.00018266502808988763,3.1292134831460676,11140,,,,,,,,,,,
1.8573575973510743,0.640474796295166,0.00018245435393258425,3.134831460674157,11160,,,,,,,,,,,
1.831945037841797,0.5466778874397278,0.0001822436797752809,3.140449438202247,11180,,,,,,,,,,,
1.8365533828735352,0.5455164313316345,0.00018203300561797753,3.146067415730337,11200,,,,,,,,,,,
1.8320745468139648,0.5708979964256287,0.00018182233146067414,3.151685393258427,11220,,,,,,,,,,,
1.8540180206298829,0.4447501599788666,0.00018161165730337078,3.157303370786517,11240,,,,,,,,,,,
1.7859058380126953,0.48145046830177307,0.00018140098314606742,3.162921348314607,11260,,,,,,,,,,,
1.8194311141967774,0.5527957677841187,0.000181190308988764,3.168539325842697,11280,,,,,,,,,,,
1.8440641403198241,0.592839777469635,0.00018097963483146065,3.1741573033707864,11300,,,,,,,,,,,
1.8095430374145507,0.49440380930900574,0.0001807689606741573,3.1797752808988764,11320,,,,,,,,,,,
1.8860530853271484,0.5968821048736572,0.0001805582865168539,3.1853932584269664,11340,,,,,,,,,,,
1.8287153244018555,0.46778783202171326,0.00018034761235955054,3.191011235955056,11360,,,,,,,,,,,
1.8027748107910155,0.46956637501716614,0.00018013693820224716,3.196629213483146,11380,,,,,,,,,,,
1.829306411743164,0.5305368304252625,0.0001799262640449438,3.202247191011236,11400,,,,,,,,,,,
1.8229642868041993,0.5181803703308105,0.00017971558988764044,3.207865168539326,11420,,,,,,,,,,,
1.833115005493164,0.4615226984024048,0.00017950491573033705,3.2134831460674156,11440,,,,,,,,,,,
1.8290092468261718,0.544744610786438,0.0001792942415730337,3.2191011235955056,11460,,,,,,,,,,,
1.8094486236572265,0.5686107873916626,0.00017908356741573033,3.2247191011235956,11480,,,,,,,,,,,
1.8322420120239258,0.4670100212097168,0.00017887289325842695,3.2303370786516856,11500,,,,,,,,,,,
1.8516860961914063,0.5180319547653198,0.0001786622191011236,3.235955056179775,11520,,,,,,,,,,,
1.828238296508789,0.5758553743362427,0.00017845154494382023,3.241573033707865,11540,,,,,,,,,,,
1.8028703689575196,0.5371314287185669,0.00017824087078651684,3.247191011235955,11560,,,,,,,,,,,
1.8559165954589845,0.67345130443573,0.00017803019662921348,3.252808988764045,11580,,,,,,,,,,,
1.832120132446289,0.538804292678833,0.00017781952247191007,3.258426966292135,11600,,,,,,,,,,,
1.8088415145874024,0.5698803067207336,0.0001776088483146067,3.264044943820225,11620,,,,,,,,,,,
1.8382564544677735,0.49149659276008606,0.00017739817415730335,3.2696629213483144,11640,,,,,,,,,,,
1.8299917221069335,0.5830592513084412,0.00017718749999999996,3.2752808988764044,11660,,,,,,,,,,,
1.8079320907592773,0.5246390700340271,0.0001769768258426966,3.2808988764044944,11680,,,,,,,,,,,
1.835611343383789,0.5832449793815613,0.00017676615168539324,3.2865168539325844,11700,,,,,,,,,,,
1.833468246459961,0.47897088527679443,0.00017655547752808986,3.292134831460674,11720,,,,,,,,,,,
1.795036506652832,0.5416503548622131,0.0001763448033707865,3.297752808988764,11740,,,,,,,,,,,
1.8050691604614257,0.596174955368042,0.00017613412921348314,3.303370786516854,11760,,,,,,,,,,,
1.8124502182006836,0.4539831578731537,0.00017592345505617975,3.308988764044944,11780,,,,,,,,,,,
1.8249351501464843,0.5554523468017578,0.0001757127808988764,3.3146067415730336,11800,,,,,,,,,,,
1.8118694305419922,0.6743602156639099,0.00017550210674157303,3.3202247191011236,11820,,,,,,,,,,,
1.8226314544677735,0.545314371585846,0.00017529143258426965,3.3258426966292136,11840,,,,,,,,,,,
1.8062963485717773,0.5307319164276123,0.0001750807584269663,3.331460674157303,11860,,,,,,,,,,,
1.8317190170288087,0.7016618847846985,0.0001748700842696629,3.337078651685393,11880,,,,,,,,,,,
1.780599594116211,0.48758912086486816,0.00017465941011235954,3.342696629213483,11900,,,,,,,,,,,
1.8190855026245116,0.7640088200569153,0.00017444873595505618,3.348314606741573,11920,,,,,,,,,,,
1.8233705520629884,0.5220939517021179,0.00017423806179775277,3.353932584269663,11940,,,,,,,,,,,
1.8257776260375977,0.597812294960022,0.00017402738764044944,3.359550561797753,11960,,,,,,,,,,,
1.783271598815918,0.5769082307815552,0.00017381671348314608,3.365168539325843,11980,,,,,,,,,,,
1.8013553619384766,0.5918038487434387,0.00017360603932584266,3.370786516853933,12000,,,,,,,,,,,
1.803599739074707,0.5244400501251221,0.0001733953651685393,3.3764044943820224,12020,,,,,,,,,,,
1.8446800231933593,0.5169790387153625,0.00017318469101123594,3.3820224719101124,12040,,,,,,,,,,,
1.7970664978027344,0.5189428329467773,0.00017297401685393256,3.3876404494382024,12060,,,,,,,,,,,
1.785710906982422,0.5443943738937378,0.0001727633426966292,3.393258426966292,12080,,,,,,,,,,,
1.8192176818847656,0.4976525902748108,0.0001725526685393258,3.398876404494382,12100,,,,,,,,,,,
1.7804662704467773,0.5393418073654175,0.00017234199438202245,3.404494382022472,12120,,,,,,,,,,,
1.7803184509277343,0.5089954137802124,0.0001721313202247191,3.4101123595505616,12140,,,,,,,,,,,
1.799564743041992,0.4604887068271637,0.0001719206460674157,3.4157303370786516,12160,,,,,,,,,,,
1.8298484802246093,0.5295318961143494,0.00017170997191011235,3.4213483146067416,12180,,,,,,,,,,,
1.7797714233398438,0.4709053933620453,0.000171499297752809,3.4269662921348316,12200,,,,,,,,,,,
1.8545255661010742,0.5068926811218262,0.0001712886235955056,3.432584269662921,12220,,,,,,,,,,,
1.8200328826904297,0.4825465679168701,0.00017107794943820224,3.438202247191011,12240,,,,,,,,,,,
1.8662927627563477,0.4880339503288269,0.00017086727528089888,3.443820224719101,12260,,,,,,,,,,,
1.8043739318847656,0.5412681698799133,0.0001706566011235955,3.449438202247191,12280,,,,,,,,,,,
1.7953359603881835,0.5017301440238953,0.00017044592696629214,3.455056179775281,12300,,,,,,,,,,,
1.8359895706176759,0.5205633640289307,0.00017023525280898878,3.460674157303371,12320,,,,,,,,,,,
1.7965757369995117,0.482760488986969,0.00017002457865168536,3.466292134831461,12340,,,,,,,,,,,
1.8175745010375977,0.5264502167701721,0.000169813904494382,3.4719101123595504,12360,,,,,,,,,,,
1.7403165817260742,0.6056118607521057,0.00016960323033707862,3.4775280898876404,12380,,,,,,,,,,,
1.8377496719360351,0.4927888810634613,0.00016939255617977526,3.4831460674157304,12400,,,,,,,,,,,
1.764959716796875,0.4567037522792816,0.0001691818820224719,3.48876404494382,12420,,,,,,,,,,,
1.7977914810180664,0.5566270351409912,0.0001689712078651685,3.49438202247191,12440,,,,,,,,,,,
1.8004053115844727,0.5032351613044739,0.00016876053370786515,3.5,12460,,,,,,,,,,,
1.7833345413208008,0.6095873117446899,0.0001685498595505618,3.50561797752809,12480,,,,,,,,,,,
1.8129579544067382,0.49019351601600647,0.0001683391853932584,3.51123595505618,12500,,,,,,,,,,,
1.8149398803710937,0.49443742632865906,0.00016812851123595505,3.5168539325842696,12520,,,,,,,,,,,
1.8003992080688476,0.6172971129417419,0.00016791783707865169,3.5224719101123596,12540,,,,,,,,,,,
1.7969640731811523,0.5019214749336243,0.0001677071629213483,3.5280898876404496,12560,,,,,,,,,,,
1.7437801361083984,0.48040318489074707,0.00016749648876404494,3.533707865168539,12580,,,,,,,,,,,
1.7940698623657227,0.5861160755157471,0.00016728581460674158,3.539325842696629,12600,,,,,,,,,,,
1.836375617980957,0.4645121991634369,0.0001670751404494382,3.544943820224719,12620,,,,,,,,,,,
1.81556396484375,0.6534984707832336,0.00016686446629213483,3.550561797752809,12640,,,,,,,,,,,
1.7911043167114258,0.4702843427658081,0.00016665379213483142,3.556179775280899,12660,,,,,,,,,,,
1.7815433502197267,0.5648698806762695,0.00016644311797752806,3.561797752808989,12680,,,,,,,,,,,
1.7755435943603515,0.5686492919921875,0.0001662324438202247,3.567415730337079,12700,,,,,,,,,,,
1.820871925354004,0.5074520111083984,0.00016602176966292132,3.5730337078651684,12720,,,,,,,,,,,
1.7955198287963867,0.5033203959465027,0.00016581109550561796,3.5786516853932584,12740,,,,,,,,,,,
1.769217300415039,0.46404367685317993,0.0001656004213483146,3.5842696629213484,12760,,,,,,,,,,,
1.8129142761230468,0.47471436858177185,0.0001653897471910112,3.5898876404494384,12780,,,,,,,,,,,
1.767898178100586,0.5072035789489746,0.00016517907303370785,3.595505617977528,12800,,,,,,,,,,,
1.8124401092529296,0.6874605417251587,0.0001649683988764045,3.601123595505618,12820,,,,,,,,,,,
1.8161819458007813,0.4792323410511017,0.0001647577247191011,3.606741573033708,12840,,,,,,,,,,,
1.8055145263671875,0.49320170283317566,0.00016454705056179775,3.6123595505617976,12860,,,,,,,,,,,
1.7924116134643555,0.5499707460403442,0.00016433637640449436,3.6179775280898876,12880,,,,,,,,,,,
1.768955612182617,0.5257863402366638,0.000164125702247191,3.6235955056179776,12900,,,,,,,,,,,
1.816559410095215,0.5032600164413452,0.00016391502808988764,3.629213483146067,12920,,,,,,,,,,,
1.8117944717407226,0.5145695209503174,0.00016370435393258425,3.634831460674157,12940,,,,,,,,,,,
1.784864616394043,0.5308634042739868,0.0001634936797752809,3.640449438202247,12960,,,,,,,,,,,
1.7856164932250977,0.5108597874641418,0.00016328300561797753,3.646067415730337,12980,,,,,,,,,,,
1.825857162475586,0.49465426802635193,0.00016307233146067412,3.6516853932584272,13000,,,,,,,,,,,
1.7385398864746093,0.5267243981361389,0.00016286165730337076,3.657303370786517,13020,,,,,,,,,,,
1.8235124588012694,0.569784939289093,0.00016265098314606743,3.662921348314607,13040,,,,,,,,,,,
1.7693975448608399,0.5797198414802551,0.00016244030898876401,3.668539325842697,13060,,,,,,,,,,,
1.7981552124023437,0.5155683755874634,0.00016222963483146066,3.6741573033707864,13080,,,,,,,,,,,
1.7771278381347657,0.46994155645370483,0.0001620189606741573,3.6797752808988764,13100,,,,,,,,,,,
1.7717926025390625,0.5566999316215515,0.0001618082865168539,3.6853932584269664,13120,,,,,,,,,,,
1.8079185485839844,0.5021939873695374,0.00016159761235955055,3.691011235955056,13140,,,,,,,,,,,
1.774116325378418,0.48474541306495667,0.00016138693820224716,3.696629213483146,13160,,,,,,,,,,,
1.788290786743164,0.5429502129554749,0.0001611762640449438,3.702247191011236,13180,,,,,,,,,,,
1.7767492294311524,0.586396336555481,0.00016096558988764044,3.7078651685393256,13200,,,,,,,,,,,
1.7449583053588866,0.7279863953590393,0.00016075491573033706,3.7134831460674156,13220,,,,,,,,,,,
1.7734468460083008,0.4839549958705902,0.0001605442415730337,3.7191011235955056,13240,,,,,,,,,,,
1.7675132751464844,0.4844583570957184,0.00016033356741573034,3.7247191011235956,13260,,,,,,,,,,,
1.767066764831543,0.5240377187728882,0.00016012289325842695,3.7303370786516856,13280,,,,,,,,,,,
1.777079200744629,0.5081443190574646,0.0001599122191011236,3.735955056179775,13300,,,,,,,,,,,
1.7641483306884767,0.506104052066803,0.00015970154494382023,3.741573033707865,13320,,,,,,,,,,,
1.801161766052246,0.6569690704345703,0.00015949087078651682,3.747191011235955,13340,,,,,,,,,,,
1.7775487899780273,0.4946072995662689,0.0001592801966292135,3.752808988764045,13360,,,,,,,,,,,
1.765425682067871,0.5575371384620667,0.00015906952247191007,3.758426966292135,13380,,,,,,,,,,,
1.729819107055664,0.4948886036872864,0.00015885884831460671,3.764044943820225,13400,,,,,,,,,,,
1.7495281219482421,0.5826578140258789,0.00015864817415730335,3.7696629213483144,13420,,,,,,,,,,,
1.7257789611816405,0.47325530648231506,0.00015843749999999997,3.7752808988764044,13440,,,,,,,,,,,
1.7829319000244142,0.4861643612384796,0.0001582268258426966,3.7808988764044944,13460,,,,,,,,,,,
1.7791873931884765,0.561751663684845,0.00015801615168539325,3.7865168539325844,13480,,,,,,,,,,,
1.77906494140625,0.48667290806770325,0.00015780547752808986,3.7921348314606744,13500,,,,,,,,,,,
1.793324851989746,0.5482627749443054,0.0001575948033707865,3.797752808988764,13520,,,,,,,,,,,
1.7728548049926758,0.5921912789344788,0.00015738412921348314,3.803370786516854,13540,,,,,,,,,,,
1.7423885345458985,0.5051046013832092,0.00015717345505617976,3.808988764044944,13560,,,,,,,,,,,
1.7931365966796875,0.4990035593509674,0.0001569627808988764,3.8146067415730336,13580,,,,,,,,,,,
1.7616586685180664,0.5032899975776672,0.00015675210674157304,3.8202247191011236,13600,,,,,,,,,,,
1.79718017578125,0.5366654396057129,0.00015654143258426965,3.8258426966292136,13620,,,,,,,,,,,
1.7736555099487306,0.4667566418647766,0.0001563307584269663,3.831460674157303,13640,,,,,,,,,,,
1.825520896911621,0.7802615761756897,0.0001561200842696629,3.837078651685393,13660,,,,,,,,,,,
1.788032341003418,0.4637531638145447,0.00015590941011235955,3.842696629213483,13680,,,,,,,,,,,
1.7747991561889649,0.5578149557113647,0.0001556987359550562,3.8483146067415728,13700,,,,,,,,,,,
1.7512304306030273,0.5354884266853333,0.00015548806179775277,3.853932584269663,13720,,,,,,,,,,,
1.7410884857177735,0.502769410610199,0.00015527738764044941,3.859550561797753,13740,,,,,,,,,,,
1.757269287109375,0.7000452876091003,0.00015506671348314605,3.865168539325843,13760,,,,,,,,,,,
1.737276840209961,0.5042589902877808,0.00015485603932584267,3.870786516853933,13780,,,,,,,,,,,
1.812576675415039,0.5123152136802673,0.0001546453651685393,3.8764044943820224,13800,,,,,,,,,,,
1.7796949386596679,0.529072642326355,0.00015443469101123595,3.8820224719101124,13820,,,,,,,,,,,
1.7489898681640625,0.47031089663505554,0.00015422401685393256,3.8876404494382024,13840,,,,,,,,,,,
1.7155866622924805,0.4793231785297394,0.0001540133426966292,3.893258426966292,13860,,,,,,,,,,,
1.7351484298706055,0.5632450580596924,0.00015380266853932582,3.898876404494382,13880,,,,,,,,,,,
1.7925045013427734,0.5505601167678833,0.00015359199438202246,3.904494382022472,13900,,,,,,,,,,,
1.7610433578491211,0.4742363393306732,0.0001533813202247191,3.9101123595505616,13920,,,,,,,,,,,
1.7305856704711915,0.5397828221321106,0.0001531706460674157,3.9157303370786516,13940,,,,,,,,,,,
1.7681936264038085,0.4984011650085449,0.00015295997191011235,3.9213483146067416,13960,,,,,,,,,,,
1.8014440536499023,0.4738665223121643,0.000152749297752809,3.9269662921348316,13980,,,,,,,,,,,
1.7822975158691405,0.49839726090431213,0.0001525386235955056,3.932584269662921,14000,,,,,,,,,,,
1.7917593002319336,0.5716704726219177,0.00015232794943820225,3.938202247191011,14020,,,,,,,,,,,
1.7254762649536133,0.4828597903251648,0.00015211727528089889,3.943820224719101,14040,,,,,,,,,,,
1.7864982604980468,0.5905237197875977,0.00015190660112359547,3.949438202247191,14060,,,,,,,,,,,
1.7265949249267578,0.6635054349899292,0.0001516959269662921,3.955056179775281,14080,,,,,,,,,,,
1.7191728591918944,0.467235267162323,0.00015148525280898875,3.960674157303371,14100,,,,,,,,,,,
1.754867935180664,0.5748205780982971,0.00015127457865168537,3.966292134831461,14120,,,,,,,,,,,
1.7410774230957031,0.5094749927520752,0.000151063904494382,3.9719101123595504,14140,,,,,,,,,,,
1.757400131225586,0.572605550289154,0.00015085323033707862,3.9775280898876404,14160,,,,,,,,,,,
1.7612457275390625,0.6609582901000977,0.00015064255617977526,3.9831460674157304,14180,,,,,,,,,,,
1.7517425537109375,0.5614466071128845,0.0001504318820224719,3.98876404494382,14200,,,,,,,,,,,
1.7514144897460937,0.5049326419830322,0.00015022120786516852,3.99438202247191,14220,,,,,,,,,,,
1.7832511901855468,0.8320016860961914,0.00015001053370786516,4.0,14240,,,,,,,,,,,
,,,4.0,14240,1.4614899158477783,18.542362696215164,41.08952053064645,142.6182,23.875,0.75,,,,,
1.7267822265625,0.4546765089035034,0.00014979985955056177,4.00561797752809,14260,,,,,,,,,,,
1.7527345657348632,0.5169956684112549,0.0001495891853932584,4.01123595505618,14280,,,,,,,,,,,
1.7526378631591797,0.5077909231185913,0.00014937851123595505,4.01685393258427,14300,,,,,,,,,,,
1.6850566864013672,0.5398681163787842,0.00014916783707865166,4.022471910112359,14320,,,,,,,,,,,
1.705093765258789,0.5586653351783752,0.0001489571629213483,4.02808988764045,14340,,,,,,,,,,,
1.7307912826538085,0.501492977142334,0.00014874648876404495,4.033707865168539,14360,,,,,,,,,,,
1.743307113647461,0.6308232545852661,0.00014853581460674156,4.03932584269663,14380,,,,,,,,,,,
1.7148996353149415,0.5169447660446167,0.00014832514044943817,4.044943820224719,14400,,,,,,,,,,,
1.7552282333374023,0.4867161214351654,0.0001481144662921348,4.050561797752809,14420,,,,,,,,,,,
1.7031801223754883,0.4785899817943573,0.00014790379213483145,4.056179775280899,14440,,,,,,,,,,,
1.7222246170043944,0.6352616548538208,0.00014769311797752807,4.061797752808989,14460,,,,,,,,,,,
1.717502975463867,0.4970668852329254,0.0001474824438202247,4.067415730337078,14480,,,,,,,,,,,
1.7400924682617187,0.6065821051597595,0.00014727176966292135,4.073033707865169,14500,,,,,,,,,,,
1.7319719314575195,0.5297521352767944,0.00014706109550561796,4.078651685393258,14520,,,,,,,,,,,
1.7323219299316406,0.5638909935951233,0.0001468504213483146,4.084269662921348,14540,,,,,,,,,,,
1.7345870971679687,0.5395481586456299,0.00014663974719101124,4.089887640449438,14560,,,,,,,,,,,
1.6958433151245118,0.5368518233299255,0.00014642907303370786,4.095505617977528,14580,,,,,,,,,,,
1.7074651718139648,0.5003677010536194,0.00014621839887640447,4.101123595505618,14600,,,,,,,,,,,
1.719129753112793,0.4668795168399811,0.0001460077247191011,4.106741573033708,14620,,,,,,,,,,,
1.744369888305664,0.5964963436126709,0.00014579705056179775,4.112359550561798,14640,,,,,,,,,,,
1.7305076599121094,0.6586821675300598,0.00014558637640449436,4.117977528089888,14660,,,,,,,,,,,
1.7575872421264649,0.5237080454826355,0.000145375702247191,4.123595505617978,14680,,,,,,,,,,,
1.7559528350830078,0.512540340423584,0.00014516502808988762,4.129213483146067,14700,,,,,,,,,,,
1.7485570907592773,0.5543421506881714,0.00014495435393258426,4.134831460674158,14720,,,,,,,,,,,
1.7191898345947265,0.5280538201332092,0.0001447436797752809,4.140449438202247,14740,,,,,,,,,,,
1.7182815551757813,0.7370074987411499,0.0001445330056179775,4.146067415730337,14760,,,,,,,,,,,
1.7009998321533204,0.5983867049217224,0.00014432233146067415,4.151685393258427,14780,,,,,,,,,,,
1.7080293655395509,0.5445103645324707,0.00014411165730337077,4.157303370786517,14800,,,,,,,,,,,
1.7268337249755858,0.563988983631134,0.0001439009831460674,4.162921348314606,14820,,,,,,,,,,,
1.7253126144409179,0.5264444947242737,0.00014369030898876402,4.168539325842697,14840,,,,,,,,,,,
1.7463470458984376,0.6811730265617371,0.00014347963483146066,4.174157303370786,14860,,,,,,,,,,,
1.707939910888672,0.4854498505592346,0.0001432689606741573,4.179775280898877,14880,,,,,,,,,,,
1.7039955139160157,0.47556033730506897,0.00014305828651685391,4.185393258426966,14900,,,,,,,,,,,
1.725860023498535,0.49355170130729675,0.00014284761235955056,4.191011235955056,14920,,,,,,,,,,,
1.7120901107788087,0.4701254069805145,0.00014263693820224717,4.196629213483146,14940,,,,,,,,,,,
1.7137224197387695,0.47262248396873474,0.0001424262640449438,4.202247191011236,14960,,,,,,,,,,,
1.6958526611328124,0.5891824960708618,0.00014221558988764042,4.207865168539326,14980,,,,,,,,,,,
1.7136146545410156,0.6235406994819641,0.00014200491573033706,4.213483146067416,15000,,,,,,,,,,,
1.7520910263061524,0.5664650201797485,0.0001417942415730337,4.219101123595506,15020,,,,,,,,,,,
1.7251022338867188,0.5218523144721985,0.00014158356741573032,4.224719101123595,15040,,,,,,,,,,,
1.7195579528808593,0.5454753041267395,0.00014137289325842696,4.230337078651686,15060,,,,,,,,,,,
1.7009468078613281,0.4783007502555847,0.0001411622191011236,4.235955056179775,15080,,,,,,,,,,,
1.6903676986694336,0.4675045907497406,0.0001409515449438202,4.241573033707865,15100,,,,,,,,,,,
1.723714256286621,0.508713960647583,0.00014074087078651682,4.247191011235955,15120,,,,,,,,,,,
1.705420684814453,0.5172690749168396,0.00014053019662921347,4.252808988764045,15140,,,,,,,,,,,
1.672226905822754,0.4973754286766052,0.0001403195224719101,4.258426966292135,15160,,,,,,,,,,,
1.7246736526489257,0.46143701672554016,0.00014010884831460672,4.264044943820225,15180,,,,,,,,,,,
1.7226608276367188,0.6137778162956238,0.00013989817415730336,4.269662921348314,15200,,,,,,,,,,,
1.7361112594604493,0.6337430477142334,0.0001396875,4.275280898876405,15220,,,,,,,,,,,
1.7050352096557617,0.47856590151786804,0.00013947682584269661,4.280898876404494,15240,,,,,,,,,,,
1.7235027313232423,0.5154368877410889,0.00013926615168539323,4.286516853932584,15260,,,,,,,,,,,
1.6844345092773438,0.49239853024482727,0.00013905547752808987,4.292134831460674,15280,,,,,,,,,,,
1.7208642959594727,0.45932188630104065,0.0001388448033707865,4.297752808988764,15300,,,,,,,,,,,
1.734853744506836,0.4865618944168091,0.00013863412921348312,4.303370786516854,15320,,,,,,,,,,,
1.6981460571289062,0.5682095885276794,0.00013842345505617976,4.308988764044944,15340,,,,,,,,,,,
1.7588825225830078,0.4986408054828644,0.0001382127808988764,4.314606741573034,15360,,,,,,,,,,,
1.7167972564697265,0.5868978500366211,0.00013800210674157302,4.320224719101123,15380,,,,,,,,,,,
1.7361860275268555,0.5451983213424683,0.00013779143258426966,4.325842696629214,15400,,,,,,,,,,,
1.693501091003418,0.5359702706336975,0.0001375807584269663,4.331460674157303,15420,,,,,,,,,,,
1.6681114196777345,0.5474976301193237,0.0001373700842696629,4.337078651685394,15440,,,,,,,,,,,
1.6982078552246094,0.5363592505455017,0.00013715941011235952,4.342696629213483,15460,,,,,,,,,,,
1.6987804412841796,0.47484055161476135,0.00013694873595505616,4.348314606741573,15480,,,,,,,,,,,
1.7315513610839843,0.5639352202415466,0.0001367380617977528,4.353932584269663,15500,,,,,,,,,,,
1.7521387100219727,0.4903467297554016,0.00013652738764044942,4.359550561797753,15520,,,,,,,,,,,
1.7313013076782227,0.5210725665092468,0.00013631671348314606,4.365168539325842,15540,,,,,,,,,,,
1.69715576171875,0.49177035689353943,0.0001361060393258427,4.370786516853933,15560,,,,,,,,,,,
1.6961843490600585,0.49205484986305237,0.0001358953651685393,4.376404494382022,15580,,,,,,,,,,,
1.7197910308837892,0.4499751329421997,0.00013568469101123595,4.382022471910112,15600,,,,,,,,,,,
1.7306699752807617,0.4964057505130768,0.00013547401685393257,4.387640449438202,15620,,,,,,,,,,,
1.6986051559448243,0.5023788809776306,0.0001352633426966292,4.393258426966292,15640,,,,,,,,,,,
1.6929954528808593,0.5204352140426636,0.00013505266853932582,4.398876404494382,15660,,,,,,,,,,,
1.703996467590332,0.5521193146705627,0.00013484199438202246,4.404494382022472,15680,,,,,,,,,,,
1.688858985900879,0.4569287598133087,0.0001346313202247191,4.410112359550562,15700,,,,,,,,,,,
1.7209892272949219,0.4938491880893707,0.00013442064606741572,4.415730337078652,15720,,,,,,,,,,,
1.7443557739257813,0.5422684550285339,0.00013420997191011236,4.421348314606742,15740,,,,,,,,,,,
1.6697816848754883,0.4861794412136078,0.00013399929775280897,4.426966292134831,15760,,,,,,,,,,,
1.6506528854370117,0.5728294849395752,0.0001337886235955056,4.432584269662922,15780,,,,,,,,,,,
1.6826892852783204,0.5204557776451111,0.00013357794943820222,4.438202247191011,15800,,,,,,,,,,,
1.6927215576171875,0.5591568350791931,0.00013336727528089886,4.443820224719101,15820,,,,,,,,,,,
1.6980554580688476,0.49826231598854065,0.0001331566011235955,4.449438202247191,15840,,,,,,,,,,,
1.7299121856689452,0.5152199864387512,0.00013294592696629212,4.455056179775281,15860,,,,,,,,,,,
1.7355831146240235,0.7256156802177429,0.00013273525280898876,4.460674157303371,15880,,,,,,,,,,,
1.6873907089233398,0.5178817510604858,0.00013252457865168537,4.466292134831461,15900,,,,,,,,,,,
1.7291997909545898,0.6238266825675964,0.000132313904494382,4.47191011235955,15920,,,,,,,,,,,
1.7187593460083008,0.5316535234451294,0.00013210323033707865,4.477528089887641,15940,,,,,,,,,,,
1.6550769805908203,0.48871344327926636,0.00013189255617977527,4.48314606741573,15960,,,,,,,,,,,
1.6952930450439454,0.4992118775844574,0.00013168188202247188,4.48876404494382,15980,,,,,,,,,,,
1.657648468017578,0.5084707140922546,0.00013147120786516852,4.49438202247191,16000,,,,,,,,,,,
1.7031673431396483,0.5708445310592651,0.00013126053370786516,4.5,16020,,,,,,,,,,,
1.672031784057617,0.45871418714523315,0.00013104985955056177,4.50561797752809,16040,,,,,,,,,,,
1.687570571899414,0.5131567120552063,0.00013083918539325842,4.51123595505618,16060,,,,,,,,,,,
1.6992706298828124,0.5268903970718384,0.00013062851123595506,4.51685393258427,16080,,,,,,,,,,,
1.6438116073608398,0.5147562623023987,0.00013041783707865167,4.52247191011236,16100,,,,,,,,,,,
1.6552337646484374,0.5356647372245789,0.00013020716292134828,4.52808988764045,16120,,,,,,,,,,,
1.692432975769043,0.4667728543281555,0.00012999648876404495,4.533707865168539,16140,,,,,,,,,,,
1.6901004791259766,0.5031210780143738,0.00012978581460674156,4.539325842696629,16160,,,,,,,,,,,
1.7107406616210938,0.48691731691360474,0.00012957514044943818,4.544943820224719,16180,,,,,,,,,,,
1.6966644287109376,0.5087356567382812,0.00012936446629213482,4.550561797752809,16200,,,,,,,,,,,
1.7077478408813476,0.5107688903808594,0.00012915379213483146,4.556179775280899,16220,,,,,,,,,,,
1.6796581268310546,0.5187254548072815,0.00012894311797752807,4.561797752808989,16240,,,,,,,,,,,
1.6834470748901367,0.5003244876861572,0.0001287324438202247,4.567415730337078,16260,,,,,,,,,,,
1.6958253860473633,0.5543341636657715,0.00012852176966292135,4.573033707865169,16280,,,,,,,,,,,
1.6768997192382813,0.576805591583252,0.00012831109550561797,4.578651685393258,16300,,,,,,,,,,,
1.7104585647583008,0.5557960271835327,0.00012810042134831458,4.584269662921348,16320,,,,,,,,,,,
1.6396675109863281,0.5837254524230957,0.00012788974719101122,4.589887640449438,16340,,,,,,,,,,,
1.6732898712158204,0.5330569744110107,0.00012767907303370786,4.595505617977528,16360,,,,,,,,,,,
1.6626924514770507,0.5137516260147095,0.00012746839887640447,4.601123595505618,16380,,,,,,,,,,,
1.6891084671020509,0.5151897668838501,0.00012725772471910111,4.606741573033708,16400,,,,,,,,,,,
1.6828248977661133,0.5526401996612549,0.00012704705056179776,4.612359550561798,16420,,,,,,,,,,,
1.7220317840576171,0.463870644569397,0.00012683637640449437,4.617977528089888,16440,,,,,,,,,,,
1.6974843978881835,0.5282987952232361,0.000126625702247191,4.623595505617978,16460,,,,,,,,,,,
1.6416275024414062,0.5211646556854248,0.00012641502808988762,4.629213483146067,16480,,,,,,,,,,,
1.6713232040405273,0.6868599653244019,0.00012620435393258426,4.634831460674158,16500,,,,,,,,,,,
1.6991539001464844,0.6237052083015442,0.00012599367977528088,4.640449438202247,16520,,,,,,,,,,,
1.7336065292358398,0.5705848932266235,0.00012578300561797752,4.646067415730337,16540,,,,,,,,,,,
1.7081151962280274,0.536942183971405,0.00012557233146067416,4.651685393258427,16560,,,,,,,,,,,
1.7126487731933593,0.4871525764465332,0.00012536165730337077,4.657303370786517,16580,,,,,,,,,,,
1.7305435180664062,0.4986066222190857,0.0001251509831460674,4.662921348314606,16600,,,,,,,,,,,
1.656021499633789,0.4862513244152069,0.00012494030898876403,4.668539325842697,16620,,,,,,,,,,,
1.6777666091918946,0.5533756017684937,0.00012472963483146067,4.674157303370786,16640,,,,,,,,,,,
1.70849609375,0.577686607837677,0.00012451896067415728,4.679775280898877,16660,,,,,,,,,,,
1.675925064086914,0.7383548617362976,0.00012430828651685392,4.685393258426966,16680,,,,,,,,,,,
1.6772680282592773,0.5537425875663757,0.00012409761235955056,4.691011235955056,16700,,,,,,,,,,,
1.6938318252563476,0.5893133878707886,0.00012388693820224717,4.696629213483146,16720,,,,,,,,,,,
1.708420181274414,0.50295090675354,0.00012367626404494381,4.702247191011236,16740,,,,,,,,,,,
1.7193647384643556,0.6317763328552246,0.00012346558988764043,4.707865168539326,16760,,,,,,,,,,,
1.6871019363403321,0.5027434825897217,0.00012325491573033707,4.713483146067416,16780,,,,,,,,,,,
1.693353271484375,0.5210171341896057,0.0001230442415730337,4.719101123595506,16800,,,,,,,,,,,
1.6670660018920898,0.5148504376411438,0.00012283356741573032,4.724719101123595,16820,,,,,,,,,,,
1.6624250411987305,0.5162332653999329,0.00012262289325842696,4.730337078651686,16840,,,,,,,,,,,
1.6724067687988282,0.5183413624763489,0.00012241221910112358,4.735955056179775,16860,,,,,,,,,,,
1.657394027709961,0.5111331939697266,0.00012220154494382022,4.741573033707866,16880,,,,,,,,,,,
1.6604652404785156,0.5293476581573486,0.00012199087078651683,4.747191011235955,16900,,,,,,,,,,,
1.6670757293701173,0.6558011770248413,0.00012178019662921348,4.752808988764045,16920,,,,,,,,,,,
1.6617443084716796,0.5515024065971375,0.0001215695224719101,4.758426966292134,16940,,,,,,,,,,,
1.649379348754883,0.5976257920265198,0.00012135884831460672,4.764044943820225,16960,,,,,,,,,,,
1.7108154296875,0.520016074180603,0.00012114817415730336,4.769662921348314,16980,,,,,,,,,,,
1.6408449172973634,0.670181930065155,0.00012093749999999999,4.775280898876405,17000,,,,,,,,,,,
1.6759620666503907,0.4804873764514923,0.00012072682584269662,4.780898876404494,17020,,,,,,,,,,,
1.6948678970336915,0.5048747658729553,0.00012051615168539325,4.786516853932584,17040,,,,,,,,,,,
1.6477836608886718,0.5315571427345276,0.00012030547752808989,4.792134831460674,17060,,,,,,,,,,,
1.7596811294555663,0.47782376408576965,0.00012009480337078651,4.797752808988764,17080,,,,,,,,,,,
1.675827407836914,0.49577969312667847,0.00011988412921348313,4.803370786516854,17100,,,,,,,,,,,
1.6783559799194336,0.5754137635231018,0.00011967345505617975,4.808988764044944,17120,,,,,,,,,,,
1.6832033157348634,0.5084595680236816,0.0001194627808988764,4.814606741573034,17140,,,,,,,,,,,
1.6501646041870117,0.5883435010910034,0.00011925210674157302,4.820224719101123,17160,,,,,,,,,,,
1.6503093719482422,0.64897620677948,0.00011904143258426965,4.825842696629214,17180,,,,,,,,,,,
1.657860565185547,0.49061208963394165,0.00011883075842696629,4.831460674157303,17200,,,,,,,,,,,
1.675166130065918,0.524544894695282,0.00011862008426966292,4.837078651685394,17220,,,,,,,,,,,
1.705169677734375,0.5510687232017517,0.00011840941011235954,4.842696629213483,17240,,,,,,,,,,,
1.7120096206665039,0.6773632168769836,0.00011819873595505616,4.848314606741573,17260,,,,,,,,,,,
1.6438154220581054,0.5277115702629089,0.0001179880617977528,4.853932584269663,17280,,,,,,,,,,,
1.7102445602416991,0.5684568285942078,0.00011777738764044942,4.859550561797753,17300,,,,,,,,,,,
1.6656766891479493,0.5089708566665649,0.00011756671348314605,4.865168539325842,17320,,,,,,,,,,,
1.638699722290039,0.5248392224311829,0.00011735603932584269,4.870786516853933,17340,,,,,,,,,,,
1.644220733642578,0.49401384592056274,0.00011714536516853932,4.876404494382022,17360,,,,,,,,,,,
1.6616846084594727,0.5213756561279297,0.00011693469101123595,4.882022471910112,17380,,,,,,,,,,,
1.657276725769043,0.5348722338676453,0.00011672401685393257,4.887640449438202,17400,,,,,,,,,,,
1.6775478363037108,0.7211143970489502,0.00011651334269662921,4.893258426966292,17420,,,,,,,,,,,
1.7122360229492188,0.5130822658538818,0.00011630266853932583,4.898876404494382,17440,,,,,,,,,,,
1.6880340576171875,0.5634263157844543,0.00011609199438202245,4.904494382022472,17460,,,,,,,,,,,
1.6592514038085937,0.4645838439464569,0.0001158813202247191,4.910112359550562,17480,,,,,,,,,,,
1.6560281753540038,0.48827940225601196,0.00011567064606741572,4.915730337078652,17500,,,,,,,,,,,
1.6824365615844727,0.4835541248321533,0.00011545997191011235,4.921348314606742,17520,,,,,,,,,,,
1.6728294372558594,0.5849205255508423,0.00011524929775280897,4.926966292134831,17540,,,,,,,,,,,
1.6399629592895508,0.5212126970291138,0.00011503862359550562,4.932584269662922,17560,,,,,,,,,,,
1.6540489196777344,0.47650498151779175,0.00011482794943820224,4.938202247191011,17580,,,,,,,,,,,
1.6482563018798828,0.556880533695221,0.00011461727528089887,4.943820224719101,17600,,,,,,,,,,,
1.6613868713378905,0.4747258722782135,0.00011440660112359551,4.949438202247191,17620,,,,,,,,,,,
1.624277687072754,0.5884478688240051,0.00011419592696629212,4.955056179775281,17640,,,,,,,,,,,
1.6658617019653321,0.5030649304389954,0.00011398525280898875,4.960674157303371,17660,,,,,,,,,,,
1.6917547225952148,0.6184664368629456,0.00011377457865168538,4.966292134831461,17680,,,,,,,,,,,
1.673894500732422,0.48096558451652527,0.00011356390449438202,4.97191011235955,17700,,,,,,,,,,,
1.6740688323974608,0.49897274374961853,0.00011335323033707864,4.97752808988764,17720,,,,,,,,,,,
1.7104412078857423,0.5410465598106384,0.00011314255617977527,4.98314606741573,17740,,,,,,,,,,,
1.6551483154296875,0.4907459020614624,0.0001129318820224719,4.98876404494382,17760,,,,,,,,,,,
1.6391567230224608,0.5094395875930786,0.00011272120786516854,4.99438202247191,17780,,,,,,,,,,,
1.6680589675903321,0.8046143651008606,0.00011251053370786515,5.0,17800,,,,,,,,,,,
,,,5.0,17800,1.4157999753952026,18.892083955594895,41.74824513709541,142.5434,23.887,0.751,,,,,
1.6340972900390625,0.5019416809082031,0.00011229985955056178,5.00561797752809,17820,,,,,,,,,,,
1.6156211853027345,0.4885852634906769,0.00011208918539325842,5.01123595505618,17840,,,,,,,,,,,
1.6619543075561523,0.5492285490036011,0.00011187851123595505,5.01685393258427,17860,,,,,,,,,,,
1.6590036392211913,0.582260251045227,0.00011166783707865167,5.022471910112359,17880,,,,,,,,,,,
1.6422624588012695,0.5484015345573425,0.0001114571629213483,5.02808988764045,17900,,,,,,,,,,,
1.653444480895996,0.44983288645744324,0.00011124648876404494,5.033707865168539,17920,,,,,,,,,,,
1.6732206344604492,0.5574357509613037,0.00011103581460674157,5.03932584269663,17940,,,,,,,,,,,
1.6298063278198243,0.5505680441856384,0.00011082514044943818,5.044943820224719,17960,,,,,,,,,,,
1.6360694885253906,0.6126320958137512,0.00011061446629213482,5.050561797752809,17980,,,,,,,,,,,
1.632476234436035,0.5173202157020569,0.00011040379213483145,5.056179775280899,18000,,,,,,,,,,,
1.6173730850219727,0.5963764786720276,0.00011019311797752808,5.061797752808989,18020,,,,,,,,,,,
1.6721364974975585,0.5213152766227722,0.0001099824438202247,5.067415730337078,18040,,,,,,,,,,,
1.6677284240722656,0.4866005778312683,0.00010977176966292134,5.073033707865169,18060,,,,,,,,,,,
1.6658660888671875,0.5869990587234497,0.00010956109550561797,5.078651685393258,18080,,,,,,,,,,,
1.6512619018554688,0.5185826420783997,0.0001093504213483146,5.084269662921348,18100,,,,,,,,,,,
1.6475055694580079,0.5485988259315491,0.00010913974719101124,5.089887640449438,18120,,,,,,,,,,,
1.6462896347045899,0.5139545798301697,0.00010892907303370785,5.095505617977528,18140,,,,,,,,,,,
1.6033548355102538,0.580501914024353,0.00010871839887640448,5.101123595505618,18160,,,,,,,,,,,
1.6261701583862305,0.545637309551239,0.0001085077247191011,5.106741573033708,18180,,,,,,,,,,,
1.6096225738525392,0.5399492383003235,0.00010829705056179775,5.112359550561798,18200,,,,,,,,,,,
1.6337182998657227,0.4898299276828766,0.00010808637640449437,5.117977528089888,18220,,,,,,,,,,,
1.6340507507324218,0.5007447600364685,0.000107875702247191,5.123595505617978,18240,,,,,,,,,,,
1.652099609375,0.5408767461776733,0.00010766502808988763,5.129213483146067,18260,,,,,,,,,,,
1.654287338256836,0.5924063920974731,0.00010745435393258427,5.134831460674158,18280,,,,,,,,,,,
1.6307031631469726,0.5444329977035522,0.0001072436797752809,5.140449438202247,18300,,,,,,,,,,,
1.6297056198120117,0.4971410632133484,0.00010703300561797751,5.146067415730337,18320,,,,,,,,,,,
1.6278350830078125,0.487390398979187,0.00010682233146067415,5.151685393258427,18340,,,,,,,,,,,
1.6305107116699218,0.45247936248779297,0.00010661165730337078,5.157303370786517,18360,,,,,,,,,,,
1.6182794570922852,0.5331205129623413,0.0001064009831460674,5.162921348314606,18380,,,,,,,,,,,
1.6281110763549804,0.5403675436973572,0.00010619030898876403,5.168539325842697,18400,,,,,,,,,,,
1.6635215759277344,0.5194423198699951,0.00010597963483146067,5.174157303370786,18420,,,,,,,,,,,
1.6394521713256835,0.5694970488548279,0.0001057689606741573,5.179775280898877,18440,,,,,,,,,,,
1.6416940689086914,0.5259128212928772,0.00010555828651685392,5.185393258426966,18460,,,,,,,,,,,
1.623829460144043,0.527206301689148,0.00010534761235955057,5.191011235955056,18480,,,,,,,,,,,
1.6885818481445312,0.5296270847320557,0.00010513693820224718,5.196629213483146,18500,,,,,,,,,,,
1.6529016494750977,0.4994083046913147,0.0001049262640449438,5.202247191011236,18520,,,,,,,,,,,
1.6399940490722655,0.502039909362793,0.00010471558988764043,5.207865168539326,18540,,,,,,,,,,,
1.6197141647338866,0.5370650291442871,0.00010450491573033707,5.213483146067416,18560,,,,,,,,,,,
1.651891326904297,0.5825520157814026,0.0001042942415730337,5.219101123595506,18580,,,,,,,,,,,
1.6521530151367188,0.5351381301879883,0.00010408356741573033,5.224719101123595,18600,,,,,,,,,,,
1.639272117614746,0.5008035898208618,0.00010387289325842697,5.230337078651686,18620,,,,,,,,,,,
1.5768653869628906,0.6069759726524353,0.0001036622191011236,5.235955056179775,18640,,,,,,,,,,,
1.6626251220703125,0.5159046053886414,0.00010345154494382021,5.241573033707865,18660,,,,,,,,,,,
1.6825565338134765,0.6383461356163025,0.00010324087078651683,5.247191011235955,18680,,,,,,,,,,,
1.6438467025756835,0.5412641167640686,0.00010303019662921348,5.252808988764045,18700,,,,,,,,,,,
1.6236827850341797,0.6106088757514954,0.0001028195224719101,5.258426966292135,18720,,,,,,,,,,,
1.6439983367919921,0.5052457451820374,0.00010260884831460673,5.264044943820225,18740,,,,,,,,,,,
1.5888967514038086,0.5012144446372986,0.00010239817415730337,5.269662921348314,18760,,,,,,,,,,,
1.6472845077514648,0.4902254045009613,0.0001021875,5.275280898876405,18780,,,,,,,,,,,
1.6563642501831055,0.5053437352180481,0.00010197682584269662,5.280898876404494,18800,,,,,,,,,,,
1.6634559631347656,0.5178250074386597,0.00010176615168539324,5.286516853932584,18820,,,,,,,,,,,
1.6024555206298827,0.5459250211715698,0.00010155547752808988,5.292134831460674,18840,,,,,,,,,,,
1.6221599578857422,0.545769989490509,0.0001013448033707865,5.297752808988764,18860,,,,,,,,,,,
1.6541011810302735,0.5506990551948547,0.00010113412921348313,5.303370786516854,18880,,,,,,,,,,,
1.6408870697021485,0.7176359295845032,0.00010092345505617976,5.308988764044944,18900,,,,,,,,,,,
1.6337106704711915,0.6333600878715515,0.0001007127808988764,5.314606741573034,18920,,,,,,,,,,,
1.6381290435791016,0.5307278633117676,0.00010050210674157303,5.320224719101123,18940,,,,,,,,,,,
1.6310312271118164,0.5510980486869812,0.00010029143258426965,5.325842696629214,18960,,,,,,,,,,,
1.6060373306274414,0.5196623206138611,0.0001000807584269663,5.331460674157303,18980,,,,,,,,,,,
1.6742620468139648,0.5134112238883972,9.987008426966292e-05,5.337078651685394,19000,,,,,,,,,,,
1.6139841079711914,0.5145665407180786,9.965941011235953e-05,5.342696629213483,19020,,,,,,,,,,,
1.6588380813598633,0.5431024432182312,9.944873595505616e-05,5.348314606741573,19040,,,,,,,,,,,
1.6488391876220703,0.6243674159049988,9.92380617977528e-05,5.353932584269663,19060,,,,,,,,,,,
1.6170692443847656,0.4862968623638153,9.902738764044943e-05,5.359550561797753,19080,,,,,,,,,,,
1.6152067184448242,0.4903256297111511,9.881671348314606e-05,5.365168539325842,19100,,,,,,,,,,,
1.6699810028076172,0.4971981644630432,9.86060393258427e-05,5.370786516853933,19120,,,,,,,,,,,
1.631380271911621,0.5391015410423279,9.839536516853932e-05,5.376404494382022,19140,,,,,,,,,,,
1.600366973876953,0.5905930995941162,9.818469101123595e-05,5.382022471910112,19160,,,,,,,,,,,
1.6058431625366212,0.49556729197502136,9.797401685393256e-05,5.387640449438202,19180,,,,,,,,,,,
1.632956314086914,0.5461881160736084,9.77633426966292e-05,5.393258426966292,19200,,,,,,,,,,,
1.6318153381347655,0.6186525821685791,9.755266853932583e-05,5.398876404494382,19220,,,,,,,,,,,
1.623946762084961,0.4785219430923462,9.734199438202246e-05,5.404494382022472,19240,,,,,,,,,,,
1.6217252731323242,0.5188313126564026,9.71313202247191e-05,5.410112359550562,19260,,,,,,,,,,,
1.611280632019043,0.6352041959762573,9.692064606741573e-05,5.415730337078652,19280,,,,,,,,,,,
1.607896614074707,0.48887574672698975,9.670997191011235e-05,5.421348314606742,19300,,,,,,,,,,,
1.6275671005249024,0.5734873414039612,9.649929775280898e-05,5.426966292134831,19320,,,,,,,,,,,
1.6126354217529297,0.48436224460601807,9.628862359550562e-05,5.432584269662922,19340,,,,,,,,,,,
1.6482963562011719,0.45973509550094604,9.607794943820223e-05,5.438202247191011,19360,,,,,,,,,,,
1.6628057479858398,0.5469299554824829,9.586727528089886e-05,5.443820224719101,19380,,,,,,,,,,,
1.6344940185546875,0.5354442000389099,9.56566011235955e-05,5.449438202247191,19400,,,,,,,,,,,
1.590458583831787,0.6984875202178955,9.544592696629213e-05,5.455056179775281,19420,,,,,,,,,,,
1.612591552734375,0.5548484325408936,9.523525280898876e-05,5.460674157303371,19440,,,,,,,,,,,
1.658423614501953,0.49710649251937866,9.502457865168538e-05,5.466292134831461,19460,,,,,,,,,,,
1.6173778533935548,0.4898727536201477,9.481390449438202e-05,5.47191011235955,19480,,,,,,,,,,,
1.6047306060791016,0.5156744718551636,9.460323033707865e-05,5.477528089887641,19500,,,,,,,,,,,
1.632126808166504,0.6390300989151001,9.439255617977526e-05,5.48314606741573,19520,,,,,,,,,,,
1.6747623443603517,0.5064979791641235,9.418188202247189e-05,5.48876404494382,19540,,,,,,,,,,,
1.6450345993041993,0.5171484351158142,9.397120786516853e-05,5.49438202247191,19560,,,,,,,,,,,
1.611312484741211,0.47993984818458557,9.376053370786516e-05,5.5,19580,,,,,,,,,,,
1.6311767578125,0.49630188941955566,9.354985955056178e-05,5.50561797752809,19600,,,,,,,,,,,
1.6423664093017578,0.5188980102539062,9.333918539325843e-05,5.51123595505618,19620,,,,,,,,,,,
1.6484260559082031,0.5664903521537781,9.312851123595505e-05,5.51685393258427,19640,,,,,,,,,,,
1.652389144897461,0.5207428336143494,9.291783707865168e-05,5.52247191011236,19660,,,,,,,,,,,
1.6311275482177734,0.5039229989051819,9.270716292134829e-05,5.52808988764045,19680,,,,,,,,,,,
1.624809455871582,0.5018383264541626,9.249648876404495e-05,5.533707865168539,19700,,,,,,,,,,,
1.6387863159179688,0.5630828738212585,9.228581460674156e-05,5.539325842696629,19720,,,,,,,,,,,
1.597453784942627,0.4893462359905243,9.207514044943819e-05,5.544943820224719,19740,,,,,,,,,,,
1.6284755706787108,0.504136860370636,9.186446629213483e-05,5.550561797752809,19760,,,,,,,,,,,
1.6405084609985352,0.5228890776634216,9.165379213483145e-05,5.556179775280899,19780,,,,,,,,,,,
1.6109954833984375,0.5154805183410645,9.144311797752808e-05,5.561797752808989,19800,,,,,,,,,,,
1.5953622817993165,0.5319427847862244,9.123244382022471e-05,5.567415730337078,19820,,,,,,,,,,,
1.6315498352050781,0.5190635919570923,9.102176966292135e-05,5.573033707865169,19840,,,,,,,,,,,
1.585886287689209,0.5418428778648376,9.081109550561798e-05,5.578651685393258,19860,,,,,,,,,,,
1.633261489868164,0.5145882964134216,9.060042134831459e-05,5.584269662921348,19880,,,,,,,,,,,
1.6510988235473634,0.5208379626274109,9.038974719101123e-05,5.589887640449438,19900,,,,,,,,,,,
1.648746871948242,0.560524582862854,9.017907303370786e-05,5.595505617977528,19920,,,,,,,,,,,
1.6506467819213868,0.44193077087402344,8.996839887640448e-05,5.601123595505618,19940,,,,,,,,,,,
1.6008804321289063,0.5095909237861633,8.975772471910111e-05,5.606741573033708,19960,,,,,,,,,,,
1.6379316329956055,0.5369212627410889,8.954705056179775e-05,5.612359550561798,19980,,,,,,,,,,,
1.6028663635253906,0.5600066781044006,8.933637640449438e-05,5.617977528089888,20000,,,,,,,,,,,
1.6600561141967773,0.5002695918083191,8.9125702247191e-05,5.623595505617978,20020,,,,,,,,,,,
1.6342302322387696,0.57036292552948,8.891502808988762e-05,5.629213483146067,20040,,,,,,,,,,,
1.6371240615844727,0.4989226162433624,8.870435393258426e-05,5.634831460674158,20060,,,,,,,,,,,
1.6399656295776368,0.5624868869781494,8.849367977528089e-05,5.640449438202247,20080,,,,,,,,,,,
1.6222856521606446,0.5160999894142151,8.828300561797751e-05,5.646067415730337,20100,,,,,,,,,,,
1.646873664855957,0.5198558568954468,8.807233146067415e-05,5.651685393258427,20120,,,,,,,,,,,
1.6260766983032227,0.5465168952941895,8.786165730337078e-05,5.657303370786517,20140,,,,,,,,,,,
1.6329362869262696,0.6917710304260254,8.765098314606741e-05,5.662921348314606,20160,,,,,,,,,,,
1.6096254348754884,0.4979632496833801,8.744030898876404e-05,5.668539325842697,20180,,,,,,,,,,,
1.6184633255004883,0.5424066185951233,8.722963483146068e-05,5.674157303370786,20200,,,,,,,,,,,
1.6068454742431642,0.5026284456253052,8.701896067415729e-05,5.679775280898877,20220,,,,,,,,,,,
1.5922849655151368,0.5442157983779907,8.680828651685392e-05,5.685393258426966,20240,,,,,,,,,,,
1.5766343116760253,0.5644886493682861,8.659761235955056e-05,5.691011235955056,20260,,,,,,,,,,,
1.6056440353393555,0.5076014995574951,8.638693820224718e-05,5.696629213483146,20280,,,,,,,,,,,
1.5932322502136231,0.49643751978874207,8.617626404494381e-05,5.702247191011236,20300,,,,,,,,,,,
1.6197154998779297,0.5094345211982727,8.596558988764044e-05,5.707865168539326,20320,,,,,,,,,,,
1.6451950073242188,0.4813861846923828,8.575491573033708e-05,5.713483146067416,20340,,,,,,,,,,,
1.6643621444702148,0.4854731261730194,8.55442415730337e-05,5.719101123595506,20360,,,,,,,,,,,
1.59439115524292,0.563904345035553,8.533356741573032e-05,5.724719101123595,20380,,,,,,,,,,,
1.6049646377563476,0.7134812474250793,8.512289325842697e-05,5.730337078651686,20400,,,,,,,,,,,
1.5844704627990722,0.5513672232627869,8.491221910112359e-05,5.735955056179775,20420,,,,,,,,,,,
1.595665168762207,0.5469756722450256,8.470154494382021e-05,5.741573033707866,20440,,,,,,,,,,,
1.6000106811523438,0.5744092464447021,8.449087078651684e-05,5.747191011235955,20460,,,,,,,,,,,
1.6315731048583983,0.5641578435897827,8.428019662921348e-05,5.752808988764045,20480,,,,,,,,,,,
1.6665987014770507,0.49625393748283386,8.406952247191011e-05,5.758426966292134,20500,,,,,,,,,,,
1.6174093246459962,0.5208847522735596,8.385884831460673e-05,5.764044943820225,20520,,,,,,,,,,,
1.6075860977172851,0.5041150450706482,8.364817415730338e-05,5.769662921348314,20540,,,,,,,,,,,
1.6108558654785157,0.4903320074081421,8.34375e-05,5.775280898876405,20560,,,,,,,,,,,
1.648785400390625,0.5492741465568542,8.322682584269662e-05,5.780898876404494,20580,,,,,,,,,,,
1.618337631225586,0.4975511133670807,8.301615168539324e-05,5.786516853932584,20600,,,,,,,,,,,
1.616410255432129,0.6252319812774658,8.280547752808988e-05,5.792134831460674,20620,,,,,,,,,,,
1.6343955993652344,0.5632123351097107,8.259480337078651e-05,5.797752808988764,20640,,,,,,,,,,,
1.5638544082641601,0.6514140963554382,8.238412921348314e-05,5.803370786516854,20660,,,,,,,,,,,
1.5947875022888183,0.5563638806343079,8.217345505617976e-05,5.808988764044944,20680,,,,,,,,,,,
1.6453750610351563,0.4836142957210541,8.19627808988764e-05,5.814606741573034,20700,,,,,,,,,,,
1.6146366119384765,0.4997504949569702,8.175210674157303e-05,5.820224719101123,20720,,,,,,,,,,,
1.6269723892211914,0.5459508895874023,8.154143258426964e-05,5.825842696629214,20740,,,,,,,,,,,
1.5752220153808594,0.4848017990589142,8.133075842696629e-05,5.831460674157303,20760,,,,,,,,,,,
1.621230697631836,0.4853741228580475,8.112008426966291e-05,5.837078651685394,20780,,,,,,,,,,,
1.6394121170043945,0.690054714679718,8.090941011235954e-05,5.842696629213483,20800,,,,,,,,,,,
1.6208396911621095,0.5023326277732849,8.069873595505617e-05,5.848314606741573,20820,,,,,,,,,,,
1.6033086776733398,0.5152463316917419,8.048806179775281e-05,5.853932584269663,20840,,,,,,,,,,,
1.6179542541503906,0.511396586894989,8.027738764044943e-05,5.859550561797753,20860,,,,,,,,,,,
1.6002767562866211,0.5348649621009827,8.006671348314606e-05,5.865168539325842,20880,,,,,,,,,,,
1.5989500999450683,0.49752575159072876,7.98560393258427e-05,5.870786516853933,20900,,,,,,,,,,,
1.604817771911621,0.5185089111328125,7.964536516853931e-05,5.876404494382022,20920,,,,,,,,,,,
1.6166936874389648,0.5095757842063904,7.943469101123594e-05,5.882022471910112,20940,,,,,,,,,,,
1.620446014404297,0.518085241317749,7.922401685393257e-05,5.887640449438202,20960,,,,,,,,,,,
1.5968825340270996,0.5538354516029358,7.901334269662921e-05,5.893258426966292,20980,,,,,,,,,,,
1.5947038650512695,0.481449156999588,7.880266853932584e-05,5.898876404494382,21000,,,,,,,,,,,
1.6202621459960938,0.5927349328994751,7.859199438202246e-05,5.904494382022472,21020,,,,,,,,,,,
1.6051794052124024,0.6047123074531555,7.83813202247191e-05,5.910112359550562,21040,,,,,,,,,,,
1.5842779159545899,0.5215507745742798,7.817064606741573e-05,5.915730337078652,21060,,,,,,,,,,,
1.6155752182006835,0.50984787940979,7.795997191011234e-05,5.921348314606742,21080,,,,,,,,,,,
1.5975889205932616,0.5250508785247803,7.774929775280897e-05,5.926966292134831,21100,,,,,,,,,,,
1.6122806549072266,0.5283375382423401,7.753862359550561e-05,5.932584269662922,21120,,,,,,,,,,,
1.5998815536499023,0.5504727363586426,7.732794943820224e-05,5.938202247191011,21140,,,,,,,,,,,
1.5921845436096191,0.6537031531333923,7.711727528089887e-05,5.943820224719101,21160,,,,,,,,,,,
1.5913707733154296,0.6781442761421204,7.69066011235955e-05,5.949438202247191,21180,,,,,,,,,,,
1.5616255760192872,0.4743880331516266,7.669592696629213e-05,5.955056179775281,21200,,,,,,,,,,,
1.5827546119689941,0.47980716824531555,7.648525280898876e-05,5.960674157303371,21220,,,,,,,,,,,
1.5937728881835938,0.5589858293533325,7.627457865168539e-05,5.966292134831461,21240,,,,,,,,,,,
1.6117570877075196,0.5516291260719299,7.606390449438203e-05,5.97191011235955,21260,,,,,,,,,,,
1.5982772827148437,0.5219780802726746,7.585323033707864e-05,5.97752808988764,21280,,,,,,,,,,,
1.5862000465393067,0.6030555963516235,7.564255617977527e-05,5.98314606741573,21300,,,,,,,,,,,
1.5998083114624024,0.6165849566459656,7.54318820224719e-05,5.98876404494382,21320,,,,,,,,,,,
1.6078744888305665,0.532322883605957,7.522120786516854e-05,5.99438202247191,21340,,,,,,,,,,,
1.6178400039672851,0.7843101620674133,7.501053370786516e-05,6.0,21360,,,,,,,,,,,
,,,6.0,21360,1.3852189779281616,19.9432101581513,42.622556093336165,136.9445,24.864,0.781,,,,,
1.5711244583129882,0.5138112902641296,7.479985955056179e-05,6.00561797752809,21380,,,,,,,,,,,
1.5724519729614257,0.5476053953170776,7.458918539325842e-05,6.01123595505618,21400,,,,,,,,,,,
1.5892834663391113,0.4762444496154785,7.437851123595506e-05,6.01685393258427,21420,,,,,,,,,,,
1.5804237365722655,0.535006582736969,7.416783707865167e-05,6.022471910112359,21440,,,,,,,,,,,
1.6006927490234375,0.5567235946655273,7.395716292134831e-05,6.02808988764045,21460,,,,,,,,,,,
1.6079538345336915,0.7207887768745422,7.374648876404494e-05,6.033707865168539,21480,,,,,,,,,,,
1.628657341003418,0.591241180896759,7.353581460674157e-05,6.03932584269663,21500,,,,,,,,,,,
1.5851933479309082,0.48339956998825073,7.33251404494382e-05,6.044943820224719,21520,,,,,,,,,,,
1.5722366333007813,0.5358280539512634,7.311446629213482e-05,6.050561797752809,21540,,,,,,,,,,,
1.5803709030151367,0.5217142105102539,7.290379213483146e-05,6.056179775280899,21560,,,,,,,,,,,
1.6136707305908202,0.5282036662101746,7.269311797752809e-05,6.061797752808989,21580,,,,,,,,,,,
1.6136934280395507,0.7107272148132324,7.248244382022471e-05,6.067415730337078,21600,,,,,,,,,,,
1.5880396842956543,0.48627305030822754,7.227176966292134e-05,6.073033707865169,21620,,,,,,,,,,,
1.6278385162353515,0.8057603240013123,7.206109550561797e-05,6.078651685393258,21640,,,,,,,,,,,
1.5630730628967284,0.5717518329620361,7.18504213483146e-05,6.084269662921348,21660,,,,,,,,,,,
1.579223918914795,0.5454185009002686,7.163974719101124e-05,6.089887640449438,21680,,,,,,,,,,,
1.5643880844116211,0.6154653429985046,7.142907303370786e-05,6.095505617977528,21700,,,,,,,,,,,
1.5764704704284669,0.5499987602233887,7.121839887640449e-05,6.101123595505618,21720,,,,,,,,,,,
1.6019685745239258,0.5410529971122742,7.100772471910112e-05,6.106741573033708,21740,,,,,,,,,,,
1.6019798278808595,0.5156909227371216,7.079705056179774e-05,6.112359550561798,21760,,,,,,,,,,,
1.5644709587097168,0.5412411093711853,7.058637640449438e-05,6.117977528089888,21780,,,,,,,,,,,
1.6011295318603516,0.586749255657196,7.0375702247191e-05,6.123595505617978,21800,,,,,,,,,,,
1.5471893310546876,0.5453624725341797,7.016502808988764e-05,6.129213483146067,21820,,,,,,,,,,,
1.5678309440612792,0.480497807264328,6.995435393258426e-05,6.134831460674158,21840,,,,,,,,,,,
1.6121229171752929,0.5418365001678467,6.974367977528089e-05,6.140449438202247,21860,,,,,,,,,,,
1.5724706649780273,0.633348822593689,6.953300561797752e-05,6.146067415730337,21880,,,,,,,,,,,
1.608526611328125,0.5515952706336975,6.932233146067415e-05,6.151685393258427,21900,,,,,,,,,,,
1.5648138046264648,0.504400372505188,6.911165730337079e-05,6.157303370786517,21920,,,,,,,,,,,
1.5653823852539062,0.6514056324958801,6.890098314606741e-05,6.162921348314606,21940,,,,,,,,,,,
1.6029333114624023,0.5196138620376587,6.869030898876404e-05,6.168539325842697,21960,,,,,,,,,,,
1.6097797393798827,0.5878522396087646,6.847963483146067e-05,6.174157303370786,21980,,,,,,,,,,,
1.592008399963379,0.5642848014831543,6.82689606741573e-05,6.179775280898877,22000,,,,,,,,,,,
1.621138572692871,0.6091142296791077,6.805828651685393e-05,6.185393258426966,22020,,,,,,,,,,,
1.5565231323242188,0.5411551594734192,6.784761235955055e-05,6.191011235955056,22040,,,,,,,,,,,
1.5796634674072265,0.6079556941986084,6.763693820224719e-05,6.196629213483146,22060,,,,,,,,,,,
1.6133480072021484,0.5124219655990601,6.742626404494382e-05,6.202247191011236,22080,,,,,,,,,,,
1.5969019889831544,0.49234887957572937,6.721558988764044e-05,6.207865168539326,22100,,,,,,,,,,,
1.6040470123291015,0.7139706015586853,6.700491573033707e-05,6.213483146067416,22120,,,,,,,,,,,
1.6002985000610352,0.5653884410858154,6.67942415730337e-05,6.219101123595506,22140,,,,,,,,,,,
1.609630012512207,0.5050932168960571,6.658356741573034e-05,6.224719101123595,22160,,,,,,,,,,,
1.6196319580078125,0.5177212357521057,6.637289325842696e-05,6.230337078651686,22180,,,,,,,,,,,
1.5673417091369628,0.5316835641860962,6.616221910112359e-05,6.235955056179775,22200,,,,,,,,,,,
1.5846529006958008,0.532223105430603,6.595154494382022e-05,6.241573033707865,22220,,,,,,,,,,,
1.5268470764160156,0.5777662992477417,6.574087078651685e-05,6.247191011235955,22240,,,,,,,,,,,
1.5644104957580567,0.5740350484848022,6.553019662921347e-05,6.252808988764045,22260,,,,,,,,,,,
1.55824613571167,0.5009056925773621,6.531952247191011e-05,6.258426966292135,22280,,,,,,,,,,,
1.6188398361206056,0.5456104278564453,6.510884831460673e-05,6.264044943820225,22300,,,,,,,,,,,
1.5902972221374512,0.5853801369667053,6.489817415730337e-05,6.269662921348314,22320,,,,,,,,,,,
1.590352725982666,0.5610305666923523,6.46875e-05,6.275280898876405,22340,,,,,,,,,,,
1.5999043464660645,0.6186102032661438,6.447682584269662e-05,6.280898876404494,22360,,,,,,,,,,,
1.5556395530700684,0.4678405225276947,6.426615168539326e-05,6.286516853932584,22380,,,,,,,,,,,
1.5882905960083007,0.5139018893241882,6.405547752808987e-05,6.292134831460674,22400,,,,,,,,,,,
1.5512050628662108,0.4869069755077362,6.384480337078651e-05,6.297752808988764,22420,,,,,,,,,,,
1.5984769821166993,0.618689239025116,6.363412921348314e-05,6.303370786516854,22440,,,,,,,,,,,
1.5884836196899415,0.5502493977546692,6.342345505617977e-05,6.308988764044944,22460,,,,,,,,,,,
1.564013671875,0.6212999820709229,6.321278089887641e-05,6.314606741573034,22480,,,,,,,,,,,
1.6013196945190429,0.518142819404602,6.300210674157302e-05,6.320224719101123,22500,,,,,,,,,,,
1.5926962852478028,0.547091007232666,6.279143258426966e-05,6.325842696629214,22520,,,,,,,,,,,
1.5917902946472169,0.6254249811172485,6.258075842696629e-05,6.331460674157303,22540,,,,,,,,,,,
1.5664437294006348,0.48195385932922363,6.237008426966292e-05,6.337078651685394,22560,,,,,,,,,,,
1.5740705490112306,0.5807443857192993,6.215941011235954e-05,6.342696629213483,22580,,,,,,,,,,,
1.5544108390808105,0.5837989449501038,6.194873595505617e-05,6.348314606741573,22600,,,,,,,,,,,
1.6053159713745118,0.550266683101654,6.17380617977528e-05,6.353932584269663,22620,,,,,,,,,,,
1.6030176162719727,0.5362667441368103,6.152738764044944e-05,6.359550561797753,22640,,,,,,,,,,,
1.6308174133300781,0.5479087829589844,6.131671348314607e-05,6.365168539325842,22660,,,,,,,,,,,
1.5941187858581543,0.5709344148635864,6.110603932584269e-05,6.370786516853933,22680,,,,,,,,,,,
1.583875846862793,0.5082277655601501,6.089536516853932e-05,6.376404494382022,22700,,,,,,,,,,,
1.575648021697998,0.49880480766296387,6.068469101123595e-05,6.382022471910112,22720,,,,,,,,,,,
1.609817123413086,0.482544481754303,6.047401685393258e-05,6.387640449438202,22740,,,,,,,,,,,
1.5960492134094237,0.4788583815097809,6.026334269662921e-05,6.393258426966292,22760,,,,,,,,,,,
1.5984742164611816,0.5753331780433655,6.0052668539325835e-05,6.398876404494382,22780,,,,,,,,,,,
1.5958558082580567,0.5170750021934509,5.984199438202247e-05,6.404494382022472,22800,,,,,,,,,,,
1.5380325317382812,0.5350997447967529,5.9631320224719095e-05,6.410112359550562,22820,,,,,,,,,,,
1.6015810012817382,0.5367417335510254,5.942064606741573e-05,6.415730337078652,22840,,,,,,,,,,,
1.588038444519043,0.6042357087135315,5.920997191011235e-05,6.421348314606742,22860,,,,,,,,,,,
1.5530681610107422,0.5138798356056213,5.899929775280898e-05,6.426966292134831,22880,,,,,,,,,,,
1.5738341331481933,0.48247283697128296,5.878862359550561e-05,6.432584269662922,22900,,,,,,,,,,,
1.6039861679077148,0.7184039950370789,5.8577949438202244e-05,6.438202247191011,22920,,,,,,,,,,,
1.5909114837646485,0.6330714821815491,5.836727528089887e-05,6.443820224719101,22940,,,,,,,,,,,
1.623476219177246,0.5168436169624329,5.81566011235955e-05,6.449438202247191,22960,,,,,,,,,,,
1.585516357421875,0.5413993000984192,5.794592696629213e-05,6.455056179775281,22980,,,,,,,,,,,
1.5715727806091309,0.6038569211959839,5.773525280898876e-05,6.460674157303371,23000,,,,,,,,,,,
1.6053159713745118,0.5188751220703125,5.752457865168539e-05,6.466292134831461,23020,,,,,,,,,,,
1.5831634521484375,0.6611480712890625,5.731390449438201e-05,6.47191011235955,23040,,,,,,,,,,,
1.5566286087036132,0.4996604919433594,5.7103230337078646e-05,6.477528089887641,23060,,,,,,,,,,,
1.557661533355713,0.5737708806991577,5.689255617977527e-05,6.48314606741573,23080,,,,,,,,,,,
1.5930696487426759,0.5212100744247437,5.668188202247191e-05,6.48876404494382,23100,,,,,,,,,,,
1.5913575172424317,0.657509982585907,5.647120786516854e-05,6.49438202247191,23120,,,,,,,,,,,
1.5861170768737793,0.5610852837562561,5.626053370786516e-05,6.5,23140,,,,,,,,,,,
1.592169952392578,0.5171759724617004,5.6049859550561795e-05,6.50561797752809,23160,,,,,,,,,,,
1.5731407165527345,0.5716291666030884,5.583918539325842e-05,6.51123595505618,23180,,,,,,,,,,,
1.5677111625671387,0.5292923450469971,5.5628511235955056e-05,6.51685393258427,23200,,,,,,,,,,,
1.5524305343627929,0.5969387292861938,5.5417837078651676e-05,6.52247191011236,23220,,,,,,,,,,,
1.572620677947998,0.5368518829345703,5.520716292134831e-05,6.52808988764045,23240,,,,,,,,,,,
1.5629569053649903,0.540436327457428,5.4996488764044936e-05,6.533707865168539,23260,,,,,,,,,,,
1.557703685760498,0.49063098430633545,5.478581460674157e-05,6.539325842696629,23280,,,,,,,,,,,
1.601679801940918,0.6179494857788086,5.4575140449438204e-05,6.544943820224719,23300,,,,,,,,,,,
1.560165023803711,0.5424032807350159,5.4364466292134824e-05,6.550561797752809,23320,,,,,,,,,,,
1.5616147994995118,0.5562236905097961,5.415379213483146e-05,6.556179775280899,23340,,,,,,,,,,,
1.589961624145508,0.48423027992248535,5.3943117977528085e-05,6.561797752808989,23360,,,,,,,,,,,
1.5901636123657226,0.48233234882354736,5.373244382022472e-05,6.567415730337078,23380,,,,,,,,,,,
1.55934476852417,0.5462713241577148,5.352176966292134e-05,6.573033707865169,23400,,,,,,,,,,,
1.5714611053466796,0.6015413999557495,5.331109550561797e-05,6.578651685393258,23420,,,,,,,,,,,
1.5841826438903808,0.5314816236495972,5.31004213483146e-05,6.584269662921348,23440,,,,,,,,,,,
1.5510507583618165,0.58977872133255,5.2889747191011233e-05,6.589887640449438,23460,,,,,,,,,,,
1.5974565505981446,0.5397593975067139,5.267907303370786e-05,6.595505617977528,23480,,,,,,,,,,,
1.5836867332458495,0.6269773840904236,5.246839887640449e-05,6.601123595505618,23500,,,,,,,,,,,
1.5868279457092285,0.5163977742195129,5.225772471910112e-05,6.606741573033708,23520,,,,,,,,,,,
1.6047115325927734,0.6537303924560547,5.204705056179775e-05,6.612359550561798,23540,,,,,,,,,,,
1.582728958129883,0.540062665939331,5.183637640449438e-05,6.617977528089888,23560,,,,,,,,,,,
1.5852046966552735,0.4782869815826416,5.1625702247191e-05,6.623595505617978,23580,,,,,,,,,,,
1.583551788330078,0.6095471978187561,5.1415028089887636e-05,6.629213483146067,23600,,,,,,,,,,,
1.5570375442504882,0.5381763577461243,5.120435393258427e-05,6.634831460674158,23620,,,,,,,,,,,
1.5684267997741699,0.5427137613296509,5.09936797752809e-05,6.640449438202247,23640,,,,,,,,,,,
1.5825292587280273,0.6782975792884827,5.0783005617977524e-05,6.646067415730337,23660,,,,,,,,,,,
1.5555601119995117,0.5004534721374512,5.057233146067415e-05,6.651685393258427,23680,,,,,,,,,,,
1.615889549255371,0.5477901101112366,5.0361657303370784e-05,6.657303370786517,23700,,,,,,,,,,,
1.588836097717285,0.5979387760162354,5.015098314606741e-05,6.662921348314606,23720,,,,,,,,,,,
1.5642076492309571,0.5472906231880188,4.994030898876404e-05,6.668539325842697,23740,,,,,,,,,,,
1.5597466468811034,0.5580892562866211,4.9729634831460665e-05,6.674157303370786,23760,,,,,,,,,,,
1.5528470993041992,0.5107342004776001,4.95189606741573e-05,6.679775280898877,23780,,,,,,,,,,,
1.582422924041748,0.5241873264312744,4.930828651685393e-05,6.685393258426966,23800,,,,,,,,,,,
1.5723114967346192,0.5519729256629944,4.909761235955055e-05,6.691011235955056,23820,,,,,,,,,,,
1.569030475616455,0.5805162191390991,4.888693820224719e-05,6.696629213483146,23840,,,,,,,,,,,
1.60888614654541,0.5104104280471802,4.8676264044943814e-05,6.702247191011236,23860,,,,,,,,,,,
1.5419008255004882,0.6083881258964539,4.846558988764045e-05,6.707865168539326,23880,,,,,,,,,,,
1.5804064750671387,0.5295156836509705,4.825491573033707e-05,6.713483146067416,23900,,,,,,,,,,,
1.584805393218994,0.528262197971344,4.80442415730337e-05,6.719101123595506,23920,,,,,,,,,,,
1.5624064445495605,0.5651611685752869,4.7833567415730335e-05,6.724719101123595,23940,,,,,,,,,,,
1.5505937576293944,0.5263507962226868,4.762289325842696e-05,6.730337078651686,23960,,,,,,,,,,,
1.5795709609985351,0.5318017601966858,4.7412219101123596e-05,6.735955056179775,23980,,,,,,,,,,,
1.5286995887756347,0.510870099067688,4.7201544943820216e-05,6.741573033707866,24000,,,,,,,,,,,
1.6007352828979493,0.5903453230857849,4.699087078651685e-05,6.747191011235955,24020,,,,,,,,,,,
1.5832524299621582,0.5150843858718872,4.678019662921348e-05,6.752808988764045,24040,,,,,,,,,,,
1.6139886856079102,0.5236860513687134,4.656952247191011e-05,6.758426966292134,24060,,,,,,,,,,,
1.5512746810913085,0.5207512378692627,4.635884831460673e-05,6.764044943820225,24080,,,,,,,,,,,
1.5330024719238282,0.4977209270000458,4.6148174157303365e-05,6.769662921348314,24100,,,,,,,,,,,
1.550694465637207,0.6465522646903992,4.59375e-05,6.775280898876405,24120,,,,,,,,,,,
1.562125015258789,0.4717300534248352,4.5726825842696626e-05,6.780898876404494,24140,,,,,,,,,,,
1.6036247253417968,0.5438858866691589,4.551615168539326e-05,6.786516853932584,24160,,,,,,,,,,,
1.5544142723083496,0.5866765379905701,4.530547752808988e-05,6.792134831460674,24180,,,,,,,,,,,
1.5953533172607421,0.5197589993476868,4.509480337078651e-05,6.797752808988764,24200,,,,,,,,,,,
1.5607345581054688,0.548351526260376,4.488412921348314e-05,6.803370786516854,24220,,,,,,,,,,,
1.5262330055236817,0.5027197599411011,4.4673455056179774e-05,6.808988764044944,24240,,,,,,,,,,,
1.557103157043457,0.5002047419548035,4.446278089887641e-05,6.814606741573034,24260,,,,,,,,,,,
1.5662666320800782,0.5641659498214722,4.425210674157303e-05,6.820224719101123,24280,,,,,,,,,,,
1.5513293266296386,0.5690935850143433,4.404143258426966e-05,6.825842696629214,24300,,,,,,,,,,,
1.5283875465393066,0.5304538011550903,4.383075842696629e-05,6.831460674157303,24320,,,,,,,,,,,
1.574254322052002,0.5095042586326599,4.362008426966292e-05,6.837078651685394,24340,,,,,,,,,,,
1.541935348510742,0.5718371272087097,4.340941011235954e-05,6.842696629213483,24360,,,,,,,,,,,
1.6199167251586915,0.5563583970069885,4.3198735955056176e-05,6.848314606741573,24380,,,,,,,,,,,
1.5477149963378907,0.6012864112854004,4.2988061797752803e-05,6.853932584269663,24400,,,,,,,,,,,
1.598277473449707,0.5865478515625,4.277738764044944e-05,6.859550561797753,24420,,,,,,,,,,,
1.5562191963195802,0.5388088822364807,4.2566713483146064e-05,6.865168539325842,24440,,,,,,,,,,,
1.5868091583251953,0.4984605014324188,4.235603932584269e-05,6.870786516853933,24460,,,,,,,,,,,
1.5720091819763184,0.5925235152244568,4.2145365168539325e-05,6.876404494382022,24480,,,,,,,,,,,
1.5697261810302734,0.5384439826011658,4.193469101123595e-05,6.882022471910112,24500,,,,,,,,,,,
1.544065570831299,0.5438023209571838,4.172401685393258e-05,6.887640449438202,24520,,,,,,,,,,,
1.590926742553711,0.4962810277938843,4.1513342696629206e-05,6.893258426966292,24540,,,,,,,,,,,
1.5519566535949707,0.6002492904663086,4.130266853932584e-05,6.898876404494382,24560,,,,,,,,,,,
1.5416375160217286,0.4578861594200134,4.1091994382022473e-05,6.904494382022472,24580,,,,,,,,,,,
1.6126632690429688,0.5174707770347595,4.0881320224719094e-05,6.910112359550562,24600,,,,,,,,,,,
1.578341293334961,0.5189881324768066,4.067064606741573e-05,6.915730337078652,24620,,,,,,,,,,,
1.5514978408813476,0.48838889598846436,4.0459971910112354e-05,6.921348314606742,24640,,,,,,,,,,,
1.5655862808227539,0.5650811791419983,4.024929775280899e-05,6.926966292134831,24660,,,,,,,,,,,
1.5693120956420898,0.593583345413208,4.003862359550561e-05,6.932584269662922,24680,,,,,,,,,,,
1.5598965644836427,0.6458594799041748,3.982794943820224e-05,6.938202247191011,24700,,,,,,,,,,,
1.5405691146850586,0.5608447790145874,3.961727528089887e-05,6.943820224719101,24720,,,,,,,,,,,
1.5514116287231445,0.5628047585487366,3.94066011235955e-05,6.949438202247191,24740,,,,,,,,,,,
1.5913544654846192,0.5302477478981018,3.9195926966292137e-05,6.955056179775281,24760,,,,,,,,,,,
1.546811294555664,0.48577603697776794,3.898525280898876e-05,6.960674157303371,24780,,,,,,,,,,,
1.5863068580627442,0.5736981630325317,3.877457865168539e-05,6.966292134831461,24800,,,,,,,,,,,
1.5952556610107422,0.5427535176277161,3.856390449438202e-05,6.97191011235955,24820,,,,,,,,,,,
1.5961018562316895,0.5629444718360901,3.835323033707865e-05,6.97752808988764,24840,,,,,,,,,,,
1.5533812522888184,0.49760058522224426,3.814255617977527e-05,6.98314606741573,24860,,,,,,,,,,,
1.5407904624938964,0.5581177473068237,3.7931882022471905e-05,6.98876404494382,24880,,,,,,,,,,,
1.5509139060974122,0.6677224636077881,3.772120786516854e-05,6.99438202247191,24900,,,,,,,,,,,
1.5631155967712402,0.8134248852729797,3.7510533707865166e-05,7.0,24920,,,,,,,,,,,
,,,7.0,24920,1.3704853057861328,20.651017051142176,42.930213088538075,138.4098,24.601,0.773,,,,,
1.5731985092163085,0.5188478827476501,3.729985955056179e-05,7.00561797752809,24940,,,,,,,,,,,
1.5599525451660157,0.5097423791885376,3.708918539325842e-05,7.01123595505618,24960,,,,,,,,,,,
1.561226749420166,0.6410343050956726,3.6878511235955054e-05,7.01685393258427,24980,,,,,,,,,,,
1.5583099365234374,0.5130930542945862,3.666783707865168e-05,7.022471910112359,25000,,,,,,,,,,,
1.5650130271911622,0.5605067014694214,3.6457162921348315e-05,7.02808988764045,25020,,,,,,,,,,,
1.5879096984863281,0.4909619688987732,3.624648876404494e-05,7.033707865168539,25040,,,,,,,,,,,
1.5648798942565918,0.5279675722122192,3.603581460674157e-05,7.03932584269663,25060,,,,,,,,,,,
1.5767120361328124,0.5344640612602234,3.5825140449438195e-05,7.044943820224719,25080,,,,,,,,,,,
1.52315034866333,0.49514999985694885,3.561446629213483e-05,7.050561797752809,25100,,,,,,,,,,,
1.531631088256836,0.5767742395401001,3.5403792134831456e-05,7.056179775280899,25120,,,,,,,,,,,
1.5334554672241212,0.5438006520271301,3.519311797752809e-05,7.061797752808989,25140,,,,,,,,,,,
1.581545066833496,0.4997900724411011,3.498244382022472e-05,7.067415730337078,25160,,,,,,,,,,,
1.546877384185791,0.5465482473373413,3.4771769662921344e-05,7.073033707865169,25180,,,,,,,,,,,
1.5573808670043945,0.5011953115463257,3.456109550561798e-05,7.078651685393258,25200,,,,,,,,,,,
1.5689659118652344,0.5483274459838867,3.4350421348314605e-05,7.084269662921348,25220,,,,,,,,,,,
1.5536377906799317,0.5449077486991882,3.413974719101123e-05,7.089887640449438,25240,,,,,,,,,,,
1.534271812438965,0.5078075528144836,3.392907303370786e-05,7.095505617977528,25260,,,,,,,,,,,
1.5521733283996582,0.5109648704528809,3.371839887640449e-05,7.101123595505618,25280,,,,,,,,,,,
1.5105573654174804,0.5342949628829956,3.350772471910112e-05,7.106741573033708,25300,,,,,,,,,,,
1.5524690628051758,0.46762174367904663,3.329705056179775e-05,7.112359550561798,25320,,,,,,,,,,,
1.571311855316162,0.5189759731292725,3.308637640449438e-05,7.117977528089888,25340,,,,,,,,,,,
1.5732699394226075,0.5587131381034851,3.287570224719101e-05,7.123595505617978,25360,,,,,,,,,,,
1.5611610412597656,0.5220320820808411,3.266502808988764e-05,7.129213483146067,25380,,,,,,,,,,,
1.5523110389709474,0.5156381130218506,3.245435393258427e-05,7.134831460674158,25400,,,,,,,,,,,
1.5235259056091308,0.5804833769798279,3.2243679775280895e-05,7.140449438202247,25420,,,,,,,,,,,
1.5603609085083008,0.48961180448532104,3.203300561797752e-05,7.146067415730337,25440,,,,,,,,,,,
1.5746470451354981,0.5104087591171265,3.1822331460674156e-05,7.151685393258427,25460,,,,,,,,,,,
1.6005664825439454,0.5441302061080933,3.161165730337078e-05,7.157303370786517,25480,,,,,,,,,,,
1.5561165809631348,0.5622116327285767,3.1400983146067416e-05,7.162921348314606,25500,,,,,,,,,,,
1.5241338729858398,0.5418353080749512,3.119030898876404e-05,7.168539325842697,25520,,,,,,,,,,,
1.5681679725646973,0.6865096688270569,3.097963483146067e-05,7.174157303370786,25540,,,,,,,,,,,
1.5952048301696777,0.5329251885414124,3.07689606741573e-05,7.179775280898877,25560,,,,,,,,,,,
1.546721839904785,0.8015270829200745,3.055828651685393e-05,7.185393258426966,25580,,,,,,,,,,,
1.5514513969421386,0.5704274773597717,3.0347612359550558e-05,7.191011235955056,25600,,,,,,,,,,,
1.5725226402282715,0.5999826192855835,3.0136938202247185e-05,7.196629213483146,25620,,,,,,,,,,,
1.5496381759643554,0.5464329123497009,2.992626404494382e-05,7.202247191011236,25640,,,,,,,,,,,
1.5509686470031738,0.4911489188671112,2.971558988764045e-05,7.207865168539326,25660,,,,,,,,,,,
1.53744535446167,0.5014687776565552,2.9504915730337076e-05,7.213483146067416,25680,,,,,,,,,,,
1.556602668762207,0.5012837052345276,2.9294241573033707e-05,7.219101123595506,25700,,,,,,,,,,,
1.5647156715393067,0.5110044479370117,2.9083567415730334e-05,7.224719101123595,25720,,,,,,,,,,,
1.558135986328125,0.5750306248664856,2.8872893258426964e-05,7.230337078651686,25740,,,,,,,,,,,
1.5266695976257325,0.5642203092575073,2.866221910112359e-05,7.235955056179775,25760,,,,,,,,,,,
1.5378158569335938,0.5506082773208618,2.845154494382022e-05,7.241573033707865,25780,,,,,,,,,,,
1.5834609985351562,0.503193199634552,2.824087078651685e-05,7.247191011235955,25800,,,,,,,,,,,
1.5427487373352051,0.5590351223945618,2.8030196629213482e-05,7.252808988764045,25820,,,,,,,,,,,
1.5530213356018066,0.5515866279602051,2.781952247191011e-05,7.258426966292135,25840,,,,,,,,,,,
1.5487636566162108,0.5120223164558411,2.760884831460674e-05,7.264044943820225,25860,,,,,,,,,,,
1.5795138359069825,0.5283626317977905,2.7398174157303366e-05,7.269662921348314,25880,,,,,,,,,,,
1.582084846496582,0.5707226395606995,2.7187499999999997e-05,7.275280898876405,25900,,,,,,,,,,,
1.5372369766235352,0.5300987362861633,2.6976825842696627e-05,7.280898876404494,25920,,,,,,,,,,,
1.5299198150634765,0.5322250723838806,2.6766151685393254e-05,7.286516853932584,25940,,,,,,,,,,,
1.557967185974121,0.6159260869026184,2.6555477528089888e-05,7.292134831460674,25960,,,,,,,,,,,
1.564499855041504,0.5166009068489075,2.6344803370786515e-05,7.297752808988764,25980,,,,,,,,,,,
1.583468532562256,0.5544774532318115,2.6134129213483145e-05,7.303370786516854,26000,,,,,,,,,,,
1.5491198539733886,0.5236815214157104,2.5923455056179772e-05,7.308988764044944,26020,,,,,,,,,,,
1.5368970870971679,0.5352755188941956,2.5712780898876403e-05,7.314606741573034,26040,,,,,,,,,,,
1.568289566040039,0.5248371958732605,2.550210674157303e-05,7.320224719101123,26060,,,,,,,,,,,
1.5455003738403321,0.5314637422561646,2.529143258426966e-05,7.325842696629214,26080,,,,,,,,,,,
1.5688417434692383,0.5990837812423706,2.5080758426966287e-05,7.331460674157303,26100,,,,,,,,,,,
1.5647069931030273,0.6089848875999451,2.487008426966292e-05,7.337078651685394,26120,,,,,,,,,,,
1.528979206085205,0.5114466547966003,2.465941011235955e-05,7.342696629213483,26140,,,,,,,,,,,
1.5292267799377441,0.5225061178207397,2.4448735955056178e-05,7.348314606741573,26160,,,,,,,,,,,
1.5786659240722656,0.531160295009613,2.423806179775281e-05,7.353932584269663,26180,,,,,,,,,,,
1.5225857734680175,0.5011820793151855,2.4027387640449435e-05,7.359550561797753,26200,,,,,,,,,,,
1.5587450027465821,0.50855952501297,2.3816713483146066e-05,7.365168539325842,26220,,,,,,,,,,,
1.5681053161621095,0.5536959767341614,2.3606039325842693e-05,7.370786516853933,26240,,,,,,,,,,,
1.5640673637390137,0.553989589214325,2.3395365168539323e-05,7.376404494382022,26260,,,,,,,,,,,
1.5610950469970704,0.5560513138771057,2.3184691011235954e-05,7.382022471910112,26280,,,,,,,,,,,
1.5068816184997558,0.5482501983642578,2.2974016853932584e-05,7.387640449438202,26300,,,,,,,,,,,
1.578320026397705,0.5119571685791016,2.276334269662921e-05,7.393258426966292,26320,,,,,,,,,,,
1.5233614921569825,0.5589569807052612,2.255266853932584e-05,7.398876404494382,26340,,,,,,,,,,,
1.5462860107421874,0.539984405040741,2.2341994382022468e-05,7.404494382022472,26360,,,,,,,,,,,
1.517076587677002,0.5020725131034851,2.21313202247191e-05,7.410112359550562,26380,,,,,,,,,,,
1.561448574066162,0.5436049103736877,2.1920646067415726e-05,7.415730337078652,26400,,,,,,,,,,,
1.5535988807678223,0.515221357345581,2.1709971910112356e-05,7.421348314606742,26420,,,,,,,,,,,
1.546473789215088,0.5505518317222595,2.149929775280899e-05,7.426966292134831,26440,,,,,,,,,,,
1.5328808784484864,0.5496372580528259,2.1288623595505617e-05,7.432584269662922,26460,,,,,,,,,,,
1.5420968055725097,0.511124312877655,2.1077949438202247e-05,7.438202247191011,26480,,,,,,,,,,,
1.5630309104919433,0.5152190327644348,2.0867275280898874e-05,7.443820224719101,26500,,,,,,,,,,,
1.5378755569458007,0.5055872201919556,2.0656601123595504e-05,7.449438202247191,26520,,,,,,,,,,,
1.546938133239746,0.6516786217689514,2.044592696629213e-05,7.455056179775281,26540,,,,,,,,,,,
1.5223728179931642,0.7574006915092468,2.0235252808988762e-05,7.460674157303371,26560,,,,,,,,,,,
1.489603328704834,0.4936050474643707,2.002457865168539e-05,7.466292134831461,26580,,,,,,,,,,,
1.5791550636291505,0.5357651710510254,1.9813904494382023e-05,7.47191011235955,26600,,,,,,,,,,,
1.5198105812072753,0.5344658493995667,1.9603230337078653e-05,7.477528089887641,26620,,,,,,,,,,,
1.5358160972595214,0.625228226184845,1.939255617977528e-05,7.48314606741573,26640,,,,,,,,,,,
1.6057838439941405,0.5817283391952515,1.918188202247191e-05,7.48876404494382,26660,,,,,,,,,,,
1.5660297393798828,0.6083642244338989,1.8971207865168537e-05,7.49438202247191,26680,,,,,,,,,,,
1.5766366004943848,0.531012237071991,1.8760533707865168e-05,7.5,26700,,,,,,,,,,,
1.5572700500488281,0.5328103303909302,1.8549859550561798e-05,7.50561797752809,26720,,,,,,,,,,,
1.5131818771362304,0.503212034702301,1.8339185393258425e-05,7.51123595505618,26740,,,,,,,,,,,
1.5525537490844727,0.5795244574546814,1.8128511235955055e-05,7.51685393258427,26760,,,,,,,,,,,
1.5546734809875489,0.5112459659576416,1.7917837078651682e-05,7.52247191011236,26780,,,,,,,,,,,
1.5457139015197754,0.5360513925552368,1.7707162921348313e-05,7.52808988764045,26800,,,,,,,,,,,
1.53497314453125,0.543996274471283,1.7496488764044943e-05,7.533707865168539,26820,,,,,,,,,,,
1.511263656616211,0.5674887299537659,1.728581460674157e-05,7.539325842696629,26840,,,,,,,,,,,
1.51895751953125,0.5098182559013367,1.70751404494382e-05,7.544943820224719,26860,,,,,,,,,,,
1.5451239585876464,0.5196978449821472,1.686446629213483e-05,7.550561797752809,26880,,,,,,,,,,,
1.5373050689697265,0.5861856341362,1.665379213483146e-05,7.556179775280899,26900,,,,,,,,,,,
1.6053863525390626,0.6337677240371704,1.6443117977528088e-05,7.561797752808989,26920,,,,,,,,,,,
1.5435219764709474,0.5127502679824829,1.623244382022472e-05,7.567415730337078,26940,,,,,,,,,,,
1.5485828399658204,0.502915620803833,1.602176966292135e-05,7.573033707865169,26960,,,,,,,,,,,
1.5505653381347657,0.5215596556663513,1.5811095505617976e-05,7.578651685393258,26980,,,,,,,,,,,
1.5394685745239258,0.5322757363319397,1.5600421348314606e-05,7.584269662921348,27000,,,,,,,,,,,
1.5201968193054198,0.5291642546653748,1.5389747191011233e-05,7.589887640449438,27020,,,,,,,,,,,
1.5851520538330077,0.5319937467575073,1.5179073033707862e-05,7.595505617977528,27040,,,,,,,,,,,
1.5610856056213378,0.5438235402107239,1.4968398876404494e-05,7.601123595505618,27060,,,,,,,,,,,
1.5714035034179688,0.5813480615615845,1.4757724719101123e-05,7.606741573033708,27080,,,,,,,,,,,
1.5878436088562011,0.4752851724624634,1.4547050561797751e-05,7.612359550561798,27100,,,,,,,,,,,
1.5386570930480956,0.5842291712760925,1.433637640449438e-05,7.617977528089888,27120,,,,,,,,,,,
1.5499151229858399,0.5168235898017883,1.412570224719101e-05,7.623595505617978,27140,,,,,,,,,,,
1.5761049270629883,0.48487159609794617,1.391502808988764e-05,7.629213483146067,27160,,,,,,,,,,,
1.5692397117614747,0.5286073684692383,1.3704353932584268e-05,7.634831460674158,27180,,,,,,,,,,,
1.563224983215332,0.5138399004936218,1.3493679775280897e-05,7.640449438202247,27200,,,,,,,,,,,
1.5506853103637694,0.557125449180603,1.3283005617977527e-05,7.646067415730337,27220,,,,,,,,,,,
1.5048344612121582,0.5004682540893555,1.3072331460674156e-05,7.651685393258427,27240,,,,,,,,,,,
1.5516531944274903,0.5667603015899658,1.2861657303370784e-05,7.657303370786517,27260,,,,,,,,,,,
1.5465938568115234,0.5033425688743591,1.2650983146067413e-05,7.662921348314606,27280,,,,,,,,,,,
1.5773003578186036,0.5088402032852173,1.2440308988764045e-05,7.668539325842697,27300,,,,,,,,,,,
1.5608800888061523,0.5169888138771057,1.2229634831460674e-05,7.674157303370786,27320,,,,,,,,,,,
1.5454877853393554,0.5793737769126892,1.2018960674157302e-05,7.679775280898877,27340,,,,,,,,,,,
1.5495047569274902,0.5050682425498962,1.1808286516853931e-05,7.685393258426966,27360,,,,,,,,,,,
1.5619250297546388,0.5633708238601685,1.1597612359550561e-05,7.691011235955056,27380,,,,,,,,,,,
1.5755888938903808,0.6243736743927002,1.138693820224719e-05,7.696629213483146,27400,,,,,,,,,,,
1.571219253540039,0.5254151225090027,1.1176264044943819e-05,7.702247191011236,27420,,,,,,,,,,,
1.5532073020935058,0.535291850566864,1.0965589887640447e-05,7.707865168539326,27440,,,,,,,,,,,
1.5662190437316894,0.5259727239608765,1.0754915730337078e-05,7.713483146067416,27460,,,,,,,,,,,
1.546353816986084,0.559820830821991,1.0544241573033707e-05,7.719101123595506,27480,,,,,,,,,,,
1.5670648574829102,0.6752843260765076,1.0333567415730335e-05,7.724719101123595,27500,,,,,,,,,,,
1.5689473152160645,0.5241638422012329,1.0122893258426964e-05,7.730337078651686,27520,,,,,,,,,,,
1.5636730194091797,0.6173323392868042,9.912219101123596e-06,7.735955056179775,27540,,,,,,,,,,,
1.5696093559265136,0.5675408840179443,9.701544943820225e-06,7.741573033707866,27560,,,,,,,,,,,
1.5624587059020996,0.5330106616020203,9.490870786516853e-06,7.747191011235955,27580,,,,,,,,,,,
1.5038677215576173,0.5824574828147888,9.280196629213482e-06,7.752808988764045,27600,,,,,,,,,,,
1.5442541122436524,0.5728713870048523,9.06952247191011e-06,7.758426966292134,27620,,,,,,,,,,,
1.5380860328674317,0.5505996942520142,8.858848314606741e-06,7.764044943820225,27640,,,,,,,,,,,
1.5665136337280274,0.4757276773452759,8.64817415730337e-06,7.769662921348314,27660,,,,,,,,,,,
1.5710403442382812,0.5446080565452576,8.4375e-06,7.775280898876405,27680,,,,,,,,,,,
1.5698978424072265,0.5353431701660156,8.226825842696629e-06,7.780898876404494,27700,,,,,,,,,,,
1.5739248275756836,0.4752066433429718,8.016151685393257e-06,7.786516853932584,27720,,,,,,,,,,,
1.5377604484558105,0.5552474856376648,7.805477528089886e-06,7.792134831460674,27740,,,,,,,,,,,
1.556449031829834,0.5159643888473511,7.5948033707865165e-06,7.797752808988764,27760,,,,,,,,,,,
1.5008304595947266,0.5262885689735413,7.384129213483145e-06,7.803370786516854,27780,,,,,,,,,,,
1.5444148063659668,0.7131887078285217,7.173455056179775e-06,7.808988764044944,27800,,,,,,,,,,,
1.5672858238220215,0.6545698046684265,6.962780898876403e-06,7.814606741573034,27820,,,,,,,,,,,
1.5256677627563477,0.5402005910873413,6.752106741573034e-06,7.820224719101123,27840,,,,,,,,,,,
1.5550920486450195,0.47908681631088257,6.5414325842696625e-06,7.825842696629214,27860,,,,,,,,,,,
1.4980927467346192,0.6071937084197998,6.330758426966292e-06,7.831460674157303,27880,,,,,,,,,,,
1.5693463325500487,0.5649052262306213,6.120084269662921e-06,7.837078651685394,27900,,,,,,,,,,,
1.5705190658569337,0.6073146462440491,5.90941011235955e-06,7.842696629213483,27920,,,,,,,,,,,
1.5262361526489259,0.6190484166145325,5.698735955056179e-06,7.848314606741573,27940,,,,,,,,,,,
1.519742774963379,0.5238838195800781,5.488061797752808e-06,7.853932584269663,27960,,,,,,,,,,,
1.5503703117370606,0.6406636834144592,5.277387640449438e-06,7.859550561797753,27980,,,,,,,,,,,
1.5424843788146974,0.5159071087837219,5.0667134831460675e-06,7.865168539325842,28000,,,,,,,,,,,
1.5318052291870117,0.48556411266326904,4.856039325842696e-06,7.870786516853933,28020,,,,,,,,,,,
1.5583617210388183,0.5567370057106018,4.645365168539325e-06,7.876404494382022,28040,,,,,,,,,,,
1.5538507461547852,0.5568936467170715,4.434691011235954e-06,7.882022471910112,28060,,,,,,,,,,,
1.5094115257263183,0.7242299914360046,4.224016853932584e-06,7.887640449438202,28080,,,,,,,,,,,
1.5613295555114746,0.5114339590072632,4.0133426966292126e-06,7.893258426966292,28100,,,,,,,,,,,
1.5522308349609375,0.556567907333374,3.802668539325842e-06,7.898876404494382,28120,,,,,,,,,,,
1.592057228088379,0.5808826684951782,3.5919943820224716e-06,7.904494382022472,28140,,,,,,,,,,,
1.5678570747375489,0.5256777405738831,3.3813202247191007e-06,7.910112359550562,28160,,,,,,,,,,,
1.5666458129882812,0.4872102439403534,3.17064606741573e-06,7.915730337078652,28180,,,,,,,,,,,
1.570730209350586,0.4875996708869934,2.9599719101123593e-06,7.921348314606742,28200,,,,,,,,,,,
1.54722900390625,0.5604245066642761,2.7492977528089884e-06,7.926966292134831,28220,,,,,,,,,,,
1.5708687782287598,0.5451385378837585,2.5386235955056175e-06,7.932584269662922,28240,,,,,,,,,,,
1.5475960731506349,0.6498185396194458,2.327949438202247e-06,7.938202247191011,28260,,,,,,,,,,,
1.5257833480834961,0.5634976625442505,2.117275280898876e-06,7.943820224719101,28280,,,,,,,,,,,
1.5599419593811035,0.5466145873069763,1.9066011235955055e-06,7.949438202247191,28300,,,,,,,,,,,
1.5541898727416992,0.5393351316452026,1.6959269662921346e-06,7.955056179775281,28320,,,,,,,,,,,
1.583061408996582,0.6617882251739502,1.4852528089887637e-06,7.960674157303371,28340,,,,,,,,,,,
1.5666385650634767,0.5301242470741272,1.274578651685393e-06,7.966292134831461,28360,,,,,,,,,,,
1.5775596618652343,0.6115220189094543,1.0639044943820223e-06,7.97191011235955,28380,,,,,,,,,,,
1.5415997505187988,0.5250577926635742,8.532303370786516e-07,7.97752808988764,28400,,,,,,,,,,,
1.5303702354431152,0.522321879863739,6.425561797752809e-07,7.98314606741573,28420,,,,,,,,,,,
1.530849075317383,0.5085145235061646,4.3188202247191006e-07,7.98876404494382,28440,,,,,,,,,,,
1.52618465423584,0.6493598818778992,2.2120786516853932e-07,7.99438202247191,28460,,,,,,,,,,,
1.5403207778930663,0.7540324330329895,1.053370786516854e-08,8.0,28480,,,,,,,,,,,
,,,8.0,28480,1.3664764165878296,20.522721396223492,43.12376312004736,140.422,24.248,0.762,,,,,
,,,8.0,28480,,,,,,,7868.207,231.618,3.62,1.7982933752850432e+17,1.9413633142964224
