loss,grad_norm,learning_rate,epoch,step,eval_loss,eval_bleu,eval_chrf2pp,eval_runtime,eval_samples_per_second,eval_steps_per_second,train_runtime,train_samples_per_second,train_steps_per_second,total_flos,train_loss
3.424620819091797,1.1317574977874756,4.99769372693727e-05,0.0038842493688094775,20,,,,,,,,,,,
3.16998348236084,1.0580798387527466,4.995266071081764e-05,0.007768498737618955,40,,,,,,,,,,,
2.9713838577270506,0.991653561592102,4.992838415226257e-05,0.011652748106428433,60,,,,,,,,,,,
2.912657928466797,1.2089873552322388,4.990410759370752e-05,0.01553699747523791,80,,,,,,,,,,,
2.901555061340332,1.0956408977508545,4.987983103515246e-05,0.019421246844047387,100,,,,,,,,,,,
2.7971879959106447,1.0407034158706665,4.98555544765974e-05,0.023305496212856866,120,,,,,,,,,,,
2.742880439758301,1.2571930885314941,4.9831277918042344e-05,0.02718974558166634,140,,,,,,,,,,,
2.703800392150879,1.130103349685669,4.980700135948728e-05,0.03107399495047582,160,,,,,,,,,,,
2.7221906661987303,1.0427043437957764,4.978272480093222e-05,0.0349582443192853,180,,,,,,,,,,,
2.6048053741455077,1.15632963180542,4.975844824237716e-05,0.038842493688094774,200,,,,,,,,,,,
2.563570976257324,1.189699649810791,4.973417168382211e-05,0.04272674305690426,220,,,,,,,,,,,
2.521589660644531,0.9144313931465149,4.970989512526704e-05,0.04661099242571373,240,,,,,,,,,,,
2.5556686401367186,1.0577166080474854,4.968561856671198e-05,0.05049524179452321,260,,,,,,,,,,,
2.509170341491699,1.133876919746399,4.966134200815693e-05,0.05437949116333268,280,,,,,,,,,,,
2.4556756973266602,1.0405257940292358,4.963706544960187e-05,0.058263740532142165,300,,,,,,,,,,,
2.4467004776000976,4.320415496826172,4.9612788891046806e-05,0.06214798990095164,320,,,,,,,,,,,
2.454185676574707,0.9971975684165955,4.9588512332491746e-05,0.06603223926976112,340,,,,,,,,,,,
2.347120475769043,1.191063404083252,4.956423577393669e-05,0.0699164886385706,360,,,,,,,,,,,
2.4112998962402346,1.0722380876541138,4.953995921538163e-05,0.07380073800738007,380,,,,,,,,,,,
2.38165283203125,1.0487703084945679,4.951568265682657e-05,0.07768498737618955,400,,,,,,,,,,,
2.3569496154785154,1.0374068021774292,4.949140609827151e-05,0.08156923674499902,420,,,,,,,,,,,
2.3232967376708986,1.036082148551941,4.946712953971645e-05,0.08545348611380851,440,,,,,,,,,,,
2.2786867141723635,0.9662950038909912,4.944285298116139e-05,0.08933773548261799,460,,,,,,,,,,,
2.2800479888916017,1.1691515445709229,4.9418576422606336e-05,0.09322198485142746,480,,,,,,,,,,,
2.2631948471069334,1.05869460105896,4.9394299864051275e-05,0.09710623422023694,500,,,,,,,,,,,
2.2282941818237303,1.0003256797790527,4.9370023305496215e-05,0.10099048358904641,520,,,,,,,,,,,
2.2505483627319336,1.1497966051101685,4.9345746746941154e-05,0.10487473295785589,540,,,,,,,,,,,
2.214926338195801,0.9754869937896729,4.93214701883861e-05,0.10875898232666537,560,,,,,,,,,,,
2.195003700256348,1.0899059772491455,4.929719362983104e-05,0.11264323169547485,580,,,,,,,,,,,
2.227352523803711,1.1057947874069214,4.927291707127597e-05,0.11652748106428433,600,,,,,,,,,,,
2.1401645660400392,1.0141758918762207,4.924864051272092e-05,0.1204117304330938,620,,,,,,,,,,,
2.186196136474609,0.9497634768486023,4.922436395416586e-05,0.12429597980190328,640,,,,,,,,,,,
2.159261703491211,1.0267983675003052,4.92000873956108e-05,0.12818022917071276,660,,,,,,,,,,,
2.148948860168457,1.0745388269424438,4.9175810837055745e-05,0.13206447853952225,680,,,,,,,,,,,
2.1503789901733397,1.112183928489685,4.9151534278500684e-05,0.1359487279083317,700,,,,,,,,,,,
2.1161630630493162,0.988601565361023,4.9127257719945624e-05,0.1398329772771412,720,,,,,,,,,,,
2.1477447509765626,1.0912675857543945,4.910298116139056e-05,0.14371722664595066,740,,,,,,,,,,,
2.1718122482299806,0.9476799964904785,4.907870460283551e-05,0.14760147601476015,760,,,,,,,,,,,
2.1400609970092774,1.0868819952011108,4.905442804428044e-05,0.15148572538356964,780,,,,,,,,,,,
2.092872428894043,2.2573862075805664,4.903015148572538e-05,0.1553699747523791,800,,,,,,,,,,,
2.1018518447875976,1.1206237077713013,4.900587492717033e-05,0.1592542241211886,820,,,,,,,,,,,
2.117493438720703,1.0124626159667969,4.898159836861527e-05,0.16313847348999805,840,,,,,,,,,,,
2.0913583755493166,0.964203417301178,4.895732181006021e-05,0.16702272285880754,860,,,,,,,,,,,
2.0164011001586912,0.9737276434898376,4.8933045251505146e-05,0.17090697222761703,880,,,,,,,,,,,
1.9962444305419922,0.9557487964630127,4.890876869295009e-05,0.1747912215964265,900,,,,,,,,,,,
2.063599395751953,1.0828526020050049,4.888449213439503e-05,0.17867547096523598,920,,,,,,,,,,,
2.0290506362915037,1.0799510478973389,4.886021557583997e-05,0.18255972033404544,940,,,,,,,,,,,
2.0638078689575194,0.9946432709693909,4.883593901728491e-05,0.18644396970285493,960,,,,,,,,,,,
2.0003437042236327,1.043187141418457,4.881166245872985e-05,0.1903282190716644,980,,,,,,,,,,,
2.0209897994995116,1.1438617706298828,4.878738590017479e-05,0.19421246844047388,1000,,,,,,,,,,,
1.981072998046875,0.9532056450843811,4.8763109341619737e-05,0.19809671780928337,1020,,,,,,,,,,,
1.964702033996582,0.9386382102966309,4.8738832783064676e-05,0.20198096717809283,1040,,,,,,,,,,,
1.9476438522338868,1.0789390802383423,4.8714556224509616e-05,0.20586521654690232,1060,,,,,,,,,,,
1.9745508193969727,0.9709657430648804,4.8690279665954555e-05,0.20974946591571178,1080,,,,,,,,,,,
1.9929437637329102,1.0921841859817505,4.86660031073995e-05,0.21363371528452127,1100,,,,,,,,,,,
1.9339353561401367,1.1670159101486206,4.864172654884444e-05,0.21751796465333073,1120,,,,,,,,,,,
1.9539129257202148,1.0844097137451172,4.8617449990289374e-05,0.22140221402214022,1140,,,,,,,,,,,
1.9057744979858398,0.9512753486633301,4.859317343173432e-05,0.2252864633909497,1160,,,,,,,,,,,
1.9247159957885742,1.0761427879333496,4.856889687317926e-05,0.22917071275975917,1180,,,,,,,,,,,
1.9066024780273438,0.9486057758331299,4.85446203146242e-05,0.23305496212856866,1200,,,,,,,,,,,
1.9224916458129884,1.0303595066070557,4.8520343756069145e-05,0.23693921149737812,1220,,,,,,,,,,,
1.96851806640625,1.233483076095581,4.8496067197514085e-05,0.2408234608661876,1240,,,,,,,,,,,
1.90540771484375,0.9384429454803467,4.8471790638959024e-05,0.2447077102349971,1260,,,,,,,,,,,
1.9568370819091796,0.9965811371803284,4.8447514080403964e-05,0.24859195960380656,1280,,,,,,,,,,,
1.933146095275879,1.0310710668563843,4.842323752184891e-05,0.252476208972616,1300,,,,,,,,,,,
1.8512775421142578,1.1014522314071655,4.839896096329384e-05,0.2563604583414255,1320,,,,,,,,,,,
1.9209293365478515,1.0520426034927368,4.837468440473878e-05,0.260244707710235,1340,,,,,,,,,,,
1.8782344818115235,0.9816268086433411,4.835040784618373e-05,0.2641289570790445,1360,,,,,,,,,,,
1.8479681015014648,1.0178011655807495,4.832613128762867e-05,0.268013206447854,1380,,,,,,,,,,,
1.8521425247192382,0.9878523945808411,4.830185472907361e-05,0.2718974558166634,1400,,,,,,,,,,,
1.8535139083862304,0.8999316692352295,4.827757817051855e-05,0.2757817051854729,1420,,,,,,,,,,,
1.8070924758911133,0.9955641031265259,4.825330161196349e-05,0.2796659545542824,1440,,,,,,,,,,,
1.811273193359375,0.9869434237480164,4.822902505340843e-05,0.2835502039230919,1460,,,,,,,,,,,
1.800050926208496,0.9395260214805603,4.820474849485337e-05,0.2874344532919013,1480,,,,,,,,,,,
1.8087976455688477,1.0891995429992676,4.818047193629831e-05,0.2913187026607108,1500,,,,,,,,,,,
1.7911605834960938,0.954917848110199,4.815619537774325e-05,0.2952029520295203,1520,,,,,,,,,,,
1.8410226821899414,0.9999370574951172,4.813191881918819e-05,0.2990872013983298,1540,,,,,,,,,,,
1.8544445037841797,1.1533699035644531,4.810764226063314e-05,0.30297145076713927,1560,,,,,,,,,,,
1.7506080627441407,1.1258732080459595,4.808336570207808e-05,0.3068557001359487,1580,,,,,,,,,,,
1.7703264236450196,0.998030424118042,4.8059089143523016e-05,0.3107399495047582,1600,,,,,,,,,,,
1.7811391830444336,1.0119240283966064,4.8034812584967956e-05,0.3146241988735677,1620,,,,,,,,,,,
1.7682735443115234,1.067712426185608,4.80105360264129e-05,0.3185084482423772,1640,,,,,,,,,,,
1.7602727890014649,1.017403483390808,4.798625946785784e-05,0.32239269761118666,1660,,,,,,,,,,,
1.745652198791504,1.1063987016677856,4.7961982909302774e-05,0.3262769469799961,1680,,,,,,,,,,,
1.8599031448364258,1.049745798110962,4.793770635074772e-05,0.3301611963488056,1700,,,,,,,,,,,
1.7602453231811523,0.9400278925895691,4.791342979219266e-05,0.3340454457176151,1720,,,,,,,,,,,
1.7952566146850586,0.9748403429985046,4.78891532336376e-05,0.33792969508642456,1740,,,,,,,,,,,
1.8020347595214843,0.9366135597229004,4.7864876675082546e-05,0.34181394445523405,1760,,,,,,,,,,,
1.7774518966674804,0.9562729597091675,4.7840600116527485e-05,0.3456981938240435,1780,,,,,,,,,,,
1.7568342208862304,1.0065592527389526,4.7816323557972425e-05,0.349582443192853,1800,,,,,,,,,,,
1.8522634506225586,1.1250886917114258,4.7792046999417364e-05,0.35346669256166247,1820,,,,,,,,,,,
1.7559974670410157,1.0686159133911133,4.776777044086231e-05,0.35735094193047195,1840,,,,,,,,,,,
1.7613666534423829,0.9647348523139954,4.7743493882307243e-05,0.3612351912992814,1860,,,,,,,,,,,
1.7437976837158202,0.9737105369567871,4.771921732375218e-05,0.3651194406680909,1880,,,,,,,,,,,
1.743007278442383,0.9023228287696838,4.769494076519713e-05,0.36900369003690037,1900,,,,,,,,,,,
1.7781505584716797,0.98002690076828,4.767066420664207e-05,0.37288793940570986,1920,,,,,,,,,,,
1.7274709701538087,1.0266691446304321,4.764638764808701e-05,0.37677218877451935,1940,,,,,,,,,,,
1.7553184509277344,1.0044373273849487,4.762211108953195e-05,0.3806564381433288,1960,,,,,,,,,,,
1.7416570663452149,0.9791005849838257,4.7597834530976894e-05,0.38454068751213827,1980,,,,,,,,,,,
1.687697410583496,0.9740315675735474,4.7573557972421834e-05,0.38842493688094776,2000,,,,,,,,,,,
1.7142663955688477,0.9200292825698853,4.754928141386677e-05,0.39230918624975725,2020,,,,,,,,,,,
1.7052202224731445,0.9943035840988159,4.752500485531171e-05,0.39619343561856674,2040,,,,,,,,,,,
1.7320070266723633,1.0304418802261353,4.750072829675665e-05,0.40007768498737617,2060,,,,,,,,,,,
1.6941961288452148,0.929475724697113,4.747645173820159e-05,0.40396193435618566,2080,,,,,,,,,,,
1.664666748046875,1.2049498558044434,4.745217517964654e-05,0.40784618372499515,2100,,,,,,,,,,,
1.7516559600830077,0.9912608861923218,4.742789862109148e-05,0.41173043309380464,2120,,,,,,,,,,,
1.6702230453491211,1.0175904035568237,4.740362206253642e-05,0.4156146824626141,2140,,,,,,,,,,,
1.6648664474487305,0.9095983505249023,4.7379345503981356e-05,0.41949893183142356,2160,,,,,,,,,,,
1.6703619003295898,0.9577778577804565,4.73550689454263e-05,0.42338318120023305,2180,,,,,,,,,,,
1.656663703918457,1.1845816373825073,4.733079238687124e-05,0.42726743056904254,2200,,,,,,,,,,,
1.6752117156982422,1.0413800477981567,4.7306515828316175e-05,0.43115167993785203,2220,,,,,,,,,,,
1.686629295349121,1.0404094457626343,4.728223926976112e-05,0.43503592930666146,2240,,,,,,,,,,,
1.6819677352905273,0.9822647571563721,4.725796271120606e-05,0.43892017867547095,2260,,,,,,,,,,,
1.716860008239746,1.0584019422531128,4.7233686152651e-05,0.44280442804428044,2280,,,,,,,,,,,
1.5672650337219238,0.9976646900177002,4.7209409594095947e-05,0.44668867741308993,2300,,,,,,,,,,,
1.7277311325073241,1.0966227054595947,4.7185133035540886e-05,0.4505729267818994,2320,,,,,,,,,,,
1.650698471069336,1.053538203239441,4.7160856476985826e-05,0.45445717615070885,2340,,,,,,,,,,,
1.6771575927734375,1.1485830545425415,4.7136579918430765e-05,0.45834142551951834,2360,,,,,,,,,,,
1.6864267349243165,1.1074434518814087,4.7112303359875705e-05,0.46222567488832783,2380,,,,,,,,,,,
1.6463188171386718,1.0055450201034546,4.7088026801320644e-05,0.4661099242571373,2400,,,,,,,,,,,
1.6064722061157226,0.9174965620040894,4.7063750242765584e-05,0.4699941736259468,2420,,,,,,,,,,,
1.591344451904297,1.016455054283142,4.703947368421053e-05,0.47387842299475624,2440,,,,,,,,,,,
1.6571826934814453,1.0165544748306274,4.701519712565547e-05,0.47776267236356573,2460,,,,,,,,,,,
1.6465858459472655,0.9988932609558105,4.699092056710041e-05,0.4816469217323752,2480,,,,,,,,,,,
1.6338247299194335,1.1224302053451538,4.6966644008545355e-05,0.4855311711011847,2500,,,,,,,,,,,
1.650629425048828,1.0854852199554443,4.6942367449990295e-05,0.4894154204699942,2520,,,,,,,,,,,
1.6113765716552735,1.040043830871582,4.6918090891435234e-05,0.49329966983880363,2540,,,,,,,,,,,
1.6415254592895507,0.92386394739151,4.6893814332880174e-05,0.4971839192076131,2560,,,,,,,,,,,
1.6242719650268556,1.122994065284729,4.686953777432511e-05,0.5010681685764226,2580,,,,,,,,,,,
1.571825122833252,0.952204167842865,4.684526121577005e-05,0.504952417945232,2600,,,,,,,,,,,
1.6056577682495117,0.9777407050132751,4.682098465721499e-05,0.5088366673140415,2620,,,,,,,,,,,
1.6021434783935546,0.9890897870063782,4.679670809865994e-05,0.512720916682851,2640,,,,,,,,,,,
1.60074462890625,0.9423545002937317,4.677243154010488e-05,0.5166051660516605,2660,,,,,,,,,,,
1.6036600112915038,1.029411792755127,4.674815498154982e-05,0.52048941542047,2680,,,,,,,,,,,
1.575589084625244,1.0176420211791992,4.672387842299476e-05,0.5243736647892795,2700,,,,,,,,,,,
1.5730754852294921,1.0511837005615234,4.66996018644397e-05,0.528257914158089,2720,,,,,,,,,,,
1.629246139526367,1.0420094728469849,4.6675325305884636e-05,0.5321421635268985,2740,,,,,,,,,,,
1.585654067993164,1.0040326118469238,4.6651048747329576e-05,0.536026412895708,2760,,,,,,,,,,,
1.5967103004455567,1.072262167930603,4.662677218877452e-05,0.5399106622645173,2780,,,,,,,,,,,
1.5188313484191895,0.9878640174865723,4.660249563021946e-05,0.5437949116333268,2800,,,,,,,,,,,
1.5630695343017578,0.977455735206604,4.65782190716644e-05,0.5476791610021363,2820,,,,,,,,,,,
1.557816982269287,0.9364567995071411,4.655394251310935e-05,0.5515634103709458,2840,,,,,,,,,,,
1.5888003349304198,1.1097532510757446,4.652966595455429e-05,0.5554476597397553,2860,,,,,,,,,,,
1.5902145385742188,0.9314409494400024,4.6505389395999226e-05,0.5593319091085648,2880,,,,,,,,,,,
1.5644657135009765,0.9240542650222778,4.6481112837444166e-05,0.5632161584773743,2900,,,,,,,,,,,
1.5851699829101562,1.0194069147109985,4.6456836278889105e-05,0.5671004078461838,2920,,,,,,,,,,,
1.6035179138183593,1.0468403100967407,4.6432559720334045e-05,0.5709846572149933,2940,,,,,,,,,,,
1.530296802520752,0.9341011643409729,4.6408283161778984e-05,0.5748689065838026,2960,,,,,,,,,,,
1.5629746437072753,1.0161467790603638,4.638400660322393e-05,0.5787531559526121,2980,,,,,,,,,,,
1.5738852500915528,0.9306878447532654,4.635973004466887e-05,0.5826374053214216,3000,,,,,,,,,,,
1.5448091506958008,1.0693250894546509,4.633545348611381e-05,0.5865216546902311,3020,,,,,,,,,,,
1.583657169342041,0.8923916816711426,4.6311176927558756e-05,0.5904059040590406,3040,,,,,,,,,,,
1.5241641044616698,1.008845567703247,4.6286900369003695e-05,0.5942901534278501,3060,,,,,,,,,,,
1.5625048637390138,0.9502548575401306,4.6262623810448635e-05,0.5981744027966596,3080,,,,,,,,,,,
1.5738924026489258,1.0351675748825073,4.6238347251893574e-05,0.602058652165469,3100,,,,,,,,,,,
1.546880340576172,0.977781355381012,4.6214070693338514e-05,0.6059429015342785,3120,,,,,,,,,,,
1.5312393188476563,0.9884739518165588,4.6189794134783453e-05,0.609827150903088,3140,,,,,,,,,,,
1.5047529220581055,1.0616596937179565,4.616551757622839e-05,0.6137114002718974,3160,,,,,,,,,,,
1.488478660583496,1.093514323234558,4.614124101767334e-05,0.6175956496407069,3180,,,,,,,,,,,
1.5239861488342286,1.02011239528656,4.611696445911828e-05,0.6214798990095164,3200,,,,,,,,,,,
1.5117565155029298,1.0501770973205566,4.609268790056322e-05,0.6253641483783259,3220,,,,,,,,,,,
1.5588264465332031,1.0761921405792236,4.606841134200816e-05,0.6292483977471354,3240,,,,,,,,,,,
1.4838740348815918,1.0094490051269531,4.6044134783453104e-05,0.6331326471159449,3260,,,,,,,,,,,
1.4792609214782715,0.9615684747695923,4.601985822489804e-05,0.6370168964847543,3280,,,,,,,,,,,
1.5546876907348632,0.9981245994567871,4.5995581666342976e-05,0.6409011458535638,3300,,,,,,,,,,,
1.4884562492370605,2.4646270275115967,4.597130510778792e-05,0.6447853952223733,3320,,,,,,,,,,,
1.4972170829772948,0.9717458486557007,4.594702854923286e-05,0.6486696445911827,3340,,,,,,,,,,,
1.5343073844909667,0.9689823985099792,4.59227519906778e-05,0.6525538939599922,3360,,,,,,,,,,,
1.556605625152588,1.0220447778701782,4.589847543212275e-05,0.6564381433288017,3380,,,,,,,,,,,
1.547123622894287,0.94731605052948,4.587419887356769e-05,0.6603223926976112,3400,,,,,,,,,,,
1.5021591186523438,1.005843162536621,4.584992231501263e-05,0.6642066420664207,3420,,,,,,,,,,,
1.5087336540222167,2.6743171215057373,4.5825645756457566e-05,0.6680908914352301,3440,,,,,,,,,,,
1.5245347976684571,0.8870179057121277,4.5801369197902506e-05,0.6719751408040396,3460,,,,,,,,,,,
1.495577907562256,1.0215909481048584,4.5777092639347445e-05,0.6758593901728491,3480,,,,,,,,,,,
1.4635470390319825,1.018056035041809,4.5752816080792385e-05,0.6797436395416586,3500,,,,,,,,,,,
1.4506279945373535,0.9827477931976318,4.572853952223733e-05,0.6836278889104681,3520,,,,,,,,,,,
1.446681594848633,1.0484949350357056,4.570426296368227e-05,0.6875121382792775,3540,,,,,,,,,,,
1.4559395790100098,0.9981628656387329,4.567998640512721e-05,0.691396387648087,3560,,,,,,,,,,,
1.4815780639648437,0.9522740840911865,4.5655709846572157e-05,0.6952806370168965,3580,,,,,,,,,,,
1.4752368927001953,0.8961135745048523,4.5631433288017096e-05,0.699164886385706,3600,,,,,,,,,,,
1.4851707458496093,0.9992644190788269,4.5607156729462036e-05,0.7030491357545154,3620,,,,,,,,,,,
1.4773014068603516,1.0721328258514404,4.5582880170906975e-05,0.7069333851233249,3640,,,,,,,,,,,
1.4399353981018066,0.9079961776733398,4.5558603612351915e-05,0.7108176344921344,3660,,,,,,,,,,,
1.494332504272461,0.9847055673599243,4.5534327053796854e-05,0.7147018838609439,3680,,,,,,,,,,,
1.4935986518859863,0.9954545497894287,4.5510050495241794e-05,0.7185861332297534,3700,,,,,,,,,,,
1.4725093841552734,1.0453135967254639,4.548577393668674e-05,0.7224703825985628,3720,,,,,,,,,,,
1.4464543342590332,0.9931634068489075,4.546149737813168e-05,0.7263546319673723,3740,,,,,,,,,,,
1.4555265426635742,1.1084808111190796,4.543722081957662e-05,0.7302388813361818,3760,,,,,,,,,,,
1.4900798797607422,0.9863419532775879,4.541294426102156e-05,0.7341231307049912,3780,,,,,,,,,,,
1.4155930519104003,0.9834439754486084,4.5388667702466505e-05,0.7380073800738007,3800,,,,,,,,,,,
1.4394919395446777,1.028191089630127,4.536439114391144e-05,0.7418916294426102,3820,,,,,,,,,,,
1.4716919898986816,0.9700773358345032,4.534011458535638e-05,0.7457758788114197,3840,,,,,,,,,,,
1.483999538421631,1.0413037538528442,4.531583802680132e-05,0.7496601281802292,3860,,,,,,,,,,,
1.4837923049926758,0.9566991329193115,4.529156146824626e-05,0.7535443775490387,3880,,,,,,,,,,,
1.4242679595947265,1.0086880922317505,4.52672849096912e-05,0.7574286269178482,3900,,,,,,,,,,,
1.43668851852417,1.0793414115905762,4.524300835113615e-05,0.7613128762866576,3920,,,,,,,,,,,
1.4386746406555175,1.071045160293579,4.521873179258109e-05,0.765197125655467,3940,,,,,,,,,,,
1.4389342308044433,0.9493343234062195,4.519445523402603e-05,0.7690813750242765,3960,,,,,,,,,,,
1.3992954254150392,1.0558465719223022,4.517017867547097e-05,0.772965624393086,3980,,,,,,,,,,,
1.42386474609375,0.9710085988044739,4.5145902116915907e-05,0.7768498737618955,4000,,,,,,,,,,,
1.4240765571594238,1.086369514465332,4.5121625558360846e-05,0.780734123130705,4020,,,,,,,,,,,
1.3955070495605468,1.0057581663131714,4.5097348999805786e-05,0.7846183724995145,4040,,,,,,,,,,,
1.4119985580444336,0.9844373464584351,4.507307244125073e-05,0.788502621868324,4060,,,,,,,,,,,
1.4047956466674805,1.0115330219268799,4.504879588269567e-05,0.7923868712371335,4080,,,,,,,,,,,
1.4234659194946289,0.9925624132156372,4.502451932414061e-05,0.7962711206059429,4100,,,,,,,,,,,
1.396672248840332,1.050995111465454,4.500024276558556e-05,0.8001553699747523,4120,,,,,,,,,,,
1.4347292900085449,7.533059120178223,4.49759662070305e-05,0.8040396193435618,4140,,,,,,,,,,,
1.3978281021118164,0.9718005061149597,4.4951689648475436e-05,0.8079238687123713,4160,,,,,,,,,,,
1.517704677581787,0.9967585802078247,4.4927413089920376e-05,0.8118081180811808,4180,,,,,,,,,,,
1.3406352043151855,0.8758233785629272,4.4903136531365315e-05,0.8156923674499903,4200,,,,,,,,,,,
1.389174747467041,1.0421507358551025,4.4878859972810255e-05,0.8195766168187998,4220,,,,,,,,,,,
1.4366254806518555,0.9979476928710938,4.4854583414255194e-05,0.8234608661876093,4240,,,,,,,,,,,
1.3883212089538575,0.9579378366470337,4.483030685570014e-05,0.8273451155564188,4260,,,,,,,,,,,
1.4467559814453126,1.0074162483215332,4.480603029714508e-05,0.8312293649252283,4280,,,,,,,,,,,
1.4433301925659179,1.0244165658950806,4.478175373859002e-05,0.8351136142940376,4300,,,,,,,,,,,
1.4116241455078125,1.0807040929794312,4.475747718003496e-05,0.8389978636628471,4320,,,,,,,,,,,
1.382370376586914,1.0704857110977173,4.4733200621479905e-05,0.8428821130316566,4340,,,,,,,,,,,
1.4550582885742187,0.919928252696991,4.470892406292484e-05,0.8467663624004661,4360,,,,,,,,,,,
1.3347740173339844,1.0060406923294067,4.4684647504369784e-05,0.8506506117692756,4380,,,,,,,,,,,
1.42161865234375,1.0031137466430664,4.4660370945814724e-05,0.8545348611380851,4400,,,,,,,,,,,
1.390242862701416,1.0174139738082886,4.463609438725966e-05,0.8584191105068946,4420,,,,,,,,,,,
1.3407087326049805,1.0140577554702759,4.46118178287046e-05,0.8623033598757041,4440,,,,,,,,,,,
1.3494457244873046,1.07499098777771,4.458754127014955e-05,0.8661876092445135,4460,,,,,,,,,,,
1.3879172325134277,0.9834322929382324,4.456326471159449e-05,0.8700718586133229,4480,,,,,,,,,,,
1.3454790115356445,1.0504767894744873,4.453898815303943e-05,0.8739561079821324,4500,,,,,,,,,,,
1.3820765495300293,0.9812893271446228,4.451471159448437e-05,0.8778403573509419,4520,,,,,,,,,,,
1.372201633453369,1.1002377271652222,4.449043503592931e-05,0.8817246067197514,4540,,,,,,,,,,,
1.3977333068847657,1.0973830223083496,4.446615847737425e-05,0.8856088560885609,4560,,,,,,,,,,,
1.4026275634765626,0.9620952010154724,4.4441881918819186e-05,0.8894931054573704,4580,,,,,,,,,,,
1.3488426208496094,0.9560903310775757,4.441760536026413e-05,0.8933773548261799,4600,,,,,,,,,,,
1.3276357650756836,0.9435508251190186,4.439332880170907e-05,0.8972616041949893,4620,,,,,,,,,,,
1.364700984954834,1.1205906867980957,4.436905224315401e-05,0.9011458535637988,4640,,,,,,,,,,,
1.369801902770996,1.0270922183990479,4.434477568459896e-05,0.9050301029326083,4660,,,,,,,,,,,
1.3493038177490235,0.9954235553741455,4.43204991260439e-05,0.9089143523014177,4680,,,,,,,,,,,
1.3409844398498536,0.951689600944519,4.429622256748884e-05,0.9127986016702272,4700,,,,,,,,,,,
1.3719565391540527,1.5931494235992432,4.4271946008933776e-05,0.9166828510390367,4720,,,,,,,,,,,
1.4133983612060548,0.9717828035354614,4.4247669450378716e-05,0.9205671004078462,4740,,,,,,,,,,,
1.3662689208984375,0.9785985350608826,4.4223392891823655e-05,0.9244513497766557,4760,,,,,,,,,,,
1.3676020622253418,1.0673298835754395,4.4199116333268595e-05,0.9283355991454652,4780,,,,,,,,,,,
1.3183158874511718,1.1092315912246704,4.417483977471354e-05,0.9322198485142746,4800,,,,,,,,,,,
1.3580774307250976,1.081248164176941,4.415056321615848e-05,0.9361040978830841,4820,,,,,,,,,,,
1.3539801597595216,0.9731552004814148,4.412628665760342e-05,0.9399883472518936,4840,,,,,,,,,,,
1.367081356048584,1.0236895084381104,4.4102010099048366e-05,0.943872596620703,4860,,,,,,,,,,,
1.3307372093200684,1.1076375246047974,4.4077733540493306e-05,0.9477568459895125,4880,,,,,,,,,,,
1.306259536743164,0.9999340772628784,4.405345698193824e-05,0.951641095358322,4900,,,,,,,,,,,
1.3270740509033203,0.9538782835006714,4.4029180423383185e-05,0.9555253447271315,4920,,,,,,,,,,,
1.3710556983947755,1.0666216611862183,4.4004903864828125e-05,0.959409594095941,4940,,,,,,,,,,,
1.3574193000793457,1.0121073722839355,4.3980627306273064e-05,0.9632938434647504,4960,,,,,,,,,,,
1.3831195831298828,0.9726262092590332,4.3956350747718004e-05,0.9671780928335599,4980,,,,,,,,,,,
1.3796003341674805,1.4122635126113892,4.393207418916295e-05,0.9710623422023694,5000,,,,,,,,,,,
1.3387492179870606,0.8988065123558044,4.390779763060789e-05,0.9749465915711789,5020,,,,,,,,,,,
1.2944687843322753,0.94986891746521,4.388352107205283e-05,0.9788308409399884,5040,,,,,,,,,,,
1.3424071311950683,1.0375561714172363,4.385924451349777e-05,0.9827150903087978,5060,,,,,,,,,,,
1.2782851219177247,1.069610357284546,4.383496795494271e-05,0.9865993396776073,5080,,,,,,,,,,,
1.3909316062927246,0.9763408303260803,4.381069139638765e-05,0.9904835890464168,5100,,,,,,,,,,,
1.352450466156006,0.8485479950904846,4.378641483783259e-05,0.9943678384152262,5120,,,,,,,,,,,
1.3583154678344727,0.9328976273536682,4.376213827927753e-05,0.9982520877840357,5140,,,,,,,,,,,
,,,1.0,5149,1.41738760471344,20.76220226959613,45.19426602792212,359.6607,9.467,0.592,,,,,
1.3372786521911622,1.0983432531356812,4.373786172072247e-05,1.0021363371528451,5160,,,,,,,,,,,
1.319536018371582,0.9271250367164612,4.371358516216741e-05,1.0060205865216547,5180,,,,,,,,,,,
1.269556713104248,0.9295706152915955,4.368930860361236e-05,1.009904835890464,5200,,,,,,,,,,,
1.2588115692138673,1.0092089176177979,4.36650320450573e-05,1.0137890852592737,5220,,,,,,,,,,,
1.2266162872314452,0.9737098217010498,4.364075548650223e-05,1.017673334628083,5240,,,,,,,,,,,
1.2958664894104004,1.1113148927688599,4.361647892794718e-05,1.0215575839968927,5260,,,,,,,,,,,
1.2560436248779296,1.0077552795410156,4.3592202369392117e-05,1.025441833365702,5280,,,,,,,,,,,
1.3002584457397461,0.9150881171226501,4.3567925810837056e-05,1.0293260827345116,5300,,,,,,,,,,,
1.2931487083435058,0.9566722512245178,4.3543649252281996e-05,1.033210332103321,5320,,,,,,,,,,,
1.285867977142334,1.031579613685608,4.351937269372694e-05,1.0370945814721304,5340,,,,,,,,,,,
1.2931666374206543,0.9333417415618896,4.349509613517188e-05,1.04097883084094,5360,,,,,,,,,,,
1.2898162841796874,0.9978501796722412,4.347081957661682e-05,1.0448630802097494,5380,,,,,,,,,,,
1.2583394050598145,1.0430283546447754,4.344654301806177e-05,1.048747329578559,5400,,,,,,,,,,,
1.2773457527160645,0.9969502091407776,4.34222664595067e-05,1.0526315789473684,5420,,,,,,,,,,,
1.262760543823242,1.04183030128479,4.339798990095164e-05,1.056515828316178,5440,,,,,,,,,,,
1.2935673713684082,1.0940548181533813,4.3373713342396586e-05,1.0604000776849873,5460,,,,,,,,,,,
1.2763361930847168,1.0284947156906128,4.3349436783841525e-05,1.064284327053797,5480,,,,,,,,,,,
1.2912582397460937,1.0818878412246704,4.3325160225286465e-05,1.0681685764226063,5500,,,,,,,,,,,
1.2342184066772461,0.9666310548782349,4.3300883666731404e-05,1.072052825791416,5520,,,,,,,,,,,
1.2872846603393555,1.0362060070037842,4.327660710817635e-05,1.0759370751602253,5540,,,,,,,,,,,
1.2510985374450683,1.0100133419036865,4.325233054962129e-05,1.0798213245290347,5560,,,,,,,,,,,
1.2294164657592774,1.0826185941696167,4.322805399106623e-05,1.0837055738978443,5580,,,,,,,,,,,
1.2676725387573242,1.0040358304977417,4.320377743251117e-05,1.0875898232666537,5600,,,,,,,,,,,
1.2249174118041992,0.9646077156066895,4.317950087395611e-05,1.0914740726354633,5620,,,,,,,,,,,
1.1988457679748534,1.1150834560394287,4.315522431540105e-05,1.0953583220042726,5640,,,,,,,,,,,
1.2438978195190429,0.9941007494926453,4.313094775684599e-05,1.0992425713730822,5660,,,,,,,,,,,
1.2491118431091308,0.900119423866272,4.3106671198290934e-05,1.1031268207418916,5680,,,,,,,,,,,
1.2768304824829102,0.960299015045166,4.308239463973587e-05,1.1070110701107012,5700,,,,,,,,,,,
1.2447558403015138,1.1542484760284424,4.305811808118081e-05,1.1108953194795106,5720,,,,,,,,,,,
1.2229098320007323,0.9989503026008606,4.303384152262576e-05,1.11477956884832,5740,,,,,,,,,,,
1.1875636100769043,1.0107638835906982,4.30095649640707e-05,1.1186638182171296,5760,,,,,,,,,,,
1.264951515197754,0.9239080548286438,4.298528840551563e-05,1.122548067585939,5780,,,,,,,,,,,
1.2037487030029297,0.893622636795044,4.296101184696058e-05,1.1264323169547485,5800,,,,,,,,,,,
1.2753297805786132,1.0354803800582886,4.293673528840552e-05,1.130316566323558,5820,,,,,,,,,,,
1.2476794242858886,0.8941218852996826,4.291245872985046e-05,1.1342008156923675,5840,,,,,,,,,,,
1.210848331451416,1.0153851509094238,4.2888182171295396e-05,1.138085065061177,5860,,,,,,,,,,,
1.2741584777832031,0.9640252590179443,4.286390561274034e-05,1.1419693144299865,5880,,,,,,,,,,,
1.274366855621338,0.9323426485061646,4.283962905418528e-05,1.1458535637987959,5900,,,,,,,,,,,
1.302973461151123,1.2257964611053467,4.281535249563022e-05,1.1497378131676053,5920,,,,,,,,,,,
1.2232664108276368,1.070482611656189,4.279107593707517e-05,1.1536220625364149,5940,,,,,,,,,,,
1.2805000305175782,1.01271390914917,4.27667993785201e-05,1.1575063119052242,5960,,,,,,,,,,,
1.1980820655822755,1.0227062702178955,4.274252281996504e-05,1.1613905612740338,5980,,,,,,,,,,,
1.216969108581543,6.2038726806640625,4.2718246261409986e-05,1.1652748106428432,6000,,,,,,,,,,,
1.2589302062988281,1.0470303297042847,4.2693969702854926e-05,1.1691590600116528,6020,,,,,,,,,,,
1.251013946533203,1.1571797132492065,4.2669693144299865e-05,1.1730433093804622,6040,,,,,,,,,,,
1.177938747406006,0.964451253414154,4.2645416585744805e-05,1.1769275587492718,6060,,,,,,,,,,,
1.215717601776123,0.9356125593185425,4.262114002718975e-05,1.1808118081180812,6080,,,,,,,,,,,
1.2218976020812988,0.9825962781906128,4.259686346863469e-05,1.1846960574868906,6100,,,,,,,,,,,
1.2336828231811523,0.9485227465629578,4.257258691007963e-05,1.1885803068557002,6120,,,,,,,,,,,
1.2312251091003419,0.9418021440505981,4.254831035152457e-05,1.1924645562245095,6140,,,,,,,,,,,
1.2411413192749023,0.9271493554115295,4.252403379296951e-05,1.1963488055933191,6160,,,,,,,,,,,
1.1968254089355468,1.1261285543441772,4.249975723441445e-05,1.2002330549621285,6180,,,,,,,,,,,
1.207944965362549,1.040771722793579,4.247548067585939e-05,1.204117304330938,6200,,,,,,,,,,,
1.285888671875,1.0168874263763428,4.2451204117304335e-05,1.2080015536997475,6220,,,,,,,,,,,
1.2359400749206544,0.9531742334365845,4.2426927558749274e-05,1.211885803068557,6240,,,,,,,,,,,
1.1901817321777344,0.9774366617202759,4.2402651000194214e-05,1.2157700524373665,6260,,,,,,,,,,,
1.1575966835021974,1.1290268898010254,4.237837444163916e-05,1.2196543018061758,6280,,,,,,,,,,,
1.2658132553100585,0.9104810357093811,4.23540978830841e-05,1.2235385511749854,6300,,,,,,,,,,,
1.1958462715148925,0.884532630443573,4.232982132452903e-05,1.2274228005437948,6320,,,,,,,,,,,
1.211977195739746,1.019540548324585,4.230554476597398e-05,1.2313070499126044,6340,,,,,,,,,,,
1.200778865814209,1.0878307819366455,4.228126820741892e-05,1.2351912992814138,6360,,,,,,,,,,,
1.2015031814575194,1.026003122329712,4.225699164886386e-05,1.2390755486502234,6380,,,,,,,,,,,
1.1725089073181152,0.9513570666313171,4.22327150903088e-05,1.2429597980190328,6400,,,,,,,,,,,
1.194046688079834,0.9441761374473572,4.220843853175374e-05,1.2468440473878424,6420,,,,,,,,,,,
1.1251094818115235,1.0036307573318481,4.218416197319868e-05,1.2507282967566518,6440,,,,,,,,,,,
1.2132273674011231,0.9994550347328186,4.215988541464362e-05,1.2546125461254611,6460,,,,,,,,,,,
1.1961517333984375,1.0546848773956299,4.213560885608857e-05,1.2584967954942707,6480,,,,,,,,,,,
1.1869771003723144,0.9913273453712463,4.21113322975335e-05,1.2623810448630803,6500,,,,,,,,,,,
1.1808897018432618,1.069331407546997,4.208705573897844e-05,1.2662652942318897,6520,,,,,,,,,,,
1.2007438659667968,0.9618478417396545,4.206277918042339e-05,1.270149543600699,6540,,,,,,,,,,,
1.1957555770874024,0.9335458874702454,4.2038502621868327e-05,1.2740337929695087,6560,,,,,,,,,,,
1.2013592720031738,0.8941429257392883,4.2014226063313266e-05,1.277918042338318,6580,,,,,,,,,,,
1.198820209503174,0.9750205278396606,4.1989949504758206e-05,1.2818022917071277,6600,,,,,,,,,,,
1.1582021713256836,0.9375596642494202,4.196567294620315e-05,1.285686541075937,6620,,,,,,,,,,,
1.170425033569336,0.9228679537773132,4.194139638764809e-05,1.2895707904447464,6640,,,,,,,,,,,
1.1414766311645508,0.9267061948776245,4.191711982909303e-05,1.293455039813556,6660,,,,,,,,,,,
1.2331854820251464,0.9859287142753601,4.189284327053797e-05,1.2973392891823656,6680,,,,,,,,,,,
1.1843372344970704,0.9460187554359436,4.186856671198291e-05,1.301223538551175,6700,,,,,,,,,,,
1.1550233840942383,1.080284595489502,4.184429015342785e-05,1.3051077879199844,6720,,,,,,,,,,,
1.1342519760131835,1.0137017965316772,4.182001359487279e-05,1.308992037288794,6740,,,,,,,,,,,
1.1811352729797364,0.9667419195175171,4.1795737036317735e-05,1.3128762866576034,6760,,,,,,,,,,,
1.2099303245544433,1.0527859926223755,4.1771460477762675e-05,1.316760536026413,6780,,,,,,,,,,,
1.123513412475586,0.946316659450531,4.1747183919207614e-05,1.3206447853952223,6800,,,,,,,,,,,
1.1370508193969726,0.9882833957672119,4.172290736065256e-05,1.3245290347640317,6820,,,,,,,,,,,
1.126268196105957,0.9369348883628845,4.16986308020975e-05,1.3284132841328413,6840,,,,,,,,,,,
1.1502938270568848,0.9868026375770569,4.167435424354243e-05,1.332297533501651,6860,,,,,,,,,,,
1.1232848167419434,0.9983183741569519,4.165007768498738e-05,1.3361817828704603,6880,,,,,,,,,,,
1.1438800811767578,1.0076918601989746,4.162580112643232e-05,1.3400660322392697,6900,,,,,,,,,,,
1.2003931045532226,0.9271119832992554,4.160152456787726e-05,1.3439502816080793,6920,,,,,,,,,,,
1.1700380325317383,1.0721062421798706,4.15772480093222e-05,1.3478345309768887,6940,,,,,,,,,,,
1.1894264221191406,1.0088642835617065,4.1552971450767144e-05,1.3517187803456983,6960,,,,,,,,,,,
1.1484245300292968,1.0925312042236328,4.152869489221208e-05,1.3556030297145076,6980,,,,,,,,,,,
1.1494662284851074,0.9318922758102417,4.150441833365702e-05,1.359487279083317,7000,,,,,,,,,,,
1.1237435340881348,1.0599210262298584,4.148014177510197e-05,1.3633715284521266,7020,,,,,,,,,,,
1.1650166511535645,0.959425687789917,4.14558652165469e-05,1.3672557778209362,7040,,,,,,,,,,,
1.1463184356689453,0.9141361117362976,4.143158865799184e-05,1.3711400271897456,7060,,,,,,,,,,,
1.1776280403137207,1.042688012123108,4.140731209943679e-05,1.375024276558555,7080,,,,,,,,,,,
1.155985164642334,0.9584301114082336,4.138303554088173e-05,1.3789085259273646,7100,,,,,,,,,,,
1.1406102180480957,1.0796873569488525,4.135875898232667e-05,1.382792775296174,7120,,,,,,,,,,,
1.1652631759643555,0.987257182598114,4.1334482423771606e-05,1.3866770246649835,7140,,,,,,,,,,,
1.1546753883361816,1.0630971193313599,4.131020586521655e-05,1.390561274033793,7160,,,,,,,,,,,
1.1088729858398438,0.9863809943199158,4.128592930666149e-05,1.3944455234026025,7180,,,,,,,,,,,
1.1337909698486328,0.9425194263458252,4.126165274810643e-05,1.398329772771412,7200,,,,,,,,,,,
1.1406784057617188,1.05182945728302,4.123737618955137e-05,1.4022140221402215,7220,,,,,,,,,,,
1.1744590759277345,1.0111284255981445,4.121309963099631e-05,1.4060982715090309,7240,,,,,,,,,,,
1.1262018203735351,1.0777939558029175,4.118882307244125e-05,1.4099825208778403,7260,,,,,,,,,,,
1.1453058242797851,0.9605509042739868,4.1164546513886196e-05,1.4138667702466499,7280,,,,,,,,,,,
1.194302749633789,1.1499723196029663,4.1140269955331136e-05,1.4177510196154592,7300,,,,,,,,,,,
1.1343026161193848,0.9711857438087463,4.1115993396776075e-05,1.4216352689842688,7320,,,,,,,,,,,
1.1685372352600099,0.9781135320663452,4.1091716838221015e-05,1.4255195183530782,7340,,,,,,,,,,,
1.1259624481201171,0.9603610038757324,4.106744027966596e-05,1.4294037677218878,7360,,,,,,,,,,,
1.151878547668457,1.0780919790267944,4.10431637211109e-05,1.4332880170906972,7380,,,,,,,,,,,
1.0767000198364258,1.0673367977142334,4.1018887162555833e-05,1.4371722664595068,7400,,,,,,,,,,,
1.1847651481628418,1.0808576345443726,4.099461060400078e-05,1.4410565158283162,7420,,,,,,,,,,,
1.13125581741333,1.116742730140686,4.097033404544572e-05,1.4449407651971256,7440,,,,,,,,,,,
1.1561697006225586,1.0950027704238892,4.094605748689066e-05,1.4488250145659352,7460,,,,,,,,,,,
1.0901169776916504,1.174976110458374,4.09217809283356e-05,1.4527092639347445,7480,,,,,,,,,,,
1.1062414169311523,1.001918077468872,4.0897504369780545e-05,1.4565935133035541,7500,,,,,,,,,,,
1.126007080078125,1.0423134565353394,4.0873227811225484e-05,1.4604777626723635,7520,,,,,,,,,,,
1.1371955871582031,0.90873783826828,4.0848951252670424e-05,1.4643620120411731,7540,,,,,,,,,,,
1.136000156402588,1.0843391418457031,4.082467469411537e-05,1.4682462614099825,7560,,,,,,,,,,,
1.08082914352417,0.9901949763298035,4.08003981355603e-05,1.472130510778792,7580,,,,,,,,,,,
1.1366832733154297,1.0608417987823486,4.077612157700524e-05,1.4760147601476015,7600,,,,,,,,,,,
1.1506372451782227,1.0469967126846313,4.075184501845019e-05,1.4798990095164108,7620,,,,,,,,,,,
1.1238983154296875,0.9403054714202881,4.072756845989513e-05,1.4837832588852204,7640,,,,,,,,,,,
1.142522430419922,1.0174957513809204,4.070329190134007e-05,1.48766750825403,7660,,,,,,,,,,,
1.1321497917175294,0.937947690486908,4.067901534278501e-05,1.4915517576228394,7680,,,,,,,,,,,
1.0955161094665526,1.0028656721115112,4.065473878422995e-05,1.4954360069916488,7700,,,,,,,,,,,
1.132739543914795,0.9680096507072449,4.063046222567489e-05,1.4993202563604584,7720,,,,,,,,,,,
1.1275367736816406,0.8830184936523438,4.060618566711983e-05,1.5032045057292678,7740,,,,,,,,,,,
1.119276523590088,1.0338648557662964,4.058190910856477e-05,1.5070887550980774,7760,,,,,,,,,,,
1.14174165725708,0.9556496143341064,4.055763255000971e-05,1.5109730044668868,7780,,,,,,,,,,,
1.143326187133789,1.016682744026184,4.053335599145465e-05,1.5148572538356961,7800,,,,,,,,,,,
1.0887032508850099,1.0650821924209595,4.05090794328996e-05,1.5187415032045057,7820,,,,,,,,,,,
1.1221240043640137,1.0004019737243652,4.0484802874344537e-05,1.5226257525733153,7840,,,,,,,,,,,
1.1326783180236817,1.0013025999069214,4.0460526315789476e-05,1.5265100019421247,7860,,,,,,,,,,,
1.1022244453430177,1.129180908203125,4.0436249757234416e-05,1.530394251310934,7880,,,,,,,,,,,
1.1107172966003418,1.0448306798934937,4.041197319867936e-05,1.5342785006797435,7900,,,,,,,,,,,
1.1255237579345703,1.062164306640625,4.03876966401243e-05,1.538162750048553,7920,,,,,,,,,,,
1.1117950439453126,0.9551095366477966,4.0363420081569234e-05,1.5420469994173627,7940,,,,,,,,,,,
1.1521037101745606,1.0658308267593384,4.033914352301418e-05,1.545931248786172,7960,,,,,,,,,,,
1.1733973503112793,0.9465514421463013,4.031486696445912e-05,1.5498154981549814,7980,,,,,,,,,,,
1.106053924560547,1.4430111646652222,4.029059040590406e-05,1.553699747523791,8000,,,,,,,,,,,
1.0656408309936523,1.0334638357162476,4.0266313847349e-05,1.5575839968926006,8020,,,,,,,,,,,
1.1280492782592773,1.0696516036987305,4.0242037288793945e-05,1.56146824626141,8040,,,,,,,,,,,
1.0832094192504882,0.9262528419494629,4.0217760730238885e-05,1.5653524956302194,8060,,,,,,,,,,,
1.1021531105041504,0.9858553409576416,4.0193484171683824e-05,1.569236744999029,8080,,,,,,,,,,,
1.0751298904418944,1.0049391984939575,4.0169207613128764e-05,1.5731209943678384,8100,,,,,,,,,,,
1.1215668678283692,1.0069838762283325,4.01449310545737e-05,1.577005243736648,8120,,,,,,,,,,,
1.0543023109436036,0.9782609939575195,4.012065449601864e-05,1.5808894931054573,8140,,,,,,,,,,,
1.134432888031006,1.0266170501708984,4.009637793746359e-05,1.5847737424742667,8160,,,,,,,,,,,
1.1022758483886719,0.9705377221107483,4.007210137890853e-05,1.5886579918430763,8180,,,,,,,,,,,
1.0937740325927734,0.9317489266395569,4.004782482035347e-05,1.592542241211886,8200,,,,,,,,,,,
1.0534914970397948,1.0345993041992188,4.002354826179841e-05,1.5964264905806953,8220,,,,,,,,,,,
1.1273929595947265,0.9831495881080627,3.9999271703243354e-05,1.6003107399495047,8240,,,,,,,,,,,
1.1465473175048828,1.0582542419433594,3.997499514468829e-05,1.6041949893183143,8260,,,,,,,,,,,
1.0661227226257324,0.9492717981338501,3.9950718586133226e-05,1.6080792386871239,8280,,,,,,,,,,,
1.0617496490478515,0.9716438055038452,3.992644202757817e-05,1.6119634880559333,8300,,,,,,,,,,,
1.0925212860107423,1.818657636642456,3.990216546902311e-05,1.6158477374247426,8320,,,,,,,,,,,
1.0781636238098145,0.9615169167518616,3.987788891046805e-05,1.619731986793552,8340,,,,,,,,,,,
1.1062540054321288,3.060152292251587,3.9853612351913e-05,1.6236162361623616,8360,,,,,,,,,,,
1.1058740615844727,0.9579972624778748,3.982933579335794e-05,1.6275004855311712,8380,,,,,,,,,,,
1.0817583084106446,1.0195640325546265,3.980505923480288e-05,1.6313847348999806,8400,,,,,,,,,,,
1.1074182510375976,0.932640016078949,3.9780782676247816e-05,1.63526898426879,8420,,,,,,,,,,,
1.0649870872497558,0.9165517687797546,3.975650611769276e-05,1.6391532336375996,8440,,,,,,,,,,,
1.072555923461914,1.006642460823059,3.9732229559137695e-05,1.6430374830064092,8460,,,,,,,,,,,
1.0882506370544434,0.9477182030677795,3.9707953000582635e-05,1.6469217323752186,8480,,,,,,,,,,,
1.115153980255127,0.9729965925216675,3.968367644202758e-05,1.650805981744028,8500,,,,,,,,,,,
1.0555246353149415,0.9795536398887634,3.965939988347252e-05,1.6546902311128373,8520,,,,,,,,,,,
1.0255456924438477,0.9265315532684326,3.963512332491746e-05,1.658574480481647,8540,,,,,,,,,,,
1.135807991027832,0.9895248413085938,3.96108467663624e-05,1.6624587298504565,8560,,,,,,,,,,,
1.0371794700622559,1.1228517293930054,3.9586570207807346e-05,1.6663429792192659,8580,,,,,,,,,,,
1.0598152160644532,0.8858929872512817,3.9562293649252285e-05,1.6702272285880753,8600,,,,,,,,,,,
1.0288013458251952,1.1098461151123047,3.9538017090697225e-05,1.6741114779568849,8620,,,,,,,,,,,
1.0537370681762694,1.0766255855560303,3.9513740532142164e-05,1.6779957273256945,8640,,,,,,,,,,,
1.0932971000671388,1.5824650526046753,3.9489463973587104e-05,1.6818799766945038,8660,,,,,,,,,,,
1.0917375564575196,0.9751479625701904,3.9465187415032043e-05,1.6857642260633132,8680,,,,,,,,,,,
1.0891644477844238,0.9671767354011536,3.944091085647699e-05,1.6896484754321226,8700,,,,,,,,,,,
1.080537700653076,1.1120734214782715,3.941663429792193e-05,1.6935327248009322,8720,,,,,,,,,,,
1.0669137954711914,1.088809847831726,3.939235773936687e-05,1.6974169741697418,8740,,,,,,,,,,,
1.0621908187866211,0.9383934736251831,3.936808118081181e-05,1.7013012235385512,8760,,,,,,,,,,,
1.0107239723205566,0.9320892095565796,3.9343804622256754e-05,1.7051854729073606,8780,,,,,,,,,,,
1.078841781616211,1.0011218786239624,3.9319528063701694e-05,1.7090697222761702,8800,,,,,,,,,,,
1.08508358001709,0.9079054594039917,3.929525150514663e-05,1.7129539716449798,8820,,,,,,,,,,,
1.1046141624450683,1.042668104171753,3.927097494659157e-05,1.7168382210137891,8840,,,,,,,,,,,
1.0821218490600586,1.0451359748840332,3.924669838803651e-05,1.7207224703825985,8860,,,,,,,,,,,
1.103528881072998,1.0236934423446655,3.922242182948145e-05,1.724606719751408,8880,,,,,,,,,,,
1.0322182655334473,0.9603061079978943,3.91981452709264e-05,1.7284909691202175,8900,,,,,,,,,,,
1.0631001472473145,1.0261412858963013,3.917386871237134e-05,1.732375218489027,8920,,,,,,,,,,,
1.0482813835144043,1.0640671253204346,3.914959215381628e-05,1.7362594678578365,8940,,,,,,,,,,,
1.0671805381774901,1.0465368032455444,3.912531559526122e-05,1.7401437172266458,8960,,,,,,,,,,,
1.0166382789611816,1.032902717590332,3.910103903670616e-05,1.7440279665954554,8980,,,,,,,,,,,
1.0719827651977538,0.9679831862449646,3.9076762478151096e-05,1.747912215964265,9000,,,,,,,,,,,
1.0464926719665528,0.9674780368804932,3.9052485919596035e-05,1.7517964653330744,9020,,,,,,,,,,,
1.0929681777954101,0.9013575315475464,3.902820936104098e-05,1.7556807147018838,9040,,,,,,,,,,,
1.077082347869873,1.0911518335342407,3.900393280248592e-05,1.7595649640706932,9060,,,,,,,,,,,
1.0350604057312012,0.9516565799713135,3.897965624393086e-05,1.7634492134395028,9080,,,,,,,,,,,
1.0840373039245605,0.9028092622756958,3.89553796853758e-05,1.7673334628083124,9100,,,,,,,,,,,
1.0132418632507325,0.96433424949646,3.8931103126820747e-05,1.7712177121771218,9120,,,,,,,,,,,
1.064582633972168,0.8982030749320984,3.8906826568265686e-05,1.7751019615459311,9140,,,,,,,,,,,
1.0632230758666992,1.0308259725570679,3.8882550009710626e-05,1.7789862109147407,9160,,,,,,,,,,,
1.057096004486084,1.088045597076416,3.8858273451155565e-05,1.7828704602835503,9180,,,,,,,,,,,
1.0239859580993653,1.539616584777832,3.8833996892600505e-05,1.7867547096523597,9200,,,,,,,,,,,
1.0481797218322755,1.0457957983016968,3.8809720334045444e-05,1.790638959021169,9220,,,,,,,,,,,
1.0633155822753906,1.0408350229263306,3.878544377549039e-05,1.7945232083899785,9240,,,,,,,,,,,
1.0940813064575194,0.9302156567573547,3.876116721693533e-05,1.798407457758788,9260,,,,,,,,,,,
0.9966402053833008,1.0014070272445679,3.873689065838027e-05,1.8022917071275977,9280,,,,,,,,,,,
1.000791358947754,0.9682474732398987,3.871261409982521e-05,1.806175956496407,9300,,,,,,,,,,,
1.1110143661499023,0.8798149824142456,3.8688337541270155e-05,1.8100602058652164,9320,,,,,,,,,,,
1.010408592224121,1.1086477041244507,3.8664060982715095e-05,1.813944455234026,9340,,,,,,,,,,,
1.0439278602600097,1.1072347164154053,3.863978442416003e-05,1.8178287046028356,9360,,,,,,,,,,,
1.0034052848815918,1.0427659749984741,3.8615507865604974e-05,1.821712953971645,9380,,,,,,,,,,,
1.0372884750366211,0.982711911201477,3.859123130704991e-05,1.8255972033404544,9400,,,,,,,,,,,
1.0477282524108886,0.9696765542030334,3.856695474849485e-05,1.829481452709264,9420,,,,,,,,,,,
1.0650097846984863,0.9021055102348328,3.85426781899398e-05,1.8333657020780734,9440,,,,,,,,,,,
1.086660099029541,0.9660072922706604,3.851840163138474e-05,1.837249951446883,9460,,,,,,,,,,,
1.019482421875,1.077562689781189,3.849412507282968e-05,1.8411342008156923,9480,,,,,,,,,,,
1.0068064689636231,1.0999459028244019,3.846984851427462e-05,1.8450184501845017,9500,,,,,,,,,,,
1.0472347259521484,0.9720109105110168,3.8445571955719564e-05,1.8489026995533113,9520,,,,,,,,,,,
1.0536109924316406,0.941526472568512,3.8421295397164497e-05,1.852786948922121,9540,,,,,,,,,,,
1.0150135993957519,1.0739368200302124,3.8397018838609436e-05,1.8566711982909303,9560,,,,,,,,,,,
0.9756181716918946,1.0698254108428955,3.837274228005438e-05,1.8605554476597397,9580,,,,,,,,,,,
1.0142404556274414,1.178086519241333,3.834846572149932e-05,1.8644396970285493,9600,,,,,,,,,,,
1.0345172882080078,1.0315093994140625,3.832418916294426e-05,1.8683239463973587,9620,,,,,,,,,,,
1.0050765991210937,1.0162014961242676,3.82999126043892e-05,1.8722081957661683,9640,,,,,,,,,,,
1.062013530731201,1.0221425294876099,3.827563604583415e-05,1.8760924451349776,9660,,,,,,,,,,,
1.0810991287231446,0.9836589097976685,3.825135948727909e-05,1.879976694503787,9680,,,,,,,,,,,
1.0016441345214844,0.9521747827529907,3.8227082928724026e-05,1.8838609438725966,9700,,,,,,,,,,,
1.003114604949951,0.9504489898681641,3.8202806370168966e-05,1.8877451932414062,9720,,,,,,,,,,,
1.047114086151123,1.0190677642822266,3.8178529811613905e-05,1.8916294426102156,9740,,,,,,,,,,,
1.0179224014282227,0.9866033792495728,3.8154253253058845e-05,1.895513691979025,9760,,,,,,,,,,,
1.045316791534424,1.061732292175293,3.812997669450379e-05,1.8993979413478346,9780,,,,,,,,,,,
1.0049333572387695,0.8349742293357849,3.810570013594873e-05,1.9032821907166442,9800,,,,,,,,,,,
1.0219455718994142,1.1446324586868286,3.808142357739367e-05,1.9071664400854536,9820,,,,,,,,,,,
1.0365352630615234,1.1051286458969116,3.805714701883861e-05,1.911050689454263,9840,,,,,,,,,,,
0.9978045463562012,0.9706834554672241,3.8032870460283556e-05,1.9149349388230723,9860,,,,,,,,,,,
1.0336854934692383,1.0333305597305298,3.8008593901728495e-05,1.918819188191882,9880,,,,,,,,,,,
1.0439743995666504,0.9493402242660522,3.798431734317343e-05,1.9227034375606915,9900,,,,,,,,,,,
1.036031723022461,1.2469115257263184,3.7960040784618374e-05,1.9265876869295009,9920,,,,,,,,,,,
0.981464958190918,1.0433788299560547,3.7935764226063314e-05,1.9304719362983103,9940,,,,,,,,,,,
1.038507080078125,1.0715402364730835,3.791148766750825e-05,1.9343561856671199,9960,,,,,,,,,,,
0.9944954872131347,1.0341107845306396,3.78872111089532e-05,1.9382404350359295,9980,,,,,,,,,,,
1.0034597396850586,1.0132029056549072,3.786293455039814e-05,1.9421246844047388,10000,,,,,,,,,,,
1.067931842803955,0.9606413245201111,3.783865799184308e-05,1.9460089337735482,10020,,,,,,,,,,,
1.01564302444458,1.0441904067993164,3.781438143328802e-05,1.9498931831423576,10040,,,,,,,,,,,
1.005950355529785,1.0135488510131836,3.7790104874732964e-05,1.9537774325111672,10060,,,,,,,,,,,
1.0294456481933594,1.0050488710403442,3.77658283161779e-05,1.9576616818799768,10080,,,,,,,,,,,
1.0032177925109864,0.8722214698791504,3.774155175762284e-05,1.9615459312487862,10100,,,,,,,,,,,
1.0204585075378418,1.0162694454193115,3.771727519906778e-05,1.9654301806175956,10120,,,,,,,,,,,
0.9738979339599609,0.9432193636894226,3.769299864051272e-05,1.9693144299864052,10140,,,,,,,,,,,
1.0161046981811523,1.018109917640686,3.766872208195766e-05,1.9731986793552148,10160,,,,,,,,,,,
0.9846095085144043,0.9322885870933533,3.764444552340261e-05,1.9770829287240241,10180,,,,,,,,,,,
0.9622035026550293,0.9640907049179077,3.762016896484755e-05,1.9809671780928335,10200,,,,,,,,,,,
1.035516357421875,1.2383952140808105,3.759589240629249e-05,1.984851427461643,10220,,,,,,,,,,,
1.0091577529907227,1.0630559921264648,3.757161584773743e-05,1.9887356768304525,10240,,,,,,,,,,,
0.9761575698852539,1.0874590873718262,3.7547339289182366e-05,1.992619926199262,10260,,,,,,,,,,,
1.0278861045837402,1.07645583152771,3.7523062730627306e-05,1.9965041755680715,10280,,,,,,,,,,,
,,,2.0,10298,1.280752420425415,24.736722261708397,48.12670960167738,224.3593,15.177,0.949,,,,,
1.0021240234375,1.0349539518356323,3.7498786172072245e-05,2.000388424936881,10300,,,,,,,,,,,
0.9529553413391113,1.016183614730835,3.747450961351719e-05,2.0042726743056902,10320,,,,,,,,,,,
0.9389554977416992,0.9513559937477112,3.745023305496213e-05,2.0081569236745,10340,,,,,,,,,,,
0.984498119354248,1.0265330076217651,3.742595649640707e-05,2.0120411730433094,10360,,,,,,,,,,,
0.9912982940673828,0.906513512134552,3.740167993785201e-05,2.015925422412119,10380,,,,,,,,,,,
0.983742618560791,1.1286041736602783,3.7377403379296956e-05,2.019809671780928,10400,,,,,,,,,,,
0.9369354248046875,1.0999367237091064,3.7353126820741896e-05,2.023693921149738,10420,,,,,,,,,,,
0.9277413368225098,1.1628108024597168,3.732885026218683e-05,2.0275781705185474,10440,,,,,,,,,,,
0.9619834899902344,1.0026146173477173,3.7304573703631775e-05,2.0314624198873568,10460,,,,,,,,,,,
0.9238108634948731,1.0341053009033203,3.7280297145076715e-05,2.035346669256166,10480,,,,,,,,,,,
1.0094804763793945,1.0523498058319092,3.7256020586521654e-05,2.0392309186249755,10500,,,,,,,,,,,
0.9651269912719727,1.0923303365707397,3.72317440279666e-05,2.0431151679937853,10520,,,,,,,,,,,
0.972231388092041,1.0520236492156982,3.720746746941154e-05,2.0469994173625947,10540,,,,,,,,,,,
0.975209903717041,0.9693475961685181,3.718319091085648e-05,2.050883666731404,10560,,,,,,,,,,,
0.9355134010314942,1.1213833093643188,3.715891435230142e-05,2.0547679161002135,10580,,,,,,,,,,,
0.9092967987060547,1.0024455785751343,3.7134637793746365e-05,2.0586521654690233,10600,,,,,,,,,,,
0.886388111114502,1.018933892250061,3.71103612351913e-05,2.0625364148378327,10620,,,,,,,,,,,
0.9344512939453125,1.0627840757369995,3.708608467663624e-05,2.066420664206642,10640,,,,,,,,,,,
0.9035782814025879,1.2010860443115234,3.7061808118081184e-05,2.0703049135754514,10660,,,,,,,,,,,
0.8995857238769531,0.9830760955810547,3.703753155952612e-05,2.074189162944261,10680,,,,,,,,,,,
0.9499066352844239,0.9130599498748779,3.701325500097106e-05,2.0780734123130706,10700,,,,,,,,,,,
0.9253324508666992,1.0813078880310059,3.698897844241601e-05,2.08195766168188,10720,,,,,,,,,,,
0.9549826622009278,1.2687793970108032,3.696470188386095e-05,2.0858419110506894,10740,,,,,,,,,,,
0.9452802658081054,1.079380750656128,3.694042532530589e-05,2.0897261604194988,10760,,,,,,,,,,,
0.9227435111999511,1.1003800630569458,3.691614876675083e-05,2.0936104097883086,10780,,,,,,,,,,,
0.9497797012329101,1.1472519636154175,3.689187220819577e-05,2.097494659157118,10800,,,,,,,,,,,
0.9384928703308105,1.088982105255127,3.6867595649640707e-05,2.1013789085259273,10820,,,,,,,,,,,
0.9335986137390136,1.09927499294281,3.6843319091085646e-05,2.1052631578947367,10840,,,,,,,,,,,
0.9812835693359375,1.0005775690078735,3.681904253253059e-05,2.1091474072635465,10860,,,,,,,,,,,
0.9398304939270019,1.0320922136306763,3.679476597397553e-05,2.113031656632356,10880,,,,,,,,,,,
0.953337574005127,1.1476339101791382,3.677048941542047e-05,2.1169159060011653,10900,,,,,,,,,,,
0.9529487609863281,0.9379969835281372,3.674621285686541e-05,2.1208001553699747,10920,,,,,,,,,,,
0.973142147064209,1.0070735216140747,3.672193629831036e-05,2.124684404738784,10940,,,,,,,,,,,
0.9169349670410156,1.0239014625549316,3.66976597397553e-05,2.128568654107594,10960,,,,,,,,,,,
0.9562784194946289,0.9979593753814697,3.667338318120023e-05,2.1324529034764033,10980,,,,,,,,,,,
0.9426615715026856,1.1691230535507202,3.6649106622645176e-05,2.1363371528452126,11000,,,,,,,,,,,
0.9303693771362305,0.9288973212242126,3.6624830064090115e-05,2.140221402214022,11020,,,,,,,,,,,
0.9425905227661133,1.1477091312408447,3.6600553505535055e-05,2.144105651582832,11040,,,,,,,,,,,
0.9221772193908692,0.9752302169799805,3.657627694698e-05,2.147989900951641,11060,,,,,,,,,,,
0.9142269134521485,1.169664740562439,3.655200038842494e-05,2.1518741503204506,11080,,,,,,,,,,,
0.9517159461975098,1.0565054416656494,3.652772382986988e-05,2.15575839968926,11100,,,,,,,,,,,
0.9128490447998047,1.0333726406097412,3.650344727131482e-05,2.1596426490580694,11120,,,,,,,,,,,
0.9167958259582519,1.1474350690841675,3.647917071275976e-05,2.163526898426879,11140,,,,,,,,,,,
0.9355249404907227,1.2282522916793823,3.64548941542047e-05,2.1674111477956886,11160,,,,,,,,,,,
0.9341492652893066,0.9651780724525452,3.643061759564964e-05,2.171295397164498,11180,,,,,,,,,,,
0.9352099418640136,0.9477865099906921,3.6406341037094584e-05,2.1751796465333073,11200,,,,,,,,,,,
0.8747246742248536,1.0083903074264526,3.6382064478539524e-05,2.179063895902117,11220,,,,,,,,,,,
0.9452503204345704,1.0227222442626953,3.635778791998446e-05,2.1829481452709265,11240,,,,,,,,,,,
0.9168110847473144,1.0482231378555298,3.633351136142941e-05,2.186832394639736,11260,,,,,,,,,,,
0.950291919708252,1.1861095428466797,3.630923480287435e-05,2.1907166440085453,11280,,,,,,,,,,,
0.9283940315246582,0.9789353013038635,3.628495824431929e-05,2.1946008933773546,11300,,,,,,,,,,,
0.9272938728332519,1.1243101358413696,3.626068168576423e-05,2.1984851427461645,11320,,,,,,,,,,,
0.9200280189514161,0.9960203766822815,3.623640512720917e-05,2.202369392114974,11340,,,,,,,,,,,
0.9018375396728515,1.0366108417510986,3.621212856865411e-05,2.2062536414837832,11360,,,,,,,,,,,
0.8709915161132813,0.8623578548431396,3.618785201009905e-05,2.2101378908525926,11380,,,,,,,,,,,
0.9052078247070312,1.592049479484558,3.616357545154399e-05,2.2140221402214024,11400,,,,,,,,,,,
0.8991620063781738,0.9100627303123474,3.613929889298893e-05,2.217906389590212,11420,,,,,,,,,,,
0.8830909729003906,1.0932680368423462,3.611502233443387e-05,2.221790638959021,11440,,,,,,,,,,,
0.9711630821228028,0.9741961359977722,3.609074577587881e-05,2.2256748883278306,11460,,,,,,,,,,,
0.9395943641662597,1.1714518070220947,3.606646921732376e-05,2.22955913769664,11480,,,,,,,,,,,
0.904170036315918,0.9822104573249817,3.604219265876869e-05,2.2334433870654498,11500,,,,,,,,,,,
0.9243663787841797,1.0105620622634888,3.601791610021363e-05,2.237327636434259,11520,,,,,,,,,,,
0.9100375175476074,1.0290740728378296,3.5993639541658576e-05,2.2412118858030685,11540,,,,,,,,,,,
0.9595287322998047,1.0276968479156494,3.5969362983103516e-05,2.245096135171878,11560,,,,,,,,,,,
0.8997505187988282,1.0314183235168457,3.5945086424548455e-05,2.2489803845406877,11580,,,,,,,,,,,
0.9202756881713867,0.9810453653335571,3.59208098659934e-05,2.252864633909497,11600,,,,,,,,,,,
0.9613080978393554,0.9962560534477234,3.589653330743834e-05,2.2567488832783065,11620,,,,,,,,,,,
0.9016168594360352,1.0661786794662476,3.587225674888328e-05,2.260633132647116,11640,,,,,,,,,,,
0.9364547729492188,1.0025417804718018,3.584798019032822e-05,2.2645173820159252,11660,,,,,,,,,,,
0.9241250991821289,0.9529981017112732,3.582370363177316e-05,2.268401631384735,11680,,,,,,,,,,,
0.8952806472778321,1.2787597179412842,3.57994270732181e-05,2.2722858807535444,11700,,,,,,,,,,,
0.9421757698059082,0.9294357895851135,3.577515051466304e-05,2.276170130122354,11720,,,,,,,,,,,
0.9602240562438965,1.028608798980713,3.5750873956107985e-05,2.280054379491163,11740,,,,,,,,,,,
0.9306729316711426,1.1617642641067505,3.5726597397552925e-05,2.283938628859973,11760,,,,,,,,,,,
0.9178218841552734,0.9545927047729492,3.5702320838997864e-05,2.2878228782287824,11780,,,,,,,,,,,
0.9113883972167969,1.0018424987792969,3.567804428044281e-05,2.2917071275975918,11800,,,,,,,,,,,
0.9245221138000488,0.8887364864349365,3.565376772188775e-05,2.295591376966401,11820,,,,,,,,,,,
0.8927846908569336,0.9254220724105835,3.562949116333269e-05,2.2994756263352105,11840,,,,,,,,,,,
0.9325203895568848,0.8629158735275269,3.560521460477763e-05,2.3033598757040203,11860,,,,,,,,,,,
0.9095619201660157,1.0241355895996094,3.558093804622257e-05,2.3072441250728297,11880,,,,,,,,,,,
0.9099277496337891,1.090283989906311,3.555666148766751e-05,2.311128374441639,11900,,,,,,,,,,,
0.9428329467773438,1.1004345417022705,3.553238492911245e-05,2.3150126238104485,11920,,,,,,,,,,,
0.8810802459716797,1.0280508995056152,3.5508108370557394e-05,2.3188968731792583,11940,,,,,,,,,,,
0.9091560363769531,1.0355546474456787,3.548383181200233e-05,2.3227811225480677,11960,,,,,,,,,,,
0.9071209907531739,0.9961357712745667,3.545955525344727e-05,2.326665371916877,11980,,,,,,,,,,,
0.9148090362548829,1.0769984722137451,3.543527869489221e-05,2.3305496212856864,12000,,,,,,,,,,,
0.8761075973510742,1.0354104042053223,3.541100213633716e-05,2.334433870654496,12020,,,,,,,,,,,
0.8808024406433106,0.9618452191352844,3.538672557778209e-05,2.3383181200233056,12040,,,,,,,,,,,
0.9002665519714356,0.9774055480957031,3.536244901922704e-05,2.342202369392115,12060,,,,,,,,,,,
0.8913581848144532,1.0403269529342651,3.533817246067198e-05,2.3460866187609244,12080,,,,,,,,,,,
0.9050161361694335,0.9681055545806885,3.5313895902116917e-05,2.3499708681297338,12100,,,,,,,,,,,
0.9243216514587402,1.0757964849472046,3.5289619343561856e-05,2.3538551174985436,12120,,,,,,,,,,,
0.86270112991333,0.9556456804275513,3.52653427850068e-05,2.357739366867353,12140,,,,,,,,,,,
0.8922374725341797,0.9450203776359558,3.524106622645174e-05,2.3616236162361623,12160,,,,,,,,,,,
0.8971395492553711,1.1742699146270752,3.521678966789668e-05,2.3655078656049717,12180,,,,,,,,,,,
0.8613822937011719,0.996005117893219,3.519251310934162e-05,2.369392114973781,12200,,,,,,,,,,,
0.8830230712890625,1.056675910949707,3.516823655078656e-05,2.373276364342591,12220,,,,,,,,,,,
0.9058349609375,0.9896971583366394,3.51439599922315e-05,2.3771606137114003,12240,,,,,,,,,,,
0.8785496711730957,1.0214093923568726,3.511968343367644e-05,2.3810448630802097,12260,,,,,,,,,,,
0.9525178909301758,0.9963833689689636,3.5095406875121386e-05,2.384929112449019,12280,,,,,,,,,,,
0.9154823303222657,0.9910075068473816,3.5071130316566325e-05,2.388813361817829,12300,,,,,,,,,,,
0.8872785568237305,1.029255747795105,3.5046853758011265e-05,2.3926976111866383,12320,,,,,,,,,,,
0.9303987503051758,0.9804559946060181,3.502257719945621e-05,2.3965818605554476,12340,,,,,,,,,,,
0.9082089424133301,0.9955118298530579,3.499830064090115e-05,2.400466109924257,12360,,,,,,,,,,,
0.8879960060119629,1.014560341835022,3.497402408234609e-05,2.4043503592930664,12380,,,,,,,,,,,
0.8556523323059082,0.9305986762046814,3.494974752379103e-05,2.408234608661876,12400,,,,,,,,,,,
0.9180147171020507,0.926074743270874,3.492547096523597e-05,2.4121188580306856,12420,,,,,,,,,,,
0.873146915435791,0.8935611844062805,3.490119440668091e-05,2.416003107399495,12440,,,,,,,,,,,
0.8752345085144043,1.0175665616989136,3.487691784812585e-05,2.4198873567683044,12460,,,,,,,,,,,
0.8743465423583985,1.0395177602767944,3.4852641289570794e-05,2.423771606137114,12480,,,,,,,,,,,
0.9050583839416504,1.073842167854309,3.4828364731015734e-05,2.4276558555059236,12500,,,,,,,,,,,
0.8774442672729492,0.89272540807724,3.480408817246067e-05,2.431540104874733,12520,,,,,,,,,,,
0.8793595314025879,0.9545482993125916,3.477981161390562e-05,2.4354243542435423,12540,,,,,,,,,,,
0.9311940193176269,1.0106806755065918,3.475553505535056e-05,2.4393086036123517,12560,,,,,,,,,,,
0.9078455924987793,1.0011725425720215,3.473125849679549e-05,2.4431928529811615,12580,,,,,,,,,,,
0.9242120742797851,0.8473677039146423,3.470698193824044e-05,2.447077102349971,12600,,,,,,,,,,,
0.8706711769104004,1.1618828773498535,3.468270537968538e-05,2.4509613517187803,12620,,,,,,,,,,,
0.8949085235595703,0.9232010245323181,3.465842882113032e-05,2.4548456010875896,12640,,,,,,,,,,,
0.8464275360107422,1.0215485095977783,3.463415226257526e-05,2.4587298504563995,12660,,,,,,,,,,,
0.8733840942382812,1.0137532949447632,3.46098757040202e-05,2.462614099825209,12680,,,,,,,,,,,
0.8944460868835449,1.0050127506256104,3.458559914546514e-05,2.4664983491940182,12700,,,,,,,,,,,
0.8437888145446777,1.0403022766113281,3.456132258691008e-05,2.4703825985628276,12720,,,,,,,,,,,
0.9121007919311523,0.9988867044448853,3.453704602835502e-05,2.474266847931637,12740,,,,,,,,,,,
0.894937801361084,0.9981648921966553,3.451276946979996e-05,2.478151097300447,12760,,,,,,,,,,,
0.8413650512695312,1.0098878145217896,3.44884929112449e-05,2.482035346669256,12780,,,,,,,,,,,
0.9081411361694336,1.1340776681900024,3.446421635268984e-05,2.4859195960380656,12800,,,,,,,,,,,
0.847537612915039,1.0713574886322021,3.4439939794134786e-05,2.489803845406875,12820,,,,,,,,,,,
0.8933215141296387,0.9282705783843994,3.4415663235579726e-05,2.4936880947756848,12840,,,,,,,,,,,
0.9158600807189942,0.9362291693687439,3.4391386677024665e-05,2.497572344144494,12860,,,,,,,,,,,
0.8987295150756835,0.9728241562843323,3.436711011846961e-05,2.5014565935133035,12880,,,,,,,,,,,
0.8798786163330078,0.9029064178466797,3.434283355991455e-05,2.505340842882113,12900,,,,,,,,,,,
0.889979076385498,1.0183179378509521,3.431855700135949e-05,2.5092250922509223,12920,,,,,,,,,,,
0.8922121047973632,0.9784450531005859,3.429428044280443e-05,2.513109341619732,12940,,,,,,,,,,,
0.8938776016235351,0.9294071197509766,3.427000388424937e-05,2.5169935909885415,12960,,,,,,,,,,,
0.9005356788635254,0.9397537708282471,3.424572732569431e-05,2.520877840357351,12980,,,,,,,,,,,
0.8820585250854492,1.0627211332321167,3.422145076713925e-05,2.5247620897261607,13000,,,,,,,,,,,
0.9134768486022949,1.0617239475250244,3.4197174208584195e-05,2.52864633909497,13020,,,,,,,,,,,
0.8890944480895996,1.0029858350753784,3.4172897650029135e-05,2.5325305884637794,13040,,,,,,,,,,,
0.9007061958312989,1.0295610427856445,3.4148621091474074e-05,2.536414837832589,13060,,,,,,,,,,,
0.8578546524047852,0.9143296480178833,3.412434453291902e-05,2.540299087201398,13080,,,,,,,,,,,
0.8346985816955567,0.9931086301803589,3.410006797436396e-05,2.5441833365702076,13100,,,,,,,,,,,
0.9061078071594239,1.0706052780151367,3.407579141580889e-05,2.5480675859390174,13120,,,,,,,,,,,
0.9000927925109863,0.9913146495819092,3.405151485725384e-05,2.5519518353078268,13140,,,,,,,,,,,
0.9088109016418457,1.227750301361084,3.402723829869878e-05,2.555836084676636,13160,,,,,,,,,,,
0.8524210929870606,0.9950696229934692,3.400296174014372e-05,2.559720334045446,13180,,,,,,,,,,,
0.8687785148620606,0.9770355820655823,3.397868518158866e-05,2.5636045834142553,13200,,,,,,,,,,,
0.8514482498168945,1.051788330078125,3.3954408623033604e-05,2.5674888327830647,13220,,,,,,,,,,,
0.8238396644592285,1.0190268754959106,3.393013206447854e-05,2.571373082151874,13240,,,,,,,,,,,
0.8649003982543946,0.9940414428710938,3.390585550592348e-05,2.5752573315206835,13260,,,,,,,,,,,
0.8139913558959961,1.0012547969818115,3.388157894736842e-05,2.579141580889493,13280,,,,,,,,,,,
0.8893156051635742,1.057350516319275,3.385730238881336e-05,2.5830258302583027,13300,,,,,,,,,,,
0.8626908302307129,1.066074013710022,3.38330258302583e-05,2.586910079627112,13320,,,,,,,,,,,
0.8896872520446777,1.1347334384918213,3.380874927170324e-05,2.5907943289959214,13340,,,,,,,,,,,
0.8298951148986816,0.9779782891273499,3.378447271314819e-05,2.5946785783647313,13360,,,,,,,,,,,
0.8884377479553223,0.9231109023094177,3.3760196154593127e-05,2.5985628277335406,13380,,,,,,,,,,,
0.8967134475708007,1.0361024141311646,3.3735919596038066e-05,2.60244707710235,13400,,,,,,,,,,,
0.8750680923461914,1.0727150440216064,3.371164303748301e-05,2.6063313264711594,13420,,,,,,,,,,,
0.852666187286377,0.9858906865119934,3.368736647892795e-05,2.6102155758399688,13440,,,,,,,,,,,
0.8603917121887207,0.9906229376792908,3.366308992037289e-05,2.614099825208778,13460,,,,,,,,,,,
0.8482651710510254,0.9996915459632874,3.363881336181783e-05,2.617984074577588,13480,,,,,,,,,,,
0.8228274345397949,0.9879478812217712,3.361453680326277e-05,2.6218683239463973,13500,,,,,,,,,,,
0.8661632537841797,0.9302741289138794,3.359026024470771e-05,2.6257525733152067,13520,,,,,,,,,,,
0.8315038681030273,1.0687988996505737,3.356598368615265e-05,2.6296368226840166,13540,,,,,,,,,,,
0.7841770648956299,1.211382508277893,3.3541707127597596e-05,2.633521072052826,13560,,,,,,,,,,,
0.8401461601257324,0.9424812197685242,3.3517430569042535e-05,2.6374053214216353,13580,,,,,,,,,,,
0.8507925987243652,1.0986970663070679,3.3493154010487475e-05,2.6412895707904447,13600,,,,,,,,,,,
0.8469889640808106,0.921642005443573,3.346887745193242e-05,2.645173820159254,13620,,,,,,,,,,,
0.8984363555908204,1.104875087738037,3.344460089337736e-05,2.6490580695280634,13640,,,,,,,,,,,
0.8480733871459961,1.0219720602035522,3.342032433482229e-05,2.6529423188968733,13660,,,,,,,,,,,
0.8519012451171875,0.9687204957008362,3.339604777626724e-05,2.6568265682656826,13680,,,,,,,,,,,
0.8711553573608398,0.8992482423782349,3.337177121771218e-05,2.660710817634492,13700,,,,,,,,,,,
0.8213253021240234,0.9739101529121399,3.334749465915712e-05,2.664595067003302,13720,,,,,,,,,,,
0.8921875,0.9601806998252869,3.332321810060206e-05,2.668479316372111,13740,,,,,,,,,,,
0.8263015747070312,0.9891804456710815,3.3298941542047004e-05,2.6723635657409206,13760,,,,,,,,,,,
0.8024306297302246,0.8787448406219482,3.3274664983491944e-05,2.67624781510973,13780,,,,,,,,,,,
0.8726516723632812,0.8414389491081238,3.325038842493688e-05,2.6801320644785394,13800,,,,,,,,,,,
0.8489669799804688,0.9168118834495544,3.322611186638182e-05,2.6840163138473487,13820,,,,,,,,,,,
0.8463128089904786,1.1615639925003052,3.320183530782676e-05,2.6879005632161586,13840,,,,,,,,,,,
0.8537492752075195,0.9855799078941345,3.31775587492717e-05,2.691784812584968,13860,,,,,,,,,,,
0.8727088928222656,1.2245219945907593,3.315328219071664e-05,2.6956690619537773,13880,,,,,,,,,,,
0.8446907997131348,1.0818769931793213,3.312900563216159e-05,2.699553311322587,13900,,,,,,,,,,,
0.8513036727905273,1.0998655557632446,3.310472907360653e-05,2.7034375606913965,13920,,,,,,,,,,,
0.8648368835449218,1.0239133834838867,3.308045251505147e-05,2.707321810060206,13940,,,,,,,,,,,
0.8262722969055176,0.9715771675109863,3.305617595649641e-05,2.7112060594290153,13960,,,,,,,,,,,
0.8467257499694825,1.0550055503845215,3.303189939794135e-05,2.7150903087978246,13980,,,,,,,,,,,
0.8453627586364746,1.0071521997451782,3.3007622839386285e-05,2.718974558166634,14000,,,,,,,,,,,
0.8408893585205078,1.0215022563934326,3.298334628083123e-05,2.722858807535444,14020,,,,,,,,,,,
0.8723684310913086,0.98468017578125,3.295906972227617e-05,2.7267430569042532,14040,,,,,,,,,,,
0.8421067237854004,0.9971044063568115,3.293479316372111e-05,2.7306273062730626,14060,,,,,,,,,,,
0.8542104721069336,1.0421949625015259,3.291051660516605e-05,2.7345115556418724,14080,,,,,,,,,,,
0.8345723152160645,0.9955002069473267,3.2886240046610996e-05,2.738395805010682,14100,,,,,,,,,,,
0.849117374420166,0.8979855179786682,3.2861963488055936e-05,2.742280054379491,14120,,,,,,,,,,,
0.8414398193359375,0.9618898630142212,3.2837686929500875e-05,2.7461643037483006,14140,,,,,,,,,,,
0.8320034980773926,0.9025896787643433,3.281341037094582e-05,2.75004855311711,14160,,,,,,,,,,,
0.8712327003479003,0.991866409778595,3.2789133812390754e-05,2.7539328024859198,14180,,,,,,,,,,,
0.8261786460876465,0.9322041273117065,3.2764857253835694e-05,2.757817051854729,14200,,,,,,,,,,,
0.8024186134338379,0.9880490899085999,3.274058069528064e-05,2.7617013012235385,14220,,,,,,,,,,,
0.8627200126647949,1.0360499620437622,3.271630413672558e-05,2.765585550592348,14240,,,,,,,,,,,
0.8622714042663574,1.0538532733917236,3.269202757817052e-05,2.7694697999611577,14260,,,,,,,,,,,
0.8722480773925781,1.0834952592849731,3.266775101961546e-05,2.773354049329967,14280,,,,,,,,,,,
0.8124726295471192,0.9359441995620728,3.2643474461060405e-05,2.7772382986987765,14300,,,,,,,,,,,
0.8749267578125,1.1189868450164795,3.2619197902505344e-05,2.781122548067586,14320,,,,,,,,,,,
0.8411211013793946,0.993289589881897,3.2594921343950284e-05,2.7850067974363952,14340,,,,,,,,,,,
0.8515981674194336,1.2116037607192993,3.2570644785395224e-05,2.788891046805205,14360,,,,,,,,,,,
0.8373843193054199,1.0213021039962769,3.254636822684016e-05,2.7927752961740144,14380,,,,,,,,,,,
0.8011615753173829,1.1486079692840576,3.25220916682851e-05,2.796659545542824,14400,,,,,,,,,,,
0.8025814056396484,1.2098010778427124,3.249781510973004e-05,2.800543794911633,14420,,,,,,,,,,,
0.8411424636840821,1.1037907600402832,3.247353855117499e-05,2.804428044280443,14440,,,,,,,,,,,
0.8159805297851562,1.0279054641723633,3.244926199261993e-05,2.8083122936492524,14460,,,,,,,,,,,
0.8434582710266113,1.0354657173156738,3.242498543406487e-05,2.8121965430180618,14480,,,,,,,,,,,
0.7786706447601318,1.0343966484069824,3.2400708875509814e-05,2.816080792386871,14500,,,,,,,,,,,
0.8584369659423828,1.1463085412979126,3.237643231695475e-05,2.8199650417556805,14520,,,,,,,,,,,
0.8330626487731934,0.964875340461731,3.2352155758399686e-05,2.8238492911244903,14540,,,,,,,,,,,
0.8271737098693848,0.9618024230003357,3.232787919984463e-05,2.8277335404932997,14560,,,,,,,,,,,
0.8293086051940918,1.1935194730758667,3.230360264128957e-05,2.831617789862109,14580,,,,,,,,,,,
0.8335713386535645,1.1120566129684448,3.227932608273451e-05,2.8355020392309185,14600,,,,,,,,,,,
0.7662591457366943,1.0722922086715698,3.225504952417945e-05,2.8393862885997283,14620,,,,,,,,,,,
0.7984612941741943,0.986564576625824,3.22307729656244e-05,2.8432705379685377,14640,,,,,,,,,,,
0.7985218524932861,0.9631292223930359,3.2206496407069337e-05,2.847154787337347,14660,,,,,,,,,,,
0.804144287109375,1.0562286376953125,3.2182219848514276e-05,2.8510390367061564,14680,,,,,,,,,,,
0.7979270458221436,0.8967998027801514,3.215794328995922e-05,2.854923286074966,14700,,,,,,,,,,,
0.7929270744323731,1.7046860456466675,3.2133666731404155e-05,2.8588075354437756,14720,,,,,,,,,,,
0.8364674568176269,0.8438529372215271,3.2109390172849095e-05,2.862691784812585,14740,,,,,,,,,,,
0.818172550201416,1.0405466556549072,3.208511361429404e-05,2.8665760341813944,14760,,,,,,,,,,,
0.8153717994689942,0.9565730094909668,3.206083705573898e-05,2.8704602835502038,14780,,,,,,,,,,,
0.8080373764038086,1.0096131563186646,3.203656049718392e-05,2.8743445329190136,14800,,,,,,,,,,,
0.836539363861084,1.0024656057357788,3.201228393862886e-05,2.878228782287823,14820,,,,,,,,,,,
0.7974732875823974,0.9529170393943787,3.1988007380073806e-05,2.8821130316566324,14840,,,,,,,,,,,
0.8189634323120117,1.068813443183899,3.1963730821518745e-05,2.8859972810254417,14860,,,,,,,,,,,
0.8177722930908203,0.8816714286804199,3.1939454262963685e-05,2.889881530394251,14880,,,,,,,,,,,
0.8186562538146973,0.9753308296203613,3.1915177704408624e-05,2.893765779763061,14900,,,,,,,,,,,
0.7969847202301026,0.8704599738121033,3.1890901145853564e-05,2.8976500291318703,14920,,,,,,,,,,,
0.8029438018798828,1.0383487939834595,3.18666245872985e-05,2.9015342785006797,14940,,,,,,,,,,,
0.8159299850463867,1.0646997690200806,3.184234802874345e-05,2.905418527869489,14960,,,,,,,,,,,
0.7966495513916015,1.0214482545852661,3.181807147018839e-05,2.909302777238299,14980,,,,,,,,,,,
0.8128281593322754,1.0455408096313477,3.179379491163333e-05,2.9131870266071083,15000,,,,,,,,,,,
0.788969612121582,0.9984431862831116,3.176951835307827e-05,2.9170712759759176,15020,,,,,,,,,,,
0.8244684219360352,1.1527445316314697,3.1745241794523214e-05,2.920955525344727,15040,,,,,,,,,,,
0.8081067085266114,1.0296475887298584,3.1720965235968154e-05,2.9248397747135364,15060,,,,,,,,,,,
0.8139233589172363,0.958466649055481,3.1696688677413087e-05,2.9287240240823462,15080,,,,,,,,,,,
0.8074834823608399,1.1576504707336426,3.167241211885803e-05,2.9326082734511556,15100,,,,,,,,,,,
0.8448339462280273,1.1847933530807495,3.164813556030297e-05,2.936492522819965,15120,,,,,,,,,,,
0.833228874206543,1.013267159461975,3.162385900174791e-05,2.9403767721887744,15140,,,,,,,,,,,
0.8219962120056152,0.9990016222000122,3.159958244319285e-05,2.944261021557584,15160,,,,,,,,,,,
0.7543552398681641,0.9995192289352417,3.15753058846378e-05,2.9481452709263936,15180,,,,,,,,,,,
0.7589574813842773,1.053148865699768,3.155102932608274e-05,2.952029520295203,15200,,,,,,,,,,,
0.8203049659729004,1.1239575147628784,3.152675276752768e-05,2.9559137696640123,15220,,,,,,,,,,,
0.817347240447998,0.9817200899124146,3.150247620897262e-05,2.9597980190328217,15240,,,,,,,,,,,
0.8462639808654785,1.023422122001648,3.1478199650417556e-05,2.9636822684016315,15260,,,,,,,,,,,
0.7827165603637696,0.9839036464691162,3.1453923091862495e-05,2.967566517770441,15280,,,,,,,,,,,
0.8036924362182617,1.006147861480713,3.142964653330744e-05,2.9714507671392503,15300,,,,,,,,,,,
0.8091558456420899,0.9401257634162903,3.140536997475238e-05,2.97533501650806,15320,,,,,,,,,,,
0.8150300025939942,0.9345254302024841,3.138109341619732e-05,2.9792192658768695,15340,,,,,,,,,,,
0.8385385513305664,1.1130086183547974,3.135681685764226e-05,2.983103515245679,15360,,,,,,,,,,,
0.7881261825561523,1.086883306503296,3.1332540299087206e-05,2.9869877646144882,15380,,,,,,,,,,,
0.7656146049499511,0.9664268493652344,3.1308263740532146e-05,2.9908720139832976,15400,,,,,,,,,,,
0.7948167324066162,0.9674869179725647,3.1283987181977085e-05,2.994756263352107,15420,,,,,,,,,,,
0.759947395324707,1.00770103931427,3.1259710623422025e-05,2.998640512720917,15440,,,,,,,,,,,
,,,3.0,15447,1.2730629444122314,27.798013548000693,50.306468076641885,207.1828,16.435,1.028,,,,,
0.7947252273559571,0.9217168092727661,3.1235434064866964e-05,3.002524762089726,15460,,,,,,,,,,,
0.7525369167327881,0.9384610652923584,3.1211157506311904e-05,3.0064090114585356,15480,,,,,,,,,,,
0.7740219116210938,1.017210602760315,3.118688094775685e-05,3.010293260827345,15500,,,,,,,,,,,
0.7888950824737548,1.076281189918518,3.116260438920179e-05,3.0141775101961548,15520,,,,,,,,,,,
0.7524274826049805,1.0499659776687622,3.113832783064673e-05,3.018061759564964,15540,,,,,,,,,,,
0.7675626754760743,0.975685179233551,3.111405127209167e-05,3.0219460089337735,15560,,,,,,,,,,,
0.764683723449707,1.0061509609222412,3.1089774713536615e-05,3.025830258302583,15580,,,,,,,,,,,
0.74385666847229,0.9175909757614136,3.1065498154981554e-05,3.0297145076713927,15600,,,,,,,,,,,
0.7440855979919434,1.0693612098693848,3.104122159642649e-05,3.033598757040202,15620,,,,,,,,,,,
0.7626669406890869,0.9529116153717041,3.1016945037871434e-05,3.0374830064090115,15640,,,,,,,,,,,
0.736814308166504,1.0369303226470947,3.099266847931637e-05,3.041367255777821,15660,,,,,,,,,,,
0.786474609375,0.9183520078659058,3.096839192076131e-05,3.0452515051466302,15680,,,,,,,,,,,
0.7448101043701172,1.0749671459197998,3.094411536220625e-05,3.04913575451544,15700,,,,,,,,,,,
0.7384084701538086,1.0294781923294067,3.09198388036512e-05,3.0530200038842494,15720,,,,,,,,,,,
0.7301671028137207,1.1174547672271729,3.089556224509614e-05,3.056904253253059,15740,,,,,,,,,,,
0.7571714401245118,1.015824556350708,3.087128568654108e-05,3.060788502621868,15760,,,,,,,,,,,
0.7827525615692139,0.8531513810157776,3.0847009127986024e-05,3.064672751990678,15780,,,,,,,,,,,
0.7651807785034179,0.9751672148704529,3.0822732569430956e-05,3.0685570013594874,15800,,,,,,,,,,,
0.7918989181518554,1.0229524374008179,3.0798456010875896e-05,3.0724412507282968,15820,,,,,,,,,,,
0.7537491321563721,0.9901150465011597,3.077417945232084e-05,3.076325500097106,15840,,,,,,,,,,,
0.7813893318176269,1.0264973640441895,3.074990289376578e-05,3.0802097494659155,15860,,,,,,,,,,,
0.7876664161682129,0.9437810778617859,3.072562633521072e-05,3.0840939988347253,15880,,,,,,,,,,,
0.7373932361602783,1.0389975309371948,3.070134977665566e-05,3.0879782482035347,15900,,,,,,,,,,,
0.7703192234039307,0.9144487380981445,3.067707321810061e-05,3.091862497572344,15920,,,,,,,,,,,
0.7253996372222901,1.0051724910736084,3.0652796659545546e-05,3.0957467469411535,15940,,,,,,,,,,,
0.7674277782440185,0.8489492535591125,3.0628520100990486e-05,3.0996309963099633,15960,,,,,,,,,,,
0.7455347061157227,1.0816036462783813,3.0604243542435426e-05,3.1035152456787727,15980,,,,,,,,,,,
0.752763319015503,0.9601439237594604,3.0579966983880365e-05,3.107399495047582,16000,,,,,,,,,,,
0.7891484260559082,1.0335992574691772,3.0555690425325305e-05,3.1112837444163914,16020,,,,,,,,,,,
0.7609092712402343,1.069226861000061,3.053141386677025e-05,3.115167993785201,16040,,,,,,,,,,,
0.8029063224792481,1.0746244192123413,3.050713730821519e-05,3.1190522431540106,16060,,,,,,,,,,,
0.7263273239135742,1.1671513319015503,3.048286074966013e-05,3.12293649252282,16080,,,,,,,,,,,
0.7235477447509766,1.0704419612884521,3.0458584191105073e-05,3.1268207418916294,16100,,,,,,,,,,,
0.7145557403564453,0.9491575360298157,3.0434307632550012e-05,3.1307049912604388,16120,,,,,,,,,,,
0.7374613761901856,0.964238703250885,3.0410031073994955e-05,3.1345892406292486,16140,,,,,,,,,,,
0.7520833492279053,0.9586242437362671,3.038575451543989e-05,3.138473489998058,16160,,,,,,,,,,,
0.7557791709899903,1.0640039443969727,3.036147795688483e-05,3.1423577393668674,16180,,,,,,,,,,,
0.7458866596221924,0.9865163564682007,3.0337201398329774e-05,3.1462419887356767,16200,,,,,,,,,,,
0.7467323780059815,0.9563145637512207,3.0312924839774713e-05,3.150126238104486,16220,,,,,,,,,,,
0.7571410655975341,1.008539080619812,3.0288648281219656e-05,3.154010487473296,16240,,,,,,,,,,,
0.7582226753234863,0.9026334285736084,3.02643717226646e-05,3.1578947368421053,16260,,,,,,,,,,,
0.7363030910491943,0.9665258526802063,3.024009516410954e-05,3.1617789862109147,16280,,,,,,,,,,,
0.7192018508911133,0.886542558670044,3.021581860555448e-05,3.165663235579724,16300,,,,,,,,,,,
0.8279926300048828,1.0344648361206055,3.019154204699942e-05,3.169547484948534,16320,,,,,,,,,,,
0.7381906986236573,1.0145763158798218,3.0167265488444357e-05,3.1734317343173433,16340,,,,,,,,,,,
0.7192911624908447,1.0023465156555176,3.01429889298893e-05,3.1773159836861526,16360,,,,,,,,,,,
0.715678596496582,1.0556750297546387,3.011871237133424e-05,3.181200233054962,16380,,,,,,,,,,,
0.8009210586547851,1.046074390411377,3.0094435812779182e-05,3.1850844824237714,16400,,,,,,,,,,,
0.7285078525543213,1.0637069940567017,3.0070159254224122e-05,3.1889687317925812,16420,,,,,,,,,,,
0.7703455448150635,0.9316129684448242,3.0045882695669065e-05,3.1928529811613906,16440,,,,,,,,,,,
0.7700285911560059,1.0329164266586304,3.0021606137114004e-05,3.1967372305302,16460,,,,,,,,,,,
0.746462059020996,1.0350080728530884,2.9997329578558947e-05,3.2006214798990094,16480,,,,,,,,,,,
0.7365550994873047,1.039602518081665,2.997305302000389e-05,3.204505729267819,16500,,,,,,,,,,,
0.7569881439208984,1.001334309577942,2.9948776461448823e-05,3.2083899786366286,16520,,,,,,,,,,,
0.7784645080566406,1.0541939735412598,2.9924499902893766e-05,3.212274228005438,16540,,,,,,,,,,,
0.7239251136779785,0.9214365482330322,2.990022334433871e-05,3.2161584773742473,16560,,,,,,,,,,,
0.7437991142272949,1.0150631666183472,2.9875946785783648e-05,3.220042726743057,16580,,,,,,,,,,,
0.7278066635131836,0.9506447315216064,2.985167022722859e-05,3.2239269761118665,16600,,,,,,,,,,,
0.7364584445953369,1.1841404438018799,2.982739366867353e-05,3.227811225480676,16620,,,,,,,,,,,
0.7069672107696533,1.0076144933700562,2.9803117110118473e-05,3.2316954748494853,16640,,,,,,,,,,,
0.7660955429077149,0.9496062397956848,2.9778840551563413e-05,3.2355797242182947,16660,,,,,,,,,,,
0.7291394710540772,0.9608905911445618,2.9754563993008356e-05,3.2394639735871045,16680,,,,,,,,,,,
0.7366499900817871,1.0828936100006104,2.9730287434453292e-05,3.243348222955914,16700,,,,,,,,,,,
0.7293200492858887,0.9572861194610596,2.970601087589823e-05,3.2472324723247232,16720,,,,,,,,,,,
0.7582276821136474,0.9932258725166321,2.9681734317343174e-05,3.2511167216935326,16740,,,,,,,,,,,
0.7114382266998291,0.9405691027641296,2.9657457758788114e-05,3.2550009710623424,16760,,,,,,,,,,,
0.7041731834411621,1.0292919874191284,2.9633181200233057e-05,3.258885220431152,16780,,,,,,,,,,,
0.7509705543518066,0.9820452332496643,2.9608904641678e-05,3.262769469799961,16800,,,,,,,,,,,
0.7097841262817383,1.0395159721374512,2.958462808312294e-05,3.2666537191687706,16820,,,,,,,,,,,
0.7167808055877686,1.2494100332260132,2.9560351524567882e-05,3.27053796853758,16840,,,,,,,,,,,
0.7238048076629638,1.1176279783248901,2.953607496601282e-05,3.2744222179063898,16860,,,,,,,,,,,
0.7588948249816895,1.0515974760055542,2.9511798407457758e-05,3.278306467275199,16880,,,,,,,,,,,
0.706644868850708,0.9818401336669922,2.94875218489027e-05,3.2821907166440085,16900,,,,,,,,,,,
0.762393856048584,1.1092642545700073,2.946324529034764e-05,3.286074966012818,16920,,,,,,,,,,,
0.7538655281066895,0.8780405521392822,2.9438968731792583e-05,3.2899592153816277,16940,,,,,,,,,,,
0.7639523029327393,0.9774953126907349,2.9414692173237523e-05,3.293843464750437,16960,,,,,,,,,,,
0.7060592174530029,1.0545871257781982,2.9390415614682465e-05,3.2977277141192465,16980,,,,,,,,,,,
0.7136129379272461,0.938950777053833,2.9366139056127405e-05,3.301611963488056,17000,,,,,,,,,,,
0.7634814262390137,1.1502469778060913,2.9341862497572348e-05,3.3054962128568652,17020,,,,,,,,,,,
0.7488155364990234,0.9856669306755066,2.9317585939017284e-05,3.309380462225675,17040,,,,,,,,,,,
0.7075579643249512,0.9811527132987976,2.9293309380462223e-05,3.3132647115944844,17060,,,,,,,,,,,
0.7321378707885742,1.1178734302520752,2.9269032821907166e-05,3.317148960963294,17080,,,,,,,,,,,
0.7652904510498046,1.1526267528533936,2.924475626335211e-05,3.321033210332103,17100,,,,,,,,,,,
0.7470171928405762,1.0054599046707153,2.922047970479705e-05,3.324917459700913,17120,,,,,,,,,,,
0.7479883193969726,1.1083749532699585,2.919620314624199e-05,3.3288017090697224,17140,,,,,,,,,,,
0.7856725692749024,0.9795739054679871,2.917192658768693e-05,3.3326859584385318,17160,,,,,,,,,,,
0.7477938652038574,1.0803760290145874,2.9147650029131874e-05,3.336570207807341,17180,,,,,,,,,,,
0.7462673664093018,1.1447192430496216,2.9123373470576814e-05,3.3404544571761505,17200,,,,,,,,,,,
0.7368751525878906,1.076587438583374,2.909909691202175e-05,3.3443387065449603,17220,,,,,,,,,,,
0.7669617652893066,0.9996225237846375,2.9074820353466693e-05,3.3482229559137697,17240,,,,,,,,,,,
0.7093189239501954,1.017624020576477,2.9050543794911632e-05,3.352107205282579,17260,,,,,,,,,,,
0.7121479988098145,1.0121314525604248,2.9026267236356575e-05,3.3559914546513885,17280,,,,,,,,,,,
0.6977365970611572,1.0320454835891724,2.9001990677801515e-05,3.3598757040201983,17300,,,,,,,,,,,
0.7180747032165528,1.0555329322814941,2.8977714119246457e-05,3.3637599533890077,17320,,,,,,,,,,,
0.7047620296478272,0.8994681239128113,2.89534375606914e-05,3.367644202757817,17340,,,,,,,,,,,
0.7382247447967529,0.9442453384399414,2.892916100213634e-05,3.3715284521266264,17360,,,,,,,,,,,
0.7349307537078857,1.0384045839309692,2.8904884443581283e-05,3.375412701495436,17380,,,,,,,,,,,
0.7383956432342529,0.9933202266693115,2.888060788502622e-05,3.3792969508642456,17400,,,,,,,,,,,
0.7301056861877442,1.1449289321899414,2.885633132647116e-05,3.383181200233055,17420,,,,,,,,,,,
0.7242433071136475,0.97434002161026,2.88320547679161e-05,3.3870654496018644,17440,,,,,,,,,,,
0.7363564491271972,0.9802241921424866,2.880777820936104e-05,3.3909496989706738,17460,,,,,,,,,,,
0.7483991622924805,0.9718973636627197,2.8783501650805984e-05,3.3948339483394836,17480,,,,,,,,,,,
0.7436882019042969,0.94223952293396,2.8759225092250923e-05,3.398718197708293,17500,,,,,,,,,,,
0.7014196395874024,0.9947310090065002,2.8734948533695866e-05,3.4026024470771024,17520,,,,,,,,,,,
0.7232802391052247,1.0298799276351929,2.8710671975140806e-05,3.4064866964459117,17540,,,,,,,,,,,
0.6795913696289062,1.0652902126312256,2.868639541658575e-05,3.410370945814721,17560,,,,,,,,,,,
0.7384716033935547,1.0279310941696167,2.8662118858030685e-05,3.414255195183531,17580,,,,,,,,,,,
0.7340151786804199,1.0422393083572388,2.8637842299475624e-05,3.4181394445523403,17600,,,,,,,,,,,
0.7379767417907714,1.1297099590301514,2.8613565740920567e-05,3.4220236939211497,17620,,,,,,,,,,,
0.7296113491058349,0.9903309345245361,2.858928918236551e-05,3.425907943289959,17640,,,,,,,,,,,
0.7415308952331543,1.0529530048370361,2.856501262381045e-05,3.429792192658769,17660,,,,,,,,,,,
0.6980094909667969,1.0015802383422852,2.8540736065255392e-05,3.4336764420275783,17680,,,,,,,,,,,
0.680743408203125,1.008846402168274,2.8516459506700332e-05,3.4375606913963876,17700,,,,,,,,,,,
0.7247137069702149,1.0124880075454712,2.8492182948145275e-05,3.441444940765197,17720,,,,,,,,,,,
0.7269298553466796,1.0036991834640503,2.8467906389590214e-05,3.4453291901340064,17740,,,,,,,,,,,
0.7075514316558837,0.996791422367096,2.844362983103515e-05,3.4492134395028162,17760,,,,,,,,,,,
0.7019596576690674,1.224118947982788,2.8419353272480093e-05,3.4530976888716256,17780,,,,,,,,,,,
0.6994072437286377,1.0509871244430542,2.8395076713925033e-05,3.456981938240435,17800,,,,,,,,,,,
0.7118106842041015,0.8904563188552856,2.8370800155369976e-05,3.4608661876092444,17820,,,,,,,,,,,
0.7173297882080079,0.9076741933822632,2.8346523596814915e-05,3.464750436978054,17840,,,,,,,,,,,
0.6972349643707275,1.0784598588943481,2.8322247038259858e-05,3.4686346863468636,17860,,,,,,,,,,,
0.6719872951507568,1.0369693040847778,2.82979704797048e-05,3.472518935715673,17880,,,,,,,,,,,
0.7335663318634034,1.1130423545837402,2.827369392114974e-05,3.4764031850844823,17900,,,,,,,,,,,
0.7173112869262696,1.0437448024749756,2.8249417362594683e-05,3.4802874344532917,17920,,,,,,,,,,,
0.7270898342132568,1.1142810583114624,2.822514080403962e-05,3.4841716838221015,17940,,,,,,,,,,,
0.7493633270263672,0.9370129704475403,2.820086424548456e-05,3.488055933190911,17960,,,,,,,,,,,
0.7206415653228759,0.998846173286438,2.8176587686929502e-05,3.4919401825597203,17980,,,,,,,,,,,
0.7615402221679688,0.8983581066131592,2.815231112837444e-05,3.4958244319285297,18000,,,,,,,,,,,
0.7370444774627686,1.2173354625701904,2.8128034569819384e-05,3.4997086812973395,18020,,,,,,,,,,,
0.730233097076416,1.0709707736968994,2.8103758011264324e-05,3.503592930666149,18040,,,,,,,,,,,
0.7416888236999511,1.049379825592041,2.8079481452709267e-05,3.5074771800349582,18060,,,,,,,,,,,
0.7089830875396729,0.9973830580711365,2.8055204894154206e-05,3.5113614294037676,18080,,,,,,,,,,,
0.7092950820922852,1.0593806505203247,2.803092833559915e-05,3.515245678772577,18100,,,,,,,,,,,
0.7352688789367676,1.039840579032898,2.8006651777044085e-05,3.519129928141387,18120,,,,,,,,,,,
0.7583335876464844,1.0912247896194458,2.7982375218489025e-05,3.523014177510196,18140,,,,,,,,,,,
0.6767724514007568,1.0016647577285767,2.7958098659933968e-05,3.5268984268790056,18160,,,,,,,,,,,
0.742936372756958,0.9742578268051147,2.793382210137891e-05,3.530782676247815,18180,,,,,,,,,,,
0.6866028785705567,1.0367536544799805,2.790954554282385e-05,3.5346669256166248,18200,,,,,,,,,,,
0.7082394123077392,0.9010681509971619,2.7885268984268793e-05,3.538551174985434,18220,,,,,,,,,,,
0.6897323131561279,0.9197073578834534,2.7860992425713733e-05,3.5424354243542435,18240,,,,,,,,,,,
0.7094723224639893,1.0362327098846436,2.7836715867158675e-05,3.546319673723053,18260,,,,,,,,,,,
0.72630295753479,0.93462735414505,2.7812439308603615e-05,3.5502039230918623,18280,,,,,,,,,,,
0.687959623336792,0.9974606037139893,2.778816275004855e-05,3.554088172460672,18300,,,,,,,,,,,
0.6836174964904785,1.0424115657806396,2.7763886191493494e-05,3.5579724218294815,18320,,,,,,,,,,,
0.7066020011901856,0.9685168266296387,2.7739609632938433e-05,3.561856671198291,18340,,,,,,,,,,,
0.7372340679168701,1.136175513267517,2.7715333074383376e-05,3.5657409205671007,18360,,,,,,,,,,,
0.7467849254608154,1.1151142120361328,2.7691056515828316e-05,3.56962516993591,18380,,,,,,,,,,,
0.6955482006072998,0.866281270980835,2.766677995727326e-05,3.5735094193047194,18400,,,,,,,,,,,
0.7294384002685547,1.0208450555801392,2.76425033987182e-05,3.577393668673529,18420,,,,,,,,,,,
0.7028653621673584,1.2429773807525635,2.761822684016314e-05,3.581277918042338,18440,,,,,,,,,,,
0.7558322429656983,1.0719268321990967,2.7593950281608084e-05,3.5851621674111476,18460,,,,,,,,,,,
0.7042976379394531,1.0685863494873047,2.756967372305302e-05,3.5890464167799574,18480,,,,,,,,,,,
0.690179967880249,1.017945647239685,2.754539716449796e-05,3.5929306661487668,18500,,,,,,,,,,,
0.7218704223632812,1.232757329940796,2.7521120605942903e-05,3.596814915517576,18520,,,,,,,,,,,
0.7600017070770264,0.9620000123977661,2.7496844047387842e-05,3.600699164886386,18540,,,,,,,,,,,
0.6866201400756836,1.6337844133377075,2.7472567488832785e-05,3.6045834142551954,18560,,,,,,,,,,,
0.7251060962677002,0.9226603507995605,2.7448290930277725e-05,3.6084676636240047,18580,,,,,,,,,,,
0.6799251556396484,0.9213924407958984,2.7424014371722667e-05,3.612351912992814,18600,,,,,,,,,,,
0.711922550201416,1.1886323690414429,2.7399737813167607e-05,3.6162361623616235,18620,,,,,,,,,,,
0.7168332099914551,1.068367838859558,2.737546125461255e-05,3.620120411730433,18640,,,,,,,,,,,
0.7575360774993897,1.1295851469039917,2.7351184696057486e-05,3.6240046610992427,18660,,,,,,,,,,,
0.719103193283081,0.9435851573944092,2.732690813750243e-05,3.627888910468052,18680,,,,,,,,,,,
0.70421142578125,1.0714147090911865,2.730263157894737e-05,3.6317731598368614,18700,,,,,,,,,,,
0.7180885314941406,0.9688571691513062,2.727835502039231e-05,3.6356574092056713,18720,,,,,,,,,,,
0.6588256359100342,1.0629539489746094,2.725407846183725e-05,3.6395416585744806,18740,,,,,,,,,,,
0.6961782455444336,0.9762547016143799,2.7229801903282194e-05,3.64342590794329,18760,,,,,,,,,,,
0.7315053939819336,1.0065467357635498,2.7205525344727133e-05,3.6473101573120994,18780,,,,,,,,,,,
0.7235950469970703,0.9142754673957825,2.7181248786172076e-05,3.6511944066809088,18800,,,,,,,,,,,
0.7054411888122558,0.9828761219978333,2.7156972227617016e-05,3.655078656049718,18820,,,,,,,,,,,
0.704860258102417,1.0274531841278076,2.7132695669061952e-05,3.658962905418528,18840,,,,,,,,,,,
0.6952077865600585,0.9757182002067566,2.7108419110506895e-05,3.6628471547873374,18860,,,,,,,,,,,
0.7106573581695557,1.0211384296417236,2.7084142551951834e-05,3.6667314041561467,18880,,,,,,,,,,,
0.6918596267700196,1.0893127918243408,2.7059865993396777e-05,3.6706156535249566,18900,,,,,,,,,,,
0.7310813903808594,1.080922245979309,2.703558943484172e-05,3.674499902893766,18920,,,,,,,,,,,
0.7163748741149902,0.9684700965881348,2.701131287628666e-05,3.6783841522625753,18940,,,,,,,,,,,
0.6998641967773438,0.85146164894104,2.6987036317731602e-05,3.6822684016313847,18960,,,,,,,,,,,
0.7350754737854004,0.9743559956550598,2.6962759759176542e-05,3.686152651000194,18980,,,,,,,,,,,
0.6711970806121826,0.9643412828445435,2.6938483200621485e-05,3.6900369003690034,19000,,,,,,,,,,,
0.7393947601318359,1.0635204315185547,2.691420664206642e-05,3.6939211497378133,19020,,,,,,,,,,,
0.7000776290893554,1.061432957649231,2.688993008351136e-05,3.6978053991066226,19040,,,,,,,,,,,
0.6781621932983398,1.0284597873687744,2.6865653524956303e-05,3.701689648475432,19060,,,,,,,,,,,
0.7176805973052979,1.166240930557251,2.6841376966401243e-05,3.705573897844242,19080,,,,,,,,,,,
0.6991812229156494,0.865338921546936,2.6817100407846186e-05,3.7094581472130512,19100,,,,,,,,,,,
0.7082687854766846,1.0009015798568726,2.6792823849291125e-05,3.7133423965818606,19120,,,,,,,,,,,
0.696382474899292,1.0893113613128662,2.6768547290736068e-05,3.71722664595067,19140,,,,,,,,,,,
0.7157432556152343,1.0509902238845825,2.674427073218101e-05,3.7211108953194794,19160,,,,,,,,,,,
0.6681293487548828,0.9597295522689819,2.671999417362595e-05,3.7249951446882887,19180,,,,,,,,,,,
0.7414398670196534,1.1286695003509521,2.6695717615070887e-05,3.7288793940570986,19200,,,,,,,,,,,
0.7100598812103271,1.163042664527893,2.667144105651583e-05,3.732763643425908,19220,,,,,,,,,,,
0.6694838047027588,1.0040475130081177,2.664716449796077e-05,3.7366478927947173,19240,,,,,,,,,,,
0.7181793212890625,1.0733799934387207,2.6622887939405712e-05,3.740532142163527,19260,,,,,,,,,,,
0.7013913631439209,0.9238870739936829,2.659861138085065e-05,3.7444163915323365,19280,,,,,,,,,,,
0.6804467678070069,1.001752257347107,2.6574334822295594e-05,3.748300640901146,19300,,,,,,,,,,,
0.6909029006958007,1.011094093322754,2.6550058263740534e-05,3.7521848902699553,19320,,,,,,,,,,,
0.7084151268005371,0.9655439257621765,2.6525781705185477e-05,3.7560691396387647,19340,,,,,,,,,,,
0.7050991058349609,1.2425347566604614,2.6501505146630416e-05,3.759953389007574,19360,,,,,,,,,,,
0.6970033168792724,1.0477263927459717,2.6477228588075352e-05,3.763837638376384,19380,,,,,,,,,,,
0.7315231323242187,1.033176302909851,2.6452952029520295e-05,3.7677218877451932,19400,,,,,,,,,,,
0.658950662612915,0.9172697067260742,2.6428675470965235e-05,3.7716061371140026,19420,,,,,,,,,,,
0.684678316116333,0.9207217693328857,2.6404398912410178e-05,3.7754903864828124,19440,,,,,,,,,,,
0.7004925727844238,1.0006073713302612,2.638012235385512e-05,3.779374635851622,19460,,,,,,,,,,,
0.6887529373168946,1.058164119720459,2.635584579530006e-05,3.783258885220431,19480,,,,,,,,,,,
0.69271879196167,1.0781495571136475,2.6331569236745003e-05,3.7871431345892406,19500,,,,,,,,,,,
0.6470317840576172,0.9533552527427673,2.6307292678189942e-05,3.79102738395805,19520,,,,,,,,,,,
0.7243430614471436,1.0647093057632446,2.6283016119634885e-05,3.7949116333268593,19540,,,,,,,,,,,
0.6682085514068603,0.972696840763092,2.625873956107982e-05,3.798795882695669,19560,,,,,,,,,,,
0.7330444812774658,1.1236563920974731,2.623446300252476e-05,3.8026801320644785,19580,,,,,,,,,,,
0.660143518447876,1.1605585813522339,2.6210186443969704e-05,3.806564381433288,19600,,,,,,,,,,,
0.6977570056915283,1.0526851415634155,2.6185909885414643e-05,3.8104486308020977,19620,,,,,,,,,,,
0.6538489818572998,0.8514088988304138,2.6161633326859586e-05,3.814332880170907,19640,,,,,,,,,,,
0.6956638336181641,1.1338903903961182,2.6137356768304526e-05,3.8182171295397165,19660,,,,,,,,,,,
0.7060989379882813,0.9665063619613647,2.611308020974947e-05,3.822101378908526,19680,,,,,,,,,,,
0.6866626739501953,0.9652521014213562,2.608880365119441e-05,3.8259856282773352,19700,,,,,,,,,,,
0.7099764347076416,1.084174394607544,2.606452709263935e-05,3.8298698776461446,19720,,,,,,,,,,,
0.668665885925293,0.9672428965568542,2.6040250534084287e-05,3.8337541270149544,19740,,,,,,,,,,,
0.6944460868835449,1.1232917308807373,2.601597397552923e-05,3.837638376383764,19760,,,,,,,,,,,
0.6989485740661621,0.9574987888336182,2.599169741697417e-05,3.841522625752573,19780,,,,,,,,,,,
0.6484503269195556,0.8823365569114685,2.5967420858419113e-05,3.845406875121383,19800,,,,,,,,,,,
0.6844175338745118,0.9957235455513,2.5943144299864052e-05,3.8492911244901924,19820,,,,,,,,,,,
0.6557409763336182,0.9581729769706726,2.5918867741308995e-05,3.8531753738590018,19840,,,,,,,,,,,
0.6767338752746582,1.1053458452224731,2.5894591182753934e-05,3.857059623227811,19860,,,,,,,,,,,
0.668925666809082,0.9422234892845154,2.5870314624198877e-05,3.8609438725966205,19880,,,,,,,,,,,
0.6854970932006836,1.0097092390060425,2.5846038065643814e-05,3.86482812196543,19900,,,,,,,,,,,
0.6957470893859863,1.137809157371521,2.5821761507088753e-05,3.8687123713342397,19920,,,,,,,,,,,
0.7226648330688477,0.9568719863891602,2.5797484948533696e-05,3.872596620703049,19940,,,,,,,,,,,
0.6530037879943847,0.9064905643463135,2.5773208389978635e-05,3.8764808700718585,19960,,,,,,,,,,,
0.6897528171539307,1.036810278892517,2.574893183142358e-05,3.8803651194406683,19980,,,,,,,,,,,
0.6806534767150879,0.9397261738777161,2.572465527286852e-05,3.8842493688094777,20000,,,,,,,,,,,
0.7042269229888916,0.9545576572418213,2.570037871431346e-05,3.888133618178287,20020,,,,,,,,,,,
0.7004926681518555,1.0770840644836426,2.5676102155758404e-05,3.8920178675470964,20040,,,,,,,,,,,
0.663480806350708,0.9293274283409119,2.5651825597203343e-05,3.895902116915906,20060,,,,,,,,,,,
0.6237399101257324,0.9777624607086182,2.562754903864828e-05,3.8997863662847156,20080,,,,,,,,,,,
0.6757551670074463,0.946994960308075,2.5603272480093222e-05,3.903670615653525,20100,,,,,,,,,,,
0.6484680652618409,0.9361943006515503,2.557899592153816e-05,3.9075548650223344,20120,,,,,,,,,,,
0.680544376373291,0.8881639838218689,2.5554719362983105e-05,3.911439114391144,20140,,,,,,,,,,,
0.6989425182342529,0.9689501523971558,2.5530442804428044e-05,3.9153233637599536,20160,,,,,,,,,,,
0.7135789871215821,1.1935497522354126,2.5506166245872987e-05,3.919207613128763,20180,,,,,,,,,,,
0.6955507755279541,1.0125313997268677,2.5481889687317927e-05,3.9230918624975724,20200,,,,,,,,,,,
0.6468679904937744,0.9644700884819031,2.545761312876287e-05,3.9269761118663817,20220,,,,,,,,,,,
0.6540486812591553,0.9723417162895203,2.5433336570207812e-05,3.930860361235191,20240,,,,,,,,,,,
0.706217908859253,0.9744707942008972,2.5409060011652745e-05,3.934744610604001,20260,,,,,,,,,,,
0.7020327091217041,1.0519068241119385,2.5384783453097688e-05,3.9386288599728103,20280,,,,,,,,,,,
0.6471511840820312,1.1990357637405396,2.536050689454263e-05,3.9425131093416197,20300,,,,,,,,,,,
0.6652173042297364,0.8598736524581909,2.533623033598757e-05,3.946397358710429,20320,,,,,,,,,,,
0.6428459167480469,1.0767757892608643,2.5311953777432513e-05,3.950281608079239,20340,,,,,,,,,,,
0.6791168689727783,0.9676013588905334,2.5287677218877453e-05,3.9541658574480483,20360,,,,,,,,,,,
0.628884220123291,0.88862544298172,2.5263400660322396e-05,3.9580501068168576,20380,,,,,,,,,,,
0.6687375545501709,0.9167410731315613,2.5239124101767335e-05,3.961934356185667,20400,,,,,,,,,,,
0.6487648487091064,1.0384713411331177,2.5214847543212278e-05,3.9658186055544764,20420,,,,,,,,,,,
0.678037166595459,0.9881173968315125,2.5190570984657214e-05,3.9697028549232862,20440,,,,,,,,,,,
0.6620401859283447,1.002090573310852,2.5166294426102154e-05,3.9735871042920956,20460,,,,,,,,,,,
0.6768782615661622,1.0908600091934204,2.5142017867547097e-05,3.977471353660905,20480,,,,,,,,,,,
0.670517873764038,1.0043538808822632,2.5117741308992036e-05,3.9813556030297144,20500,,,,,,,,,,,
0.6774491310119629,0.938917338848114,2.509346475043698e-05,3.985239852398524,20520,,,,,,,,,,,
0.6962874889373779,0.9207303524017334,2.5069188191881922e-05,3.9891241017673336,20540,,,,,,,,,,,
0.6678436279296875,0.94056236743927,2.504491163332686e-05,3.993008351136143,20560,,,,,,,,,,,
0.6893722534179687,1.219997525215149,2.5020635074771804e-05,3.9968926005049523,20580,,,,,,,,,,,
,,,4.0,20596,1.2811319828033447,30.616999890907476,52.312081699844704,205.8264,16.543,1.035,,,,,
0.6852335929870605,1.0174806118011475,2.499635851621674e-05,4.000776849873762,20600,,,,,,,,,,,
0.6322949886322021,1.0648937225341797,2.4972081957661683e-05,4.004661099242571,20620,,,,,,,,,,,
0.655732250213623,0.9746094346046448,2.4947805399106626e-05,4.0085453486113805,20640,,,,,,,,,,,
0.6685963630676269,1.040343165397644,2.4923528840551562e-05,4.012429597980191,20660,,,,,,,,,,,
0.6510261535644531,1.0103473663330078,2.4899252281996505e-05,4.016313847349,20680,,,,,,,,,,,
0.6331385612487793,0.9547556638717651,2.4874975723441445e-05,4.0201980967178095,20700,,,,,,,,,,,
0.6574414253234864,1.0437060594558716,2.4850699164886388e-05,4.024082346086619,20720,,,,,,,,,,,
0.6149613380432128,1.1372183561325073,2.4826422606331327e-05,4.027966595455428,20740,,,,,,,,,,,
0.6679671764373779,1.1209375858306885,2.4802146047776267e-05,4.031850844824238,20760,,,,,,,,,,,
0.6088406562805175,0.884235680103302,2.477786948922121e-05,4.035735094193047,20780,,,,,,,,,,,
0.6340401649475098,1.051652431488037,2.475359293066615e-05,4.039619343561856,20800,,,,,,,,,,,
0.6711265087127686,1.069688320159912,2.4729316372111092e-05,4.043503592930666,20820,,,,,,,,,,,
0.5963959693908691,1.103310227394104,2.470503981355603e-05,4.047387842299476,20840,,,,,,,,,,,
0.6122901439666748,1.0855563879013062,2.468076325500097e-05,4.051272091668285,20860,,,,,,,,,,,
0.6241513252258301,0.985995888710022,2.4656486696445914e-05,4.055156341037095,20880,,,,,,,,,,,
0.6490269184112549,1.0419163703918457,2.4632210137890853e-05,4.059040590405904,20900,,,,,,,,,,,
0.6163628578186036,0.9387556910514832,2.4607933579335796e-05,4.0629248397747135,20920,,,,,,,,,,,
0.607676362991333,0.8688992857933044,2.4583657020780736e-05,4.066809089143523,20940,,,,,,,,,,,
0.6464487552642822,1.0779790878295898,2.4559380462225675e-05,4.070693338512332,20960,,,,,,,,,,,
0.6279998302459717,1.0010802745819092,2.4535103903670618e-05,4.074577587881142,20980,,,,,,,,,,,
0.6395369052886963,0.9413286447525024,2.4510827345115558e-05,4.078461837249951,21000,,,,,,,,,,,
0.6400392532348633,1.0405669212341309,2.4486550786560497e-05,4.082346086618761,21020,,,,,,,,,,,
0.6386331558227539,0.9938969612121582,2.4462274228005437e-05,4.086230335987571,21040,,,,,,,,,,,
0.6451263427734375,1.0988287925720215,2.443799766945038e-05,4.09011458535638,21060,,,,,,,,,,,
0.648579454421997,1.050359845161438,2.4413721110895323e-05,4.093998834725189,21080,,,,,,,,,,,
0.7035879135131836,1.0399364233016968,2.4389444552340262e-05,4.097883084093999,21100,,,,,,,,,,,
0.6190131664276123,1.048626184463501,2.43651679937852e-05,4.101767333462808,21120,,,,,,,,,,,
0.6369325160980225,0.9610424637794495,2.434089143523014e-05,4.105651582831618,21140,,,,,,,,,,,
0.634004545211792,0.9145658016204834,2.4316614876675084e-05,4.109535832200427,21160,,,,,,,,,,,
0.643904733657837,0.9596421122550964,2.4292338318120027e-05,4.113420081569236,21180,,,,,,,,,,,
0.6532186031341553,1.0254278182983398,2.4268061759564963e-05,4.117304330938047,21200,,,,,,,,,,,
0.6748476028442383,0.9673870801925659,2.4243785201009906e-05,4.121188580306856,21220,,,,,,,,,,,
0.6608088493347168,1.1192288398742676,2.4219508642454845e-05,4.125072829675665,21240,,,,,,,,,,,
0.6184235095977784,0.8963851928710938,2.419523208389979e-05,4.128957079044475,21260,,,,,,,,,,,
0.6233667373657227,0.9664467573165894,2.4170955525344728e-05,4.132841328413284,21280,,,,,,,,,,,
0.6473950862884521,1.121660590171814,2.4146678966789667e-05,4.1367255777820935,21300,,,,,,,,,,,
0.6694582939147949,1.0552458763122559,2.412240240823461e-05,4.140609827150903,21320,,,,,,,,,,,
0.6439186573028565,1.0255544185638428,2.409812584967955e-05,4.144494076519712,21340,,,,,,,,,,,
0.6117730140686035,1.0319390296936035,2.4073849291124493e-05,4.148378325888522,21360,,,,,,,,,,,
0.6332222938537597,1.019696831703186,2.4049572732569432e-05,4.152262575257332,21380,,,,,,,,,,,
0.609625768661499,1.0259802341461182,2.402529617401437e-05,4.156146824626141,21400,,,,,,,,,,,
0.6399496078491211,0.9594798684120178,2.4001019615459315e-05,4.160031073994951,21420,,,,,,,,,,,
0.6313055992126465,1.0111826658248901,2.3976743056904254e-05,4.16391532336376,21440,,,,,,,,,,,
0.6479830741882324,0.9617407917976379,2.3952466498349197e-05,4.167799572732569,21460,,,,,,,,,,,
0.6410499572753906,0.8512130975723267,2.3928189939794136e-05,4.171683822101379,21480,,,,,,,,,,,
0.6163282871246338,1.080991268157959,2.3903913381239076e-05,4.175568071470188,21500,,,,,,,,,,,
0.6160201072692871,1.0526148080825806,2.387963682268402e-05,4.1794523208389975,21520,,,,,,,,,,,
0.5782110214233398,1.003974199295044,2.385536026412896e-05,4.183336570207807,21540,,,,,,,,,,,
0.6580666542053223,0.9470240473747253,2.3831083705573898e-05,4.187220819576617,21560,,,,,,,,,,,
0.6224223136901855,0.9267808198928833,2.380680714701884e-05,4.191105068945427,21580,,,,,,,,,,,
0.6382274627685547,0.9267888069152832,2.378253058846378e-05,4.194989318314236,21600,,,,,,,,,,,
0.6402421474456788,0.9690890908241272,2.3758254029908723e-05,4.198873567683045,21620,,,,,,,,,,,
0.6213850975036621,1.1471725702285767,2.3733977471353663e-05,4.202757817051855,21640,,,,,,,,,,,
0.6288137912750245,1.042394757270813,2.3709700912798602e-05,4.206642066420664,21660,,,,,,,,,,,
0.6156810283660888,1.0395658016204834,2.3685424354243542e-05,4.2105263157894735,21680,,,,,,,,,,,
0.6499466896057129,0.9351015686988831,2.3661147795688485e-05,4.214410565158283,21700,,,,,,,,,,,
0.6095550537109375,1.0024553537368774,2.3636871237133428e-05,4.218294814527093,21720,,,,,,,,,,,
0.6367012023925781,0.9171187877655029,2.3612594678578364e-05,4.2221790638959025,21740,,,,,,,,,,,
0.6002145290374756,0.8576529622077942,2.3588318120023307e-05,4.226063313264712,21760,,,,,,,,,,,
0.6054380416870118,0.8916611075401306,2.3564041561468246e-05,4.229947562633521,21780,,,,,,,,,,,
0.6429987907409668,0.9472983479499817,2.353976500291319e-05,4.233831812002331,21800,,,,,,,,,,,
0.6509754657745361,1.0948264598846436,2.3515488444358132e-05,4.23771606137114,21820,,,,,,,,,,,
0.6073547840118408,0.9311249852180481,2.3491211885803068e-05,4.241600310739949,21840,,,,,,,,,,,
0.6210154533386231,1.2221534252166748,2.346693532724801e-05,4.245484560108759,21860,,,,,,,,,,,
0.6631322383880616,1.0377365350723267,2.344265876869295e-05,4.249368809477568,21880,,,,,,,,,,,
0.6586760997772216,1.0867137908935547,2.3418382210137893e-05,4.2532530588463775,21900,,,,,,,,,,,
0.6291416645050049,0.8917255401611328,2.3394105651582833e-05,4.257137308215188,21920,,,,,,,,,,,
0.6382001876831055,0.9931371808052063,2.3369829093027772e-05,4.261021557583997,21940,,,,,,,,,,,
0.6482410430908203,0.9751735329627991,2.3345552534472715e-05,4.2649058069528065,21960,,,,,,,,,,,
0.6039383411407471,0.9299612045288086,2.3321275975917655e-05,4.268790056321616,21980,,,,,,,,,,,
0.6109899044036865,0.8327416777610779,2.3296999417362598e-05,4.272674305690425,22000,,,,,,,,,,,
0.6217282295227051,1.0018846988677979,2.3272722858807537e-05,4.276558555059235,22020,,,,,,,,,,,
0.6366072654724121,0.9548826217651367,2.3248446300252477e-05,4.280442804428044,22040,,,,,,,,,,,
0.6336245059967041,1.0186280012130737,2.322416974169742e-05,4.284327053796853,22060,,,,,,,,,,,
0.6515597820281982,1.0744619369506836,2.319989318314236e-05,4.288211303165664,22080,,,,,,,,,,,
0.6568688869476318,1.0142723321914673,2.31756166245873e-05,4.292095552534473,22100,,,,,,,,,,,
0.6098416805267334,0.8809321522712708,2.315134006603224e-05,4.295979801903282,22120,,,,,,,,,,,
0.6340625762939454,0.9377756714820862,2.312706350747718e-05,4.299864051272092,22140,,,,,,,,,,,
0.6504644393920899,1.0460549592971802,2.3102786948922124e-05,4.303748300640901,22160,,,,,,,,,,,
0.6069776058197022,0.9237040281295776,2.307851039036706e-05,4.307632550009711,22180,,,,,,,,,,,
0.6050417423248291,1.032446265220642,2.3054233831812003e-05,4.31151679937852,22200,,,,,,,,,,,
0.6725528717041016,1.0551129579544067,2.3029957273256942e-05,4.315401048747329,22220,,,,,,,,,,,
0.652693223953247,1.0843830108642578,2.3005680714701885e-05,4.319285298116139,22240,,,,,,,,,,,
0.6171239852905274,1.0555856227874756,2.2981404156146828e-05,4.323169547484948,22260,,,,,,,,,,,
0.6341566562652587,1.086939811706543,2.2957127597591764e-05,4.327053796853758,22280,,,,,,,,,,,
0.6421192169189454,1.10767662525177,2.2932851039036707e-05,4.330938046222568,22300,,,,,,,,,,,
0.6319994449615478,0.9753921627998352,2.2908574480481647e-05,4.334822295591377,22320,,,,,,,,,,,
0.6120104789733887,0.9040784239768982,2.288429792192659e-05,4.3387065449601865,22340,,,,,,,,,,,
0.6342093467712402,0.9682316184043884,2.286002136337153e-05,4.342590794328996,22360,,,,,,,,,,,
0.6097008228302002,1.10561203956604,2.283574480481647e-05,4.346475043697805,22380,,,,,,,,,,,
0.5868301868438721,0.9033087491989136,2.281146824626141e-05,4.350359293066615,22400,,,,,,,,,,,
0.5868186473846435,1.0522702932357788,2.278719168770635e-05,4.354243542435424,22420,,,,,,,,,,,
0.5967926979064941,0.9955651164054871,2.2762915129151294e-05,4.358127791804234,22440,,,,,,,,,,,
0.5931015014648438,0.9664729237556458,2.2738638570596233e-05,4.362012041173044,22460,,,,,,,,,,,
0.5930429935455322,0.9780192971229553,2.2714362012041173e-05,4.365896290541853,22480,,,,,,,,,,,
0.5733189582824707,1.0406508445739746,2.2690085453486116e-05,4.369780539910662,22500,,,,,,,,,,,
0.625269079208374,1.0242741107940674,2.2665808894931055e-05,4.373664789279472,22520,,,,,,,,,,,
0.6295600891113281,0.9126824736595154,2.2641532336375995e-05,4.377549038648281,22540,,,,,,,,,,,
0.627947473526001,1.050335168838501,2.2617255777820938e-05,4.3814332880170905,22560,,,,,,,,,,,
0.6150376319885253,1.010492205619812,2.2592979219265877e-05,4.3853175373859,22580,,,,,,,,,,,
0.6183650016784668,0.980694055557251,2.256870266071082e-05,4.389201786754709,22600,,,,,,,,,,,
0.5923922538757325,1.0083478689193726,2.254442610215576e-05,4.393086036123519,22620,,,,,,,,,,,
0.573795223236084,0.989230215549469,2.25201495436007e-05,4.396970285492329,22640,,,,,,,,,,,
0.5941877365112305,1.0066609382629395,2.2495872985045642e-05,4.400854534861138,22660,,,,,,,,,,,
0.5930641174316407,0.8833637237548828,2.247159642649058e-05,4.404738784229948,22680,,,,,,,,,,,
0.5958805084228516,1.1011134386062622,2.2447319867935525e-05,4.408623033598757,22700,,,,,,,,,,,
0.6636138916015625,0.8750250339508057,2.242304330938046e-05,4.4125072829675664,22720,,,,,,,,,,,
0.6138681411743164,0.9442451596260071,2.2398766750825404e-05,4.416391532336376,22740,,,,,,,,,,,
0.6138525009155273,1.0659464597702026,2.2374490192270346e-05,4.420275781705185,22760,,,,,,,,,,,
0.6191812038421631,1.117962121963501,2.2350213633715286e-05,4.424160031073995,22780,,,,,,,,,,,
0.5946559429168701,1.0029572248458862,2.232593707516023e-05,4.428044280442805,22800,,,,,,,,,,,
0.5820249080657959,0.9295979142189026,2.2301660516605165e-05,4.431928529811614,22820,,,,,,,,,,,
0.6147364139556885,0.9705222845077515,2.2277383958050108e-05,4.435812779180424,22840,,,,,,,,,,,
0.6168110847473145,0.9684271216392517,2.2253107399495047e-05,4.439697028549233,22860,,,,,,,,,,,
0.618604040145874,0.9797308444976807,2.222883084093999e-05,4.443581277918042,22880,,,,,,,,,,,
0.6119556903839112,0.9489564299583435,2.220455428238493e-05,4.447465527286852,22900,,,,,,,,,,,
0.6428958415985108,1.0652663707733154,2.218027772382987e-05,4.451349776655661,22920,,,,,,,,,,,
0.6226082801818847,1.0456314086914062,2.2156001165274812e-05,4.4552340260244705,22940,,,,,,,,,,,
0.5975253582000732,0.936516284942627,2.2131724606719752e-05,4.45911827539328,22960,,,,,,,,,,,
0.6299174785614013,1.0375653505325317,2.2107448048164695e-05,4.46300252476209,22980,,,,,,,,,,,
0.6506999015808106,1.0796172618865967,2.2083171489609634e-05,4.4668867741308995,23000,,,,,,,,,,,
0.614650821685791,0.9405519962310791,2.2058894931054574e-05,4.470771023499709,23020,,,,,,,,,,,
0.6138683319091797,1.0600357055664062,2.2034618372499517e-05,4.474655272868518,23040,,,,,,,,,,,
0.6088365077972412,0.9054806232452393,2.2010341813944456e-05,4.478539522237328,23060,,,,,,,,,,,
0.5978693485260009,0.935603141784668,2.1986065255389396e-05,4.482423771606137,23080,,,,,,,,,,,
0.6266593933105469,0.9896866679191589,2.196178869683434e-05,4.486308020974946,23100,,,,,,,,,,,
0.6220849514007568,0.900169312953949,2.1937512138279278e-05,4.490192270343756,23120,,,,,,,,,,,
0.6219883918762207,0.9330607056617737,2.191323557972422e-05,4.494076519712565,23140,,,,,,,,,,,
0.590736198425293,1.0496997833251953,2.188895902116916e-05,4.497960769081375,23160,,,,,,,,,,,
0.6048186302185059,1.00068998336792,2.18646824626141e-05,4.501845018450185,23180,,,,,,,,,,,
0.6258074760437011,0.943002462387085,2.1840405904059043e-05,4.505729267818994,23200,,,,,,,,,,,
0.6177741527557373,0.8932633996009827,2.1816129345503982e-05,4.509613517187804,23220,,,,,,,,,,,
0.6168275833129883,1.0822938680648804,2.1791852786948925e-05,4.513497766556613,23240,,,,,,,,,,,
0.6025637626647949,1.1840460300445557,2.176757622839386e-05,4.517382015925422,23260,,,,,,,,,,,
0.5804654598236084,0.9650230407714844,2.1743299669838804e-05,4.521266265294232,23280,,,,,,,,,,,
0.5913609504699707,1.363925814628601,2.1719023111283747e-05,4.525150514663041,23300,,,,,,,,,,,
0.5998572826385498,0.9307243824005127,2.1694746552728687e-05,4.5290347640318505,23320,,,,,,,,,,,
0.6058064460754394,0.8860623836517334,2.167046999417363e-05,4.53291901340066,23340,,,,,,,,,,,
0.5947322845458984,0.9737768173217773,2.1646193435618566e-05,4.53680326276947,23360,,,,,,,,,,,
0.6249338150024414,0.9534687995910645,2.162191687706351e-05,4.5406875121382795,23380,,,,,,,,,,,
0.6180917739868164,0.9715584516525269,2.1597640318508448e-05,4.544571761507089,23400,,,,,,,,,,,
0.6145812511444092,1.020361304283142,2.157336375995339e-05,4.548456010875898,23420,,,,,,,,,,,
0.5981258392333985,1.0427577495574951,2.154908720139833e-05,4.552340260244708,23440,,,,,,,,,,,
0.580945634841919,0.9793629050254822,2.152481064284327e-05,4.556224509613517,23460,,,,,,,,,,,
0.6286999702453613,0.9197012186050415,2.1500534084288213e-05,4.560108758982326,23480,,,,,,,,,,,
0.5963205337524414,1.0626063346862793,2.1476257525733152e-05,4.563993008351137,23500,,,,,,,,,,,
0.6252202987670898,0.9907878637313843,2.1451980967178095e-05,4.567877257719946,23520,,,,,,,,,,,
0.5841434001922607,0.9949555993080139,2.1427704408623035e-05,4.571761507088755,23540,,,,,,,,,,,
0.5954920291900635,1.045225739479065,2.1403427850067974e-05,4.575645756457565,23560,,,,,,,,,,,
0.6073653221130371,1.1317187547683716,2.1379151291512917e-05,4.579530005826374,23580,,,,,,,,,,,
0.6161915779113769,1.151184320449829,2.1354874732957857e-05,4.5834142551951835,23600,,,,,,,,,,,
0.5852715969085693,0.8856882452964783,2.1330598174402796e-05,4.587298504563993,23620,,,,,,,,,,,
0.611845588684082,0.9757903814315796,2.130632161584774e-05,4.591182753932802,23640,,,,,,,,,,,
0.628605318069458,0.9242424964904785,2.128204505729268e-05,4.595067003301612,23660,,,,,,,,,,,
0.5781628131866455,1.0061038732528687,2.125776849873762e-05,4.598951252670421,23680,,,,,,,,,,,
0.5768112659454345,0.9670690894126892,2.123349194018256e-05,4.60283550203923,23700,,,,,,,,,,,
0.6447252750396728,1.171298623085022,2.12092153816275e-05,4.606719751408041,23720,,,,,,,,,,,
0.5793550968170166,0.9213444590568542,2.1184938823072443e-05,4.61060400077685,23740,,,,,,,,,,,
0.5804521560668945,1.1121639013290405,2.1160662264517383e-05,4.614488250145659,23760,,,,,,,,,,,
0.6131586551666259,1.1403765678405762,2.1136385705962326e-05,4.618372499514469,23780,,,,,,,,,,,
0.5919162273406983,1.1174980401992798,2.1112109147407262e-05,4.622256748883278,23800,,,,,,,,,,,
0.6244123458862305,1.0056663751602173,2.1087832588852205e-05,4.626140998252088,23820,,,,,,,,,,,
0.6125392436981201,1.0345784425735474,2.1063556030297148e-05,4.630025247620897,23840,,,,,,,,,,,
0.5961220264434814,0.9813399910926819,2.1039279471742087e-05,4.633909496989707,23860,,,,,,,,,,,
0.6207104206085206,1.0607147216796875,2.1015002913187027e-05,4.637793746358517,23880,,,,,,,,,,,
0.6080649375915528,0.9271939992904663,2.0990726354631966e-05,4.641677995727326,23900,,,,,,,,,,,
0.5665252208709717,0.9488542675971985,2.096644979607691e-05,4.645562245096135,23920,,,,,,,,,,,
0.5915730953216553,1.1336939334869385,2.0942173237521852e-05,4.649446494464945,23940,,,,,,,,,,,
0.5810138702392578,0.863470733165741,2.091789667896679e-05,4.653330743833754,23960,,,,,,,,,,,
0.5973419189453125,0.9565638303756714,2.089362012041173e-05,4.6572149932025635,23980,,,,,,,,,,,
0.5672887802124024,0.9633190631866455,2.086934356185667e-05,4.661099242571373,24000,,,,,,,,,,,
0.6164399147033691,1.1439125537872314,2.0845067003301614e-05,4.664983491940182,24020,,,,,,,,,,,
0.5721807956695557,1.0359628200531006,2.0820790444746553e-05,4.668867741308992,24040,,,,,,,,,,,
0.612325382232666,0.9931739568710327,2.0796513886191493e-05,4.672751990677802,24060,,,,,,,,,,,
0.6098668098449707,1.0693727731704712,2.0772237327636435e-05,4.676636240046611,24080,,,,,,,,,,,
0.5992326736450195,1.0345076322555542,2.0747960769081375e-05,4.680520489415421,24100,,,,,,,,,,,
0.5880664348602295,0.9586023092269897,2.0723684210526318e-05,4.68440473878423,24120,,,,,,,,,,,
0.5622377872467041,0.8941367268562317,2.0699407651971257e-05,4.688288988153039,24140,,,,,,,,,,,
0.5868643760681153,0.8999271988868713,2.0675131093416197e-05,4.692173237521849,24160,,,,,,,,,,,
0.5809252262115479,0.8300243020057678,2.065085453486114e-05,4.696057486890658,24180,,,,,,,,,,,
0.6122267246246338,1.100677490234375,2.062657797630608e-05,4.6999417362594675,24200,,,,,,,,,,,
0.5809398174285889,0.9269272089004517,2.0602301417751022e-05,4.703825985628278,24220,,,,,,,,,,,
0.5923910140991211,1.1423795223236084,2.0578024859195962e-05,4.707710234997087,24240,,,,,,,,,,,
0.6142878055572509,0.9365085363388062,2.05537483006409e-05,4.711594484365897,24260,,,,,,,,,,,
0.5951521396636963,1.1308475732803345,2.0529471742085844e-05,4.715478733734706,24280,,,,,,,,,,,
0.5927156448364258,1.0318137407302856,2.0505195183530784e-05,4.719362983103515,24300,,,,,,,,,,,
0.5795621871948242,1.0940752029418945,2.0480918624975727e-05,4.723247232472325,24320,,,,,,,,,,,
0.6056369781494141,0.967773973941803,2.0456642066420663e-05,4.727131481841134,24340,,,,,,,,,,,
0.5790606498718261,0.899787962436676,2.0432365507865606e-05,4.7310157312099435,24360,,,,,,,,,,,
0.6065967559814454,0.8587138056755066,2.040808894931055e-05,4.734899980578753,24380,,,,,,,,,,,
0.5964242935180664,0.883293092250824,2.0383812390755488e-05,4.738784229947562,24400,,,,,,,,,,,
0.5975819587707519,1.006870150566101,2.0359535832200427e-05,4.7426684793163725,24420,,,,,,,,,,,
0.574714183807373,0.9516289830207825,2.0335259273645367e-05,4.746552728685182,24440,,,,,,,,,,,
0.5709618091583252,0.907278835773468,2.031098271509031e-05,4.750436978053991,24460,,,,,,,,,,,
0.5860478401184082,0.9620495438575745,2.0286706156535253e-05,4.754321227422801,24480,,,,,,,,,,,
0.6198459148406983,1.0717735290527344,2.0262429597980192e-05,4.75820547679161,24500,,,,,,,,,,,
0.6204803943634033,1.2256399393081665,2.0238153039425132e-05,4.762089726160419,24520,,,,,,,,,,,
0.5730557918548584,0.9852410554885864,2.021387648087007e-05,4.765973975529229,24540,,,,,,,,,,,
0.6058852195739746,1.0883228778839111,2.0189599922315014e-05,4.769858224898038,24560,,,,,,,,,,,
0.6337986469268799,1.237108826637268,2.0165323363759954e-05,4.773742474266848,24580,,,,,,,,,,,
0.6286988735198975,0.9570479989051819,2.0141046805204893e-05,4.777626723635658,24600,,,,,,,,,,,
0.5843116760253906,0.8866536021232605,2.0116770246649836e-05,4.781510973004467,24620,,,,,,,,,,,
0.6384512424468994,0.991319477558136,2.0092493688094776e-05,4.7853952223732765,24640,,,,,,,,,,,
0.5706936359405518,0.9815989136695862,2.006821712953972e-05,4.789279471742086,24660,,,,,,,,,,,
0.6070603370666504,1.010131597518921,2.0043940570984658e-05,4.793163721110895,24680,,,,,,,,,,,
0.5769104957580566,0.8873127698898315,2.0019664012429598e-05,4.797047970479705,24700,,,,,,,,,,,
0.6198416233062745,1.0245444774627686,1.999538745387454e-05,4.800932219848514,24720,,,,,,,,,,,
0.5861679553985596,1.0347222089767456,1.997111089531948e-05,4.804816469217323,24740,,,,,,,,,,,
0.5955950260162354,1.022819995880127,1.9946834336764423e-05,4.808700718586133,24760,,,,,,,,,,,
0.5987287521362304,0.919511616230011,1.9922557778209362e-05,4.812584967954943,24780,,,,,,,,,,,
0.5761845588684082,0.9330979585647583,1.9898281219654302e-05,4.816469217323752,24800,,,,,,,,,,,
0.6059653759002686,0.9404147267341614,1.9874004661099245e-05,4.820353466692562,24820,,,,,,,,,,,
0.5731497764587402,0.9163076877593994,1.9849728102544184e-05,4.824237716061371,24840,,,,,,,,,,,
0.5848833560943604,0.9677683115005493,1.9825451543989127e-05,4.828121965430181,24860,,,,,,,,,,,
0.5716006755828857,1.071774959564209,1.9801174985434063e-05,4.83200621479899,24880,,,,,,,,,,,
0.604777479171753,1.0218517780303955,1.9776898426879006e-05,4.835890464167799,24900,,,,,,,,,,,
0.5689381122589111,0.9903852939605713,1.975262186832395e-05,4.839774713536609,24920,,,,,,,,,,,
0.5955352783203125,0.9218817949295044,1.972834530976889e-05,4.843658962905419,24940,,,,,,,,,,,
0.5971717357635498,1.0013649463653564,1.9704068751213828e-05,4.847543212274228,24960,,,,,,,,,,,
0.5604624271392822,1.0254979133605957,1.9679792192658768e-05,4.851427461643038,24980,,,,,,,,,,,
0.573506212234497,0.9646160006523132,1.965551563410371e-05,4.855311711011847,25000,,,,,,,,,,,
0.6051983833312988,1.093029260635376,1.9631239075548653e-05,4.8591959603806565,25020,,,,,,,,,,,
0.6034380435943604,0.942300021648407,1.960696251699359e-05,4.863080209749466,25040,,,,,,,,,,,
0.6378187656402587,1.026088833808899,1.9582685958438532e-05,4.866964459118275,25060,,,,,,,,,,,
0.5685288906097412,0.9224702715873718,1.9558409399883472e-05,4.870848708487085,25080,,,,,,,,,,,
0.5818795204162598,1.0408672094345093,1.9534132841328415e-05,4.874732957855894,25100,,,,,,,,,,,
0.5864477634429932,1.1226774454116821,1.9509856282773354e-05,4.878617207224703,25120,,,,,,,,,,,
0.6136137485504151,0.9525288343429565,1.9485579724218294e-05,4.882501456593514,25140,,,,,,,,,,,
0.5894965171813965,1.0945281982421875,1.9461303165663237e-05,4.886385705962323,25160,,,,,,,,,,,
0.5885266780853271,0.9166515469551086,1.9437026607108176e-05,4.890269955331132,25180,,,,,,,,,,,
0.5786330223083496,1.137369155883789,1.941275004855312e-05,4.894154204699942,25200,,,,,,,,,,,
0.6111217021942139,0.9477147459983826,1.938847348999806e-05,4.898038454068751,25220,,,,,,,,,,,
0.5539703369140625,1.02232027053833,1.9364196931442998e-05,4.9019227034375605,25240,,,,,,,,,,,
0.5972681999206543,1.1638296842575073,1.933992037288794e-05,4.90580695280637,25260,,,,,,,,,,,
0.5754708290100098,0.9847906231880188,1.931564381433288e-05,4.909691202175179,25280,,,,,,,,,,,
0.5967293739318847,1.191683053970337,1.9291367255777824e-05,4.91357545154399,25300,,,,,,,,,,,
0.5883794784545898,0.9314665198326111,1.9267090697222763e-05,4.917459700912799,25320,,,,,,,,,,,
0.587360143661499,0.9331961870193481,1.9242814138667703e-05,4.921343950281608,25340,,,,,,,,,,,
0.5584895133972168,1.0345667600631714,1.9218537580112645e-05,4.925228199650418,25360,,,,,,,,,,,
0.6060273170471191,1.0342620611190796,1.9194261021557585e-05,4.929112449019227,25380,,,,,,,,,,,
0.5642890930175781,0.9903010725975037,1.9169984463002524e-05,4.9329966983880364,25400,,,,,,,,,,,
0.5869081020355225,1.1321240663528442,1.9145707904447467e-05,4.936880947756846,25420,,,,,,,,,,,
0.5985703468322754,1.0031183958053589,1.9121431345892407e-05,4.940765197125655,25440,,,,,,,,,,,
0.5696850776672363,0.9829016923904419,1.909715478733735e-05,4.944649446494465,25460,,,,,,,,,,,
0.5818286895751953,3.667839765548706,1.907287822878229e-05,4.948533695863274,25480,,,,,,,,,,,
0.6086361885070801,0.9754694700241089,1.904860167022723e-05,4.952417945232084,25500,,,,,,,,,,,
0.5923069000244141,0.9247929453849792,1.902432511167217e-05,4.956302194600894,25520,,,,,,,,,,,
0.5806323528289795,1.0251684188842773,1.900004855311711e-05,4.960186443969703,25540,,,,,,,,,,,
0.5311768054962158,0.9868500828742981,1.8975771994562054e-05,4.964070693338512,25560,,,,,,,,,,,
0.5784350872039795,1.2127060890197754,1.895149543600699e-05,4.967954942707322,25580,,,,,,,,,,,
0.5944150447845459,0.9061447978019714,1.8927218877451933e-05,4.971839192076131,25600,,,,,,,,,,,
0.5978058815002442,1.2234450578689575,1.8902942318896873e-05,4.9757234414449405,25620,,,,,,,,,,,
0.5914284706115722,0.9407288432121277,1.8878665760341816e-05,4.97960769081375,25640,,,,,,,,,,,
0.5751430988311768,0.9712232947349548,1.885438920178676e-05,4.98349194018256,25660,,,,,,,,,,,
0.5733454704284668,0.9461128115653992,1.8830112643231695e-05,4.9873761895513695,25680,,,,,,,,,,,
0.5448726177215576,1.0455747842788696,1.8805836084676637e-05,4.991260438920179,25700,,,,,,,,,,,
0.5295579433441162,0.8846902847290039,1.8781559526121577e-05,4.995144688288988,25720,,,,,,,,,,,
0.5742449760437012,1.029367208480835,1.875728296756652e-05,4.999028937657798,25740,,,,,,,,,,,
,,,5.0,25745,1.3193466663360596,33.70306294459129,54.40893132835718,203.0003,16.773,1.049,,,,,
0.5563652515411377,1.1293463706970215,1.873300640901146e-05,5.002913187026607,25760,,,,,,,,,,,
0.5850634574890137,0.9289213418960571,1.87087298504564e-05,5.006797436395416,25780,,,,,,,,,,,
0.5916110515594483,1.146117091178894,1.8684453291901342e-05,5.010681685764226,25800,,,,,,,,,,,
0.5467696189880371,1.0497890710830688,1.866017673334628e-05,5.014565935133035,25820,,,,,,,,,,,
0.5628477096557617,0.8471838235855103,1.8635900174791224e-05,5.018450184501845,25840,,,,,,,,,,,
0.5446257591247559,0.8670071959495544,1.8611623616236164e-05,5.022334433870655,25860,,,,,,,,,,,
0.5344544887542725,1.0101585388183594,1.8587347057681103e-05,5.026218683239464,25880,,,,,,,,,,,
0.5586666107177735,0.9918242692947388,1.8563070499126046e-05,5.030102932608274,25900,,,,,,,,,,,
0.5651753425598145,1.0374590158462524,1.8538793940570986e-05,5.033987181977083,25920,,,,,,,,,,,
0.5414613723754883,0.9047433733940125,1.8514517382015925e-05,5.037871431345892,25940,,,,,,,,,,,
0.54790358543396,0.8883325457572937,1.8490240823460868e-05,5.041755680714702,25960,,,,,,,,,,,
0.5787744522094727,1.1601393222808838,1.8465964264905808e-05,5.045639930083511,25980,,,,,,,,,,,
0.607667875289917,1.035829782485962,1.844168770635075e-05,5.0495241794523205,26000,,,,,,,,,,,
0.5788340091705322,0.9842851758003235,1.841741114779569e-05,5.053408428821131,26020,,,,,,,,,,,
0.5542450428009034,0.9314721822738647,1.839313458924063e-05,5.05729267818994,26040,,,,,,,,,,,
0.5526583194732666,1.0063157081604004,1.836885803068557e-05,5.0611769275587495,26060,,,,,,,,,,,
0.5671762943267822,0.8335903286933899,1.8344581472130512e-05,5.065061176927559,26080,,,,,,,,,,,
0.5521735191345215,1.0411934852600098,1.8320304913575455e-05,5.068945426296368,26100,,,,,,,,,,,
0.5714937210083008,0.953751266002655,1.829602835502039e-05,5.072829675665178,26120,,,,,,,,,,,
0.5482583522796631,0.9354178309440613,1.8271751796465334e-05,5.076713925033987,26140,,,,,,,,,,,
0.5550500392913819,0.9007448554039001,1.8247475237910273e-05,5.080598174402796,26160,,,,,,,,,,,
0.508242130279541,0.9787490963935852,1.8223198679355216e-05,5.084482423771606,26180,,,,,,,,,,,
0.5662643909454346,1.0520323514938354,1.819892212080016e-05,5.088366673140416,26200,,,,,,,,,,,
0.5514752864837646,1.0732853412628174,1.8174645562245095e-05,5.092250922509225,26220,,,,,,,,,,,
0.5594703197479248,1.0009241104125977,1.8150369003690038e-05,5.096135171878035,26240,,,,,,,,,,,
0.5514369487762452,0.9521610140800476,1.8126092445134978e-05,5.100019421246844,26260,,,,,,,,,,,
0.5621779441833497,1.1000467538833618,1.810181588657992e-05,5.1039036706156535,26280,,,,,,,,,,,
0.5360036373138428,1.0058871507644653,1.807753932802486e-05,5.107787919984463,26300,,,,,,,,,,,
0.5786781787872315,0.9883235096931458,1.80532627694698e-05,5.111672169353272,26320,,,,,,,,,,,
0.5800007343292236,1.0690829753875732,1.8028986210914742e-05,5.115556418722082,26340,,,,,,,,,,,
0.5806466579437256,0.8715572357177734,1.8004709652359682e-05,5.119440668090891,26360,,,,,,,,,,,
0.560037899017334,1.0078493356704712,1.7980433093804625e-05,5.123324917459701,26380,,,,,,,,,,,
0.556364917755127,1.0957587957382202,1.7956156535249564e-05,5.127209166828511,26400,,,,,,,,,,,
0.573636245727539,1.080452799797058,1.7931879976694504e-05,5.13109341619732,26420,,,,,,,,,,,
0.5386778354644776,1.068704605102539,1.7907603418139447e-05,5.1349776655661294,26440,,,,,,,,,,,
0.6056987285614014,1.058774471282959,1.7883326859584386e-05,5.138861914934939,26460,,,,,,,,,,,
0.5437311172485352,0.9834393262863159,1.7859050301029326e-05,5.142746164303748,26480,,,,,,,,,,,
0.5479326725006104,0.848809540271759,1.783477374247427e-05,5.146630413672558,26500,,,,,,,,,,,
0.5725066184997558,0.9330761432647705,1.7810497183919208e-05,5.150514663041367,26520,,,,,,,,,,,
0.5487080574035644,1.1342792510986328,1.778622062536415e-05,5.154398912410176,26540,,,,,,,,,,,
0.5679747581481933,0.9049215912818909,1.7761944066809087e-05,5.158283161778987,26560,,,,,,,,,,,
0.5506435871124268,0.9323722720146179,1.773766750825403e-05,5.162167411147796,26580,,,,,,,,,,,
0.5315298557281494,0.9337903261184692,1.7713390949698973e-05,5.166051660516605,26600,,,,,,,,,,,
0.536555004119873,1.0405406951904297,1.7689114391143913e-05,5.169935909885415,26620,,,,,,,,,,,
0.5593785285949707,0.9996292591094971,1.7664837832588855e-05,5.173820159254224,26640,,,,,,,,,,,
0.5804276943206788,1.0422717332839966,1.764056127403379e-05,5.1777044086230335,26660,,,,,,,,,,,
0.5467926502227783,0.8801807761192322,1.7616284715478734e-05,5.181588657991843,26680,,,,,,,,,,,
0.5365376949310303,0.9517463445663452,1.7592008156923674e-05,5.185472907360652,26700,,,,,,,,,,,
0.5101516723632813,0.782346248626709,1.7567731598368617e-05,5.189357156729462,26720,,,,,,,,,,,
0.578507947921753,1.0111240148544312,1.7543455039813556e-05,5.193241406098272,26740,,,,,,,,,,,
0.5525423526763916,1.0610319375991821,1.7519178481258496e-05,5.197125655467081,26760,,,,,,,,,,,
0.566962480545044,1.0277420282363892,1.749490192270344e-05,5.201009904835891,26780,,,,,,,,,,,
0.530375623703003,0.8741076588630676,1.747062536414838e-05,5.2048941542047,26800,,,,,,,,,,,
0.5295861244201661,1.045658826828003,1.744634880559332e-05,5.208778403573509,26820,,,,,,,,,,,
0.5618159770965576,1.092564344406128,1.742207224703826e-05,5.212662652942319,26840,,,,,,,,,,,
0.5662966251373291,0.970588207244873,1.73977956884832e-05,5.216546902311128,26860,,,,,,,,,,,
0.5003274440765381,0.955988347530365,1.7373519129928143e-05,5.2204311516799375,26880,,,,,,,,,,,
0.5977403163909912,1.1153734922409058,1.7349242571373083e-05,5.224315401048747,26900,,,,,,,,,,,
0.5738726139068604,0.8660526871681213,1.7324966012818022e-05,5.228199650417557,26920,,,,,,,,,,,
0.5609213829040527,0.9444611668586731,1.7300689454262965e-05,5.232083899786367,26940,,,,,,,,,,,
0.5241561889648437,0.8538591265678406,1.7276412895707905e-05,5.235968149155176,26960,,,,,,,,,,,
0.5554928302764892,1.0531336069107056,1.7252136337152847e-05,5.239852398523985,26980,,,,,,,,,,,
0.545656681060791,1.2686738967895508,1.7227859778597787e-05,5.243736647892795,27000,,,,,,,,,,,
0.5534094333648681,0.9436042308807373,1.7203583220042726e-05,5.247620897261604,27020,,,,,,,,,,,
0.5584473609924316,0.975253164768219,1.717930666148767e-05,5.2515051466304135,27040,,,,,,,,,,,
0.575100040435791,0.8562101721763611,1.715503010293261e-05,5.255389395999223,27060,,,,,,,,,,,
0.5510043621063232,0.9771636128425598,1.7130753544377552e-05,5.259273645368032,27080,,,,,,,,,,,
0.5184020042419434,0.9343953132629395,1.7106476985822488e-05,5.2631578947368425,27100,,,,,,,,,,,
0.5105210781097412,1.0195131301879883,1.708220042726743e-05,5.267042144105652,27120,,,,,,,,,,,
0.5530189990997314,0.9512842893600464,1.7057923868712374e-05,5.270926393474461,27140,,,,,,,,,,,
0.5412770748138428,0.9638682007789612,1.7033647310157313e-05,5.274810642843271,27160,,,,,,,,,,,
0.5432582378387452,0.8544915318489075,1.7009370751602256e-05,5.27869489221208,27180,,,,,,,,,,,
0.5522832870483398,1.000126838684082,1.6985094193047192e-05,5.282579141580889,27200,,,,,,,,,,,
0.5812699317932128,0.9525644779205322,1.6960817634492135e-05,5.286463390949699,27220,,,,,,,,,,,
0.5392591476440429,1.0983936786651611,1.6936541075937075e-05,5.290347640318508,27240,,,,,,,,,,,
0.5574169158935547,0.9560452103614807,1.6912264517382018e-05,5.2942318896873175,27260,,,,,,,,,,,
0.5480904102325439,1.0448448657989502,1.6887987958826957e-05,5.298116139056128,27280,,,,,,,,,,,
0.5450823783874512,1.0007481575012207,1.6863711400271897e-05,5.302000388424937,27300,,,,,,,,,,,
0.48862581253051757,1.0091791152954102,1.683943484171684e-05,5.3058846377937465,27320,,,,,,,,,,,
0.5349659442901611,1.0632182359695435,1.681515828316178e-05,5.309768887162556,27340,,,,,,,,,,,
0.5671966552734375,0.9090887308120728,1.6790881724606722e-05,5.313653136531365,27360,,,,,,,,,,,
0.5549621105194091,1.0306071043014526,1.676660516605166e-05,5.317537385900175,27380,,,,,,,,,,,
0.5380221843719483,0.8524481058120728,1.67423286074966e-05,5.321421635268984,27400,,,,,,,,,,,
0.5951706409454346,0.9095669984817505,1.6718052048941544e-05,5.325305884637793,27420,,,,,,,,,,,
0.5338427066802979,0.9549241662025452,1.6693775490386483e-05,5.329190134006604,27440,,,,,,,,,,,
0.520959997177124,1.030480146408081,1.6669498931831423e-05,5.333074383375413,27460,,,,,,,,,,,
0.5492305278778076,1.2289291620254517,1.6645222373276366e-05,5.336958632744222,27480,,,,,,,,,,,
0.5244088172912598,0.9452396035194397,1.6620945814721305e-05,5.340842882113032,27500,,,,,,,,,,,
0.5410319805145264,0.9026017785072327,1.6596669256166248e-05,5.344727131481841,27520,,,,,,,,,,,
0.5312524795532226,0.8920331597328186,1.6572392697611188e-05,5.348611380850651,27540,,,,,,,,,,,
0.5343582153320312,1.1306734085083008,1.6548116139056127e-05,5.35249563021946,27560,,,,,,,,,,,
0.5740435123443604,1.0732240676879883,1.652383958050107e-05,5.356379879588269,27580,,,,,,,,,,,
0.5295891761779785,1.0630074739456177,1.649956302194601e-05,5.360264128957079,27600,,,,,,,,,,,
0.5309248447418213,0.9344963431358337,1.6475286463390952e-05,5.364148378325888,27620,,,,,,,,,,,
0.5262078285217285,0.8902673721313477,1.645100990483589e-05,5.368032627694698,27640,,,,,,,,,,,
0.5478617668151855,1.1447393894195557,1.642673334628083e-05,5.371916877063508,27660,,,,,,,,,,,
0.5404863357543945,1.009809970855713,1.6402456787725774e-05,5.375801126432317,27680,,,,,,,,,,,
0.5360183715820312,0.8979917168617249,1.6378180229170714e-05,5.3796853758011265,27700,,,,,,,,,,,
0.5332292556762696,1.113325834274292,1.6353903670615657e-05,5.383569625169936,27720,,,,,,,,,,,
0.5373476982116699,0.908185601234436,1.6329627112060593e-05,5.387453874538745,27740,,,,,,,,,,,
0.5758206367492675,1.0636529922485352,1.6305350553505536e-05,5.391338123907555,27760,,,,,,,,,,,
0.5429849624633789,0.7936367988586426,1.628107399495048e-05,5.395222373276364,27780,,,,,,,,,,,
0.5574219226837158,1.0607078075408936,1.6256797436395418e-05,5.399106622645174,27800,,,,,,,,,,,
0.5145415306091309,1.0211235284805298,1.6232520877840358e-05,5.402990872013984,27820,,,,,,,,,,,
0.554274320602417,1.040183186531067,1.6208244319285297e-05,5.406875121382793,27840,,,,,,,,,,,
0.5605462551116943,1.0998250246047974,1.618396776073024e-05,5.410759370751602,27860,,,,,,,,,,,
0.5386060237884521,0.928804337978363,1.615969120217518e-05,5.414643620120412,27880,,,,,,,,,,,
0.5419865131378174,0.8023796677589417,1.6135414643620123e-05,5.418527869489221,27900,,,,,,,,,,,
0.5021295070648193,1.0338066816329956,1.6111138085065062e-05,5.4224121188580305,27920,,,,,,,,,,,
0.5815207958221436,1.081142783164978,1.608686152651e-05,5.42629636822684,27940,,,,,,,,,,,
0.5563278198242188,0.9696493148803711,1.6062584967954944e-05,5.430180617595649,27960,,,,,,,,,,,
0.5219632625579834,1.0171931982040405,1.6038308409399884e-05,5.434064866964459,27980,,,,,,,,,,,
0.5127653121948242,1.0044867992401123,1.6014031850844823e-05,5.437949116333269,28000,,,,,,,,,,,
0.5059025287628174,0.8784772157669067,1.5989755292289766e-05,5.441833365702078,28020,,,,,,,,,,,
0.5549978256225586,0.9056573510169983,1.5965478733734706e-05,5.445717615070888,28040,,,,,,,,,,,
0.5924144268035889,0.9418741464614868,1.594120217517965e-05,5.449601864439697,28060,,,,,,,,,,,
0.5347472190856933,1.0065196752548218,1.591692561662459e-05,5.4534861138085065,28080,,,,,,,,,,,
0.5484820365905761,1.0471150875091553,1.5892649058069528e-05,5.457370363177316,28100,,,,,,,,,,,
0.5123528957366943,1.0004611015319824,1.586837249951447e-05,5.461254612546125,28120,,,,,,,,,,,
0.558437442779541,0.9144091010093689,1.584409594095941e-05,5.465138861914935,28140,,,,,,,,,,,
0.517881202697754,0.9915158748626709,1.5819819382404353e-05,5.469023111283745,28160,,,,,,,,,,,
0.5537337779998779,1.0374760627746582,1.579554282384929e-05,5.472907360652554,28180,,,,,,,,,,,
0.537307596206665,1.0038540363311768,1.5771266265294232e-05,5.476791610021364,28200,,,,,,,,,,,
0.5162533283233642,0.8619897961616516,1.5746989706739175e-05,5.480675859390173,28220,,,,,,,,,,,
0.5005273342132568,0.9797983169555664,1.5722713148184115e-05,5.484560108758982,28240,,,,,,,,,,,
0.5332382202148438,1.039664626121521,1.5698436589629054e-05,5.488444358127792,28260,,,,,,,,,,,
0.5336581230163574,1.0330389738082886,1.5674160031073994e-05,5.492328607496601,28280,,,,,,,,,,,
0.5387685775756836,1.0557528734207153,1.5649883472518936e-05,5.4962128568654105,28300,,,,,,,,,,,
0.5329912185668946,0.9290806651115417,1.562560691396388e-05,5.50009710623422,28320,,,,,,,,,,,
0.5573513984680176,0.9443742632865906,1.560133035540882e-05,5.503981355603029,28340,,,,,,,,,,,
0.5643238544464111,1.7610182762145996,1.557705379685376e-05,5.5078656049718395,28360,,,,,,,,,,,
0.5486217975616455,0.9232286810874939,1.5552777238298698e-05,5.511749854340649,28380,,,,,,,,,,,
0.5418843746185302,0.9957699775695801,1.552850067974364e-05,5.515634103709458,28400,,,,,,,,,,,
0.5250327110290527,1.012473464012146,1.550422412118858e-05,5.519518353078268,28420,,,,,,,,,,,
0.536509370803833,0.8964059352874756,1.547994756263352e-05,5.523402602447077,28440,,,,,,,,,,,
0.5110231876373291,0.9826192259788513,1.5455671004078463e-05,5.527286851815886,28460,,,,,,,,,,,
0.5158926010131836,0.9708356261253357,1.5431394445523402e-05,5.531171101184696,28480,,,,,,,,,,,
0.5204133510589599,1.030580759048462,1.5407117886968345e-05,5.535055350553505,28500,,,,,,,,,,,
0.5734704971313477,0.9438049793243408,1.5382841328413285e-05,5.538939599922315,28520,,,,,,,,,,,
0.5763350009918213,0.9010990262031555,1.5358564769858224e-05,5.542823849291125,28540,,,,,,,,,,,
0.5296967983245849,0.8502391576766968,1.5334288211303167e-05,5.546708098659934,28560,,,,,,,,,,,
0.5312357902526855,0.860569953918457,1.5310011652748107e-05,5.550592348028744,28580,,,,,,,,,,,
0.508570384979248,0.9873346090316772,1.528573509419305e-05,5.554476597397553,28600,,,,,,,,,,,
0.5069758892059326,1.028469443321228,1.526145853563799e-05,5.558360846766362,28620,,,,,,,,,,,
0.5209056377410889,1.031171202659607,1.5237181977082928e-05,5.562245096135172,28640,,,,,,,,,,,
0.5835530281066894,1.0769469738006592,1.521290541852787e-05,5.566129345503981,28660,,,,,,,,,,,
0.5371416091918946,0.9385911822319031,1.5188628859972811e-05,5.5700135948727905,28680,,,,,,,,,,,
0.5262091159820557,0.9669294953346252,1.5164352301417754e-05,5.5738978442416,28700,,,,,,,,,,,
0.5219595909118653,0.8552734851837158,1.5140075742862692e-05,5.57778209361041,28720,,,,,,,,,,,
0.5493450164794922,0.8860273361206055,1.5115799184307633e-05,5.5816663429792195,28740,,,,,,,,,,,
0.5355261325836181,0.8873022794723511,1.5091522625752574e-05,5.585550592348029,28760,,,,,,,,,,,
0.572554636001587,0.9706063270568848,1.5067246067197515e-05,5.589434841716838,28780,,,,,,,,,,,
0.5211031913757325,0.9678574204444885,1.5042969508642455e-05,5.593319091085648,28800,,,,,,,,,,,
0.4879937648773193,0.8902201652526855,1.5018692950087396e-05,5.597203340454457,28820,,,,,,,,,,,
0.5265608787536621,1.019005298614502,1.4994416391532337e-05,5.601087589823266,28840,,,,,,,,,,,
0.5238178253173829,1.1393616199493408,1.4970139832977278e-05,5.604971839192076,28860,,,,,,,,,,,
0.5143052101135254,0.8534290194511414,1.494586327442222e-05,5.608856088560886,28880,,,,,,,,,,,
0.5288818836212158,1.149051308631897,1.4921586715867159e-05,5.612740337929695,28900,,,,,,,,,,,
0.5354746341705322,1.0173568725585938,1.48973101573121e-05,5.616624587298505,28920,,,,,,,,,,,
0.52234787940979,0.9997822046279907,1.4873033598757041e-05,5.620508836667314,28940,,,,,,,,,,,
0.538427734375,0.9100375771522522,1.4848757040201983e-05,5.6243930860361235,28960,,,,,,,,,,,
0.5429895877838135,1.0507408380508423,1.482448048164692e-05,5.628277335404933,28980,,,,,,,,,,,
0.5565793514251709,1.0585172176361084,1.4800203923091863e-05,5.632161584773742,29000,,,,,,,,,,,
0.5317214965820313,1.0964936017990112,1.4775927364536805e-05,5.636045834142552,29020,,,,,,,,,,,
0.5277611255645752,0.9912554025650024,1.4751650805981746e-05,5.639930083511361,29040,,,,,,,,,,,
0.5430277824401856,1.0599538087844849,1.4727374247426687e-05,5.64381433288017,29060,,,,,,,,,,,
0.5152904510498046,0.8812285661697388,1.4703097688871625e-05,5.647698582248981,29080,,,,,,,,,,,
0.5296499729156494,1.176030158996582,1.4678821130316566e-05,5.65158283161779,29100,,,,,,,,,,,
0.5120595932006836,0.8844267725944519,1.4654544571761509e-05,5.6554670809865994,29120,,,,,,,,,,,
0.5379304885864258,1.1298054456710815,1.463026801320645e-05,5.659351330355409,29140,,,,,,,,,,,
0.5272624969482422,1.1061363220214844,1.4605991454651388e-05,5.663235579724218,29160,,,,,,,,,,,
0.5270412921905517,1.1518301963806152,1.4581714896096329e-05,5.667119829093028,29180,,,,,,,,,,,
0.5420180797576905,0.9781469106674194,1.455743833754127e-05,5.671004078461837,29200,,,,,,,,,,,
0.5242575168609619,0.967900276184082,1.4533161778986212e-05,5.674888327830646,29220,,,,,,,,,,,
0.519907808303833,0.9866508841514587,1.4508885220431154e-05,5.678772577199457,29240,,,,,,,,,,,
0.5312554836273193,0.9883012771606445,1.4484608661876092e-05,5.682656826568266,29260,,,,,,,,,,,
0.5101320743560791,0.9784836173057556,1.4460332103321033e-05,5.686541075937075,29280,,,,,,,,,,,
0.5262868881225586,0.9890556335449219,1.4436055544765975e-05,5.690425325305885,29300,,,,,,,,,,,
0.5142428398132324,1.0286167860031128,1.4411778986210916e-05,5.694309574674694,29320,,,,,,,,,,,
0.5427687644958497,1.0245329141616821,1.4387502427655855e-05,5.6981938240435035,29340,,,,,,,,,,,
0.5523868560791015,1.0485128164291382,1.4363225869100797e-05,5.702078073412313,29360,,,,,,,,,,,
0.5487336158752442,1.0025790929794312,1.4338949310545738e-05,5.705962322781122,29380,,,,,,,,,,,
0.5505706310272217,0.935863733291626,1.4314672751990679e-05,5.709846572149932,29400,,,,,,,,,,,
0.5332454204559326,1.0483977794647217,1.429039619343562e-05,5.713730821518741,29420,,,,,,,,,,,
0.5461203098297119,0.9694333672523499,1.426611963488056e-05,5.717615070887551,29440,,,,,,,,,,,
0.5233681201934814,0.8655381798744202,1.4241843076325501e-05,5.721499320256361,29460,,,,,,,,,,,
0.5201778411865234,0.9218243956565857,1.4217566517770442e-05,5.72538356962517,29480,,,,,,,,,,,
0.539400291442871,1.0408607721328735,1.4193289959215383e-05,5.729267818993979,29500,,,,,,,,,,,
0.5047875881195069,1.0180344581604004,1.4169013400660323e-05,5.733152068362789,29520,,,,,,,,,,,
0.5287000656127929,0.9506301879882812,1.4144736842105264e-05,5.737036317731598,29540,,,,,,,,,,,
0.5278761863708497,0.8643320798873901,1.4120460283550205e-05,5.7409205671004075,29560,,,,,,,,,,,
0.5505513668060302,0.8847072720527649,1.4096183724995146e-05,5.744804816469218,29580,,,,,,,,,,,
0.537224817276001,1.027095913887024,1.4071907166440084e-05,5.748689065838027,29600,,,,,,,,,,,
0.5241780281066895,0.9899747967720032,1.4047630607885025e-05,5.752573315206837,29620,,,,,,,,,,,
0.558288860321045,0.9435030817985535,1.4023354049329968e-05,5.756457564575646,29640,,,,,,,,,,,
0.5191754817962646,0.8779933452606201,1.399907749077491e-05,5.760341813944455,29660,,,,,,,,,,,
0.5227996826171875,1.0112947225570679,1.397480093221985e-05,5.764226063313265,29680,,,,,,,,,,,
0.48346643447875975,0.9028933644294739,1.3950524373664789e-05,5.768110312682074,29700,,,,,,,,,,,
0.5369280338287353,0.9455054998397827,1.392624781510973e-05,5.7719945620508835,29720,,,,,,,,,,,
0.5327293395996093,1.0393106937408447,1.3901971256554671e-05,5.775878811419693,29740,,,,,,,,,,,
0.511156702041626,1.0378690958023071,1.3877694697999614e-05,5.779763060788502,29760,,,,,,,,,,,
0.540700101852417,1.021079182624817,1.3853418139444552e-05,5.7836473101573125,29780,,,,,,,,,,,
0.5180275440216064,1.083317756652832,1.3829141580889493e-05,5.787531559526122,29800,,,,,,,,,,,
0.5159759044647216,1.0619423389434814,1.3804865022334434e-05,5.791415808894931,29820,,,,,,,,,,,
0.4975112438201904,1.074255108833313,1.3780588463779375e-05,5.795300058263741,29840,,,,,,,,,,,
0.5330985069274903,1.0054548978805542,1.3756311905224317e-05,5.79918430763255,29860,,,,,,,,,,,
0.5228850364685058,0.9834811687469482,1.3732035346669256e-05,5.803068557001359,29880,,,,,,,,,,,
0.5361782073974609,1.0078307390213013,1.3707758788114197e-05,5.806952806370169,29900,,,,,,,,,,,
0.49905953407287595,0.9957962036132812,1.3683482229559138e-05,5.810837055738978,29920,,,,,,,,,,,
0.5210937976837158,0.9691047072410583,1.365920567100408e-05,5.814721305107788,29940,,,,,,,,,,,
0.530673885345459,0.8379918932914734,1.363492911244902e-05,5.818605554476598,29960,,,,,,,,,,,
0.5217851161956787,0.8918710947036743,1.361065255389396e-05,5.822489803845407,29980,,,,,,,,,,,
0.5446038722991944,0.8955211043357849,1.3586375995338902e-05,5.8263740532142165,30000,,,,,,,,,,,
0.5184054374694824,1.005480408668518,1.3562099436783843e-05,5.830258302583026,30020,,,,,,,,,,,
0.5372683048248291,0.9761396050453186,1.3537822878228784e-05,5.834142551951835,30040,,,,,,,,,,,
0.5311016082763672,1.0806779861450195,1.3513546319673724e-05,5.838026801320645,30060,,,,,,,,,,,
0.545712947845459,1.009871006011963,1.3489269761118665e-05,5.841911050689454,30080,,,,,,,,,,,
0.523038911819458,0.8803496956825256,1.3464993202563606e-05,5.845795300058263,30100,,,,,,,,,,,
0.4836883544921875,1.0704313516616821,1.3440716644008547e-05,5.849679549427073,30120,,,,,,,,,,,
0.5238710880279541,1.0630707740783691,1.3416440085453485e-05,5.853563798795883,30140,,,,,,,,,,,
0.526805830001831,0.8322253227233887,1.3392163526898426e-05,5.8574480481646924,30160,,,,,,,,,,,
0.48719964027404783,0.9392235279083252,1.3367886968343369e-05,5.861332297533502,30180,,,,,,,,,,,
0.5448041915893554,0.9192658066749573,1.334361040978831e-05,5.865216546902311,30200,,,,,,,,,,,
0.5279401779174805,0.9786611795425415,1.3319333851233251e-05,5.869100796271121,30220,,,,,,,,,,,
0.5181069850921631,1.0148000717163086,1.329505729267819e-05,5.87298504563993,30240,,,,,,,,,,,
0.5199312210083008,0.9198731184005737,1.327078073412313e-05,5.876869295008739,30260,,,,,,,,,,,
0.5365486145019531,0.9294666647911072,1.3246504175568072e-05,5.880753544377549,30280,,,,,,,,,,,
0.5288067817687988,1.0486304759979248,1.3222227617013015e-05,5.884637793746359,30300,,,,,,,,,,,
0.5245460510253906,1.0110626220703125,1.3197951058457952e-05,5.888522043115168,30320,,,,,,,,,,,
0.518296766281128,0.9691872000694275,1.3173674499902894e-05,5.892406292483978,30340,,,,,,,,,,,
0.5310440540313721,1.0494439601898193,1.3149397941347835e-05,5.896290541852787,30360,,,,,,,,,,,
0.49858880043029785,0.9309943318367004,1.3125121382792776e-05,5.9001747912215965,30380,,,,,,,,,,,
0.5330119609832764,1.005860686302185,1.3100844824237717e-05,5.904059040590406,30400,,,,,,,,,,,
0.5359237194061279,1.2538748979568481,1.3076568265682657e-05,5.907943289959215,30420,,,,,,,,,,,
0.5019497871398926,0.995369017124176,1.3052291707127598e-05,5.911827539328025,30440,,,,,,,,,,,
0.5049554347991944,1.1136530637741089,1.3028015148572539e-05,5.915711788696834,30460,,,,,,,,,,,
0.5445745468139649,1.0727299451828003,1.300373859001748e-05,5.919596038065643,30480,,,,,,,,,,,
0.5111092567443848,1.0184326171875,1.297946203146242e-05,5.923480287434454,30500,,,,,,,,,,,
0.4997964859008789,1.0241172313690186,1.2955185472907361e-05,5.927364536803263,30520,,,,,,,,,,,
0.5008312702178955,1.0549083948135376,1.2930908914352302e-05,5.931248786172072,30540,,,,,,,,,,,
0.5292973518371582,1.0105429887771606,1.2906632355797243e-05,5.935133035540882,30560,,,,,,,,,,,
0.4965381145477295,1.002015471458435,1.2882355797242185e-05,5.939017284909691,30580,,,,,,,,,,,
0.5018435955047608,0.9234614968299866,1.2858079238687124e-05,5.9429015342785005,30600,,,,,,,,,,,
0.544195032119751,1.0676363706588745,1.2833802680132065e-05,5.94678578364731,30620,,,,,,,,,,,
0.5279056072235108,1.0557153224945068,1.2809526121577007e-05,5.950670033016119,30640,,,,,,,,,,,
0.5379086971282959,0.9895065426826477,1.2785249563021948e-05,5.95455428238493,30660,,,,,,,,,,,
0.5227407455444336,0.9085748791694641,1.2760973004466886e-05,5.958438531753739,30680,,,,,,,,,,,
0.5200047969818116,0.918050229549408,1.2736696445911827e-05,5.962322781122548,30700,,,,,,,,,,,
0.505560302734375,1.1436152458190918,1.271241988735677e-05,5.966207030491358,30720,,,,,,,,,,,
0.5084287643432617,0.9236369729042053,1.2688143328801711e-05,5.970091279860167,30740,,,,,,,,,,,
0.5331346035003662,0.9821799397468567,1.2663866770246652e-05,5.9739755292289765,30760,,,,,,,,,,,
0.5163281917572021,0.9954807758331299,1.263959021169159e-05,5.977859778597786,30780,,,,,,,,,,,
0.5488662242889404,0.9748052954673767,1.2615313653136531e-05,5.981744027966595,30800,,,,,,,,,,,
0.5428061962127686,1.0356323719024658,1.2591037094581472e-05,5.985628277335405,30820,,,,,,,,,,,
0.5230536937713623,0.9347590804100037,1.2566760536026415e-05,5.989512526704214,30840,,,,,,,,,,,
0.5558854103088379,0.909156858921051,1.2542483977471353e-05,5.993396776073024,30860,,,,,,,,,,,
0.4983560562133789,0.9705642461776733,1.2518207418916294e-05,5.997281025441834,30880,,,,,,,,,,,
,,,6.0,30894,1.3316210508346558,34.861868606873465,55.17913989596668,200.0197,17.023,1.065,,,,,
0.5404486656188965,0.872927725315094,1.2493930860361235e-05,6.001165274810643,30900,,,,,,,,,,,
0.47561354637145997,0.9631445407867432,1.2469654301806177e-05,6.005049524179452,30920,,,,,,,,,,,
0.5206548690795898,0.966693103313446,1.2445377743251118e-05,6.008933773548262,30940,,,,,,,,,,,
0.5101049900054931,0.9618050456047058,1.2421101184696059e-05,6.012818022917071,30960,,,,,,,,,,,
0.5125555992126465,0.8768476247787476,1.2396824626140999e-05,6.0167022722858805,30980,,,,,,,,,,,
0.523656177520752,1.321931004524231,1.237254806758594e-05,6.02058652165469,31000,,,,,,,,,,,
0.4922504901885986,0.9835690259933472,1.234827150903088e-05,6.0244707710235,31020,,,,,,,,,,,
0.5018805027008056,1.145603895187378,1.2323994950475822e-05,6.0283550203923095,31040,,,,,,,,,,,
0.508870792388916,1.034909963607788,1.2299718391920762e-05,6.032239269761119,31060,,,,,,,,,,,
0.5304900169372558,0.9884896874427795,1.2275441833365703e-05,6.036123519129928,31080,,,,,,,,,,,
0.4769545078277588,1.2044845819473267,1.2251165274810642e-05,6.040007768498738,31100,,,,,,,,,,,
0.4790708065032959,0.9627364873886108,1.2226888716255584e-05,6.043892017867547,31120,,,,,,,,,,,
0.509928035736084,0.8341251611709595,1.2202612157700525e-05,6.047776267236356,31140,,,,,,,,,,,
0.49823694229125975,0.9433649778366089,1.2178335599145466e-05,6.051660516605166,31160,,,,,,,,,,,
0.5081229686737061,0.8828188180923462,1.2154059040590407e-05,6.055544765973975,31180,,,,,,,,,,,
0.5282125473022461,0.8190154433250427,1.2129782482035347e-05,6.059429015342785,31200,,,,,,,,,,,
0.4825164318084717,0.8036792874336243,1.2105505923480288e-05,6.063313264711595,31220,,,,,,,,,,,
0.5114406108856201,1.0059516429901123,1.208122936492523e-05,6.067197514080404,31240,,,,,,,,,,,
0.5032479763031006,0.79613196849823,1.205695280637017e-05,6.071081763449214,31260,,,,,,,,,,,
0.5004988670349121,0.9988588094711304,1.203267624781511e-05,6.074966012818023,31280,,,,,,,,,,,
0.5112070560455322,1.0880837440490723,1.2008399689260051e-05,6.078850262186832,31300,,,,,,,,,,,
0.5157737731933594,0.9271962642669678,1.198412313070499e-05,6.082734511555642,31320,,,,,,,,,,,
0.5218907356262207,1.0134674310684204,1.1959846572149932e-05,6.086618760924451,31340,,,,,,,,,,,
0.5009133815765381,1.0019537210464478,1.1935570013594875e-05,6.0905030102932605,31360,,,,,,,,,,,
0.47454023361206055,1.0466545820236206,1.1911293455039814e-05,6.094387259662071,31380,,,,,,,,,,,
0.5115542411804199,1.0316895246505737,1.1887016896484755e-05,6.09827150903088,31400,,,,,,,,,,,
0.5254002094268799,0.9175514578819275,1.1862740337929695e-05,6.1021557583996895,31420,,,,,,,,,,,
0.4972545146942139,0.8623706102371216,1.1838463779374636e-05,6.106040007768499,31440,,,,,,,,,,,
0.4898693561553955,1.0166850090026855,1.1814187220819577e-05,6.109924257137308,31460,,,,,,,,,,,
0.5284253120422363,0.9854574799537659,1.1789910662264519e-05,6.113808506506118,31480,,,,,,,,,,,
0.5147416114807128,1.047753095626831,1.1765634103709458e-05,6.117692755874927,31500,,,,,,,,,,,
0.5295328617095947,0.9607717394828796,1.17413575451544e-05,6.121577005243736,31520,,,,,,,,,,,
0.5028520584106445,1.0115087032318115,1.171708098659934e-05,6.125461254612546,31540,,,,,,,,,,,
0.498794412612915,0.9410508275032043,1.1692804428044282e-05,6.129345503981356,31560,,,,,,,,,,,
0.5096108436584472,0.9222122430801392,1.1668527869489223e-05,6.133229753350165,31580,,,,,,,,,,,
0.49302964210510253,1.0365450382232666,1.1644251310934162e-05,6.137114002718975,31600,,,,,,,,,,,
0.4921290397644043,0.9945968389511108,1.1619974752379104e-05,6.140998252087784,31620,,,,,,,,,,,
0.47196407318115235,1.0858187675476074,1.1595698193824043e-05,6.1448825014565935,31640,,,,,,,,,,,
0.466660737991333,1.0624877214431763,1.1571421635268984e-05,6.148766750825403,31660,,,,,,,,,,,
0.5506360530853271,0.9812467694282532,1.1547145076713926e-05,6.152651000194212,31680,,,,,,,,,,,
0.5057230472564698,0.8950989246368408,1.1522868518158867e-05,6.156535249563022,31700,,,,,,,,,,,
0.5324231624603272,0.8678128719329834,1.1498591959603808e-05,6.160419498931831,31720,,,,,,,,,,,
0.5059664249420166,0.8858650326728821,1.1474315401048747e-05,6.164303748300641,31740,,,,,,,,,,,
0.4804356098175049,0.8777443766593933,1.1450038842493689e-05,6.168187997669451,31760,,,,,,,,,,,
0.507032823562622,0.8585951924324036,1.142576228393863e-05,6.17207224703826,31780,,,,,,,,,,,
0.5259248733520507,0.9492639899253845,1.1401485725383571e-05,6.1759564964070695,31800,,,,,,,,,,,
0.4866925239562988,0.7973735928535461,1.137720916682851e-05,6.179840745775879,31820,,,,,,,,,,,
0.5135213375091553,0.9593974351882935,1.1352932608273452e-05,6.183724995144688,31840,,,,,,,,,,,
0.530023717880249,1.0698868036270142,1.1328656049718391e-05,6.187609244513498,31860,,,,,,,,,,,
0.46747641563415526,1.0434272289276123,1.1304379491163332e-05,6.191493493882307,31880,,,,,,,,,,,
0.4743840217590332,0.831818699836731,1.1280102932608275e-05,6.195377743251116,31900,,,,,,,,,,,
0.48106064796447756,0.933463990688324,1.1255826374053215e-05,6.199261992619927,31920,,,,,,,,,,,
0.5098313808441162,1.0978320837020874,1.1231549815498156e-05,6.203146241988736,31940,,,,,,,,,,,
0.46942925453186035,1.06690514087677,1.1207273256943096e-05,6.207030491357545,31960,,,,,,,,,,,
0.5065251350402832,1.1662729978561401,1.1182996698388037e-05,6.210914740726355,31980,,,,,,,,,,,
0.5281135082244873,0.9559981226921082,1.1158720139832978e-05,6.214798990095164,32000,,,,,,,,,,,
0.47643723487854006,0.8682658672332764,1.113444358127792e-05,6.2186832394639735,32020,,,,,,,,,,,
0.4985182285308838,0.9066327214241028,1.1110167022722859e-05,6.222567488832783,32040,,,,,,,,,,,
0.506260871887207,0.9982740879058838,1.10858904641678e-05,6.226451738201592,32060,,,,,,,,,,,
0.5313365459442139,0.8312526941299438,1.106161390561274e-05,6.230335987570402,32080,,,,,,,,,,,
0.48698959350585935,0.9929916858673096,1.1037337347057682e-05,6.234220236939212,32100,,,,,,,,,,,
0.5114269733428956,0.9609246253967285,1.1013060788502624e-05,6.238104486308021,32120,,,,,,,,,,,
0.5054353713989258,0.980474591255188,1.0988784229947563e-05,6.241988735676831,32140,,,,,,,,,,,
0.5029202461242676,1.0349589586257935,1.0964507671392504e-05,6.24587298504564,32160,,,,,,,,,,,
0.4724432945251465,1.0592788457870483,1.0940231112837444e-05,6.249757234414449,32180,,,,,,,,,,,
0.5053966999053955,1.025166630744934,1.0915954554282385e-05,6.253641483783259,32200,,,,,,,,,,,
0.5023280143737793,0.8444942235946655,1.0891677995727326e-05,6.257525733152068,32220,,,,,,,,,,,
0.495652961730957,0.8939637541770935,1.0867401437172267e-05,6.2614099825208775,32240,,,,,,,,,,,
0.5035082817077636,1.0009406805038452,1.0843124878617207e-05,6.265294231889687,32260,,,,,,,,,,,
0.5107053756713867,1.065922498703003,1.0818848320062148e-05,6.269178481258497,32280,,,,,,,,,,,
0.5021182537078858,0.9303630590438843,1.079457176150709e-05,6.273062730627307,32300,,,,,,,,,,,
0.5022705554962158,0.9977067112922668,1.077029520295203e-05,6.276946979996116,32320,,,,,,,,,,,
0.5081624031066895,0.9629386067390442,1.0746018644396972e-05,6.280831229364925,32340,,,,,,,,,,,
0.5309423446655274,1.0883100032806396,1.0721742085841911e-05,6.284715478733735,32360,,,,,,,,,,,
0.4816882610321045,1.0365060567855835,1.0697465527286852e-05,6.288599728102544,32380,,,,,,,,,,,
0.5126603603363037,1.0169321298599243,1.0673188968731792e-05,6.2924839774713535,32400,,,,,,,,,,,
0.5277955532073975,1.04063880443573,1.0648912410176735e-05,6.296368226840163,32420,,,,,,,,,,,
0.5179827213287354,0.9101924300193787,1.0624635851621674e-05,6.300252476208972,32440,,,,,,,,,,,
0.46857051849365233,0.9484058618545532,1.0600359293066616e-05,6.3041367255777825,32460,,,,,,,,,,,
0.486220121383667,1.1504626274108887,1.0576082734511557e-05,6.308020974946592,32480,,,,,,,,,,,
0.5051998615264892,1.0387389659881592,1.0551806175956496e-05,6.311905224315401,32500,,,,,,,,,,,
0.5045998573303223,0.9490470290184021,1.0527529617401437e-05,6.315789473684211,32520,,,,,,,,,,,
0.4987645626068115,0.8466402888298035,1.0503253058846379e-05,6.31967372305302,32540,,,,,,,,,,,
0.4855344295501709,0.8466766476631165,1.047897650029132e-05,6.323557972421829,32560,,,,,,,,,,,
0.5024991035461426,0.938165545463562,1.045469994173626e-05,6.327442221790639,32580,,,,,,,,,,,
0.5180098533630371,0.9090849161148071,1.04304233831812e-05,6.331326471159448,32600,,,,,,,,,,,
0.49780726432800293,0.986975908279419,1.040614682462614e-05,6.3352107205282575,32620,,,,,,,,,,,
0.5196916580200195,0.982928454875946,1.0381870266071083e-05,6.339094969897068,32640,,,,,,,,,,,
0.5022021770477295,0.7187232971191406,1.0357593707516024e-05,6.342979219265877,32660,,,,,,,,,,,
0.5135798931121827,0.9593172073364258,1.0333317148960964e-05,6.3468634686346865,32680,,,,,,,,,,,
0.4851372241973877,1.0256060361862183,1.0309040590405905e-05,6.350747718003496,32700,,,,,,,,,,,
0.4797817230224609,0.9678381085395813,1.0284764031850844e-05,6.354631967372305,32720,,,,,,,,,,,
0.5274416923522949,0.9247269630432129,1.0260487473295786e-05,6.358516216741115,32740,,,,,,,,,,,
0.5235775470733642,0.9017224907875061,1.0236210914740727e-05,6.362400466109924,32760,,,,,,,,,,,
0.4921696662902832,0.946058452129364,1.0211934356185668e-05,6.366284715478733,32780,,,,,,,,,,,
0.4931942939758301,0.851197361946106,1.0187657797630608e-05,6.370168964847543,32800,,,,,,,,,,,
0.5483678817749024,0.9328558444976807,1.0163381239075549e-05,6.374053214216353,32820,,,,,,,,,,,
0.4924191951751709,1.0093743801116943,1.013910468052049e-05,6.3779374635851624,32840,,,,,,,,,,,
0.48162131309509276,0.9509232044219971,1.0114828121965431e-05,6.381821712953972,32860,,,,,,,,,,,
0.4865098476409912,0.9700645208358765,1.0090551563410372e-05,6.385705962322781,32880,,,,,,,,,,,
0.5052961349487305,1.0345263481140137,1.0066275004855312e-05,6.389590211691591,32900,,,,,,,,,,,
0.49208269119262693,0.9392439723014832,1.0041998446300253e-05,6.3934744610604,32920,,,,,,,,,,,
0.481537914276123,1.0117632150650024,1.0017721887745193e-05,6.397358710429209,32940,,,,,,,,,,,
0.4806769371032715,0.9036691784858704,9.993445329190136e-06,6.401242959798019,32960,,,,,,,,,,,
0.5240140438079834,0.94905686378479,9.969168770635075e-06,6.405127209166828,32980,,,,,,,,,,,
0.4796001434326172,0.8727754354476929,9.944892212080016e-06,6.409011458535638,33000,,,,,,,,,,,
0.4997901439666748,1.1238017082214355,9.920615653524956e-06,6.412895707904448,33020,,,,,,,,,,,
0.5071332931518555,1.0983562469482422,9.896339094969897e-06,6.416779957273257,33040,,,,,,,,,,,
0.47725300788879393,0.9629255533218384,9.872062536414838e-06,6.4206642066420665,33060,,,,,,,,,,,
0.5057902812957764,1.0213642120361328,9.84778597785978e-06,6.424548456010876,33080,,,,,,,,,,,
0.4946137428283691,1.006340742111206,9.82350941930472e-06,6.428432705379685,33100,,,,,,,,,,,
0.4921530246734619,0.9313050508499146,9.79923286074966e-06,6.432316954748495,33120,,,,,,,,,,,
0.47014703750610354,0.998642086982727,9.774956302194601e-06,6.436201204117304,33140,,,,,,,,,,,
0.4785908699035645,1.0448124408721924,9.750679743639542e-06,6.440085453486114,33160,,,,,,,,,,,
0.4964596271514893,0.7785367369651794,9.726403185084484e-06,6.443969702854924,33180,,,,,,,,,,,
0.49326062202453613,1.0940221548080444,9.702126626529423e-06,6.447853952223733,33200,,,,,,,,,,,
0.4817498207092285,0.823765754699707,9.677850067974364e-06,6.451738201592542,33220,,,,,,,,,,,
0.5201113224029541,1.1032997369766235,9.653573509419306e-06,6.455622450961352,33240,,,,,,,,,,,
0.4745133876800537,1.063815712928772,9.629296950864245e-06,6.459506700330161,33260,,,,,,,,,,,
0.46686553955078125,0.9173435568809509,9.605020392309188e-06,6.4633909496989705,33280,,,,,,,,,,,
0.4999640464782715,1.048285961151123,9.580743833754128e-06,6.46727519906778,33300,,,,,,,,,,,
0.4488339424133301,0.950505256652832,9.556467275199069e-06,6.471159448436589,33320,,,,,,,,,,,
0.5011199474334717,1.047555923461914,9.532190716644008e-06,6.475043697805399,33340,,,,,,,,,,,
0.4794774055480957,0.8515894412994385,9.50791415808895e-06,6.478927947174209,33360,,,,,,,,,,,
0.5144282817840576,0.992638349533081,9.48363759953389e-06,6.482812196543018,33380,,,,,,,,,,,
0.49042539596557616,1.1440720558166504,9.459361040978832e-06,6.486696445911828,33400,,,,,,,,,,,
0.5041949272155761,1.1093825101852417,9.435084482423773e-06,6.490580695280637,33420,,,,,,,,,,,
0.496885347366333,0.902508020401001,9.410807923868713e-06,6.4944649446494465,33440,,,,,,,,,,,
0.5073739528656006,1.0382928848266602,9.386531365313654e-06,6.498349194018256,33460,,,,,,,,,,,
0.5198458194732666,0.8301967978477478,9.362254806758595e-06,6.502233443387065,33480,,,,,,,,,,,
0.45825910568237305,0.9511454105377197,9.337978248203536e-06,6.506117692755875,33500,,,,,,,,,,,
0.48152918815612794,0.8702957034111023,9.313701689648476e-06,6.510001942124685,33520,,,,,,,,,,,
0.49873881340026854,0.9307417869567871,9.289425131093417e-06,6.513886191493494,33540,,,,,,,,,,,
0.4733146667480469,0.9393722414970398,9.265148572538356e-06,6.517770440862304,33560,,,,,,,,,,,
0.47079834938049314,0.9438911080360413,9.240872013983298e-06,6.521654690231113,33580,,,,,,,,,,,
0.4746879577636719,0.907854437828064,9.216595455428239e-06,6.525538939599922,33600,,,,,,,,,,,
0.5119898796081543,1.083632469177246,9.19231889687318e-06,6.529423188968732,33620,,,,,,,,,,,
0.4853250980377197,0.9263249039649963,9.168042338318121e-06,6.533307438337541,33640,,,,,,,,,,,
0.5002177238464356,0.8681789040565491,9.14376577976306e-06,6.5371916877063505,33660,,,,,,,,,,,
0.511882209777832,1.0305646657943726,9.119489221208002e-06,6.54107593707516,33680,,,,,,,,,,,
0.46938204765319824,0.9488099217414856,9.095212662652943e-06,6.544960186443969,33700,,,,,,,,,,,
0.5405576229095459,1.0729751586914062,9.070936104097884e-06,6.5488444358127795,33720,,,,,,,,,,,
0.49863247871398925,1.1755716800689697,9.046659545542824e-06,6.552728685181589,33740,,,,,,,,,,,
0.5033244132995606,1.0767427682876587,9.022382986987765e-06,6.556612934550398,33760,,,,,,,,,,,
0.49562726020812986,1.4254567623138428,8.998106428432705e-06,6.560497183919208,33780,,,,,,,,,,,
0.47267613410949705,1.0293229818344116,8.973829869877646e-06,6.564381433288017,33800,,,,,,,,,,,
0.4895937442779541,1.1125177145004272,8.949553311322589e-06,6.568265682656826,33820,,,,,,,,,,,
0.4685260772705078,0.9743205904960632,8.925276752767528e-06,6.572149932025636,33840,,,,,,,,,,,
0.45479044914245603,0.9396331310272217,8.90100019421247e-06,6.576034181394445,33860,,,,,,,,,,,
0.5215878486633301,1.1008130311965942,8.876723635657409e-06,6.579918430763255,33880,,,,,,,,,,,
0.5195029735565185,0.8747119903564453,8.85244707710235e-06,6.583802680132065,33900,,,,,,,,,,,
0.49494199752807616,1.097619652748108,8.828170518547291e-06,6.587686929500874,33920,,,,,,,,,,,
0.4783477306365967,1.031701683998108,8.803893959992233e-06,6.591571178869684,33940,,,,,,,,,,,
0.520443344116211,0.9196048378944397,8.779617401437172e-06,6.595455428238493,33960,,,,,,,,,,,
0.4828653812408447,0.9991723299026489,8.755340842882113e-06,6.599339677607302,33980,,,,,,,,,,,
0.4536894798278809,1.0607020854949951,8.731064284327054e-06,6.603223926976112,34000,,,,,,,,,,,
0.4872276306152344,1.0182710886001587,8.706787725771996e-06,6.607108176344921,34020,,,,,,,,,,,
0.4971744537353516,0.9397662281990051,8.682511167216937e-06,6.6109924257137305,34040,,,,,,,,,,,
0.4847658634185791,0.8763161301612854,8.658234608661876e-06,6.61487667508254,34060,,,,,,,,,,,
0.49013819694519045,0.865992546081543,8.633958050106818e-06,6.61876092445135,34080,,,,,,,,,,,
0.42637977600097654,0.9315534234046936,8.609681491551757e-06,6.6226451738201595,34100,,,,,,,,,,,
0.4812809467315674,0.9759067296981812,8.585404932996698e-06,6.626529423188969,34120,,,,,,,,,,,
0.4537070274353027,0.8629645705223083,8.56112837444164e-06,6.630413672557778,34140,,,,,,,,,,,
0.4798855781555176,0.9358064532279968,8.53685181588658e-06,6.634297921926588,34160,,,,,,,,,,,
0.5123302459716796,0.8944832682609558,8.512575257331522e-06,6.638182171295397,34180,,,,,,,,,,,
0.5122859954833985,0.9781423807144165,8.488298698776461e-06,6.642066420664206,34200,,,,,,,,,,,
0.43582725524902344,0.9008404612541199,8.464022140221403e-06,6.645950670033016,34220,,,,,,,,,,,
0.4709418773651123,1.0562613010406494,8.439745581666344e-06,6.649834919401826,34240,,,,,,,,,,,
0.4903851509094238,1.0238202810287476,8.415469023111285e-06,6.653719168770635,34260,,,,,,,,,,,
0.4510950088500977,0.9493770003318787,8.391192464556225e-06,6.657603418139445,34280,,,,,,,,,,,
0.49631175994873045,0.8594256043434143,8.366915906001166e-06,6.661487667508254,34300,,,,,,,,,,,
0.4466958999633789,0.9061087369918823,8.342639347446105e-06,6.6653719168770635,34320,,,,,,,,,,,
0.4702915191650391,0.9515403509140015,8.318362788891048e-06,6.669256166245873,34340,,,,,,,,,,,
0.4835794925689697,0.969864010810852,8.294086230335988e-06,6.673140415614682,34360,,,,,,,,,,,
0.482037353515625,0.9201018810272217,8.269809671780929e-06,6.677024664983492,34380,,,,,,,,,,,
0.48865389823913574,0.9532948732376099,8.24553311322587e-06,6.680908914352301,34400,,,,,,,,,,,
0.48868756294250487,0.9300345182418823,8.22125655467081e-06,6.68479316372111,34420,,,,,,,,,,,
0.47551617622375486,0.9711804986000061,8.19697999611575e-06,6.688677413089921,34440,,,,,,,,,,,
0.4824080467224121,0.9193551540374756,8.172703437560692e-06,6.69256166245873,34460,,,,,,,,,,,
0.4783041477203369,0.8541761636734009,8.148426879005633e-06,6.6964459118275395,34480,,,,,,,,,,,
0.4722099304199219,1.0703247785568237,8.124150320450573e-06,6.700330161196349,34500,,,,,,,,,,,
0.49860615730285646,1.06160306930542,8.099873761895514e-06,6.704214410565158,34520,,,,,,,,,,,
0.4779088020324707,0.8623917102813721,8.075597203340453e-06,6.708098659933968,34540,,,,,,,,,,,
0.4861727237701416,0.944937527179718,8.051320644785396e-06,6.711982909302777,34560,,,,,,,,,,,
0.5095914840698242,0.9637342095375061,8.027044086230337e-06,6.715867158671586,34580,,,,,,,,,,,
0.4823293209075928,0.8776693344116211,8.002767527675277e-06,6.719751408040397,34600,,,,,,,,,,,
0.487924861907959,0.8811337947845459,7.978490969120218e-06,6.723635657409206,34620,,,,,,,,,,,
0.48313198089599607,0.8946707248687744,7.954214410565158e-06,6.727519906778015,34640,,,,,,,,,,,
0.4860104560852051,0.9777524471282959,7.929937852010099e-06,6.731404156146825,34660,,,,,,,,,,,
0.49323573112487795,0.9821956753730774,7.90566129345504e-06,6.735288405515634,34680,,,,,,,,,,,
0.49309391975402833,1.1176018714904785,7.881384734899981e-06,6.7391726548844435,34700,,,,,,,,,,,
0.4685496807098389,1.0950337648391724,7.857108176344921e-06,6.743056904253253,34720,,,,,,,,,,,
0.44128665924072263,1.0130972862243652,7.832831617789862e-06,6.746941153622062,34740,,,,,,,,,,,
0.4866781711578369,1.1597976684570312,7.808555059234803e-06,6.750825402990872,34760,,,,,,,,,,,
0.4991116523742676,0.9579465985298157,7.784278500679744e-06,6.754709652359681,34780,,,,,,,,,,,
0.5002789497375488,0.9913685321807861,7.760001942124686e-06,6.758593901728491,34800,,,,,,,,,,,
0.487764835357666,0.9585673809051514,7.735725383569625e-06,6.762478151097301,34820,,,,,,,,,,,
0.4862530708312988,0.9176068902015686,7.711448825014566e-06,6.76636240046611,34840,,,,,,,,,,,
0.44506015777587893,1.0066243410110474,7.687172266459506e-06,6.770246649834919,34860,,,,,,,,,,,
0.5008872509002685,0.9018383026123047,7.662895707904449e-06,6.774130899203729,34880,,,,,,,,,,,
0.46841959953308104,1.0662271976470947,7.638619149349388e-06,6.778015148572538,34900,,,,,,,,,,,
0.47032718658447265,0.8854032158851624,7.6143425907943295e-06,6.7818993979413476,34920,,,,,,,,,,,
0.5110695838928223,0.9428858757019043,7.590066032239271e-06,6.785783647310157,34940,,,,,,,,,,,
0.4507859706878662,0.8777399659156799,7.565789473684211e-06,6.789667896678967,34960,,,,,,,,,,,
0.49663400650024414,0.9894300103187561,7.541512915129152e-06,6.793552146047777,34980,,,,,,,,,,,
0.47583684921264646,0.8502065539360046,7.517236356574092e-06,6.797436395416586,35000,,,,,,,,,,,
0.4463197231292725,0.8606430888175964,7.492959798019034e-06,6.801320644785395,35020,,,,,,,,,,,
0.495335054397583,1.0165514945983887,7.468683239463973e-06,6.805204894154205,35040,,,,,,,,,,,
0.49001736640930177,1.1070070266723633,7.4444066809089145e-06,6.809089143523014,35060,,,,,,,,,,,
0.4768761157989502,0.9380286335945129,7.420130122353855e-06,6.8129733928918235,35080,,,,,,,,,,,
0.5143898487091064,1.9472692012786865,7.395853563798796e-06,6.816857642260633,35100,,,,,,,,,,,
0.475435733795166,0.9208143949508667,7.3715770052437365e-06,6.820741891629442,35120,,,,,,,,,,,
0.4996785163879395,0.9018738269805908,7.347300446688678e-06,6.824626140998252,35140,,,,,,,,,,,
0.49461984634399414,0.8395591974258423,7.323023888133619e-06,6.828510390367062,35160,,,,,,,,,,,
0.47967023849487306,1.068617582321167,7.298747329578559e-06,6.832394639735871,35180,,,,,,,,,,,
0.4938817977905273,0.8727091550827026,7.2744707710235004e-06,6.836278889104681,35200,,,,,,,,,,,
0.49245491027832033,0.9004002213478088,7.250194212468441e-06,6.84016313847349,35220,,,,,,,,,,,
0.47754955291748047,0.964995265007019,7.225917653913382e-06,6.844047387842299,35240,,,,,,,,,,,
0.467436408996582,0.9048464298248291,7.2016410953583215e-06,6.847931637211109,35260,,,,,,,,,,,
0.48273477554321287,0.9285402297973633,7.1773645368032636e-06,6.851815886579918,35280,,,,,,,,,,,
0.4630854606628418,0.9413732290267944,7.153087978248203e-06,6.855700135948728,35300,,,,,,,,,,,
0.5195942878723144,0.9294522404670715,7.128811419693144e-06,6.859584385317538,35320,,,,,,,,,,,
0.5133584499359131,1.0300352573394775,7.104534861138086e-06,6.863468634686347,35340,,,,,,,,,,,
0.5105648994445801,0.8866113424301147,7.080258302583026e-06,6.8673528840551565,35360,,,,,,,,,,,
0.4988089561462402,1.0757458209991455,7.055981744027967e-06,6.871237133423966,35380,,,,,,,,,,,
0.5239073276519776,1.0159519910812378,7.031705185472907e-06,6.875121382792775,35400,,,,,,,,,,,
0.4629706382751465,1.4789246320724487,7.007428626917849e-06,6.879005632161585,35420,,,,,,,,,,,
0.500025463104248,0.9681600332260132,6.983152068362789e-06,6.882889881530394,35440,,,,,,,,,,,
0.4679539203643799,0.9289286136627197,6.95887550980773e-06,6.886774130899203,35460,,,,,,,,,,,
0.49422779083251955,0.9723815321922302,6.9345989512526705e-06,6.890658380268013,35480,,,,,,,,,,,
0.4610433578491211,0.8515041470527649,6.910322392697612e-06,6.894542629636823,35500,,,,,,,,,,,
0.48105778694152834,0.9374014735221863,6.886045834142553e-06,6.8984268790056325,35520,,,,,,,,,,,
0.5433824539184571,0.9062678217887878,6.861769275587493e-06,6.902311128374442,35540,,,,,,,,,,,
0.5318121910095215,0.9414905309677124,6.8374927170324345e-06,6.906195377743251,35560,,,,,,,,,,,
0.5204100608825684,0.9758935570716858,6.813216158477374e-06,6.910079627112061,35580,,,,,,,,,,,
0.47499561309814453,1.1134024858474731,6.788939599922316e-06,6.91396387648087,35600,,,,,,,,,,,
0.4920624256134033,0.8529280424118042,6.7646630413672556e-06,6.917848125849679,35620,,,,,,,,,,,
0.44855027198791503,0.9561595320701599,6.740386482812197e-06,6.921732375218489,35640,,,,,,,,,,,
0.4844472408294678,0.9524800777435303,6.716109924257137e-06,6.925616624587299,35660,,,,,,,,,,,
0.49461894035339354,0.8964247107505798,6.691833365702078e-06,6.929500873956108,35680,,,,,,,,,,,
0.4598698139190674,1.013505458831787,6.667556807147019e-06,6.933385123324918,35700,,,,,,,,,,,
0.47380819320678713,1.0101045370101929,6.64328024859196e-06,6.937269372693727,35720,,,,,,,,,,,
0.4883232593536377,0.8297133445739746,6.619003690036901e-06,6.9411536220625365,35740,,,,,,,,,,,
0.5067525863647461,0.9878571629524231,6.5947271314818415e-06,6.945037871431346,35760,,,,,,,,,,,
0.4518420219421387,0.8702405691146851,6.570450572926783e-06,6.948922120800155,35780,,,,,,,,,,,
0.45040273666381836,1.0123090744018555,6.546174014371723e-06,6.952806370168965,35800,,,,,,,,,,,
0.4721048831939697,0.8171089291572571,6.521897455816664e-06,6.956690619537774,35820,,,,,,,,,,,
0.526065444946289,1.0758824348449707,6.497620897261604e-06,6.960574868906583,35840,,,,,,,,,,,
0.4731238842010498,0.9321648478507996,6.473344338706546e-06,6.964459118275394,35860,,,,,,,,,,,
0.4962753772735596,1.0465503931045532,6.449067780151485e-06,6.968343367644203,35880,,,,,,,,,,,
0.48551278114318847,0.9879239201545715,6.4247912215964265e-06,6.972227617013012,35900,,,,,,,,,,,
0.45925655364990237,1.0152608156204224,6.4005146630413686e-06,6.976111866381822,35920,,,,,,,,,,,
0.5058724403381347,0.9469876885414124,6.376238104486308e-06,6.979996115750631,35940,,,,,,,,,,,
0.49709696769714357,1.002357840538025,6.351961545931249e-06,6.9838803651194405,35960,,,,,,,,,,,
0.48390970230102537,1.0937085151672363,6.32768498737619e-06,6.98776461448825,35980,,,,,,,,,,,
0.4793055534362793,1.0075377225875854,6.303408428821131e-06,6.991648863857059,36000,,,,,,,,,,,
0.46747546195983886,0.8953387141227722,6.279131870266071e-06,6.99553311322587,36020,,,,,,,,,,,
0.48500885963439944,0.9398908019065857,6.254855311711012e-06,6.999417362594679,36040,,,,,,,,,,,
,,,7.0,36043,1.3496434688568115,36.718530484782384,56.257520966916715,197.7851,17.216,1.077,,,,,
0.4577230453491211,0.8999940156936646,6.230578753155953e-06,7.003301611963488,36060,,,,,,,,,,,
0.45986113548278806,0.9190580248832703,6.206302194600894e-06,7.007185861332298,36080,,,,,,,,,,,
0.4703104496002197,1.0140806436538696,6.182025636045834e-06,7.011070110701107,36100,,,,,,,,,,,
0.4821793079376221,0.9433611631393433,6.157749077490775e-06,7.0149543600699165,36120,,,,,,,,,,,
0.49724740982055665,0.9300647974014282,6.133472518935716e-06,7.018838609438726,36140,,,,,,,,,,,
0.4642047882080078,0.8978752493858337,6.109195960380656e-06,7.022722858807535,36160,,,,,,,,,,,
0.5226273536682129,1.1175271272659302,6.0849194018255974e-06,7.026607108176345,36180,,,,,,,,,,,
0.4866590976715088,0.8984248638153076,6.060642843270539e-06,7.030491357545154,36200,,,,,,,,,,,
0.4569866180419922,0.9872763752937317,6.036366284715479e-06,7.034375606913964,36220,,,,,,,,,,,
0.4677638053894043,1.0310043096542358,6.01208972616042e-06,7.038259856282774,36240,,,,,,,,,,,
0.46417531967163084,0.9135858416557312,5.9878131676053606e-06,7.042144105651583,36260,,,,,,,,,,,
0.47445878982543943,0.8475008606910706,5.963536609050301e-06,7.046028355020392,36280,,,,,,,,,,,
0.4782432556152344,0.9909460544586182,5.939260050495242e-06,7.049912604389202,36300,,,,,,,,,,,
0.45470285415649414,0.9558941125869751,5.9149834919401825e-06,7.053796853758011,36320,,,,,,,,,,,
0.4894223690032959,0.8781337738037109,5.890706933385124e-06,7.0576811031268205,36340,,,,,,,,,,,
0.4672367572784424,1.0234031677246094,5.866430374830064e-06,7.06156535249563,36360,,,,,,,,,,,
0.4618948459625244,0.8417747020721436,5.842153816275005e-06,7.065449601864439,36380,,,,,,,,,,,
0.44208650588989257,0.9294877648353577,5.8178772577199465e-06,7.0693338512332495,36400,,,,,,,,,,,
0.4551224231719971,0.8579033613204956,5.793600699164887e-06,7.073218100602059,36420,,,,,,,,,,,
0.4505131244659424,0.859515368938446,5.769324140609827e-06,7.077102349970868,36440,,,,,,,,,,,
0.5023111820220947,0.9384522438049316,5.745047582054768e-06,7.080986599339678,36460,,,,,,,,,,,
0.44730629920959475,1.0530970096588135,5.720771023499709e-06,7.084870848708487,36480,,,,,,,,,,,
0.48378405570983884,1.050478458404541,5.69649446494465e-06,7.088755098077296,36500,,,,,,,,,,,
0.4936046123504639,1.0746238231658936,5.67221790638959e-06,7.092639347446106,36520,,,,,,,,,,,
0.47171897888183595,1.044719934463501,5.647941347834531e-06,7.096523596814915,36540,,,,,,,,,,,
0.4671333789825439,0.9785075783729553,5.623664789279473e-06,7.100407846183725,36560,,,,,,,,,,,
0.48675036430358887,0.9592002034187317,5.599388230724413e-06,7.104292095552535,36580,,,,,,,,,,,
0.47055692672729493,0.8965885043144226,5.575111672169353e-06,7.108176344921344,36600,,,,,,,,,,,
0.47925710678100586,0.7951928377151489,5.550835113614295e-06,7.112060594290154,36620,,,,,,,,,,,
0.45197234153747556,0.9696466326713562,5.526558555059235e-06,7.115944843658963,36640,,,,,,,,,,,
0.4607210636138916,0.9162629246711731,5.502281996504176e-06,7.119829093027772,36660,,,,,,,,,,,
0.43660597801208495,0.9212566614151001,5.4780054379491165e-06,7.123713342396582,36680,,,,,,,,,,,
0.46834850311279297,0.8452069163322449,5.453728879394057e-06,7.127597591765391,36700,,,,,,,,,,,
0.45073208808898924,1.0325785875320435,5.429452320838998e-06,7.1314818411342005,36720,,,,,,,,,,,
0.43779816627502444,0.952643871307373,5.4051757622839385e-06,7.135366090503011,36740,,,,,,,,,,,
0.4831601619720459,0.8854461908340454,5.38089920372888e-06,7.13925033987182,36760,,,,,,,,,,,
0.4786247730255127,0.8137860894203186,5.356622645173821e-06,7.1431345892406295,36780,,,,,,,,,,,
0.4540430545806885,0.8945973515510559,5.332346086618761e-06,7.147018838609439,36800,,,,,,,,,,,
0.4665802001953125,0.8679265975952148,5.3080695280637024e-06,7.150903087978248,36820,,,,,,,,,,,
0.5122417449951172,0.9804285168647766,5.283792969508643e-06,7.154787337347058,36840,,,,,,,,,,,
0.4834569454193115,0.9561794400215149,5.259516410953583e-06,7.158671586715867,36860,,,,,,,,,,,
0.4535225391387939,1.0064022541046143,5.235239852398524e-06,7.162555836084676,36880,,,,,,,,,,,
0.465618896484375,1.0861647129058838,5.210963293843465e-06,7.166440085453486,36900,,,,,,,,,,,
0.4694769859313965,0.8378170132637024,5.186686735288405e-06,7.170324334822295,36920,,,,,,,,,,,
0.45694379806518554,0.9552074074745178,5.162410176733347e-06,7.174208584191105,36940,,,,,,,,,,,
0.47430758476257323,0.9269530773162842,5.1381336181782875e-06,7.178092833559915,36960,,,,,,,,,,,
0.49166154861450195,0.9384074807167053,5.113857059623228e-06,7.181977082928724,36980,,,,,,,,,,,
0.48685240745544434,1.0173221826553345,5.089580501068169e-06,7.1858613322975335,37000,,,,,,,,,,,
0.4499528408050537,0.9222943186759949,5.065303942513109e-06,7.189745581666343,37020,,,,,,,,,,,
0.4515113353729248,0.9425328969955444,5.041027383958051e-06,7.193629831035152,37040,,,,,,,,,,,
0.477144193649292,0.8849842548370361,5.016750825402991e-06,7.197514080403962,37060,,,,,,,,,,,
0.5027682304382324,1.0833624601364136,4.992474266847931e-06,7.201398329772771,37080,,,,,,,,,,,
0.44475688934326174,0.8988212943077087,4.9681977082928725e-06,7.205282579141581,37100,,,,,,,,,,,
0.4906304836273193,0.8943217396736145,4.943921149737813e-06,7.209166828510391,37120,,,,,,,,,,,
0.4560840606689453,0.9701390862464905,4.919644591182754e-06,7.2130510778792,37140,,,,,,,,,,,
0.4662123203277588,0.8872402906417847,4.895368032627695e-06,7.2169353272480095,37160,,,,,,,,,,,
0.47385573387145996,0.7551334500312805,4.871091474072636e-06,7.220819576616819,37180,,,,,,,,,,,
0.47545175552368163,0.9480371475219727,4.846814915517577e-06,7.224703825985628,37200,,,,,,,,,,,
0.49110751152038573,0.9826851487159729,4.822538356962517e-06,7.228588075354438,37220,,,,,,,,,,,
0.47598962783813475,1.0600073337554932,4.7982617984074576e-06,7.232472324723247,37240,,,,,,,,,,,
0.4587090969085693,0.9893184304237366,4.773985239852399e-06,7.236356574092056,37260,,,,,,,,,,,
0.452250337600708,0.9979894757270813,4.749708681297339e-06,7.240240823460867,37280,,,,,,,,,,,
0.4908022880554199,0.8715291619300842,4.72543212274228e-06,7.244125072829676,37300,,,,,,,,,,,
0.4511227607727051,0.9470855593681335,4.7011555641872215e-06,7.248009322198485,37320,,,,,,,,,,,
0.42191925048828127,0.8869529962539673,4.676879005632162e-06,7.251893571567295,37340,,,,,,,,,,,
0.4674388885498047,0.8503938913345337,4.652602447077103e-06,7.255777820936104,37360,,,,,,,,,,,
0.46790289878845215,0.8721925020217896,4.6283258885220435e-06,7.2596620703049135,37380,,,,,,,,,,,
0.4963412284851074,1.0773285627365112,4.604049329966984e-06,7.263546319673723,37400,,,,,,,,,,,
0.5044494152069092,0.9921421408653259,4.579772771411925e-06,7.267430569042532,37420,,,,,,,,,,,
0.4217747688293457,1.0173684358596802,4.555496212856865e-06,7.271314818411342,37440,,,,,,,,,,,
0.45692806243896483,1.014649510383606,4.531219654301807e-06,7.275199067780152,37460,,,,,,,,,,,
0.4616700172424316,1.0792471170425415,4.506943095746747e-06,7.279083317148961,37480,,,,,,,,,,,
0.4376716613769531,1.0594528913497925,4.482666537191687e-06,7.282967566517771,37500,,,,,,,,,,,
0.4584981441497803,1.0158237218856812,4.458389978636629e-06,7.28685181588658,37520,,,,,,,,,,,
0.46597967147827146,0.9337683320045471,4.43411342008157e-06,7.290736065255389,37540,,,,,,,,,,,
0.46285223960876465,0.9969044923782349,4.40983686152651e-06,7.294620314624199,37560,,,,,,,,,,,
0.45494489669799804,0.9746295809745789,4.385560302971451e-06,7.298504563993008,37580,,,,,,,,,,,
0.4958057880401611,0.9911622405052185,4.361283744416392e-06,7.3023888133618176,37600,,,,,,,,,,,
0.49152417182922364,0.9264099597930908,4.337007185861333e-06,7.306273062730627,37620,,,,,,,,,,,
0.5048710346221924,0.9208762645721436,4.312730627306273e-06,7.310157312099437,37640,,,,,,,,,,,
0.48076858520507815,0.9871242046356201,4.2884540687512135e-06,7.314041561468247,37660,,,,,,,,,,,
0.4615151882171631,0.9580957293510437,4.264177510196155e-06,7.317925810837056,37680,,,,,,,,,,,
0.4751701354980469,0.9431135654449463,4.239900951641095e-06,7.321810060205865,37700,,,,,,,,,,,
0.44344391822814944,0.9651864171028137,4.215624393086036e-06,7.325694309574675,37720,,,,,,,,,,,
0.49544148445129393,0.8603528738021851,4.1913478345309775e-06,7.329578558943484,37740,,,,,,,,,,,
0.4361246585845947,0.933241605758667,4.167071275975918e-06,7.3334628083122935,37760,,,,,,,,,,,
0.4804108142852783,1.0035988092422485,4.142794717420859e-06,7.337347057681103,37780,,,,,,,,,,,
0.4525355339050293,0.9423535466194153,4.1185181588657994e-06,7.341231307049912,37800,,,,,,,,,,,
0.49112472534179685,1.0320532321929932,4.09424160031074e-06,7.3451155564187225,37820,,,,,,,,,,,
0.4554624080657959,1.1362346410751343,4.069965041755681e-06,7.348999805787532,37840,,,,,,,,,,,
0.4825713634490967,0.9350924491882324,4.045688483200621e-06,7.352884055156341,37860,,,,,,,,,,,
0.4545896530151367,0.9680982232093811,4.021411924645562e-06,7.356768304525151,37880,,,,,,,,,,,
0.44160637855529783,0.8681432008743286,3.997135366090504e-06,7.36065255389396,37900,,,,,,,,,,,
0.5035307884216309,0.8919237852096558,3.972858807535444e-06,7.364536803262769,37920,,,,,,,,,,,
0.47720870971679685,0.8489567637443542,3.9485822489803845e-06,7.368421052631579,37940,,,,,,,,,,,
0.46474552154541016,0.9126365780830383,3.924305690425326e-06,7.372305302000388,37960,,,,,,,,,,,
0.45654959678649903,1.2941831350326538,3.900029131870266e-06,7.3761895513691975,37980,,,,,,,,,,,
0.4616189956665039,0.8991701602935791,3.875752573315207e-06,7.380073800738008,38000,,,,,,,,,,,
0.4635007858276367,0.9032828211784363,3.851476014760148e-06,7.383958050106817,38020,,,,,,,,,,,
0.4981421947479248,0.9298946857452393,3.827199456205088e-06,7.3878422994756265,38040,,,,,,,,,,,
0.4819358825683594,1.0389865636825562,3.802922897650029e-06,7.391726548844436,38060,,,,,,,,,,,
0.46538100242614744,1.0251766443252563,3.7786463390949695e-06,7.395610798213245,38080,,,,,,,,,,,
0.4622644901275635,0.9771990776062012,3.754369780539911e-06,7.399495047582055,38100,,,,,,,,,,,
0.4855156421661377,0.967258095741272,3.730093221984852e-06,7.403379296950864,38120,,,,,,,,,,,
0.4577230930328369,0.7733587622642517,3.7058166634297923e-06,7.407263546319673,38140,,,,,,,,,,,
0.4693711280822754,0.8978574275970459,3.681540104874733e-06,7.411147795688483,38160,,,,,,,,,,,
0.4716768741607666,0.9667401909828186,3.657263546319674e-06,7.415032045057293,38180,,,,,,,,,,,
0.45636258125305174,0.7903992533683777,3.6329869877646146e-06,7.4189162944261025,38200,,,,,,,,,,,
0.46382293701171873,0.9134705662727356,3.6087104292095554e-06,7.422800543794912,38220,,,,,,,,,,,
0.48578510284423826,1.0838675498962402,3.5844338706544958e-06,7.426684793163721,38240,,,,,,,,,,,
0.43775529861450196,0.9368835091590881,3.5601573120994366e-06,7.430569042532531,38260,,,,,,,,,,,
0.4447765350341797,1.0248956680297852,3.535880753544378e-06,7.43445329190134,38280,,,,,,,,,,,
0.4660189628601074,0.8615213632583618,3.5116041949893185e-06,7.438337541270149,38300,,,,,,,,,,,
0.4722898960113525,1.0228835344314575,3.4873276364342593e-06,7.442221790638959,38320,,,,,,,,,,,
0.4919301509857178,0.9133227467536926,3.4630510778792e-06,7.446106040007768,38340,,,,,,,,,,,
0.45168771743774416,0.9236990213394165,3.438774519324141e-06,7.449990289376578,38360,,,,,,,,,,,
0.5066264629364013,0.9041702747344971,3.4144979607690817e-06,7.453874538745388,38380,,,,,,,,,,,
0.46568927764892576,0.9962903261184692,3.390221402214022e-06,7.457758788114197,38400,,,,,,,,,,,
0.47230000495910646,0.7948790192604065,3.365944843658963e-06,7.4616430374830065,38420,,,,,,,,,,,
0.41601738929748533,0.8883405923843384,3.3416682851039036e-06,7.465527286851816,38440,,,,,,,,,,,
0.45415396690368653,0.8067936301231384,3.3173917265488444e-06,7.469411536220625,38460,,,,,,,,,,,
0.4457404613494873,1.143934726715088,3.2931151679937856e-06,7.473295785589435,38480,,,,,,,,,,,
0.4721954345703125,0.8769806027412415,3.2688386094387264e-06,7.477180034958244,38500,,,,,,,,,,,
0.4769714832305908,0.9292362332344055,3.244562050883667e-06,7.481064284327053,38520,,,,,,,,,,,
0.48925251960754396,0.9726402163505554,3.220285492328608e-06,7.484948533695864,38540,,,,,,,,,,,
0.46083874702453614,0.9160671830177307,3.1960089337735483e-06,7.488832783064673,38560,,,,,,,,,,,
0.49966907501220703,0.9357695579528809,3.171732375218489e-06,7.492717032433482,38580,,,,,,,,,,,
0.4578570365905762,0.8786840438842773,3.14745581666343e-06,7.496601281802292,38600,,,,,,,,,,,
0.4702760219573975,1.0742453336715698,3.1231792581083706e-06,7.500485531171101,38620,,,,,,,,,,,
0.5235207557678223,1.0709421634674072,3.0989026995533114e-06,7.5043697805399106,38640,,,,,,,,,,,
0.48375492095947265,0.8597203493118286,3.074626140998252e-06,7.50825402990872,38660,,,,,,,,,,,
0.45417227745056155,0.9583244323730469,3.050349582443193e-06,7.512138279277529,38680,,,,,,,,,,,
0.41463027000427244,0.7273278832435608,3.0260730238881337e-06,7.516022528646339,38700,,,,,,,,,,,
0.44476656913757323,0.901790201663971,3.0017964653330745e-06,7.519906778015149,38720,,,,,,,,,,,
0.4828765392303467,1.1118717193603516,2.9775199067780153e-06,7.523791027383958,38740,,,,,,,,,,,
0.4747001171112061,0.9137522578239441,2.953243348222956e-06,7.527675276752768,38760,,,,,,,,,,,
0.4827425003051758,1.0273560285568237,2.928966789667897e-06,7.531559526121577,38780,,,,,,,,,,,
0.44959568977355957,0.9848902821540833,2.9046902311128376e-06,7.5354437754903865,38800,,,,,,,,,,,
0.45618453025817873,1.0048431158065796,2.8804136725577784e-06,7.539328024859196,38820,,,,,,,,,,,
0.48557415008544924,0.9569383263587952,2.856137114002719e-06,7.543212274228005,38840,,,,,,,,,,,
0.45050673484802245,0.9585503935813904,2.83186055544766e-06,7.547096523596815,38860,,,,,,,,,,,
0.4544511318206787,0.9175070524215698,2.8075839968926003e-06,7.550980772965625,38880,,,,,,,,,,,
0.45735878944396974,0.9838821291923523,2.7833074383375415e-06,7.554865022334434,38900,,,,,,,,,,,
0.5134568214416504,1.012529730796814,2.7590308797824823e-06,7.558749271703244,38920,,,,,,,,,,,
0.46473422050476076,0.9936230778694153,2.734754321227423e-06,7.562633521072053,38940,,,,,,,,,,,
0.5066030979156494,1.0472445487976074,2.7104777626723635e-06,7.566517770440862,38960,,,,,,,,,,,
0.46048812866210936,1.011141300201416,2.6862012041173042e-06,7.570402019809672,38980,,,,,,,,,,,
0.4554570198059082,1.0367950201034546,2.6619246455622455e-06,7.574286269178481,39000,,,,,,,,,,,
0.4607417583465576,0.9725121259689331,2.6376480870071862e-06,7.5781705185472905,39020,,,,,,,,,,,
0.4924355983734131,0.9255372285842896,2.6133715284521266e-06,7.5820547679161,39040,,,,,,,,,,,
0.47722477912902833,0.8985598683357239,2.5890949698970674e-06,7.585939017284909,39060,,,,,,,,,,,
0.47510814666748047,0.9055431485176086,2.564818411342008e-06,7.5898232666537195,39080,,,,,,,,,,,
0.465745735168457,1.0598362684249878,2.540541852786949e-06,7.593707516022529,39100,,,,,,,,,,,
0.4984123229980469,1.0249770879745483,2.5162652942318897e-06,7.597591765391338,39120,,,,,,,,,,,
0.47516279220581054,0.779681384563446,2.4919887356768305e-06,7.601476014760148,39140,,,,,,,,,,,
0.4500370979309082,0.9975717067718506,2.4677121771217713e-06,7.605360264128957,39160,,,,,,,,,,,
0.45607504844665525,1.0372885465621948,2.443435618566712e-06,7.609244513497766,39180,,,,,,,,,,,
0.47183074951171877,1.1007602214813232,2.419159060011653e-06,7.613128762866576,39200,,,,,,,,,,,
0.4801579475402832,0.9044792056083679,2.3948825014565936e-06,7.617013012235385,39220,,,,,,,,,,,
0.4571380138397217,0.9969826936721802,2.3706059429015344e-06,7.6208972616041954,39240,,,,,,,,,,,
0.4788662910461426,0.8181009292602539,2.346329384346475e-06,7.624781510973005,39260,,,,,,,,,,,
0.4611233711242676,0.9032353758811951,2.322052825791416e-06,7.628665760341814,39280,,,,,,,,,,,
0.47628226280212405,0.9070757031440735,2.2977762672363567e-06,7.632550009710624,39300,,,,,,,,,,,
0.4552028179168701,1.012754201889038,2.2734997086812975e-06,7.636434259079433,39320,,,,,,,,,,,
0.47061357498168943,0.7924452424049377,2.2492231501262383e-06,7.640318508448242,39340,,,,,,,,,,,
0.4707333087921143,0.8205673694610596,2.2249465915711787e-06,7.644202757817052,39360,,,,,,,,,,,
0.4717081546783447,0.75140380859375,2.20067003301612e-06,7.648087007185861,39380,,,,,,,,,,,
0.4841418743133545,1.0094964504241943,2.1763934744610607e-06,7.6519712565546705,39400,,,,,,,,,,,
0.4659746170043945,1.014004111289978,2.1521169159060014e-06,7.65585550592348,39420,,,,,,,,,,,
0.47445225715637207,2.2979860305786133,2.127840357350942e-06,7.65973975529229,39440,,,,,,,,,,,
0.502866554260254,0.9509112238883972,2.1035637987958826e-06,7.6636240046610995,39460,,,,,,,,,,,
0.4593977928161621,1.0240079164505005,2.0792872402408238e-06,7.667508254029909,39480,,,,,,,,,,,
0.45030789375305175,0.8832175731658936,2.0550106816857646e-06,7.671392503398718,39500,,,,,,,,,,,
0.4573418617248535,0.9710496664047241,2.030734123130705e-06,7.675276752767528,39520,,,,,,,,,,,
0.45482988357543946,0.973706066608429,2.0064575645756457e-06,7.679161002136337,39540,,,,,,,,,,,
0.4363572597503662,0.8678429126739502,1.982181006020587e-06,7.683045251505146,39560,,,,,,,,,,,
0.4545778751373291,0.9386883974075317,1.9579044474655273e-06,7.686929500873956,39580,,,,,,,,,,,
0.470108699798584,1.0793501138687134,1.933627888910468e-06,7.690813750242766,39600,,,,,,,,,,,
0.5042034149169922,0.99354487657547,1.909351330355409e-06,7.694697999611575,39620,,,,,,,,,,,
0.48138742446899413,0.9546549916267395,1.8850747718003496e-06,7.698582248980385,39640,,,,,,,,,,,
0.4734543800354004,0.9515120387077332,1.8607982132452906e-06,7.702466498349194,39660,,,,,,,,,,,
0.46184659004211426,0.8840957880020142,1.8365216546902314e-06,7.7063507477180035,39680,,,,,,,,,,,
0.46892104148864744,0.8043919205665588,1.812245096135172e-06,7.710234997086813,39700,,,,,,,,,,,
0.43620729446411133,0.9667811393737793,1.7879685375801127e-06,7.714119246455622,39720,,,,,,,,,,,
0.4798616886138916,0.9691057801246643,1.7636919790250533e-06,7.718003495824432,39740,,,,,,,,,,,
0.47318525314331056,0.8495060205459595,1.7394154204699943e-06,7.721887745193241,39760,,,,,,,,,,,
0.44155521392822267,1.0125963687896729,1.715138861914935e-06,7.72577199456205,39780,,,,,,,,,,,
0.4791099548339844,0.8194113969802856,1.6908623033598758e-06,7.729656243930861,39800,,,,,,,,,,,
0.45803399085998536,0.9584412574768066,1.6665857448048164e-06,7.73354049329967,39820,,,,,,,,,,,
0.4507289409637451,0.9540520906448364,1.6423091862497572e-06,7.7374247426684795,39840,,,,,,,,,,,
0.4835939407348633,0.9048840999603271,1.6180326276946982e-06,7.741308992037289,39860,,,,,,,,,,,
0.43580403327941897,0.8854804635047913,1.593756069139639e-06,7.745193241406098,39880,,,,,,,,,,,
0.45769286155700684,0.9272190928459167,1.5694795105845795e-06,7.749077490774908,39900,,,,,,,,,,,
0.45493083000183104,0.9417067766189575,1.5452029520295205e-06,7.752961740143717,39920,,,,,,,,,,,
0.47963895797729494,0.9056732058525085,1.520926393474461e-06,7.756845989512526,39940,,,,,,,,,,,
0.4315199851989746,0.963675320148468,1.4966498349194019e-06,7.760730238881337,39960,,,,,,,,,,,
0.5013652801513672,0.9535724520683289,1.4723732763643427e-06,7.764614488250146,39980,,,,,,,,,,,
0.4589484214782715,0.9386200904846191,1.4480967178092834e-06,7.768498737618955,40000,,,,,,,,,,,
0.46883358955383303,1.1499942541122437,1.4238201592542242e-06,7.772382986987765,40020,,,,,,,,,,,
0.45929365158081054,0.8911588191986084,1.399543600699165e-06,7.776267236356574,40040,,,,,,,,,,,
0.4358656406402588,0.9856204390525818,1.3752670421441058e-06,7.7801514857253835,40060,,,,,,,,,,,
0.4259791374206543,0.9347092509269714,1.3509904835890466e-06,7.784035735094193,40080,,,,,,,,,,,
0.48053994178771975,0.9214865565299988,1.3267139250339871e-06,7.787919984463002,40100,,,,,,,,,,,
0.4977418899536133,0.9608595371246338,1.3024373664789281e-06,7.791804233831812,40120,,,,,,,,,,,
0.47515077590942384,0.9025588035583496,1.2781608079238687e-06,7.795688483200621,40140,,,,,,,,,,,
0.4811718463897705,0.9030168056488037,1.2538842493688097e-06,7.799572732569431,40160,,,,,,,,,,,
0.45505361557006835,0.9155358672142029,1.2296076908137503e-06,7.803456981938241,40180,,,,,,,,,,,
0.4689922332763672,0.9734230637550354,1.205331132258691e-06,7.80734123130705,40200,,,,,,,,,,,
0.48037080764770507,0.961049497127533,1.1810545737036318e-06,7.811225480675859,40220,,,,,,,,,,,
0.4840392589569092,0.9466837644577026,1.1567780151485726e-06,7.815109730044669,40240,,,,,,,,,,,
0.48502097129821775,1.0464366674423218,1.1325014565935134e-06,7.818993979413478,40260,,,,,,,,,,,
0.46787471771240235,0.9268595576286316,1.1082248980384542e-06,7.822878228782288,40280,,,,,,,,,,,
0.4773824691772461,0.8819913268089294,1.083948339483395e-06,7.826762478151097,40300,,,,,,,,,,,
0.4740904808044434,0.8722242116928101,1.0596717809283357e-06,7.830646727519907,40320,,,,,,,,,,,
0.44689245223999025,0.9356995820999146,1.0353952223732763e-06,7.834530976888717,40340,,,,,,,,,,,
0.45290203094482423,1.055745005607605,1.0111186638182173e-06,7.838415226257526,40360,,,,,,,,,,,
0.4535079479217529,1.0009634494781494,9.868421052631579e-07,7.842299475626335,40380,,,,,,,,,,,
0.4414647102355957,0.9962602257728577,9.625655467080989e-07,7.846183724995145,40400,,,,,,,,,,,
0.47048344612121584,0.9100214838981628,9.382889881530394e-07,7.850067974363954,40420,,,,,,,,,,,
0.49845566749572756,0.8365893363952637,9.140124295979803e-07,7.8539522237327635,40440,,,,,,,,,,,
0.46386141777038575,1.0149418115615845,8.89735871042921e-07,7.857836473101573,40460,,,,,,,,,,,
0.4643054962158203,0.9130510687828064,8.654593124878617e-07,7.861720722470382,40480,,,,,,,,,,,
0.47384119033813477,0.9684851765632629,8.411827539328026e-07,7.865604971839192,40500,,,,,,,,,,,
0.4690225601196289,1.0118014812469482,8.169061953777432e-07,7.869489221208002,40520,,,,,,,,,,,
0.47902374267578124,0.9693533182144165,7.926296368226841e-07,7.873373470576811,40540,,,,,,,,,,,
0.45902671813964846,0.9670255780220032,7.683530782676248e-07,7.877257719945621,40560,,,,,,,,,,,
0.4392711639404297,1.047369122505188,7.440765197125656e-07,7.88114196931443,40580,,,,,,,,,,,
0.4501808643341064,0.9922002553939819,7.197999611575063e-07,7.885026218683239,40600,,,,,,,,,,,
0.45685038566589353,0.8637072443962097,6.955234026024471e-07,7.888910468052049,40620,,,,,,,,,,,
0.48606386184692385,0.9469205141067505,6.712468440473879e-07,7.892794717420858,40640,,,,,,,,,,,
0.4633460998535156,0.9377383589744568,6.469702854923286e-07,7.8966789667896675,40660,,,,,,,,,,,
0.4499381065368652,0.9450904130935669,6.226937269372694e-07,7.900563216158478,40680,,,,,,,,,,,
0.44392123222351076,0.9631507992744446,5.984171683822101e-07,7.904447465527287,40700,,,,,,,,,,,
0.4631239414215088,0.7796051502227783,5.741406098271509e-07,7.9083317148960965,40720,,,,,,,,,,,
0.5082971096038819,1.0105819702148438,5.498640512720917e-07,7.912215964264906,40740,,,,,,,,,,,
0.4594576358795166,0.9011273980140686,5.255874927170325e-07,7.916100213633715,40760,,,,,,,,,,,
0.44915332794189455,0.8277707099914551,5.013109341619732e-07,7.919984463002525,40780,,,,,,,,,,,
0.4717402458190918,0.8834061622619629,4.77034375606914e-07,7.923868712371334,40800,,,,,,,,,,,
0.44274106025695803,0.8146398067474365,4.5275781705185473e-07,7.927752961740143,40820,,,,,,,,,,,
0.4581934452056885,0.8583593368530273,4.284812584967955e-07,7.931637211108953,40840,,,,,,,,,,,
0.4168112754821777,0.8003895878791809,4.042046999417363e-07,7.935521460477762,40860,,,,,,,,,,,
0.4764874935150146,0.8831816911697388,3.79928141386677e-07,7.9394057098465725,40880,,,,,,,,,,,
0.45321054458618165,0.9029073119163513,3.556515828316178e-07,7.943289959215382,40900,,,,,,,,,,,
0.5068233013153076,0.9909670948982239,3.313750242765586e-07,7.947174208584191,40920,,,,,,,,,,,
0.4897834300994873,0.909121036529541,3.070984657214993e-07,7.951058457953001,40940,,,,,,,,,,,
0.4498896598815918,0.9658785462379456,2.828219071664401e-07,7.95494270732181,40960,,,,,,,,,,,
0.49372496604919436,1.0061501264572144,2.5854534861138087e-07,7.958826956690619,40980,,,,,,,,,,,
0.4602993011474609,0.9335620999336243,2.342687900563216e-07,7.962711206059429,41000,,,,,,,,,,,
0.44995532035827634,0.8666602373123169,2.0999223150126238e-07,7.966595455428239,41020,,,,,,,,,,,
0.4866682529449463,1.0073961019515991,1.8571567294620314e-07,7.970479704797048,41040,,,,,,,,,,,
0.46572165489196776,0.9415798783302307,1.6143911439114392e-07,7.974363954165858,41060,,,,,,,,,,,
0.4846018314361572,0.9493412971496582,1.3716255583608467e-07,7.978248203534667,41080,,,,,,,,,,,
0.47685794830322265,1.0011909008026123,1.1288599728102545e-07,7.9821324529034765,41100,,,,,,,,,,,
0.444959020614624,1.0536777973175049,8.860943872596621e-08,7.986016702272286,41120,,,,,,,,,,,
0.4676422119140625,0.8951705098152161,6.433288017090698e-08,7.989900951641095,41140,,,,,,,,,,,
0.4894010066986084,0.9867569804191589,4.005632161584774e-08,7.993785201009905,41160,,,,,,,,,,,
0.4650134563446045,0.8369932770729065,1.5779763060788504e-08,7.997669450378714,41180,,,,,,,,,,,
,,,8.0,41192,1.356024980545044,36.883180224651525,56.33261250009923,196.8884,17.294,1.082,,,,,
,,,8.0,41192,,,,,,,9273.8892,142.125,4.442,1.8556261285721702e+17,0.820421571823249
