loss,grad_norm,learning_rate,epoch,step,eval_loss,eval_bleu,eval_chrf2pp,eval_runtime,eval_samples_per_second,eval_steps_per_second,train_runtime,train_samples_per_second,train_steps_per_second,total_flos,train_loss
5.0320690155029295,1.6101372241973877,4.996355125844077e-05,0.006138735420503376,20,,,,,,,,,,,
4.256591796875,1.2680755853652954,4.9925184162062614e-05,0.012277470841006752,40,,,,,,,,,,,
3.942797088623047,1.194927453994751,4.988681706568447e-05,0.01841620626151013,60,,,,,,,,,,,
3.671122741699219,1.2082281112670898,4.984844996930632e-05,0.024554941682013505,80,,,,,,,,,,,
3.461808776855469,1.3555538654327393,4.981008287292818e-05,0.030693677102516883,100,,,,,,,,,,,
3.3209369659423826,1.1647539138793945,4.977171577655003e-05,0.03683241252302026,120,,,,,,,,,,,
3.260517883300781,1.2167742252349854,4.973334868017189e-05,0.042971147943523635,140,,,,,,,,,,,
3.0822696685791016,1.1226451396942139,4.969498158379374e-05,0.04910988336402701,160,,,,,,,,,,,
3.0225786209106444,1.2204456329345703,4.9656614487415595e-05,0.055248618784530384,180,,,,,,,,,,,
2.9618911743164062,1.1861910820007324,4.961824739103745e-05,0.061387354205033766,200,,,,,,,,,,,
2.9246044158935547,1.1570563316345215,4.9579880294659304e-05,0.06752608962553713,220,,,,,,,,,,,
2.8415294647216798,1.2119863033294678,4.954151319828116e-05,0.07366482504604052,240,,,,,,,,,,,
2.72072696685791,1.2256686687469482,4.9503146101903006e-05,0.0798035604665439,260,,,,,,,,,,,
2.711684989929199,1.2099756002426147,4.946477900552486e-05,0.08594229588704727,280,,,,,,,,,,,
2.6779041290283203,1.22346031665802,4.942641190914672e-05,0.09208103130755065,300,,,,,,,,,,,
2.6427658081054686,1.1535993814468384,4.9388044812768576e-05,0.09821976672805402,320,,,,,,,,,,,
2.595732307434082,1.0524582862854004,4.9349677716390424e-05,0.1043585021485574,340,,,,,,,,,,,
2.5419464111328125,1.140567421913147,4.931131062001228e-05,0.11049723756906077,360,,,,,,,,,,,
2.473556900024414,1.0869286060333252,4.927294352363413e-05,0.11663597298956414,380,,,,,,,,,,,
2.484354782104492,1.1449753046035767,4.923457642725599e-05,0.12277470841006753,400,,,,,,,,,,,
2.4360654830932615,1.0667259693145752,4.919620933087784e-05,0.1289134438305709,420,,,,,,,,,,,
2.390971565246582,1.1893101930618286,4.9157842234499696e-05,0.13505217925107427,440,,,,,,,,,,,
2.3359096527099608,1.1584581136703491,4.911947513812155e-05,0.14119091467157766,460,,,,,,,,,,,
2.364167022705078,1.1618578433990479,4.90811080417434e-05,0.14732965009208104,480,,,,,,,,,,,
2.2885608673095703,1.1908866167068481,4.904274094536526e-05,0.1534683855125844,500,,,,,,,,,,,
2.304369354248047,1.177514672279358,4.9004373848987114e-05,0.1596071209330878,520,,,,,,,,,,,
2.2341779708862304,1.2679134607315063,4.896600675260897e-05,0.16574585635359115,540,,,,,,,,,,,
2.228599739074707,1.259263515472412,4.8927639656230816e-05,0.17188459177409454,560,,,,,,,,,,,
2.3193504333496096,1.1228913068771362,4.888927255985267e-05,0.1780233271945979,580,,,,,,,,,,,
2.207823944091797,1.20785391330719,4.8850905463474525e-05,0.1841620626151013,600,,,,,,,,,,,
2.243428039550781,1.1765543222427368,4.8812538367096386e-05,0.19030079803560468,620,,,,,,,,,,,
2.1983142852783204,1.127159595489502,4.8774171270718234e-05,0.19643953345610804,640,,,,,,,,,,,
2.1046098709106444,1.1144603490829468,4.873580417434009e-05,0.20257826887661143,660,,,,,,,,,,,
2.148707962036133,1.2339279651641846,4.869743707796194e-05,0.2087170042971148,680,,,,,,,,,,,
2.1502616882324217,1.2659790515899658,4.865906998158379e-05,0.21485573971761818,700,,,,,,,,,,,
2.0859214782714846,1.152477502822876,4.862070288520565e-05,0.22099447513812154,720,,,,,,,,,,,
2.1051158905029297,1.0463356971740723,4.8582335788827506e-05,0.22713321055862493,740,,,,,,,,,,,
2.123569107055664,1.1836251020431519,4.854396869244936e-05,0.2332719459791283,760,,,,,,,,,,,
2.1021371841430665,1.1931813955307007,4.850560159607121e-05,0.23941068139963168,780,,,,,,,,,,,
2.0105911254882813,1.0760256052017212,4.846723449969306e-05,0.24554941682013506,800,,,,,,,,,,,
2.0390483856201174,0.9823870062828064,4.8428867403314924e-05,0.25168815224063845,820,,,,,,,,,,,
2.0142852783203127,1.0571599006652832,4.839050030693678e-05,0.2578268876611418,840,,,,,,,,,,,
2.024970054626465,1.1407470703125,4.8352133210558626e-05,0.2639656230816452,860,,,,,,,,,,,
2.0186065673828124,1.1833257675170898,4.831376611418048e-05,0.27010435850214853,880,,,,,,,,,,,
1.9338905334472656,1.1142592430114746,4.8275399017802335e-05,0.27624309392265195,900,,,,,,,,,,,
1.980586624145508,1.1214803457260132,4.823703192142419e-05,0.2823818293431553,920,,,,,,,,,,,
1.9788597106933594,1.2302371263504028,4.8198664825046043e-05,0.28852056476365867,940,,,,,,,,,,,
1.981332778930664,1.1660113334655762,4.81602977286679e-05,0.2946593001841621,960,,,,,,,,,,,
1.941545295715332,1.0204691886901855,4.812193063228975e-05,0.30079803560466545,980,,,,,,,,,,,
1.9374307632446288,0.9915265440940857,4.80835635359116e-05,0.3069367710251688,1000,,,,,,,,,,,
1.896881675720215,1.0967689752578735,4.8045196439533454e-05,0.31307550644567217,1020,,,,,,,,,,,
1.859469223022461,1.1836811304092407,4.8006829343155316e-05,0.3192142418661756,1040,,,,,,,,,,,
1.8458902359008789,1.0917932987213135,4.796846224677717e-05,0.32535297728667895,1060,,,,,,,,,,,
1.9388202667236327,1.0803765058517456,4.793009515039902e-05,0.3314917127071823,1080,,,,,,,,,,,
1.9096258163452149,1.1370391845703125,4.789172805402087e-05,0.3376304481276857,1100,,,,,,,,,,,
1.89344482421875,1.1696863174438477,4.7853360957642727e-05,0.3437691835481891,1120,,,,,,,,,,,
1.8982555389404296,1.0038928985595703,4.781499386126458e-05,0.34990791896869244,1140,,,,,,,,,,,
1.8737329483032226,1.040594458580017,4.7776626764886435e-05,0.3560466543891958,1160,,,,,,,,,,,
1.8654069900512695,1.0016061067581177,4.773825966850829e-05,0.3621853898096992,1180,,,,,,,,,,,
1.8509700775146485,1.1197565793991089,4.7699892572130144e-05,0.3683241252302026,1200,,,,,,,,,,,
1.7590677261352539,1.0604102611541748,4.766152547575199e-05,0.37446286065070594,1220,,,,,,,,,,,
1.8324876785278321,1.049546718597412,4.762315837937385e-05,0.38060159607120936,1240,,,,,,,,,,,
1.827340316772461,1.1043404340744019,4.758479128299571e-05,0.3867403314917127,1260,,,,,,,,,,,
1.7730276107788085,0.9778868556022644,4.754642418661756e-05,0.3928790669122161,1280,,,,,,,,,,,
1.8896888732910155,1.0676974058151245,4.750805709023941e-05,0.39901780233271944,1300,,,,,,,,,,,
1.8105808258056642,1.0545307397842407,4.7469689993861264e-05,0.40515653775322286,1320,,,,,,,,,,,
1.8568777084350585,1.0401036739349365,4.743132289748312e-05,0.4112952731737262,1340,,,,,,,,,,,
1.7312747955322265,1.0404527187347412,4.739295580110498e-05,0.4174340085942296,1360,,,,,,,,,,,
1.7717397689819336,1.007293462753296,4.735458870472683e-05,0.42357274401473294,1380,,,,,,,,,,,
1.739772415161133,1.093860387802124,4.731622160834868e-05,0.42971147943523635,1400,,,,,,,,,,,
1.755335235595703,1.115607500076294,4.7277854511970536e-05,0.4358502148557397,1420,,,,,,,,,,,
1.7597011566162108,1.0668622255325317,4.723948741559239e-05,0.4419889502762431,1440,,,,,,,,,,,
1.730095672607422,1.011052131652832,4.7201120319214245e-05,0.4481276856967465,1460,,,,,,,,,,,
1.761707878112793,1.1005069017410278,4.71627532228361e-05,0.45426642111724985,1480,,,,,,,,,,,
1.75606689453125,1.1077829599380493,4.7124386126457954e-05,0.4604051565377532,1500,,,,,,,,,,,
1.7526868820190429,0.9666943550109863,4.70860190300798e-05,0.4665438919582566,1520,,,,,,,,,,,
1.7446296691894532,1.1490594148635864,4.7047651933701656e-05,0.47268262737876,1540,,,,,,,,,,,
1.7491264343261719,1.0536460876464844,4.700928483732352e-05,0.47882136279926335,1560,,,,,,,,,,,
1.7325450897216796,1.114121675491333,4.697091774094537e-05,0.4849600982197667,1580,,,,,,,,,,,
1.7360879898071289,1.230089545249939,4.693255064456722e-05,0.4910988336402701,1600,,,,,,,,,,,
1.6839588165283204,1.1503403186798096,4.6894183548189074e-05,0.4972375690607735,1620,,,,,,,,,,,
1.7263660430908203,1.0333906412124634,4.685581645181093e-05,0.5033763044812769,1640,,,,,,,,,,,
1.6987014770507813,1.1060779094696045,4.681744935543278e-05,0.5095150399017803,1660,,,,,,,,,,,
1.7167137145996094,1.0502103567123413,4.677908225905464e-05,0.5156537753222836,1680,,,,,,,,,,,
1.6991146087646485,1.1942312717437744,4.674071516267649e-05,0.521792510742787,1700,,,,,,,,,,,
1.6986322402954102,1.051526427268982,4.6702348066298346e-05,0.5279312461632903,1720,,,,,,,,,,,
1.626887893676758,1.0711020231246948,4.66639809699202e-05,0.5340699815837937,1740,,,,,,,,,,,
1.673308753967285,1.0915651321411133,4.662561387354205e-05,0.5402087170042971,1760,,,,,,,,,,,
1.6962982177734376,1.0899299383163452,4.658724677716391e-05,0.5463474524248005,1780,,,,,,,,,,,
1.6926210403442383,1.3241124153137207,4.6548879680785764e-05,0.5524861878453039,1800,,,,,,,,,,,
1.6796310424804688,1.2883936166763306,4.651051258440761e-05,0.5586249232658073,1820,,,,,,,,,,,
1.6237850189208984,0.9359731674194336,4.6472145488029466e-05,0.5647636586863106,1840,,,,,,,,,,,
1.6466630935668944,1.0669257640838623,4.643377839165132e-05,0.570902394106814,1860,,,,,,,,,,,
1.621574592590332,1.08202064037323,4.6395411295273175e-05,0.5770411295273173,1880,,,,,,,,,,,
1.6420795440673828,1.0304726362228394,4.635704419889503e-05,0.5831798649478207,1900,,,,,,,,,,,
1.6420354843139648,1.1017509698867798,4.6318677102516883e-05,0.5893186003683242,1920,,,,,,,,,,,
1.72288818359375,1.0908396244049072,4.628031000613874e-05,0.5954573357888275,1940,,,,,,,,,,,
1.660990333557129,1.1843082904815674,4.624194290976059e-05,0.6015960712093309,1960,,,,,,,,,,,
1.597679328918457,0.9587629437446594,4.620357581338245e-05,0.6077348066298343,1980,,,,,,,,,,,
1.6043033599853516,1.078337550163269,4.61652087170043e-05,0.6138735420503376,2000,,,,,,,,,,,
1.7201950073242187,1.0283875465393066,4.6126841620626156e-05,0.620012277470841,2020,,,,,,,,,,,
1.6186090469360352,0.8939242959022522,4.608847452424801e-05,0.6261510128913443,2040,,,,,,,,,,,
1.6215572357177734,0.9891616106033325,4.605010742786986e-05,0.6322897483118478,2060,,,,,,,,,,,
1.5697259902954102,1.117433786392212,4.601174033149171e-05,0.6384284837323512,2080,,,,,,,,,,,
1.6175544738769532,1.0703158378601074,4.597337323511357e-05,0.6445672191528545,2100,,,,,,,,,,,
1.5719241142272948,0.9178822636604309,4.593500613873542e-05,0.6507059545733579,2120,,,,,,,,,,,
1.593747901916504,0.9612143635749817,4.5896639042357275e-05,0.6568446899938613,2140,,,,,,,,,,,
1.595484733581543,1.0085830688476562,4.585827194597913e-05,0.6629834254143646,2160,,,,,,,,,,,
1.5812068939208985,1.1107112169265747,4.5819904849600984e-05,0.669122160834868,2180,,,,,,,,,,,
1.612212562561035,0.9486153721809387,4.578153775322284e-05,0.6752608962553714,2200,,,,,,,,,,,
1.5664861679077149,1.0603781938552856,4.574317065684469e-05,0.6813996316758748,2220,,,,,,,,,,,
1.5291438102722168,1.1125041246414185,4.570480356046655e-05,0.6875383670963782,2240,,,,,,,,,,,
1.5402687072753907,1.0263233184814453,4.56664364640884e-05,0.6936771025168815,2260,,,,,,,,,,,
1.5604793548583984,0.92022705078125,4.562806936771025e-05,0.6998158379373849,2280,,,,,,,,,,,
1.5700549125671386,0.9367640018463135,4.558970227133211e-05,0.7059545733578882,2300,,,,,,,,,,,
1.5785226821899414,0.9741945266723633,4.5551335174953965e-05,0.7120933087783916,2320,,,,,,,,,,,
1.5495260238647461,0.9757497310638428,4.551296807857581e-05,0.7182320441988951,2340,,,,,,,,,,,
1.5310116767883302,1.040734052658081,4.547460098219767e-05,0.7243707796193984,2360,,,,,,,,,,,
1.581638717651367,0.8818550109863281,4.543623388581952e-05,0.7305095150399018,2380,,,,,,,,,,,
1.507837677001953,1.045415997505188,4.5397866789441376e-05,0.7366482504604052,2400,,,,,,,,,,,
1.5546534538269043,0.99737948179245,4.535949969306323e-05,0.7427869858809085,2420,,,,,,,,,,,
1.5086228370666503,0.9594758749008179,4.5321132596685085e-05,0.7489257213014119,2440,,,,,,,,,,,
1.4954455375671387,1.0536017417907715,4.528276550030694e-05,0.7550644567219152,2460,,,,,,,,,,,
1.5517114639282226,1.0699434280395508,4.5244398403928794e-05,0.7612031921424187,2480,,,,,,,,,,,
1.5388068199157714,1.0678781270980835,4.520603130755064e-05,0.7673419275629221,2500,,,,,,,,,,,
1.5230854034423829,0.9956514239311218,4.51676642111725e-05,0.7734806629834254,2520,,,,,,,,,,,
1.5338584899902343,1.1196260452270508,4.512929711479436e-05,0.7796193984039288,2540,,,,,,,,,,,
1.5576037406921386,1.0332759618759155,4.509093001841621e-05,0.7857581338244322,2560,,,,,,,,,,,
1.546896743774414,0.9822364449501038,4.505256292203806e-05,0.7918968692449355,2580,,,,,,,,,,,
1.490715217590332,0.9974978566169739,4.5014195825659914e-05,0.7980356046654389,2600,,,,,,,,,,,
1.5456483840942383,0.9706577062606812,4.497582872928177e-05,0.8041743400859422,2620,,,,,,,,,,,
1.5079524993896485,1.0575193166732788,4.493746163290362e-05,0.8103130755064457,2640,,,,,,,,,,,
1.515686321258545,0.9206351637840271,4.489909453652548e-05,0.8164518109269491,2660,,,,,,,,,,,
1.4686964988708495,0.8755640983581543,4.486072744014733e-05,0.8225905463474524,2680,,,,,,,,,,,
1.5404868125915527,1.017418622970581,4.4822360343769186e-05,0.8287292817679558,2700,,,,,,,,,,,
1.5342597961425781,1.0051524639129639,4.478399324739104e-05,0.8348680171884592,2720,,,,,,,,,,,
1.5400754928588867,0.9651393294334412,4.4745626151012895e-05,0.8410067526089625,2740,,,,,,,,,,,
1.5097058296203614,1.0427770614624023,4.470725905463475e-05,0.8471454880294659,2760,,,,,,,,,,,
1.5264266967773437,1.0823756456375122,4.4668891958256604e-05,0.8532842234499693,2780,,,,,,,,,,,
1.500290584564209,0.9619163274765015,4.463052486187845e-05,0.8594229588704727,2800,,,,,,,,,,,
1.5112323760986328,0.9819250106811523,4.4592157765500306e-05,0.8655616942909761,2820,,,,,,,,,,,
1.50125093460083,0.9986958503723145,4.455379066912217e-05,0.8717004297114794,2840,,,,,,,,,,,
1.4880730628967285,0.9738247990608215,4.451542357274402e-05,0.8778391651319828,2860,,,,,,,,,,,
1.5039896011352538,1.1000406742095947,4.447705647636587e-05,0.8839779005524862,2880,,,,,,,,,,,
1.4517297744750977,0.9420464038848877,4.443868937998772e-05,0.8901166359729895,2900,,,,,,,,,,,
1.5105100631713868,1.076137900352478,4.440032228360958e-05,0.896255371393493,2920,,,,,,,,,,,
1.4905636787414551,0.9170489311218262,4.436195518723143e-05,0.9023941068139963,2940,,,,,,,,,,,
1.4890336990356445,0.8754882216453552,4.432358809085329e-05,0.9085328422344997,2960,,,,,,,,,,,
1.4637088775634766,1.0185972452163696,4.428522099447514e-05,0.9146715776550031,2980,,,,,,,,,,,
1.492720890045166,0.9155184626579285,4.4246853898096996e-05,0.9208103130755064,3000,,,,,,,,,,,
1.4272471427917481,0.9895961284637451,4.420848680171884e-05,0.9269490484960098,3020,,,,,,,,,,,
1.4509407043457032,1.0170104503631592,4.4170119705340704e-05,0.9330877839165131,3040,,,,,,,,,,,
1.465733528137207,0.8563249707221985,4.413175260896256e-05,0.9392265193370166,3060,,,,,,,,,,,
1.4387246131896974,1.0710641145706177,4.409338551258441e-05,0.94536525475752,3080,,,,,,,,,,,
1.5045405387878419,1.1223031282424927,4.405501841620626e-05,0.9515039901780233,3100,,,,,,,,,,,
1.4581135749816894,0.9818395376205444,4.4016651319828115e-05,0.9576427255985267,3120,,,,,,,,,,,
1.443566131591797,1.0477746725082397,4.397828422344997e-05,0.9637814610190301,3140,,,,,,,,,,,
1.4650522232055665,0.963904619216919,4.393991712707183e-05,0.9699201964395334,3160,,,,,,,,,,,
1.4569257736206054,1.0081065893173218,4.390155003069368e-05,0.9760589318600368,3180,,,,,,,,,,,
1.4240152359008789,1.1106770038604736,4.386318293431553e-05,0.9821976672805403,3200,,,,,,,,,,,
1.4144417762756347,0.9034779071807861,4.382481583793739e-05,0.9883364027010436,3220,,,,,,,,,,,
1.4135814666748048,0.8544521331787109,4.3786448741559235e-05,0.994475138121547,3240,,,,,,,,,,,
,,,1.0,3258,1.3843283653259277,20.000254029050843,48.04490986503724,563.4512,13.934,0.871,,,,,
1.4528962135314942,0.9638652801513672,4.3748081645181096e-05,1.0006138735420504,3260,,,,,,,,,,,
1.347069263458252,0.9761826395988464,4.370971454880295e-05,1.0067526089625538,3280,,,,,,,,,,,
1.3266232490539551,0.9730109572410583,4.3671347452424805e-05,1.0128913443830572,3300,,,,,,,,,,,
1.3864673614501952,0.9889571666717529,4.363298035604665e-05,1.0190300798035605,3320,,,,,,,,,,,
1.36890869140625,1.0019211769104004,4.359461325966851e-05,1.025168815224064,3340,,,,,,,,,,,
1.3743271827697754,0.9570016860961914,4.355624616329037e-05,1.0313075506445673,3360,,,,,,,,,,,
1.3959850311279296,0.9517431259155273,4.351787906691222e-05,1.0374462860650706,3380,,,,,,,,,,,
1.3685029029846192,0.9941241145133972,4.347951197053407e-05,1.043585021485574,3400,,,,,,,,,,,
1.367979145050049,0.9001870155334473,4.3441144874155925e-05,1.0497237569060773,3420,,,,,,,,,,,
1.3223807334899902,0.9169532060623169,4.340277777777778e-05,1.0558624923265807,3440,,,,,,,,,,,
1.3687006950378418,0.8666351437568665,4.3364410681399634e-05,1.062001227747084,3460,,,,,,,,,,,
1.304359245300293,0.968092679977417,4.332604358502149e-05,1.0681399631675874,3480,,,,,,,,,,,
1.3198379516601562,0.9305093288421631,4.328767648864334e-05,1.0742786985880908,3500,,,,,,,,,,,
1.3422608375549316,1.1011369228363037,4.32493093922652e-05,1.0804174340085941,3520,,,,,,,,,,,
1.3648175239562987,0.9576627612113953,4.3210942295887045e-05,1.0865561694290977,3540,,,,,,,,,,,
1.3779433250427247,0.9047801494598389,4.31725751995089e-05,1.092694904849601,3560,,,,,,,,,,,
1.3756986618041993,0.9916993379592896,4.313420810313076e-05,1.0988336402701044,3580,,,,,,,,,,,
1.3900896072387696,1.0162078142166138,4.3095841006752615e-05,1.1049723756906078,3600,,,,,,,,,,,
1.35501708984375,0.8505375385284424,4.305747391037446e-05,1.1111111111111112,3620,,,,,,,,,,,
1.350385570526123,1.177715539932251,4.301910681399632e-05,1.1172498465316145,3640,,,,,,,,,,,
1.3771495819091797,0.9857723116874695,4.298073971761817e-05,1.1233885819521179,3660,,,,,,,,,,,
1.3026963233947755,0.9516097903251648,4.2942372621240026e-05,1.1295273173726212,3680,,,,,,,,,,,
1.395833396911621,0.9840883016586304,4.290400552486188e-05,1.1356660527931246,3700,,,,,,,,,,,
1.3281118392944335,0.8776406049728394,4.2865638428483735e-05,1.141804788213628,3720,,,,,,,,,,,
1.324422550201416,0.97762531042099,4.282727133210559e-05,1.1479435236341313,3740,,,,,,,,,,,
1.337732982635498,0.8881562352180481,4.278890423572744e-05,1.1540822590546347,3760,,,,,,,,,,,
1.3473623275756836,0.991548478603363,4.27505371393493e-05,1.160220994475138,3780,,,,,,,,,,,
1.3318309783935547,1.024071216583252,4.271217004297115e-05,1.1663597298956414,3800,,,,,,,,,,,
1.3344658851623534,0.9783341884613037,4.267380294659301e-05,1.1724984653161448,3820,,,,,,,,,,,
1.3327109336853027,0.9063779711723328,4.2635435850214854e-05,1.1786372007366483,3840,,,,,,,,,,,
1.361045742034912,1.0549136400222778,4.259706875383671e-05,1.1847759361571517,3860,,,,,,,,,,,
1.368079948425293,1.053273320198059,4.255870165745856e-05,1.190914671577655,3880,,,,,,,,,,,
1.3281448364257813,0.9425249695777893,4.2520334561080425e-05,1.1970534069981584,3900,,,,,,,,,,,
1.399665641784668,1.1514194011688232,4.248196746470227e-05,1.2031921424186618,3920,,,,,,,,,,,
1.3500960350036622,0.9030870795249939,4.244360036832413e-05,1.2093308778391652,3940,,,,,,,,,,,
1.3177121162414551,1.0106658935546875,4.240523327194598e-05,1.2154696132596685,3960,,,,,,,,,,,
1.3366733551025392,0.954923689365387,4.2366866175567835e-05,1.2216083486801719,3980,,,,,,,,,,,
1.3264928817749024,0.9329977035522461,4.232849907918969e-05,1.2277470841006752,4000,,,,,,,,,,,
1.3180615425109863,0.9733359813690186,4.2290131982811544e-05,1.2338858195211786,4020,,,,,,,,,,,
1.3388580322265624,0.944944441318512,4.22517648864334e-05,1.240024554941682,4040,,,,,,,,,,,
1.3515417098999023,0.9120980501174927,4.2213397790055246e-05,1.2461632903621853,4060,,,,,,,,,,,
1.313941764831543,0.9504234194755554,4.21750306936771e-05,1.2523020257826887,4080,,,,,,,,,,,
1.2747836112976074,0.8696350455284119,4.213666359729896e-05,1.2584407612031923,4100,,,,,,,,,,,
1.3385256767272948,0.9083322882652283,4.2098296500920816e-05,1.2645794966236954,4120,,,,,,,,,,,
1.2867887496948243,0.946264386177063,4.2059929404542664e-05,1.270718232044199,4140,,,,,,,,,,,
1.2908595085144043,0.9811384677886963,4.202156230816452e-05,1.2768569674647023,4160,,,,,,,,,,,
1.2654977798461915,0.8375338912010193,4.198319521178637e-05,1.2829957028852057,4180,,,,,,,,,,,
1.3185062408447266,1.025399088859558,4.194482811540823e-05,1.289134438305709,4200,,,,,,,,,,,
1.3252771377563477,0.9486538171768188,4.190646101903008e-05,1.2952731737262124,4220,,,,,,,,,,,
1.302989387512207,0.8875683546066284,4.1868093922651936e-05,1.3014119091467158,4240,,,,,,,,,,,
1.3001545906066894,0.9034021496772766,4.182972682627379e-05,1.3075506445672191,4260,,,,,,,,,,,
1.2817182540893555,0.9261457324028015,4.1791359729895645e-05,1.3136893799877225,4280,,,,,,,,,,,
1.3113303184509277,0.9405328035354614,4.175299263351749e-05,1.3198281154082259,4300,,,,,,,,,,,
1.348948097229004,0.9291694164276123,4.1714625537139354e-05,1.3259668508287292,4320,,,,,,,,,,,
1.3154776573181153,1.0087302923202515,4.167625844076121e-05,1.3321055862492326,4340,,,,,,,,,,,
1.3430278778076172,0.9607568979263306,4.1637891344383056e-05,1.3382443216697362,4360,,,,,,,,,,,
1.308875846862793,1.3136589527130127,4.159952424800491e-05,1.3443830570902393,4380,,,,,,,,,,,
1.3025819778442382,1.0174078941345215,4.1561157151626765e-05,1.350521792510743,4400,,,,,,,,,,,
1.289524459838867,0.8600502014160156,4.152279005524862e-05,1.356660527931246,4420,,,,,,,,,,,
1.280757522583008,0.8477774858474731,4.1484422958870474e-05,1.3627992633517496,4440,,,,,,,,,,,
1.3567823410034179,1.094612717628479,4.144605586249233e-05,1.368937998772253,4460,,,,,,,,,,,
1.283817672729492,0.9292376637458801,4.140768876611418e-05,1.3750767341927563,4480,,,,,,,,,,,
1.2874275207519532,1.0546108484268188,4.136932166973604e-05,1.3812154696132597,4500,,,,,,,,,,,
1.3233153343200683,1.0587282180786133,4.133095457335789e-05,1.387354205033763,4520,,,,,,,,,,,
1.3092275619506837,1.1113231182098389,4.1292587476979746e-05,1.3934929404542664,4540,,,,,,,,,,,
1.3260756492614747,1.0778939723968506,4.12542203806016e-05,1.3996316758747698,4560,,,,,,,,,,,
1.2847125053405761,0.8719142079353333,4.1215853284223455e-05,1.4057704112952731,4580,,,,,,,,,,,
1.256510353088379,1.0291509628295898,4.11774861878453e-05,1.4119091467157765,4600,,,,,,,,,,,
1.2699775695800781,0.9551762342453003,4.113911909146716e-05,1.4180478821362799,4620,,,,,,,,,,,
1.2608293533325194,0.9998305439949036,4.110075199508902e-05,1.4241866175567832,4640,,,,,,,,,,,
1.2657479286193847,0.8971583843231201,4.1062384898710866e-05,1.4303253529772868,4660,,,,,,,,,,,
1.3153655052185058,2.204606771469116,4.102401780233272e-05,1.43646408839779,4680,,,,,,,,,,,
1.2331650733947754,0.9196309447288513,4.0985650705954575e-05,1.4426028238182935,4700,,,,,,,,,,,
1.250566577911377,0.9154972434043884,4.094728360957643e-05,1.4487415592387969,4720,,,,,,,,,,,
1.297565746307373,0.9288341403007507,4.0908916513198283e-05,1.4548802946593002,4740,,,,,,,,,,,
1.2859216690063477,0.8284744620323181,4.087054941682014e-05,1.4610190300798036,4760,,,,,,,,,,,
1.2996941566467286,0.998900294303894,4.083218232044199e-05,1.467157765500307,4780,,,,,,,,,,,
1.2947490692138672,0.9590474963188171,4.079381522406385e-05,1.4732965009208103,4800,,,,,,,,,,,
1.2629665374755858,0.8422257900238037,4.0755448127685694e-05,1.4794352363413137,4820,,,,,,,,,,,
1.2373489379882812,0.9191799759864807,4.0717081031307556e-05,1.485573971761817,4840,,,,,,,,,,,
1.2600716590881347,0.9037536382675171,4.067871393492941e-05,1.4917127071823204,4860,,,,,,,,,,,
1.2750737190246582,0.9375993609428406,4.0640346838551264e-05,1.4978514426028238,4880,,,,,,,,,,,
1.2867157936096192,0.9387076497077942,4.060197974217311e-05,1.5039901780233271,4900,,,,,,,,,,,
1.2887918472290039,0.8171846866607666,4.0563612645794967e-05,1.5101289134438307,4920,,,,,,,,,,,
1.2552183151245118,0.9516472816467285,4.052524554941682e-05,1.5162676488643339,4940,,,,,,,,,,,
1.2408621788024903,0.9956259727478027,4.0486878453038675e-05,1.5224063842848374,4960,,,,,,,,,,,
1.2804273605346679,1.0145703554153442,4.044851135666053e-05,1.5285451197053406,4980,,,,,,,,,,,
1.2180045127868653,0.96094810962677,4.0410144260282384e-05,1.5346838551258442,5000,,,,,,,,,,,
1.2874005317687989,0.941743791103363,4.037177716390424e-05,1.5408225905463473,5020,,,,,,,,,,,
1.2880370140075683,0.9119802117347717,4.0333410067526086e-05,1.5469613259668509,5040,,,,,,,,,,,
1.2570600509643555,0.8556669354438782,4.029504297114795e-05,1.5531000613873542,5060,,,,,,,,,,,
1.2470380783081054,0.9457075595855713,4.02566758747698e-05,1.5592387968078576,5080,,,,,,,,,,,
1.2274012565612793,0.9460792541503906,4.0218308778391656e-05,1.565377532228361,5100,,,,,,,,,,,
1.230898666381836,0.8760694265365601,4.0179941682013504e-05,1.5715162676488643,5120,,,,,,,,,,,
1.2405640602111816,1.1512808799743652,4.014157458563536e-05,1.5776550030693677,5140,,,,,,,,,,,
1.269881248474121,0.9314407110214233,4.010320748925721e-05,1.583793738489871,5160,,,,,,,,,,,
1.231727695465088,1.020461916923523,4.006484039287907e-05,1.5899324739103746,5180,,,,,,,,,,,
1.246465301513672,1.0196337699890137,4.002647329650092e-05,1.5960712093308778,5200,,,,,,,,,,,
1.2553949356079102,0.8905214667320251,3.9988106200122776e-05,1.6022099447513813,5220,,,,,,,,,,,
1.2534366607666017,0.8977804780006409,3.994973910374463e-05,1.6083486801718845,5240,,,,,,,,,,,
1.2727346420288086,0.9114850163459778,3.9911372007366485e-05,1.614487415592388,5260,,,,,,,,,,,
1.2372806549072266,0.9603238105773926,3.987300491098834e-05,1.6206261510128912,5280,,,,,,,,,,,
1.2558449745178222,0.9087378978729248,3.9834637814610194e-05,1.6267648864333948,5300,,,,,,,,,,,
1.215866470336914,0.8772187829017639,3.979627071823205e-05,1.6329036218538981,5320,,,,,,,,,,,
1.2624279975891113,0.879011332988739,3.9757903621853896e-05,1.6390423572744015,5340,,,,,,,,,,,
1.2708229064941405,0.9405764937400818,3.971953652547575e-05,1.6451810926949049,5360,,,,,,,,,,,
1.2389644622802733,0.9293323755264282,3.968116942909761e-05,1.6513198281154082,5380,,,,,,,,,,,
1.2215817451477051,0.9469894766807556,3.9642802332719466e-05,1.6574585635359116,5400,,,,,,,,,,,
1.2035234451293946,0.884344220161438,3.9604435236341314e-05,1.663597298956415,5420,,,,,,,,,,,
1.212881851196289,0.8851472735404968,3.956606813996317e-05,1.6697360343769183,5440,,,,,,,,,,,
1.2564523696899415,0.9921585321426392,3.952770104358502e-05,1.6758747697974217,5460,,,,,,,,,,,
1.247988796234131,0.9140397310256958,3.948933394720688e-05,1.6820135052179253,5480,,,,,,,,,,,
1.2260178565979003,1.0271471738815308,3.945096685082873e-05,1.6881522406384284,5500,,,,,,,,,,,
1.2404210090637207,0.8944100141525269,3.9412599754450586e-05,1.694290976058932,5520,,,,,,,,,,,
1.2506885528564453,0.9965468049049377,3.937423265807244e-05,1.7004297114794351,5540,,,,,,,,,,,
1.2121785163879395,0.9362476468086243,3.933586556169429e-05,1.7065684468999387,5560,,,,,,,,,,,
1.2240072250366212,0.8185439705848694,3.929749846531615e-05,1.7127071823204418,5580,,,,,,,,,,,
1.2306623458862305,0.8974758386611938,3.9259131368938004e-05,1.7188459177409454,5600,,,,,,,,,,,
1.2488296508789063,0.9662741422653198,3.922076427255986e-05,1.7249846531614488,5620,,,,,,,,,,,
1.2166805267333984,0.9387843012809753,3.9182397176181706e-05,1.7311233885819521,5640,,,,,,,,,,,
1.255605983734131,0.9502724409103394,3.914403007980356e-05,1.7372621240024555,5660,,,,,,,,,,,
1.1941313743591309,0.9199985861778259,3.9105662983425415e-05,1.7434008594229589,5680,,,,,,,,,,,
1.2386693954467773,0.8908979892730713,3.9067295887047276e-05,1.7495395948434622,5700,,,,,,,,,,,
1.1859992027282715,1.2425745725631714,3.9028928790669123e-05,1.7556783302639656,5720,,,,,,,,,,,
1.2121664047241212,0.9183123707771301,3.899056169429098e-05,1.7618170656844692,5740,,,,,,,,,,,
1.236272144317627,0.9718105792999268,3.895219459791283e-05,1.7679558011049723,5760,,,,,,,,,,,
1.242362880706787,1.0010026693344116,3.891382750153468e-05,1.7740945365254759,5780,,,,,,,,,,,
1.204899215698242,0.9388298392295837,3.887546040515654e-05,1.780233271945979,5800,,,,,,,,,,,
1.1662213325500488,0.8605054616928101,3.8837093308778396e-05,1.7863720073664826,5820,,,,,,,,,,,
1.213941478729248,0.9055181741714478,3.879872621240025e-05,1.7925107427869857,5840,,,,,,,,,,,
1.1637035369873048,0.93388831615448,3.87603591160221e-05,1.7986494782074893,5860,,,,,,,,,,,
1.2013258934020996,0.9710458517074585,3.872199201964395e-05,1.8047882136279927,5880,,,,,,,,,,,
1.1984496116638184,0.9844974875450134,3.8683624923265807e-05,1.810926949048496,5900,,,,,,,,,,,
1.1930797576904297,0.888587474822998,3.864525782688767e-05,1.8170656844689994,5920,,,,,,,,,,,
1.2403308868408203,1.0466246604919434,3.8606890730509515e-05,1.8232044198895028,5940,,,,,,,,,,,
1.2182785034179688,1.0779790878295898,3.856852363413137e-05,1.8293431553100061,5960,,,,,,,,,,,
1.186442756652832,0.957774817943573,3.8530156537753224e-05,1.8354818907305095,5980,,,,,,,,,,,
1.2472726821899414,0.8718083500862122,3.849178944137508e-05,1.8416206261510129,6000,,,,,,,,,,,
1.2329851150512696,0.9883829355239868,3.845342234499693e-05,1.8477593615715162,6020,,,,,,,,,,,
1.1996129035949707,0.9929278492927551,3.841505524861879e-05,1.8538980969920198,6040,,,,,,,,,,,
1.2032854080200195,0.9114488363265991,3.837668815224064e-05,1.860036832412523,6060,,,,,,,,,,,
1.2089707374572753,0.9126449227333069,3.833832105586249e-05,1.8661755678330265,6080,,,,,,,,,,,
1.1756061553955077,0.9808235764503479,3.8299953959484344e-05,1.8723143032535297,6100,,,,,,,,,,,
1.1800497055053711,0.886721670627594,3.8261586863106205e-05,1.8784530386740332,6120,,,,,,,,,,,
1.2197617530822753,0.9725337624549866,3.822321976672806e-05,1.8845917740945364,6140,,,,,,,,,,,
1.1899539947509765,0.8645832538604736,3.818485267034991e-05,1.89073050951504,6160,,,,,,,,,,,
1.2010173797607422,0.8798790574073792,3.814648557397176e-05,1.8968692449355433,6180,,,,,,,,,,,
1.2384292602539062,0.9729602932929993,3.8108118477593616e-05,1.9030079803560467,6200,,,,,,,,,,,
1.2122307777404786,1.036872148513794,3.806975138121547e-05,1.90914671577655,6220,,,,,,,,,,,
1.186192798614502,0.9814326167106628,3.8031384284837325e-05,1.9152854511970534,6240,,,,,,,,,,,
1.1865873336791992,0.9721406698226929,3.799301718845918e-05,1.9214241866175568,6260,,,,,,,,,,,
1.1590889930725097,0.9018492698669434,3.7954650092081034e-05,1.9275629220380601,6280,,,,,,,,,,,
1.2051724433898925,0.9142249822616577,3.791628299570289e-05,1.9337016574585635,6300,,,,,,,,,,,
1.2023092269897462,0.9127084016799927,3.787791589932474e-05,1.9398403928790668,6320,,,,,,,,,,,
1.1841725349426269,0.9613416194915771,3.78395488029466e-05,1.9459791282995704,6340,,,,,,,,,,,
1.2107422828674317,0.9482132196426392,3.780118170656845e-05,1.9521178637200736,6360,,,,,,,,,,,
1.1651387214660645,0.8597096800804138,3.77628146101903e-05,1.9582565991405771,6380,,,,,,,,,,,
1.1526887893676758,0.9353237152099609,3.7724447513812154e-05,1.9643953345610803,6400,,,,,,,,,,,
1.1732073783874513,1.0325534343719482,3.768608041743401e-05,1.9705340699815839,6420,,,,,,,,,,,
1.1920984268188477,1.0296119451522827,3.764771332105587e-05,1.976672805402087,6440,,,,,,,,,,,
1.144125270843506,0.8324530124664307,3.760934622467772e-05,1.9828115408225906,6460,,,,,,,,,,,
1.2001572608947755,0.9596729874610901,3.757097912829957e-05,1.988950276243094,6480,,,,,,,,,,,
1.2037076950073242,0.9502933621406555,3.7532612031921426e-05,1.9950890116635973,6500,,,,,,,,,,,
,,,2.0,6516,1.2081209421157837,24.093015700345646,51.349847861645095,484.1443,16.216,1.014,,,,,
1.1774068832397462,0.9142977595329285,3.749424493554328e-05,2.001227747084101,6520,,,,,,,,,,,
1.08725004196167,0.9089500904083252,3.7455877839165135e-05,2.007366482504604,6540,,,,,,,,,,,
1.1411214828491212,0.870084285736084,3.741751074278699e-05,2.0135052179251076,6560,,,,,,,,,,,
1.104863739013672,0.8886808753013611,3.7379143646408844e-05,2.0196439533456108,6580,,,,,,,,,,,
1.1242609977722169,0.906441330909729,3.734077655003069e-05,2.0257826887661143,6600,,,,,,,,,,,
1.1477775573730469,0.850934624671936,3.7302409453652546e-05,2.0319214241866175,6620,,,,,,,,,,,
1.138850784301758,0.963948130607605,3.726404235727441e-05,2.038060159607121,6640,,,,,,,,,,,
1.1206259727478027,0.9169318079948425,3.722567526089626e-05,2.044198895027624,6660,,,,,,,,,,,
1.128972053527832,0.898457944393158,3.718730816451811e-05,2.050337630448128,6680,,,,,,,,,,,
1.1065193176269532,0.9982700347900391,3.7148941068139963e-05,2.056476365868631,6700,,,,,,,,,,,
1.1528650283813477,0.8729041218757629,3.711057397176182e-05,2.0626151012891345,6720,,,,,,,,,,,
1.1503069877624512,0.9527685046195984,3.707220687538367e-05,2.0687538367096376,6740,,,,,,,,,,,
1.1305295944213867,0.8627568483352661,3.703383977900553e-05,2.074892572130141,6760,,,,,,,,,,,
1.172736644744873,0.9851979613304138,3.699547268262738e-05,2.0810313075506444,6780,,,,,,,,,,,
1.1036242485046386,0.9931513667106628,3.6957105586249236e-05,2.087170042971148,6800,,,,,,,,,,,
1.164735698699951,0.9542921185493469,3.691873848987109e-05,2.0933087783916515,6820,,,,,,,,,,,
1.1064035415649414,0.8888061046600342,3.688037139349294e-05,2.0994475138121547,6840,,,,,,,,,,,
1.1180357933044434,0.8854609131813049,3.68420042971148e-05,2.1055862492326582,6860,,,,,,,,,,,
1.0624671936035157,0.9060292840003967,3.680363720073665e-05,2.1117249846531614,6880,,,,,,,,,,,
1.1193007469177245,0.9237613677978516,3.67652701043585e-05,2.117863720073665,6900,,,,,,,,,,,
1.1225961685180663,0.9166924953460693,3.6726903007980355e-05,2.124002455494168,6920,,,,,,,,,,,
1.1100634574890136,1.1421812772750854,3.668853591160221e-05,2.1301411909146717,6940,,,,,,,,,,,
1.1444401741027832,0.9512446522712708,3.6650168815224064e-05,2.136279926335175,6960,,,,,,,,,,,
1.0923646926879882,1.9002999067306519,3.661180171884592e-05,2.1424186617556784,6980,,,,,,,,,,,
1.0914645195007324,0.9261753559112549,3.657343462246777e-05,2.1485573971761815,7000,,,,,,,,,,,
1.1004518508911132,0.9328824877738953,3.653506752608963e-05,2.154696132596685,7020,,,,,,,,,,,
1.1370092391967774,1.9969520568847656,3.649670042971148e-05,2.1608348680171883,7040,,,,,,,,,,,
1.0830108642578125,0.9233230352401733,3.6458333333333336e-05,2.166973603437692,7060,,,,,,,,,,,
1.117182159423828,0.8403519988059998,3.641996623695519e-05,2.1731123388581954,7080,,,,,,,,,,,
1.0919240951538085,0.9541571736335754,3.6381599140577045e-05,2.1792510742786986,7100,,,,,,,,,,,
1.1229192733764648,0.9264368414878845,3.63432320441989e-05,2.185389809699202,7120,,,,,,,,,,,
1.1413076400756836,0.999413788318634,3.630486494782075e-05,2.1915285451197053,7140,,,,,,,,,,,
1.1181042671203614,0.9985256791114807,3.62664978514426e-05,2.197667280540209,7160,,,,,,,,,,,
1.0915234565734864,0.982124388217926,3.622813075506446e-05,2.203806015960712,7180,,,,,,,,,,,
1.0797658920288087,1.3030619621276855,3.618976365868631e-05,2.2099447513812156,7200,,,,,,,,,,,
1.0847612380981446,0.9238990545272827,3.6151396562308165e-05,2.2160834868017187,7220,,,,,,,,,,,
1.10746488571167,0.9187200665473938,3.611302946593002e-05,2.2222222222222223,7240,,,,,,,,,,,
1.0976371765136719,1.0006717443466187,3.6074662369551874e-05,2.2283609576427255,7260,,,,,,,,,,,
1.102781105041504,0.9125630855560303,3.603629527317373e-05,2.234499693063229,7280,,,,,,,,,,,
1.1101442337036134,0.9025595784187317,3.599792817679558e-05,2.240638428483732,7300,,,,,,,,,,,
1.100499153137207,0.8977715969085693,3.595956108041744e-05,2.2467771639042358,7320,,,,,,,,,,,
1.1303215026855469,0.9143889546394348,3.592119398403929e-05,2.252915899324739,7340,,,,,,,,,,,
1.0837135314941406,0.9642059206962585,3.588282688766114e-05,2.2590546347452425,7360,,,,,,,,,,,
1.0998706817626953,0.9947815537452698,3.5844459791283e-05,2.265193370165746,7380,,,,,,,,,,,
1.069210147857666,0.9678158760070801,3.5806092694904855e-05,2.271332105586249,7400,,,,,,,,,,,
1.0757478713989257,0.9142372012138367,3.576772559852671e-05,2.277470841006753,7420,,,,,,,,,,,
1.0794751167297363,0.9266806244850159,3.572935850214856e-05,2.283609576427256,7440,,,,,,,,,,,
1.1210337638854981,0.9610990285873413,3.569099140577041e-05,2.2897483118477595,7460,,,,,,,,,,,
1.0798090934753417,0.9989199042320251,3.5652624309392266e-05,2.2958870472682626,7480,,,,,,,,,,,
1.1091448783874511,0.9196938276290894,3.561425721301412e-05,2.3020257826887662,7500,,,,,,,,,,,
1.0727435111999513,0.9018497467041016,3.5575890116635975e-05,2.3081645181092694,7520,,,,,,,,,,,
1.112907600402832,0.9435225129127502,3.553752302025783e-05,2.314303253529773,7540,,,,,,,,,,,
1.1010079383850098,0.8834986090660095,3.5499155923879684e-05,2.320441988950276,7560,,,,,,,,,,,
1.1145627975463868,0.9902337193489075,3.546078882750153e-05,2.3265807243707797,7580,,,,,,,,,,,
1.096418285369873,1.0093311071395874,3.542242173112339e-05,2.332719459791283,7600,,,,,,,,,,,
1.090443992614746,0.897285521030426,3.538405463474525e-05,2.3388581952117864,7620,,,,,,,,,,,
1.0548150062561035,0.9810208678245544,3.53456875383671e-05,2.3449969306322895,7640,,,,,,,,,,,
1.1150586128234863,1.252832293510437,3.530732044198895e-05,2.351135666052793,7660,,,,,,,,,,,
1.0964715957641602,1.133028268814087,3.52689533456108e-05,2.3572744014732967,7680,,,,,,,,,,,
1.068375301361084,0.9539794325828552,3.523058624923266e-05,2.3634131368938,7700,,,,,,,,,,,
1.0830279350280763,0.9428147077560425,3.519221915285452e-05,2.3695518723143034,7720,,,,,,,,,,,
1.1164555549621582,0.8887063264846802,3.515385205647637e-05,2.3756906077348066,7740,,,,,,,,,,,
1.1086570739746093,0.8432319164276123,3.511548496009822e-05,2.38182934315531,7760,,,,,,,,,,,
1.0713970184326171,0.7969961762428284,3.5077117863720075e-05,2.3879680785758133,7780,,,,,,,,,,,
1.0803843498229981,0.8775418400764465,3.503875076734193e-05,2.394106813996317,7800,,,,,,,,,,,
1.118394947052002,0.8445682525634766,3.5000383670963784e-05,2.40024554941682,7820,,,,,,,,,,,
1.1239431381225586,0.8885766267776489,3.496201657458564e-05,2.4063842848373236,7840,,,,,,,,,,,
1.0932947158813477,1.1725016832351685,3.492364947820749e-05,2.4125230202578267,7860,,,,,,,,,,,
1.087751865386963,0.9181620478630066,3.488528238182934e-05,2.4186617556783303,7880,,,,,,,,,,,
1.0846370697021483,0.8872027397155762,3.4846915285451195e-05,2.424800491098834,7900,,,,,,,,,,,
1.101718807220459,0.9541385173797607,3.4808548189073057e-05,2.430939226519337,7920,,,,,,,,,,,
1.055225944519043,0.9006379246711731,3.477018109269491e-05,2.43707796193984,7940,,,,,,,,,,,
1.0869562149047851,0.9058711528778076,3.473181399631676e-05,2.4432166973603437,7960,,,,,,,,,,,
1.1232244491577148,1.012857437133789,3.469344689993861e-05,2.4493554327808473,7980,,,,,,,,,,,
1.0937012672424316,0.8566409945487976,3.465507980356047e-05,2.4554941682013505,8000,,,,,,,,,,,
1.080068016052246,0.893173098564148,3.461671270718232e-05,2.461632903621854,8020,,,,,,,,,,,
1.0932262420654297,0.9387606382369995,3.4578345610804176e-05,2.467771639042357,8040,,,,,,,,,,,
1.1179210662841796,0.8607186079025269,3.453997851442603e-05,2.4739103744628608,8060,,,,,,,,,,,
1.0961423873901368,0.9261978268623352,3.4501611418047885e-05,2.480049109883364,8080,,,,,,,,,,,
1.0824549674987793,1.0040868520736694,3.446324432166973e-05,2.4861878453038675,8100,,,,,,,,,,,
1.0356327056884767,0.9466938376426697,3.4424877225291594e-05,2.4923265807243706,8120,,,,,,,,,,,
1.0962841987609864,0.9355996251106262,3.438651012891345e-05,2.498465316144874,8140,,,,,,,,,,,
1.0657284736633301,0.9507010579109192,3.43481430325353e-05,2.5046040515653774,8160,,,,,,,,,,,
1.054600143432617,0.7978492975234985,3.430977593615715e-05,2.510742786985881,8180,,,,,,,,,,,
1.0481155395507813,0.8274944424629211,3.4271408839779005e-05,2.5168815224063845,8200,,,,,,,,,,,
1.0428495407104492,0.821349561214447,3.423304174340086e-05,2.5230202578268877,8220,,,,,,,,,,,
1.0971016883850098,0.9675374627113342,3.419467464702272e-05,2.529158993247391,8240,,,,,,,,,,,
1.0468715667724608,0.8938700556755066,3.415630755064457e-05,2.5352977286678944,8260,,,,,,,,,,,
1.0527853965759277,0.8632621765136719,3.411794045426642e-05,2.541436464088398,8280,,,,,,,,,,,
1.1001621246337892,1.0524460077285767,3.407957335788828e-05,2.547575199508901,8300,,,,,,,,,,,
1.052293586730957,1.0341547727584839,3.4041206261510125e-05,2.5537139349294047,8320,,,,,,,,,,,
1.054910659790039,0.8685489892959595,3.4002839165131986e-05,2.559852670349908,8340,,,,,,,,,,,
1.069777774810791,0.9171885848045349,3.396447206875384e-05,2.5659914057704114,8360,,,,,,,,,,,
1.082008171081543,0.8243114352226257,3.3926104972375695e-05,2.5721301411909145,8380,,,,,,,,,,,
1.0603917121887207,0.9404215216636658,3.388773787599754e-05,2.578268876611418,8400,,,,,,,,,,,
1.0298596382141114,0.9884771108627319,3.38493707796194e-05,2.5844076120319213,8420,,,,,,,,,,,
1.0476638793945312,0.9424184560775757,3.381100368324125e-05,2.590546347452425,8440,,,,,,,,,,,
1.0642295837402345,0.9152054190635681,3.377263658686311e-05,2.596685082872928,8460,,,,,,,,,,,
1.0612311363220215,0.8946176767349243,3.373426949048496e-05,2.6028238182934316,8480,,,,,,,,,,,
1.0573434829711914,0.8988435864448547,3.3695902394106815e-05,2.608962553713935,8500,,,,,,,,,,,
1.0175412178039551,0.865597128868103,3.365753529772867e-05,2.6151012891344383,8520,,,,,,,,,,,
1.0493720054626465,0.9790629744529724,3.3619168201350523e-05,2.6212400245549414,8540,,,,,,,,,,,
1.0238095283508302,0.9059069156646729,3.358080110497238e-05,2.627378759975445,8560,,,,,,,,,,,
1.0504358291625977,0.8799409866333008,3.354243400859423e-05,2.6335174953959486,8580,,,,,,,,,,,
1.1315942764282227,0.9002979397773743,3.350406691221609e-05,2.6396562308164517,8600,,,,,,,,,,,
1.1186647415161133,0.8343812823295593,3.3465699815837934e-05,2.6457949662369553,8620,,,,,,,,,,,
1.0668623924255372,0.9736385941505432,3.342733271945979e-05,2.6519337016574585,8640,,,,,,,,,,,
1.076189136505127,0.9017420411109924,3.338896562308165e-05,2.658072437077962,8660,,,,,,,,,,,
1.0663135528564454,0.8922027945518494,3.3350598526703505e-05,2.664211172498465,8680,,,,,,,,,,,
1.070241928100586,0.925866961479187,3.331223143032535e-05,2.6703499079189688,8700,,,,,,,,,,,
1.0439476013183593,0.9048253297805786,3.3273864333947207e-05,2.6764886433394723,8720,,,,,,,,,,,
1.0582905769348145,0.8901084065437317,3.323549723756906e-05,2.6826273787599755,8740,,,,,,,,,,,
1.0903419494628905,0.9548959732055664,3.3197130141190915e-05,2.6887661141804786,8760,,,,,,,,,,,
1.0501674652099608,0.9991971850395203,3.315876304481277e-05,2.694904849600982,8780,,,,,,,,,,,
0.9946337699890136,0.8626639246940613,3.3120395948434624e-05,2.701043585021486,8800,,,,,,,,,,,
1.0657461166381836,1.1272735595703125,3.308202885205648e-05,2.707182320441989,8820,,,,,,,,,,,
1.0069924354553224,0.9033652544021606,3.304366175567833e-05,2.713321055862492,8840,,,,,,,,,,,
1.0550402641296386,0.8620717525482178,3.300529465930019e-05,2.7194597912829956,8860,,,,,,,,,,,
1.049076461791992,0.9229466319084167,3.296692756292204e-05,2.7255985267034992,8880,,,,,,,,,,,
1.026479434967041,0.9582161903381348,3.2928560466543896e-05,2.7317372621240024,8900,,,,,,,,,,,
1.0469120979309081,0.8183655738830566,3.2890193370165744e-05,2.737875997544506,8920,,,,,,,,,,,
1.0494308471679688,0.9619460105895996,3.28518262737876e-05,2.744014732965009,8940,,,,,,,,,,,
1.057347297668457,0.9237304925918579,3.281345917740945e-05,2.7501534683855127,8960,,,,,,,,,,,
1.0163293838500977,0.9963219165802002,3.2775092081031314e-05,2.756292203806016,8980,,,,,,,,,,,
1.0569865226745605,0.9662697315216064,3.273672498465316e-05,2.7624309392265194,9000,,,,,,,,,,,
1.064164924621582,0.8417766690254211,3.2698357888275016e-05,2.768569674647023,9020,,,,,,,,,,,
1.0992160797119142,0.9109872579574585,3.265999079189687e-05,2.774708410067526,9040,,,,,,,,,,,
1.0754267692565918,0.9265074729919434,3.2621623695518725e-05,2.7808471454880292,9060,,,,,,,,,,,
1.0642732620239257,0.9592955708503723,3.258325659914058e-05,2.786985880908533,9080,,,,,,,,,,,
1.0329123497009278,0.8534238338470459,3.2544889502762434e-05,2.7931246163290364,9100,,,,,,,,,,,
1.0557485580444337,1.0289812088012695,3.250652240638429e-05,2.7992633517495396,9120,,,,,,,,,,,
1.053633213043213,0.8835399150848389,3.2468155310006136e-05,2.805402087170043,9140,,,,,,,,,,,
1.0807196617126464,1.0175620317459106,3.242978821362799e-05,2.8115408225905463,9160,,,,,,,,,,,
1.0643312454223632,0.8962106108665466,3.2391421117249845e-05,2.81767955801105,9180,,,,,,,,,,,
1.0233220100402831,0.8817968964576721,3.2353054020871706e-05,2.823818293431553,9200,,,,,,,,,,,
1.0615809440612793,0.9052395224571228,3.2314686924493554e-05,2.8299570288520566,9220,,,,,,,,,,,
0.9962690353393555,0.7671663761138916,3.227631982811541e-05,2.8360957642725597,9240,,,,,,,,,,,
1.049818992614746,0.8426721692085266,3.223795273173726e-05,2.8422344996930633,9260,,,,,,,,,,,
1.0939209938049317,0.8850060701370239,3.219958563535912e-05,2.8483732351135664,9280,,,,,,,,,,,
1.0927139282226563,0.9123417139053345,3.216121853898097e-05,2.85451197053407,9300,,,,,,,,,,,
1.0266127586364746,0.9013842344284058,3.2122851442602826e-05,2.8606507059545736,9320,,,,,,,,,,,
1.059895133972168,1.005596399307251,3.208448434622468e-05,2.8667894413750767,9340,,,,,,,,,,,
1.0466188430786132,0.9605065584182739,3.2046117249846535e-05,2.87292817679558,9360,,,,,,,,,,,
1.0169909477233887,0.8554350733757019,3.200775015346838e-05,2.8790669122160835,9380,,,,,,,,,,,
1.0790766716003417,0.9497126340866089,3.1969383057090244e-05,2.885205647636587,9400,,,,,,,,,,,
1.0295119285583496,0.8183706402778625,3.19310159607121e-05,2.89134438305709,9420,,,,,,,,,,,
1.0335528373718261,0.7458163499832153,3.1892648864333946e-05,2.8974831184775938,9440,,,,,,,,,,,
1.0420634269714355,0.817656934261322,3.18542817679558e-05,2.903621853898097,9460,,,,,,,,,,,
1.0307226181030273,0.8281669020652771,3.1815914671577655e-05,2.9097605893186005,9480,,,,,,,,,,,
1.070322036743164,0.942153811454773,3.177754757519951e-05,2.9158993247391036,9500,,,,,,,,,,,
1.0230373382568358,0.9578251838684082,3.1739180478821363e-05,2.922038060159607,9520,,,,,,,,,,,
1.0730350494384766,0.8951627612113953,3.170081338244322e-05,2.9281767955801103,9540,,,,,,,,,,,
1.0196398735046386,0.9224246144294739,3.166244628606507e-05,2.934315531000614,9560,,,,,,,,,,,
0.9815686225891114,0.868417501449585,3.162407918968693e-05,2.940454266421117,9580,,,,,,,,,,,
1.0376111030578614,0.9095731377601624,3.158571209330878e-05,2.9465930018416207,9600,,,,,,,,,,,
1.0578093528747559,0.9019345641136169,3.1547344996930636e-05,2.9527317372621242,9620,,,,,,,,,,,
1.073965835571289,0.9946889877319336,3.150897790055249e-05,2.9588704726826274,9640,,,,,,,,,,,
1.0958539962768554,0.8938390612602234,3.1470610804174344e-05,2.9650092081031305,9660,,,,,,,,,,,
1.007004737854004,0.9172458052635193,3.143224370779619e-05,2.971147943523634,9680,,,,,,,,,,,
1.0361904144287108,0.9987630844116211,3.1393876611418047e-05,2.9772866789441377,9700,,,,,,,,,,,
1.0242465019226075,1.0247695446014404,3.135550951503991e-05,2.983425414364641,9720,,,,,,,,,,,
1.024089527130127,0.873244047164917,3.1317142418661755e-05,2.9895641497851444,9740,,,,,,,,,,,
1.080131721496582,0.8969780206680298,3.127877532228361e-05,2.9957028852056475,9760,,,,,,,,,,,
,,,3.0,9774,1.1207659244537354,25.97119918898279,52.99026188209569,486.2583,16.146,1.01,,,,,
1.042104148864746,0.7956814765930176,3.1240408225905464e-05,3.001841620626151,9780,,,,,,,,,,,
1.0292455673217773,0.8300365209579468,3.120204112952732e-05,3.0079803560466543,9800,,,,,,,,,,,
1.0005407333374023,0.9086231589317322,3.116367403314917e-05,3.014119091467158,9820,,,,,,,,,,,
0.9848846435546875,0.8446669578552246,3.112530693677103e-05,3.020257826887661,9840,,,,,,,,,,,
0.9587486267089844,0.8981195688247681,3.108693984039288e-05,3.0263965623081646,9860,,,,,,,,,,,
0.9666175842285156,0.9224306344985962,3.1048572744014736e-05,3.0325352977286677,9880,,,,,,,,,,,
0.9699067115783692,0.9368511438369751,3.1010205647636584e-05,3.0386740331491713,9900,,,,,,,,,,,
0.9376802444458008,0.8712270259857178,3.0971838551258445e-05,3.044812768569675,9920,,,,,,,,,,,
0.9745610237121582,0.8235209584236145,3.09334714548803e-05,3.050951503990178,9940,,,,,,,,,,,
0.9931266784667969,0.9628685116767883,3.0895104358502154e-05,3.0570902394106816,9960,,,,,,,,,,,
1.0201773643493652,0.8505436778068542,3.0856737262124e-05,3.0632289748311847,9980,,,,,,,,,,,
0.9695469856262207,0.9859780669212341,3.0818370165745856e-05,3.0693677102516883,10000,,,,,,,,,,,
0.9673933982849121,0.9094766974449158,3.078000306936771e-05,3.0755064456721914,10020,,,,,,,,,,,
0.9600649833679199,0.9152464270591736,3.0741635972989565e-05,3.081645181092695,10040,,,,,,,,,,,
0.9973462104797364,0.903960645198822,3.070326887661142e-05,3.087783916513198,10060,,,,,,,,,,,
0.9524219512939454,0.9139153957366943,3.0664901780233274e-05,3.0939226519337018,10080,,,,,,,,,,,
0.9842743873596191,0.8899139165878296,3.062653468385513e-05,3.100061387354205,10100,,,,,,,,,,,
0.9983793258666992,0.896313488483429,3.0588167587476976e-05,3.1062001227747085,10120,,,,,,,,,,,
0.9900604248046875,0.9492064714431763,3.054980049109884e-05,3.1123388581952116,10140,,,,,,,,,,,
1.0104928016662598,0.8872042298316956,3.0511433394720688e-05,3.118477593615715,10160,,,,,,,,,,,
0.9790796279907227,0.9009318947792053,3.0473066298342546e-05,3.1246163290362183,10180,,,,,,,,,,,
0.9980110168457031,0.8648946285247803,3.0434699201964394e-05,3.130755064456722,10200,,,,,,,,,,,
0.9558609962463379,1.060634970664978,3.039633210558625e-05,3.1368937998772255,10220,,,,,,,,,,,
0.9854439735412598,0.9372255206108093,3.0357965009208106e-05,3.1430325352977286,10240,,,,,,,,,,,
0.9459173202514648,0.8964717388153076,3.031959791282996e-05,3.149171270718232,10260,,,,,,,,,,,
0.9525200843811035,1.1219232082366943,3.028123081645181e-05,3.1553100061387354,10280,,,,,,,,,,,
0.9738314628601075,1.0222419500350952,3.0242863720073666e-05,3.161448741559239,10300,,,,,,,,,,,
0.9701577186584472,0.9329774379730225,3.020449662369552e-05,3.167587476979742,10320,,,,,,,,,,,
0.9982904434204102,0.8614534139633179,3.016612952731737e-05,3.1737262124002457,10340,,,,,,,,,,,
0.972956371307373,0.8625662326812744,3.0127762430939226e-05,3.179864947820749,10360,,,,,,,,,,,
0.9830123901367187,0.9516735076904297,3.0089395334561084e-05,3.1860036832412524,10380,,,,,,,,,,,
0.9913203239440918,0.8703194856643677,3.0051028238182938e-05,3.1921424186617555,10400,,,,,,,,,,,
0.9518589973449707,0.9129425883293152,3.001266114180479e-05,3.198281154082259,10420,,,,,,,,,,,
0.9559548377990723,0.9247764348983765,2.9974294045426643e-05,3.2044198895027622,10440,,,,,,,,,,,
0.9699939727783203,0.9880533218383789,2.9935926949048498e-05,3.210558624923266,10460,,,,,,,,,,,
0.9574349403381348,0.9362826347351074,2.9897559852670352e-05,3.216697360343769,10480,,,,,,,,,,,
0.9899650573730469,0.9219163060188293,2.9859192756292203e-05,3.2228360957642725,10500,,,,,,,,,,,
0.9846583366394043,0.846528947353363,2.9820825659914058e-05,3.228974831184776,10520,,,,,,,,,,,
1.0047505378723145,0.8185715079307556,2.9782458563535916e-05,3.2351135666052793,10540,,,,,,,,,,,
0.9533742904663086,0.9861160516738892,2.9744091467157763e-05,3.241252302025783,10560,,,,,,,,,,,
0.9756510734558106,0.8775015473365784,2.970572437077962e-05,3.247391037446286,10580,,,,,,,,,,,
0.9767035484313965,0.9278981685638428,2.9667357274401476e-05,3.2535297728667896,10600,,,,,,,,,,,
1.005648708343506,0.9543178081512451,2.962899017802333e-05,3.2596685082872927,10620,,,,,,,,,,,
0.9701135635375977,0.8939684629440308,2.959062308164518e-05,3.2658072437077963,10640,,,,,,,,,,,
0.9975285530090332,0.9487591981887817,2.9552255985267035e-05,3.2719459791282994,10660,,,,,,,,,,,
0.9617787361145019,0.8453689813613892,2.951388888888889e-05,3.278084714548803,10680,,,,,,,,,,,
0.995829963684082,1.0197222232818604,2.9475521792510748e-05,3.284223449969306,10700,,,,,,,,,,,
0.9878825187683106,1.033490538597107,2.9437154696132595e-05,3.2903621853898097,10720,,,,,,,,,,,
0.9529685974121094,0.9166561961174011,2.9398787599754453e-05,3.2965009208103133,10740,,,,,,,,,,,
0.9598444938659668,0.7287769913673401,2.9360420503376308e-05,3.3026396562308165,10760,,,,,,,,,,,
0.9788310050964355,0.8934604525566101,2.9322053406998162e-05,3.3087783916513196,10780,,,,,,,,,,,
0.991793441772461,0.9485147595405579,2.9283686310620013e-05,3.314917127071823,10800,,,,,,,,,,,
0.9422677040100098,0.9644309878349304,2.9245319214241867e-05,3.3210558624923268,10820,,,,,,,,,,,
0.9745152473449707,0.9078453183174133,2.9206952117863722e-05,3.32719459791283,10840,,,,,,,,,,,
0.9717333793640137,0.9316365718841553,2.9168585021485573e-05,3.3333333333333335,10860,,,,,,,,,,,
0.9766027450561523,1.0048596858978271,2.9130217925107427e-05,3.3394720687538366,10880,,,,,,,,,,,
0.9920491218566895,0.9200576543807983,2.9091850828729282e-05,3.34561080417434,10900,,,,,,,,,,,
0.9759521484375,0.8746637105941772,2.905348373235114e-05,3.3517495395948433,10920,,,,,,,,,,,
0.9784305572509766,0.8744031190872192,2.9015116635972987e-05,3.357888275015347,10940,,,,,,,,,,,
0.9569782257080078,0.8982878923416138,2.8976749539594845e-05,3.36402701043585,10960,,,,,,,,,,,
0.9857671737670899,0.9112172722816467,2.89383824432167e-05,3.3701657458563536,10980,,,,,,,,,,,
0.9426676750183105,0.9803943634033203,2.8900015346838554e-05,3.376304481276857,11000,,,,,,,,,,,
0.9251206398010254,0.9392654895782471,2.8861648250460405e-05,3.3824432166973604,11020,,,,,,,,,,,
1.0086235046386718,0.9064188003540039,2.882328115408226e-05,3.388581952117864,11040,,,,,,,,,,,
1.0077858924865724,1.0285329818725586,2.8784914057704114e-05,3.394720687538367,11060,,,,,,,,,,,
0.9681001663208008,0.8772092461585999,2.8746546961325972e-05,3.4008594229588702,11080,,,,,,,,,,,
0.9429347038269043,0.8004891276359558,2.870817986494782e-05,3.406998158379374,11100,,,,,,,,,,,
0.9442855834960937,1.0354894399642944,2.8669812768569677e-05,3.4131368937998774,11120,,,,,,,,,,,
0.9921745300292969,0.8857677578926086,2.863144567219153e-05,3.4192756292203805,11140,,,,,,,,,,,
0.9932209968566894,0.9611278772354126,2.8593078575813383e-05,3.425414364640884,11160,,,,,,,,,,,
0.958682918548584,1.343822717666626,2.8554711479435237e-05,3.4315531000613873,11180,,,,,,,,,,,
0.9640573501586914,0.9522570371627808,2.851634438305709e-05,3.437691835481891,11200,,,,,,,,,,,
0.9680908203125,0.8770874738693237,2.8477977286678946e-05,3.443830570902394,11220,,,,,,,,,,,
0.929041862487793,0.89112389087677,2.8439610190300797e-05,3.4499693063228976,11240,,,,,,,,,,,
0.968161678314209,0.8410765528678894,2.840124309392265e-05,3.4561080417434007,11260,,,,,,,,,,,
0.9499452590942383,0.9231579303741455,2.836287599754451e-05,3.4622467771639043,11280,,,,,,,,,,,
0.9620842933654785,0.9055578112602234,2.8324508901166364e-05,3.4683855125844074,11300,,,,,,,,,,,
0.9277928352355957,0.8554821014404297,2.8286141804788215e-05,3.474524248004911,11320,,,,,,,,,,,
1.0175435066223144,0.9868038892745972,2.824777470841007e-05,3.4806629834254146,11340,,,,,,,,,,,
0.9640612602233887,1.0040096044540405,2.8209407612031924e-05,3.4868017188459177,11360,,,,,,,,,,,
0.972222900390625,1.0601946115493774,2.8171040515653778e-05,3.4929404542664213,11380,,,,,,,,,,,
0.9819595336914062,1.0401930809020996,2.813267341927563e-05,3.4990791896869244,11400,,,,,,,,,,,
0.9636880874633789,0.9665830731391907,2.8094306322897483e-05,3.505217925107428,11420,,,,,,,,,,,
0.9690261840820312,1.012334942817688,2.805593922651934e-05,3.511356660527931,11440,,,,,,,,,,,
0.9516139030456543,1.0202349424362183,2.801757213014119e-05,3.5174953959484347,11460,,,,,,,,,,,
0.9360892295837402,0.9656332731246948,2.7979205033763047e-05,3.523634131368938,11480,,,,,,,,,,,
0.9837627410888672,0.8764854073524475,2.79408379373849e-05,3.5297728667894415,11500,,,,,,,,,,,
0.9726734161376953,0.9352743625640869,2.7902470841006756e-05,3.5359116022099446,11520,,,,,,,,,,,
0.9690424919128418,1.1647299528121948,2.7864103744628607e-05,3.542050337630448,11540,,,,,,,,,,,
0.9561086654663086,0.9009608626365662,2.782573664825046e-05,3.5481890730509518,11560,,,,,,,,,,,
0.915400218963623,1.0198372602462769,2.7787369551872316e-05,3.554327808471455,11580,,,,,,,,,,,
0.953342342376709,0.908355712890625,2.7749002455494173e-05,3.560466543891958,11600,,,,,,,,,,,
0.9705191612243652,0.893427312374115,2.771063535911602e-05,3.5666052793124616,11620,,,,,,,,,,,
0.9647366523742675,0.9149366617202759,2.7672268262737875e-05,3.572744014732965,11640,,,,,,,,,,,
0.9643339157104492,1.2776901721954346,2.7633901166359733e-05,3.5788827501534684,11660,,,,,,,,,,,
0.939399528503418,0.9195541739463806,2.7595534069981588e-05,3.5850214855739715,11680,,,,,,,,,,,
0.9365415573120117,1.0014839172363281,2.755716697360344e-05,3.591160220994475,11700,,,,,,,,,,,
0.965004825592041,0.9045599102973938,2.7518799877225293e-05,3.5972989564149787,11720,,,,,,,,,,,
0.9410118103027344,0.889330267906189,2.7480432780847148e-05,3.603437691835482,11740,,,,,,,,,,,
0.9512630462646484,0.9651079773902893,2.7442065684469e-05,3.6095764272559854,11760,,,,,,,,,,,
0.925260353088379,0.889357328414917,2.7403698588090853e-05,3.6157151626764885,11780,,,,,,,,,,,
0.9393539428710938,0.9234882593154907,2.7365331491712707e-05,3.621853898096992,11800,,,,,,,,,,,
0.960815715789795,0.9201927185058594,2.7326964395334565e-05,3.6279926335174952,11820,,,,,,,,,,,
0.9596332550048828,0.9393106698989868,2.7288597298956413e-05,3.634131368937999,11840,,,,,,,,,,,
0.9390257835388184,1.025812029838562,2.725023020257827e-05,3.6402701043585024,11860,,,,,,,,,,,
0.9328083038330078,0.9791355729103088,2.7211863106200125e-05,3.6464088397790055,11880,,,,,,,,,,,
0.9539072990417481,0.9228883981704712,2.717349600982198e-05,3.6525475751995087,11900,,,,,,,,,,,
0.91720552444458,0.8883638381958008,2.713512891344383e-05,3.6586863106200123,11920,,,,,,,,,,,
0.949992561340332,0.9227465987205505,2.7096761817065685e-05,3.664825046040516,11940,,,,,,,,,,,
0.9435186386108398,1.0324745178222656,2.705839472068754e-05,3.670963781461019,11960,,,,,,,,,,,
1.0057743072509766,0.9140046834945679,2.702002762430939e-05,3.6771025168815226,11980,,,,,,,,,,,
0.9467964172363281,0.8487018346786499,2.6981660527931245e-05,3.6832412523020257,12000,,,,,,,,,,,
0.8976263046264649,0.9245401620864868,2.6943293431553103e-05,3.6893799877225293,12020,,,,,,,,,,,
0.9245612144470214,1.0214332342147827,2.6904926335174957e-05,3.6955187231430324,12040,,,,,,,,,,,
0.9475276947021485,1.067600965499878,2.6866559238796808e-05,3.701657458563536,12060,,,,,,,,,,,
0.9457472801208496,0.8348315954208374,2.6828192142418663e-05,3.707796193984039,12080,,,,,,,,,,,
0.9627535820007325,0.9635226130485535,2.6789825046040517e-05,3.7139349294045427,12100,,,,,,,,,,,
0.9673379898071289,0.9733695387840271,2.675145794966237e-05,3.720073664825046,12120,,,,,,,,,,,
0.9721650123596192,0.8797723054885864,2.6713090853284223e-05,3.7262124002455494,12140,,,,,,,,,,,
0.9957876205444336,0.9733090400695801,2.6674723756906077e-05,3.732351135666053,12160,,,,,,,,,,,
0.9663539886474609,0.9167296886444092,2.6636356660527935e-05,3.738489871086556,12180,,,,,,,,,,,
0.9782275199890137,0.9575006365776062,2.659798956414979e-05,3.7446286065070593,12200,,,,,,,,,,,
0.9241411209106445,0.899299681186676,2.655962246777164e-05,3.750767341927563,12220,,,,,,,,,,,
0.9118364334106446,0.762082576751709,2.6521255371393495e-05,3.7569060773480665,12240,,,,,,,,,,,
0.9049560546875,0.9948794841766357,2.648288827501535e-05,3.7630448127685696,12260,,,,,,,,,,,
0.946891975402832,0.9043217897415161,2.64445211786372e-05,3.769183548189073,12280,,,,,,,,,,,
0.9269432067871094,0.8643131256103516,2.6406154082259055e-05,3.7753222836095763,12300,,,,,,,,,,,
0.9384392738342285,0.9141042232513428,2.636778698588091e-05,3.78146101903008,12320,,,,,,,,,,,
0.9633891105651855,0.9716385006904602,2.6329419889502767e-05,3.787599754450583,12340,,,,,,,,,,,
0.9435198783874512,0.9589070081710815,2.6291052793124615e-05,3.7937384898710866,12360,,,,,,,,,,,
0.9046365737915039,0.9114148020744324,2.6252685696746472e-05,3.7998772252915898,12380,,,,,,,,,,,
0.9646533012390137,0.9059154391288757,2.6214318600368327e-05,3.8060159607120934,12400,,,,,,,,,,,
0.9551056861877442,0.843460202217102,2.617595150399018e-05,3.8121546961325965,12420,,,,,,,,,,,
0.9310044288635254,0.8768537640571594,2.6137584407612032e-05,3.8182934315531,12440,,,,,,,,,,,
0.935980224609375,0.9114785194396973,2.6099217311233887e-05,3.8244321669736037,12460,,,,,,,,,,,
0.9664863586425781,0.8847205638885498,2.606085021485574e-05,3.830570902394107,12480,,,,,,,,,,,
0.9416065216064453,1.0727293491363525,2.60224831184776e-05,3.83670963781461,12500,,,,,,,,,,,
0.9590672492980957,1.1094963550567627,2.5984116022099447e-05,3.8428483732351135,12520,,,,,,,,,,,
0.9585195541381836,0.9067768454551697,2.59457489257213e-05,3.848987108655617,12540,,,,,,,,,,,
0.9227415084838867,0.8807353973388672,2.590738182934316e-05,3.8551258440761202,12560,,,,,,,,,,,
0.9192340850830079,0.9139518141746521,2.5869014732965006e-05,3.861264579496624,12580,,,,,,,,,,,
0.9063180923461914,0.9979267716407776,2.5830647636586864e-05,3.867403314917127,12600,,,,,,,,,,,
0.9044299125671387,0.8800845742225647,2.579228054020872e-05,3.8735420503376305,12620,,,,,,,,,,,
0.9177900314331054,0.9390947222709656,2.5753913443830573e-05,3.8796807857581337,12640,,,,,,,,,,,
0.9213332176208496,0.8170348405838013,2.5715546347452424e-05,3.8858195211786373,12660,,,,,,,,,,,
0.9042179107666015,0.8177677989006042,2.567717925107428e-05,3.891958256599141,12680,,,,,,,,,,,
0.9257982254028321,1.0150768756866455,2.5638812154696133e-05,3.898096992019644,12700,,,,,,,,,,,
0.9384796142578125,0.9619842767715454,2.560044505831799e-05,3.904235727440147,12720,,,,,,,,,,,
0.9536035537719727,0.9690964818000793,2.556207796193984e-05,3.9103744628606507,12740,,,,,,,,,,,
0.9533432960510254,0.8574228286743164,2.5523710865561696e-05,3.9165131982811543,12760,,,,,,,,,,,
0.9389676094055176,0.9967139363288879,2.548534376918355e-05,3.9226519337016574,12780,,,,,,,,,,,
0.9283151626586914,0.8932948112487793,2.5446976672805405e-05,3.9287906691221606,12800,,,,,,,,,,,
0.9560285568237304,0.935133159160614,2.5408609576427256e-05,3.934929404542664,12820,,,,,,,,,,,
0.9161890029907227,0.8439619541168213,2.537024248004911e-05,3.9410681399631677,12840,,,,,,,,,,,
0.9207922935485839,0.9532251358032227,2.5331875383670965e-05,3.947206875383671,12860,,,,,,,,,,,
0.9287639617919922,0.931225597858429,2.5293508287292816e-05,3.9533456108041745,12880,,,,,,,,,,,
0.9490879058837891,0.9822607636451721,2.525514119091467e-05,3.9594843462246776,12900,,,,,,,,,,,
0.9498115539550781,0.964876651763916,2.521677409453653e-05,3.965623081645181,12920,,,,,,,,,,,
0.9337532043457031,0.8777135610580444,2.5178406998158383e-05,3.9717618170656843,12940,,,,,,,,,,,
0.9643960952758789,0.9474506974220276,2.5140039901780234e-05,3.977900552486188,12960,,,,,,,,,,,
0.9076815605163574,0.9807227849960327,2.510167280540209e-05,3.9840392879066915,12980,,,,,,,,,,,
0.896324348449707,0.8556012511253357,2.5063305709023943e-05,3.9901780233271946,13000,,,,,,,,,,,
0.9233126640319824,0.9547181725502014,2.5024938612645797e-05,3.9963167587476978,13020,,,,,,,,,,,
,,,4.0,13032,1.0698187351226807,27.406947195799024,53.9775394277496,479.8604,16.361,1.023,,,,,
0.9284235000610351,0.8890608549118042,2.498657151626765e-05,4.002455494168202,13040,,,,,,,,,,,
0.8700688362121582,0.9442750811576843,2.4948204419889503e-05,4.008594229588705,13060,,,,,,,,,,,
0.8819629669189453,0.9761689901351929,2.490983732351136e-05,4.014732965009208,13080,,,,,,,,,,,
0.899940013885498,1.0038681030273438,2.487147022713321e-05,4.020871700429711,13100,,,,,,,,,,,
0.8696437835693359,0.8841823935508728,2.4833103130755066e-05,4.027010435850215,13120,,,,,,,,,,,
0.9132548332214355,0.865027904510498,2.479473603437692e-05,4.033149171270718,13140,,,,,,,,,,,
0.8606350898742676,0.8628233075141907,2.475636893799877e-05,4.0392879066912215,13160,,,,,,,,,,,
0.9080357551574707,0.9427645206451416,2.471800184162063e-05,4.045426642111725,13180,,,,,,,,,,,
0.8894242286682129,0.9210785627365112,2.467963474524248e-05,4.051565377532229,13200,,,,,,,,,,,
0.9103855133056641,0.9447208046913147,2.4641267648864335e-05,4.057704112952732,13220,,,,,,,,,,,
0.8813421249389648,0.8212882876396179,2.460290055248619e-05,4.063842848373235,13240,,,,,,,,,,,
0.8874260902404785,0.7942144870758057,2.4564533456108044e-05,4.069981583793738,13260,,,,,,,,,,,
0.8953722000122071,0.8682233095169067,2.4526166359729898e-05,4.076120319214242,13280,,,,,,,,,,,
0.9191759109497071,0.921485424041748,2.4487799263351752e-05,4.082259054634745,13300,,,,,,,,,,,
0.8637185096740723,0.8078173398971558,2.4449432166973603e-05,4.088397790055248,13320,,,,,,,,,,,
0.8680647850036621,0.9117667078971863,2.441106507059546e-05,4.094536525475752,13340,,,,,,,,,,,
0.8908879280090332,0.8274528384208679,2.4372697974217312e-05,4.100675260896256,13360,,,,,,,,,,,
0.9082459449768067,0.8897853493690491,2.4334330877839167e-05,4.106813996316759,13380,,,,,,,,,,,
0.8639386177062989,0.9694801568984985,2.429596378146102e-05,4.112952731737262,13400,,,,,,,,,,,
0.911827564239502,0.8911995887756348,2.4257596685082872e-05,4.119091467157766,13420,,,,,,,,,,,
0.8691810607910156,0.8653330206871033,2.4219229588704727e-05,4.125230202578269,13440,,,,,,,,,,,
0.8946270942687988,0.9429839253425598,2.418086249232658e-05,4.131368937998772,13460,,,,,,,,,,,
0.9162189483642578,0.9535797238349915,2.4142495395948436e-05,4.137507673419275,13480,,,,,,,,,,,
0.9109551429748535,0.9166753888130188,2.410412829957029e-05,4.143646408839779,13500,,,,,,,,,,,
0.8470905303955079,1.290307879447937,2.4065761203192144e-05,4.149785144260282,13520,,,,,,,,,,,
0.8675301551818848,0.8768423795700073,2.4027394106813995e-05,4.155923879680786,13540,,,,,,,,,,,
0.9180153846740723,0.8633896708488464,2.3989027010435853e-05,4.162062615101289,13560,,,,,,,,,,,
0.8814573287963867,1.016260027885437,2.3950659914057704e-05,4.168201350521793,13580,,,,,,,,,,,
0.8531496047973632,0.9878332018852234,2.391229281767956e-05,4.174340085942296,13600,,,,,,,,,,,
0.8837997436523437,0.8706583380699158,2.3873925721301413e-05,4.180478821362799,13620,,,,,,,,,,,
0.8987726211547852,0.8602756857872009,2.3835558624923268e-05,4.186617556783303,13640,,,,,,,,,,,
0.8674752235412597,0.9106938242912292,2.3797191528545122e-05,4.192756292203806,13660,,,,,,,,,,,
0.9407484054565429,0.9619051814079285,2.3758824432166973e-05,4.198895027624309,13680,,,,,,,,,,,
0.8411733627319335,0.9355452060699463,2.3720457335788827e-05,4.2050337630448125,13700,,,,,,,,,,,
0.8571344375610351,0.899612545967102,2.3682090239410682e-05,4.2111724984653165,13720,,,,,,,,,,,
0.8931976318359375,0.9293152689933777,2.3643723143032536e-05,4.21731123388582,13740,,,,,,,,,,,
0.9146679878234864,0.9515889286994934,2.360535604665439e-05,4.223449969306323,13760,,,,,,,,,,,
0.8701112747192383,0.9955127835273743,2.3566988950276245e-05,4.229588704726826,13780,,,,,,,,,,,
0.8404813766479492,0.9010757803916931,2.3528621853898096e-05,4.23572744014733,13800,,,,,,,,,,,
0.8931695938110351,0.8773781657218933,2.3490254757519954e-05,4.241866175567833,13820,,,,,,,,,,,
0.9179120063781738,0.9560171365737915,2.3451887661141805e-05,4.248004910988336,13840,,,,,,,,,,,
0.8869755744934082,0.9184958934783936,2.341352056476366e-05,4.25414364640884,13860,,,,,,,,,,,
0.9040538787841796,0.9233520030975342,2.3375153468385514e-05,4.260282381829343,13880,,,,,,,,,,,
0.8841190338134766,0.8753601908683777,2.333678637200737e-05,4.2664211172498465,13900,,,,,,,,,,,
0.8707855224609375,1.015102744102478,2.3298419275629223e-05,4.27255985267035,13920,,,,,,,,,,,
0.9268123626708984,0.8913871645927429,2.3260052179251077e-05,4.278698588090854,13940,,,,,,,,,,,
0.8388599395751953,0.8834733963012695,2.3221685082872928e-05,4.284837323511357,13960,,,,,,,,,,,
0.8907302856445313,1.0299930572509766,2.3183317986494783e-05,4.29097605893186,13980,,,,,,,,,,,
0.8988008499145508,0.8775262236595154,2.3144950890116637e-05,4.297114794352363,14000,,,,,,,,,,,
0.9196626663208007,0.9319354295730591,2.310658379373849e-05,4.303253529772867,14020,,,,,,,,,,,
0.880772876739502,0.9105812311172485,2.3068216697360346e-05,4.30939226519337,14040,,,,,,,,,,,
0.9035994529724121,0.9101909399032593,2.3029849600982197e-05,4.315531000613873,14060,,,,,,,,,,,
0.8563828468322754,0.786504328250885,2.2991482504604055e-05,4.3216697360343765,14080,,,,,,,,,,,
0.8883346557617188,0.9970831871032715,2.2953115408225906e-05,4.327808471454881,14100,,,,,,,,,,,
0.8828129768371582,1.0025155544281006,2.291474831184776e-05,4.333947206875384,14120,,,,,,,,,,,
0.8469365119934082,0.822236955165863,2.2876381215469615e-05,4.340085942295887,14140,,,,,,,,,,,
0.868164348602295,0.9350043535232544,2.283801411909147e-05,4.346224677716391,14160,,,,,,,,,,,
0.8675710678100585,0.9631800055503845,2.279964702271332e-05,4.352363413136894,14180,,,,,,,,,,,
0.8845226287841796,0.9135764241218567,2.2761279926335178e-05,4.358502148557397,14200,,,,,,,,,,,
0.9253761291503906,0.9045183062553406,2.272291282995703e-05,4.3646408839779,14220,,,,,,,,,,,
0.8263697624206543,0.9842521548271179,2.2684545733578884e-05,4.370779619398404,14240,,,,,,,,,,,
0.9076290130615234,0.9370408654212952,2.2646178637200738e-05,4.3769183548189075,14260,,,,,,,,,,,
0.8705187797546386,0.8593047857284546,2.260781154082259e-05,4.383057090239411,14280,,,,,,,,,,,
0.8442723274230957,0.8598925471305847,2.2569444444444447e-05,4.389195825659914,14300,,,,,,,,,,,
0.9038928985595703,0.910706102848053,2.2531077348066298e-05,4.395334561080418,14320,,,,,,,,,,,
0.8960503578186035,0.8933965563774109,2.2492710251688152e-05,4.401473296500921,14340,,,,,,,,,,,
0.8667380332946777,0.981640636920929,2.2454343155310007e-05,4.407612031921424,14360,,,,,,,,,,,
0.8700305938720703,0.8853361010551453,2.241597605893186e-05,4.413750767341927,14380,,,,,,,,,,,
0.8669999122619629,0.9374942779541016,2.2377608962553716e-05,4.419889502762431,14400,,,,,,,,,,,
0.8795919418334961,0.9487393498420715,2.233924186617557e-05,4.426028238182934,14420,,,,,,,,,,,
0.8698923110961914,0.8956935405731201,2.230087476979742e-05,4.4321669736034375,14440,,,,,,,,,,,
0.8716551780700683,0.8954926133155823,2.226250767341928e-05,4.4383057090239415,14460,,,,,,,,,,,
0.8858539581298828,0.821760892868042,2.222414057704113e-05,4.444444444444445,14480,,,,,,,,,,,
0.8417767524719239,0.8294567465782166,2.2185773480662984e-05,4.450583179864948,14500,,,,,,,,,,,
0.8960782051086426,1.0427793264389038,2.214740638428484e-05,4.456721915285451,14520,,,,,,,,,,,
0.875399112701416,1.0024728775024414,2.210903928790669e-05,4.462860650705955,14540,,,,,,,,,,,
0.8979482650756836,0.9576270580291748,2.2070672191528548e-05,4.468999386126458,14560,,,,,,,,,,,
0.8549981117248535,0.9204021692276001,2.20323050951504e-05,4.475138121546961,14580,,,,,,,,,,,
0.8649128913879395,0.9404135942459106,2.1993937998772253e-05,4.481276856967464,14600,,,,,,,,,,,
0.8504761695861817,0.9254168272018433,2.1955570902394108e-05,4.487415592387968,14620,,,,,,,,,,,
0.8460294723510742,1.0444105863571167,2.1917203806015962e-05,4.4935543278084715,14640,,,,,,,,,,,
0.919672966003418,0.903591513633728,2.1878836709637816e-05,4.499693063228975,14660,,,,,,,,,,,
0.8670871734619141,0.91483473777771,2.184046961325967e-05,4.505831798649478,14680,,,,,,,,,,,
0.8825121879577636,0.8986486196517944,2.1802102516881522e-05,4.511970534069982,14700,,,,,,,,,,,
0.8891763687133789,0.912545382976532,2.176373542050338e-05,4.518109269490485,14720,,,,,,,,,,,
0.845488166809082,0.8802541494369507,2.172536832412523e-05,4.524248004910988,14740,,,,,,,,,,,
0.8455563545227051,0.9766674041748047,2.1687001227747085e-05,4.530386740331492,14760,,,,,,,,,,,
0.8878732681274414,0.9327521324157715,2.164863413136894e-05,4.536525475751995,14780,,,,,,,,,,,
0.9047098159790039,1.0502465963363647,2.1610267034990794e-05,4.542664211172498,14800,,,,,,,,,,,
0.8912081718444824,0.9446820616722107,2.157189993861265e-05,4.5488029465930016,14820,,,,,,,,,,,
0.8895515441894531,0.9811188578605652,2.15335328422345e-05,4.554941682013506,14840,,,,,,,,,,,
0.8670215606689453,0.8479143381118774,2.1495165745856354e-05,4.561080417434009,14860,,,,,,,,,,,
0.8678047180175781,0.9432564377784729,2.145679864947821e-05,4.567219152854512,14880,,,,,,,,,,,
0.8339706420898437,0.9290764331817627,2.1418431553100063e-05,4.573357888275015,14900,,,,,,,,,,,
0.8298687934875488,0.9181991815567017,2.1380064456721917e-05,4.579496623695519,14920,,,,,,,,,,,
0.869324016571045,0.9273887276649475,2.134169736034377e-05,4.585635359116022,14940,,,,,,,,,,,
0.8744122505187988,0.8855186700820923,2.1303330263965623e-05,4.591774094536525,14960,,,,,,,,,,,
0.8916522979736328,0.9892016649246216,2.126496316758748e-05,4.597912829957028,14980,,,,,,,,,,,
0.8390396118164063,0.915160059928894,2.122659607120933e-05,4.6040515653775325,15000,,,,,,,,,,,
0.8709415435791016,0.9155157804489136,2.1188228974831186e-05,4.610190300798036,15020,,,,,,,,,,,
0.9109573364257812,0.8784486651420593,2.114986187845304e-05,4.616329036218539,15040,,,,,,,,,,,
0.8767789840698242,0.9870904088020325,2.1111494782074895e-05,4.622467771639043,15060,,,,,,,,,,,
0.8462309837341309,0.8416263461112976,2.1073127685696746e-05,4.628606507059546,15080,,,,,,,,,,,
0.8786178588867187,0.9459769129753113,2.10347605893186e-05,4.634745242480049,15100,,,,,,,,,,,
0.8553263664245605,0.9368974566459656,2.0996393492940455e-05,4.640883977900552,15120,,,,,,,,,,,
0.860462760925293,0.9568575620651245,2.095802639656231e-05,4.647022713321056,15140,,,,,,,,,,,
0.8742080688476562,0.9256633520126343,2.0919659300184164e-05,4.653161448741559,15160,,,,,,,,,,,
0.8677375793457032,0.9198071956634521,2.0881292203806015e-05,4.6593001841620625,15180,,,,,,,,,,,
0.8523670196533203,0.9383775591850281,2.0842925107427872e-05,4.665438919582566,15200,,,,,,,,,,,
0.9018810272216797,0.9411255717277527,2.0804558011049723e-05,4.67157765500307,15220,,,,,,,,,,,
0.8316411972045898,0.9088420867919922,2.0766190914671578e-05,4.677716390423573,15240,,,,,,,,,,,
0.8901504516601563,0.9425630569458008,2.0727823818293432e-05,4.683855125844076,15260,,,,,,,,,,,
0.8481512069702148,1.0330865383148193,2.0689456721915287e-05,4.689993861264579,15280,,,,,,,,,,,
0.8680525779724121,0.9107124209403992,2.065108962553714e-05,4.696132596685083,15300,,,,,,,,,,,
0.8765976905822754,1.0234284400939941,2.0612722529158996e-05,4.702271332105586,15320,,,,,,,,,,,
0.8891606330871582,1.0003979206085205,2.0574355432780847e-05,4.708410067526089,15340,,,,,,,,,,,
0.8771610260009766,0.8208423852920532,2.0535988336402704e-05,4.714548802946593,15360,,,,,,,,,,,
0.8722789764404297,0.8982042670249939,2.0497621240024556e-05,4.7206875383670965,15380,,,,,,,,,,,
0.8919532775878907,0.8588523864746094,2.045925414364641e-05,4.7268262737876,15400,,,,,,,,,,,
0.8762811660766602,1.0353031158447266,2.0420887047268264e-05,4.732965009208103,15420,,,,,,,,,,,
0.8757413864135742,0.7740757465362549,2.0382519950890115e-05,4.739103744628607,15440,,,,,,,,,,,
0.8911078453063965,0.8973846435546875,2.0344152854511973e-05,4.74524248004911,15460,,,,,,,,,,,
0.8913383483886719,0.9011656045913696,2.0305785758133824e-05,4.751381215469613,15480,,,,,,,,,,,
0.9215928077697754,0.9740297198295593,2.026741866175568e-05,4.757519950890116,15500,,,,,,,,,,,
0.826143741607666,0.9179461002349854,2.0229051565377533e-05,4.76365868631062,15520,,,,,,,,,,,
0.8840276718139648,0.9342684745788574,2.0190684468999388e-05,4.769797421731123,15540,,,,,,,,,,,
0.8812272071838378,0.9278046488761902,2.0152317372621242e-05,4.775936157151627,15560,,,,,,,,,,,
0.9028268814086914,0.9397595524787903,2.0113950276243096e-05,4.78207489257213,15580,,,,,,,,,,,
0.853787899017334,0.8969046473503113,2.0075583179864947e-05,4.788213627992634,15600,,,,,,,,,,,
0.8671996116638183,1.0267359018325806,2.0037216083486805e-05,4.794352363413137,15620,,,,,,,,,,,
0.87855224609375,0.9105310440063477,1.9998848987108656e-05,4.80049109883364,15640,,,,,,,,,,,
0.8221909523010253,0.8321108222007751,1.996048189073051e-05,4.806629834254144,15660,,,,,,,,,,,
0.8392955780029296,0.9948765635490417,1.9922114794352365e-05,4.812768569674647,15680,,,,,,,,,,,
0.8508697509765625,0.9164553284645081,1.9883747697974216e-05,4.81890730509515,15700,,,,,,,,,,,
0.8523654937744141,0.8934378027915955,1.9845380601596074e-05,4.8250460405156534,15720,,,,,,,,,,,
0.8680902481079101,0.849317193031311,1.9807013505217925e-05,4.8311847759361575,15740,,,,,,,,,,,
0.8427793502807617,0.8464851379394531,1.976864640883978e-05,4.837323511356661,15760,,,,,,,,,,,
0.8625357627868653,0.9286161661148071,1.9730279312461634e-05,4.843462246777164,15780,,,,,,,,,,,
0.8522987365722656,0.8982683420181274,1.969191221608349e-05,4.849600982197668,15800,,,,,,,,,,,
0.8838727951049805,0.934699535369873,1.965354511970534e-05,4.855739717618171,15820,,,,,,,,,,,
0.8610382080078125,0.906451404094696,1.9615178023327197e-05,4.861878453038674,15840,,,,,,,,,,,
0.8463641166687011,0.98662269115448,1.9576810926949048e-05,4.868017188459177,15860,,,,,,,,,,,
0.8525785446166992,1.0245825052261353,1.9538443830570906e-05,4.87415592387968,15880,,,,,,,,,,,
0.8616503715515137,0.9772986769676208,1.9500076734192757e-05,4.880294659300184,15900,,,,,,,,,,,
0.8817058563232422,0.9508734941482544,1.946170963781461e-05,4.8864333947206875,15920,,,,,,,,,,,
0.8509867668151856,0.8931242227554321,1.9423342541436466e-05,4.892572130141191,15940,,,,,,,,,,,
0.817819881439209,0.8789524435997009,1.9384975445058317e-05,4.898710865561695,15960,,,,,,,,,,,
0.8429576873779296,0.7690790295600891,1.934660834868017e-05,4.904849600982198,15980,,,,,,,,,,,
0.8846851348876953,1.0575658082962036,1.9308241252302026e-05,4.910988336402701,16000,,,,,,,,,,,
0.8973653793334961,0.8949735164642334,1.926987415592388e-05,4.917127071823204,16020,,,,,,,,,,,
0.8618709564208984,0.9264813661575317,1.9231507059545735e-05,4.923265807243708,16040,,,,,,,,,,,
0.8340459823608398,0.9518322944641113,1.919313996316759e-05,4.929404542664211,16060,,,,,,,,,,,
0.8626472473144531,0.9003495573997498,1.915477286678944e-05,4.935543278084714,16080,,,,,,,,,,,
0.8809339523315429,0.9809476733207703,1.9116405770411298e-05,4.941682013505218,16100,,,,,,,,,,,
0.8611148834228516,0.9379346370697021,1.907803867403315e-05,4.9478207489257215,16120,,,,,,,,,,,
0.8371932983398438,0.8974120020866394,1.9039671577655004e-05,4.953959484346225,16140,,,,,,,,,,,
0.8794710159301757,0.8747164607048035,1.9001304481276858e-05,4.960098219766728,16160,,,,,,,,,,,
0.8437364578247071,0.9293375611305237,1.8962937384898712e-05,4.966236955187231,16180,,,,,,,,,,,
0.8618045806884765,0.9652353525161743,1.8924570288520567e-05,4.972375690607735,16200,,,,,,,,,,,
0.8727266311645507,0.8393611311912537,1.888620319214242e-05,4.978514426028238,16220,,,,,,,,,,,
0.8763027191162109,0.862516462802887,1.8847836095764272e-05,4.984653161448741,16240,,,,,,,,,,,
0.8758391380310059,1.0055385828018188,1.8809468999386127e-05,4.990791896869245,16260,,,,,,,,,,,
0.8673520088195801,0.9156661033630371,1.877110190300798e-05,4.996930632289748,16280,,,,,,,,,,,
,,,5.0,16290,1.0385700464248657,28.48316571072218,54.720690378369696,482.3396,16.277,1.018,,,,,
0.8506299018859863,0.8405887484550476,1.8732734806629836e-05,5.003069367710252,16300,,,,,,,,,,,
0.841562557220459,0.9025259017944336,1.869436771025169e-05,5.009208103130755,16320,,,,,,,,,,,
0.8466941833496093,0.8720234632492065,1.865600061387354e-05,5.015346838551259,16340,,,,,,,,,,,
0.8448348999023437,0.9271523952484131,1.86176335174954e-05,5.021485573971762,16360,,,,,,,,,,,
0.8346603393554688,0.9618719816207886,1.857926642111725e-05,5.027624309392265,16380,,,,,,,,,,,
0.8108922004699707,0.8856743574142456,1.8540899324739104e-05,5.033763044812768,16400,,,,,,,,,,,
0.8824563980102539,1.4929163455963135,1.850253222836096e-05,5.039901780233272,16420,,,,,,,,,,,
0.8159784317016602,0.8783926367759705,1.8464165131982813e-05,5.046040515653775,16440,,,,,,,,,,,
0.8140904426574707,1.1685293912887573,1.8425798035604668e-05,5.0521792510742785,16460,,,,,,,,,,,
0.7993398189544678,0.9828459620475769,1.8387430939226522e-05,5.0583179864947825,16480,,,,,,,,,,,
0.8039044380187989,0.8470131158828735,1.8349063842848373e-05,5.064456721915286,16500,,,,,,,,,,,
0.8383514404296875,0.9446743130683899,1.8310696746470228e-05,5.070595457335789,16520,,,,,,,,,,,
0.8139858245849609,0.9393981695175171,1.8272329650092082e-05,5.076734192756292,16540,,,,,,,,,,,
0.8294290542602539,0.8783997893333435,1.8233962553713936e-05,5.082872928176796,16560,,,,,,,,,,,
0.8011404991149902,0.8598742485046387,1.819559545733579e-05,5.089011663597299,16580,,,,,,,,,,,
0.8485954284667969,1.2775242328643799,1.8157228360957642e-05,5.095150399017802,16600,,,,,,,,,,,
0.771764087677002,0.8851304650306702,1.81188612645795e-05,5.101289134438305,16620,,,,,,,,,,,
0.820132827758789,0.9694034457206726,1.808049416820135e-05,5.107427869858809,16640,,,,,,,,,,,
0.8640687942504883,1.0983809232711792,1.8042127071823205e-05,5.1135666052793125,16660,,,,,,,,,,,
0.8414068222045898,1.044268012046814,1.800375997544506e-05,5.119705340699816,16680,,,,,,,,,,,
0.8122817993164062,0.9022912979125977,1.7965392879066914e-05,5.12584407612032,16700,,,,,,,,,,,
0.810425853729248,0.9695796370506287,1.7927025782688765e-05,5.131982811540823,16720,,,,,,,,,,,
0.828337287902832,1.0590569972991943,1.7888658686310623e-05,5.138121546961326,16740,,,,,,,,,,,
0.8193360328674316,0.9573796987533569,1.7850291589932474e-05,5.144260282381829,16760,,,,,,,,,,,
0.783936882019043,0.9226622581481934,1.781192449355433e-05,5.150399017802333,16780,,,,,,,,,,,
0.803798770904541,0.8359329104423523,1.7773557397176183e-05,5.156537753222836,16800,,,,,,,,,,,
0.8089670181274414,0.9980354309082031,1.7735190300798034e-05,5.162676488643339,16820,,,,,,,,,,,
0.8417654991149902,0.948958694934845,1.769682320441989e-05,5.1688152240638425,16840,,,,,,,,,,,
0.813026237487793,0.9772392511367798,1.7658456108041743e-05,5.1749539594843466,16860,,,,,,,,,,,
0.7923386096954346,0.9182009696960449,1.7620089011663597e-05,5.18109269490485,16880,,,,,,,,,,,
0.8448317527770997,0.9904106855392456,1.758172191528545e-05,5.187231430325353,16900,,,,,,,,,,,
0.8512914657592774,0.800121545791626,1.7543354818907306e-05,5.193370165745856,16920,,,,,,,,,,,
0.8004162788391114,0.9047906398773193,1.750498772252916e-05,5.19950890116636,16940,,,,,,,,,,,
0.8142947196960449,0.8782143592834473,1.7466620626151015e-05,5.205647636586863,16960,,,,,,,,,,,
0.7791346073150635,0.9639759659767151,1.7428253529772866e-05,5.211786372007366,16980,,,,,,,,,,,
0.8204292297363281,0.9690062403678894,1.7389886433394724e-05,5.21792510742787,17000,,,,,,,,,,,
0.8230213165283203,1.004469394683838,1.7351519337016575e-05,5.224063842848373,17020,,,,,,,,,,,
0.8188748359680176,0.884865939617157,1.731315224063843e-05,5.230202578268877,17040,,,,,,,,,,,
0.8291396141052246,0.9367057085037231,1.7274785144260284e-05,5.23634131368938,17060,,,,,,,,,,,
0.7743452072143555,0.9360488057136536,1.7236418047882135e-05,5.242480049109884,17080,,,,,,,,,,,
0.8222829818725585,0.95060133934021,1.7198050951503992e-05,5.248618784530387,17100,,,,,,,,,,,
0.8067812919616699,0.959479033946991,1.7159683855125843e-05,5.25475751995089,17120,,,,,,,,,,,
0.8702362060546875,0.9982501268386841,1.7121316758747698e-05,5.260896255371393,17140,,,,,,,,,,,
0.8184988975524903,0.910431444644928,1.7082949662369552e-05,5.267034990791897,17160,,,,,,,,,,,
0.8159868240356445,0.920431911945343,1.7044582565991407e-05,5.2731737262124,17180,,,,,,,,,,,
0.837362003326416,1.0022271871566772,1.700621546961326e-05,5.2793124616329035,17200,,,,,,,,,,,
0.8217816352844238,0.8407473564147949,1.6967848373235116e-05,5.285451197053407,17220,,,,,,,,,,,
0.8043356895446777,1.1189578771591187,1.6929481276856967e-05,5.291589932473911,17240,,,,,,,,,,,
0.82115478515625,0.8859983086585999,1.6891114180478824e-05,5.297728667894414,17260,,,,,,,,,,,
0.7876067638397217,0.9246370792388916,1.6852747084100676e-05,5.303867403314917,17280,,,,,,,,,,,
0.8643081665039063,0.8376298546791077,1.681437998772253e-05,5.310006138735421,17300,,,,,,,,,,,
0.8435678482055664,0.8662257194519043,1.6776012891344384e-05,5.316144874155924,17320,,,,,,,,,,,
0.8338069915771484,1.010634183883667,1.673764579496624e-05,5.322283609576427,17340,,,,,,,,,,,
0.8640272140502929,0.9139265418052673,1.6699278698588093e-05,5.32842234499693,17360,,,,,,,,,,,
0.793834924697876,0.9111899733543396,1.6660911602209944e-05,5.334561080417434,17380,,,,,,,,,,,
0.8053022384643554,0.9446913599967957,1.66225445058318e-05,5.3406998158379375,17400,,,,,,,,,,,
0.8251782417297363,0.8498707413673401,1.6584177409453653e-05,5.346838551258441,17420,,,,,,,,,,,
0.8176623344421386,0.9490755200386047,1.6545810313075508e-05,5.352977286678944,17440,,,,,,,,,,,
0.8115839958190918,0.8866862058639526,1.650744321669736e-05,5.359116022099448,17460,,,,,,,,,,,
0.8070864677429199,0.8310598731040955,1.6469076120319216e-05,5.365254757519951,17480,,,,,,,,,,,
0.8011417388916016,0.9004371166229248,1.6430709023941067e-05,5.371393492940454,17500,,,,,,,,,,,
0.8252434730529785,0.8390403985977173,1.6392341927562925e-05,5.377532228360957,17520,,,,,,,,,,,
0.8473064422607421,0.7881739735603333,1.6353974831184776e-05,5.383670963781461,17540,,,,,,,,,,,
0.8610968589782715,1.0543633699417114,1.631560773480663e-05,5.389809699201964,17560,,,,,,,,,,,
0.8147647857666016,0.8321588039398193,1.6277240638428485e-05,5.3959484346224675,17580,,,,,,,,,,,
0.8224127769470215,0.9379164576530457,1.623887354205034e-05,5.402087170042972,17600,,,,,,,,,,,
0.8757354736328125,0.8869075775146484,1.620050644567219e-05,5.408225905463475,17620,,,,,,,,,,,
0.829622459411621,0.9016292691230774,1.6162139349294045e-05,5.414364640883978,17640,,,,,,,,,,,
0.8179804801940918,0.8876086473464966,1.61237722529159e-05,5.420503376304481,17660,,,,,,,,,,,
0.8145866394042969,0.9771937131881714,1.6085405156537754e-05,5.426642111724985,17680,,,,,,,,,,,
0.8009064674377442,0.9760265350341797,1.604703806015961e-05,5.432780847145488,17700,,,,,,,,,,,
0.8307551383972168,0.911531388759613,1.600867096378146e-05,5.438919582565991,17720,,,,,,,,,,,
0.7840077877044678,1.1001436710357666,1.5970303867403317e-05,5.445058317986494,17740,,,,,,,,,,,
0.778180742263794,0.8935025930404663,1.5931936771025168e-05,5.4511970534069984,17760,,,,,,,,,,,
0.8403114318847656,0.9992508292198181,1.5893569674647023e-05,5.457335788827502,17780,,,,,,,,,,,
0.8161133766174317,0.8289985656738281,1.5855202578268877e-05,5.463474524248005,17800,,,,,,,,,,,
0.8298783302307129,0.974506139755249,1.581683548189073e-05,5.469613259668508,17820,,,,,,,,,,,
0.8171608924865723,0.813778817653656,1.5778468385512586e-05,5.475751995089012,17840,,,,,,,,,,,
0.8436103820800781,1.0810668468475342,1.574010128913444e-05,5.481890730509515,17860,,,,,,,,,,,
0.8511185646057129,0.9009948968887329,1.570173419275629e-05,5.488029465930018,17880,,,,,,,,,,,
0.8263921737670898,1.071874976158142,1.566336709637815e-05,5.494168201350522,17900,,,,,,,,,,,
0.8171374320983886,0.9698647856712341,1.5625e-05,5.500306936771025,17920,,,,,,,,,,,
0.8287364959716796,0.8773173689842224,1.5586632903621855e-05,5.5064456721915285,17940,,,,,,,,,,,
0.8358528137207031,0.8714242577552795,1.554826580724371e-05,5.512584407612032,17960,,,,,,,,,,,
0.7986096382141114,0.9166105389595032,1.550989871086556e-05,5.518723143032536,17980,,,,,,,,,,,
0.8427124977111816,0.8981267213821411,1.5471531614487418e-05,5.524861878453039,18000,,,,,,,,,,,
0.7966069221496582,0.8575990200042725,1.543316451810927e-05,5.531000613873542,18020,,,,,,,,,,,
0.854118824005127,0.894171953201294,1.5394797421731124e-05,5.537139349294045,18040,,,,,,,,,,,
0.7833404541015625,0.8856328129768372,1.5356430325352978e-05,5.543278084714549,18060,,,,,,,,,,,
0.7897461414337158,0.8149992823600769,1.5318063228974832e-05,5.549416820135052,18080,,,,,,,,,,,
0.8180587768554688,0.9918606281280518,1.5279696132596687e-05,5.555555555555555,18100,,,,,,,,,,,
0.8356642723083496,1.0712270736694336,1.5241329036218541e-05,5.5616942909760585,18120,,,,,,,,,,,
0.8455372810363769,0.8469357490539551,1.5202961939840394e-05,5.5678330263965625,18140,,,,,,,,,,,
0.790323543548584,0.8027327656745911,1.5164594843462248e-05,5.573971761817066,18160,,,,,,,,,,,
0.7883055686950684,0.8849167823791504,1.5126227747084101e-05,5.580110497237569,18180,,,,,,,,,,,
0.837435245513916,0.94175785779953,1.5087860650705957e-05,5.586249232658073,18200,,,,,,,,,,,
0.7849854469299317,0.913280189037323,1.504949355432781e-05,5.592387968078576,18220,,,,,,,,,,,
0.783359432220459,0.9084104299545288,1.5011126457949661e-05,5.598526703499079,18240,,,,,,,,,,,
0.8077253341674805,0.8212407231330872,1.4972759361571517e-05,5.604665438919582,18260,,,,,,,,,,,
0.8138616561889649,0.9484816193580627,1.493439226519337e-05,5.610804174340086,18280,,,,,,,,,,,
0.7904647827148438,0.9282473921775818,1.4896025168815226e-05,5.616942909760589,18300,,,,,,,,,,,
0.7956320285797119,1.0502877235412598,1.4857658072437077e-05,5.6230816451810925,18320,,,,,,,,,,,
0.761851453781128,0.9239549040794373,1.4819290976058933e-05,5.629220380601596,18340,,,,,,,,,,,
0.8322854995727539,0.9098709225654602,1.4780923879680786e-05,5.6353591160221,18360,,,,,,,,,,,
0.7981261253356934,0.9094294309616089,1.4742556783302642e-05,5.641497851442603,18380,,,,,,,,,,,
0.8278536796569824,0.9315125346183777,1.4704189686924493e-05,5.647636586863106,18400,,,,,,,,,,,
0.8174362182617188,0.930442750453949,1.466582259054635e-05,5.653775322283609,18420,,,,,,,,,,,
0.8171901702880859,0.9383792281150818,1.4627455494168202e-05,5.659914057704113,18440,,,,,,,,,,,
0.8491792678833008,0.9700325131416321,1.4589088397790056e-05,5.666052793124616,18460,,,,,,,,,,,
0.8239941596984863,0.856012761592865,1.4550721301411909e-05,5.672191528545119,18480,,,,,,,,,,,
0.8065974235534668,0.9004635214805603,1.4512354205033762e-05,5.6783302639656235,18500,,,,,,,,,,,
0.8332562446594238,0.945128858089447,1.4473987108655618e-05,5.684468999386127,18520,,,,,,,,,,,
0.7946597099304199,0.9728218913078308,1.443562001227747e-05,5.69060773480663,18540,,,,,,,,,,,
0.817172908782959,0.858258843421936,1.4397252915899325e-05,5.696746470227133,18560,,,,,,,,,,,
0.8162734031677246,0.874110996723175,1.4358885819521178e-05,5.702885205647637,18580,,,,,,,,,,,
0.7708415508270263,0.8743189573287964,1.4320518723143034e-05,5.70902394106814,18600,,,,,,,,,,,
0.7790872573852539,0.9599866271018982,1.4282151626764887e-05,5.715162676488643,18620,,,,,,,,,,,
0.8142289161682129,0.8769298791885376,1.4243784530386741e-05,5.721301411909147,18640,,,,,,,,,,,
0.784941291809082,0.9483481049537659,1.4205417434008594e-05,5.72744014732965,18660,,,,,,,,,,,
0.8101224899291992,0.9806846380233765,1.416705033763045e-05,5.7335788827501535,18680,,,,,,,,,,,
0.806454086303711,0.8849130868911743,1.4128683241252303e-05,5.739717618170657,18700,,,,,,,,,,,
0.8156163215637207,0.8600419163703918,1.4090316144874157e-05,5.74585635359116,18720,,,,,,,,,,,
0.8217848777770996,0.8042126297950745,1.405194904849601e-05,5.751995089011664,18740,,,,,,,,,,,
0.7946045398712158,0.914262592792511,1.4013581952117866e-05,5.758133824432167,18760,,,,,,,,,,,
0.7928690910339355,0.9324063062667847,1.3975214855739719e-05,5.76427255985267,18780,,,,,,,,,,,
0.8322798728942871,0.901506245136261,1.3936847759361572e-05,5.770411295273174,18800,,,,,,,,,,,
0.7985016345977783,0.9218076467514038,1.3898480662983426e-05,5.776550030693677,18820,,,,,,,,,,,
0.8151922225952148,0.9854124784469604,1.3860113566605279e-05,5.78268876611418,18840,,,,,,,,,,,
0.8334531784057617,0.8893184065818787,1.3821746470227135e-05,5.7888275015346835,18860,,,,,,,,,,,
0.7976428031921386,0.929018497467041,1.3783379373848988e-05,5.7949662369551875,18880,,,,,,,,,,,
0.799919843673706,1.0425420999526978,1.3745012277470842e-05,5.801104972375691,18900,,,,,,,,,,,
0.8235939025878907,0.960787296295166,1.3706645181092695e-05,5.807243707796194,18920,,,,,,,,,,,
0.8195943832397461,0.8536952137947083,1.366827808471455e-05,5.813382443216698,18940,,,,,,,,,,,
0.7912559032440185,0.9571306705474854,1.3629910988336404e-05,5.819521178637201,18960,,,,,,,,,,,
0.7898474216461182,0.8650258183479309,1.3591543891958258e-05,5.825659914057704,18980,,,,,,,,,,,
0.8097043037414551,1.0077797174453735,1.355317679558011e-05,5.831798649478207,19000,,,,,,,,,,,
0.8271389007568359,0.9104170203208923,1.3514809699201967e-05,5.83793738489871,19020,,,,,,,,,,,
0.8249470710754394,0.8981441259384155,1.347644260282382e-05,5.844076120319214,19040,,,,,,,,,,,
0.8067520141601563,0.9331395030021667,1.3438075506445672e-05,5.850214855739718,19060,,,,,,,,,,,
0.810109806060791,0.875280499458313,1.3399708410067527e-05,5.856353591160221,19080,,,,,,,,,,,
0.81754150390625,1.0450788736343384,1.336134131368938e-05,5.862492326580725,19100,,,,,,,,,,,
0.7859347820281982,0.9386337995529175,1.3322974217311236e-05,5.868631062001228,19120,,,,,,,,,,,
0.7798911094665527,0.880588173866272,1.3284607120933087e-05,5.874769797421731,19140,,,,,,,,,,,
0.789320993423462,0.9236189126968384,1.3246240024554943e-05,5.880908532842234,19160,,,,,,,,,,,
0.8116819381713867,0.8641327619552612,1.3207872928176796e-05,5.887047268262738,19180,,,,,,,,,,,
0.7991633415222168,0.9046339392662048,1.3169505831798652e-05,5.893186003683241,19200,,,,,,,,,,,
0.7984589099884033,0.8778361082077026,1.3131138735420503e-05,5.899324739103744,19220,,,,,,,,,,,
0.8371339797973633,0.9795102477073669,1.3092771639042359e-05,5.9054634745242485,19240,,,,,,,,,,,
0.8117181777954101,1.0702688694000244,1.3054404542664212e-05,5.911602209944752,19260,,,,,,,,,,,
0.8034760475158691,0.9677941203117371,1.3016037446286066e-05,5.917740945365255,19280,,,,,,,,,,,
0.7844190120697021,0.8636554479598999,1.2977670349907919e-05,5.923879680785758,19300,,,,,,,,,,,
0.8309833526611328,0.9172581434249878,1.2939303253529775e-05,5.930018416206261,19320,,,,,,,,,,,
0.7900647640228271,0.8920906186103821,1.2900936157151628e-05,5.936157151626765,19340,,,,,,,,,,,
0.7697476387023926,1.185776710510254,1.286256906077348e-05,5.942295887047268,19360,,,,,,,,,,,
0.8604302406311035,0.8904235363006592,1.2824201964395335e-05,5.948434622467771,19380,,,,,,,,,,,
0.774162769317627,0.9457438588142395,1.2785834868017187e-05,5.954573357888275,19400,,,,,,,,,,,
0.8419390678405761,0.8981603384017944,1.2747467771639044e-05,5.9607120933087785,19420,,,,,,,,,,,
0.8297893524169921,0.8871569037437439,1.2709100675260896e-05,5.966850828729282,19440,,,,,,,,,,,
0.8051481246948242,1.0823326110839844,1.267073357888275e-05,5.972989564149785,19460,,,,,,,,,,,
0.7960185527801513,0.8793169260025024,1.2632366482504603e-05,5.979128299570289,19480,,,,,,,,,,,
0.8009045600891114,0.8205995559692383,1.259399938612646e-05,5.985267034990792,19500,,,,,,,,,,,
0.8044774055480957,1.001477837562561,1.2555632289748312e-05,5.991405770411295,19520,,,,,,,,,,,
0.8208173751831055,0.9215074181556702,1.2517265193370167e-05,5.997544505831799,19540,,,,,,,,,,,
,,,6.0,19548,1.0164594650268555,29.237961351745057,55.303230234686986,481.4752,16.306,1.02,,,,,
0.7907497882843018,0.8471059203147888,1.247889809699202e-05,6.003683241252302,19560,,,,,,,,,,,
0.7488986015319824,0.8381965160369873,1.2440531000613874e-05,6.009821976672805,19580,,,,,,,,,,,
0.7889033317565918,0.9206204414367676,1.2402163904235728e-05,6.0159607120933085,19600,,,,,,,,,,,
0.7698461055755615,0.8657183647155762,1.2363796807857581e-05,6.0220994475138125,19620,,,,,,,,,,,
0.7728809356689453,0.9614042043685913,1.2325429711479436e-05,6.028238182934316,19640,,,,,,,,,,,
0.7935385227203369,0.9017664194107056,1.228706261510129e-05,6.034376918354819,19660,,,,,,,,,,,
0.7918587684631347,0.8767022490501404,1.2248695518723144e-05,6.040515653775322,19680,,,,,,,,,,,
0.8011269569396973,1.0217291116714478,1.2210328422344997e-05,6.046654389195826,19700,,,,,,,,,,,
0.7845184326171875,0.920450747013092,1.2171961325966852e-05,6.052793124616329,19720,,,,,,,,,,,
0.7581267356872559,0.8117669820785522,1.2133594229588706e-05,6.058931860036832,19740,,,,,,,,,,,
0.7854224681854248,1.1769065856933594,1.209522713321056e-05,6.065070595457335,19760,,,,,,,,,,,
0.7893873691558838,0.9116039872169495,1.2056860036832413e-05,6.071209330877839,19780,,,,,,,,,,,
0.7544826984405517,0.9154072403907776,1.2018492940454266e-05,6.077348066298343,19800,,,,,,,,,,,
0.8023789405822754,0.9195594191551208,1.198012584407612e-05,6.083486801718846,19820,,,,,,,,,,,
0.7670495986938477,0.9993545413017273,1.1941758747697975e-05,6.08962553713935,19840,,,,,,,,,,,
0.7398245334625244,0.8768640160560608,1.190339165131983e-05,6.095764272559853,19860,,,,,,,,,,,
0.7623279094696045,0.8783527612686157,1.1865024554941682e-05,6.101903007980356,19880,,,,,,,,,,,
0.7667995452880859,0.9341853857040405,1.1826657458563536e-05,6.108041743400859,19900,,,,,,,,,,,
0.7812134742736816,0.8942050337791443,1.178829036218539e-05,6.114180478821363,19920,,,,,,,,,,,
0.7888689041137695,0.9528748393058777,1.1749923265807245e-05,6.120319214241866,19940,,,,,,,,,,,
0.7691353321075439,0.8656518459320068,1.1711556169429098e-05,6.1264579496623695,19960,,,,,,,,,,,
0.7658505439758301,0.871368408203125,1.1673189073050952e-05,6.132596685082873,19980,,,,,,,,,,,
0.7642468452453614,0.9237197637557983,1.1634821976672807e-05,6.138735420503377,20000,,,,,,,,,,,
0.7898476600646973,1.0582174062728882,1.1596454880294661e-05,6.14487415592388,20020,,,,,,,,,,,
0.7717899799346923,0.8975870013237,1.1558087783916514e-05,6.151012891344383,20040,,,,,,,,,,,
0.7867671966552734,0.9430544972419739,1.1519720687538367e-05,6.157151626764886,20060,,,,,,,,,,,
0.7798323154449462,0.9216329455375671,1.1481353591160221e-05,6.16329036218539,20080,,,,,,,,,,,
0.812471580505371,1.092840313911438,1.1442986494782076e-05,6.169429097605893,20100,,,,,,,,,,,
0.7847032070159912,0.870699405670166,1.1404619398403928e-05,6.175567833026396,20120,,,,,,,,,,,
0.8011974334716797,0.948447585105896,1.1366252302025783e-05,6.1817065684469,20140,,,,,,,,,,,
0.7539749622344971,0.9159750938415527,1.1327885205647637e-05,6.1878453038674035,20160,,,,,,,,,,,
0.7930189609527588,0.8705485463142395,1.1289518109269492e-05,6.193984039287907,20180,,,,,,,,,,,
0.789563512802124,0.9049626588821411,1.1251151012891344e-05,6.20012277470841,20200,,,,,,,,,,,
0.7382001399993896,0.9568235278129578,1.1212783916513199e-05,6.206261510128914,20220,,,,,,,,,,,
0.7408969879150391,0.9595211148262024,1.1174416820135053e-05,6.212400245549417,20240,,,,,,,,,,,
0.7640788078308105,1.0045679807662964,1.1136049723756908e-05,6.21853898096992,20260,,,,,,,,,,,
0.7945769309997559,0.9058138132095337,1.109768262737876e-05,6.224677716390423,20280,,,,,,,,,,,
0.7513132572174073,0.8585056662559509,1.1059315531000615e-05,6.230816451810927,20300,,,,,,,,,,,
0.7548427581787109,0.8473531603813171,1.102094843462247e-05,6.23695518723143,20320,,,,,,,,,,,
0.7892372131347656,1.0032565593719482,1.0982581338244322e-05,6.2430939226519335,20340,,,,,,,,,,,
0.8057697296142579,0.9881666302680969,1.0944214241866176e-05,6.249232658072437,20360,,,,,,,,,,,
0.8090204238891602,1.006072998046875,1.0905847145488029e-05,6.255371393492941,20380,,,,,,,,,,,
0.7666141033172608,0.9400410652160645,1.0867480049109884e-05,6.261510128913444,20400,,,,,,,,,,,
0.7844124794006347,0.9223702549934387,1.0829112952731738e-05,6.267648864333947,20420,,,,,,,,,,,
0.7894140720367432,0.9228309392929077,1.079074585635359e-05,6.273787599754451,20440,,,,,,,,,,,
0.7576169490814209,0.9049283862113953,1.0752378759975445e-05,6.279926335174954,20460,,,,,,,,,,,
0.7926019191741943,0.8472797274589539,1.07140116635973e-05,6.286065070595457,20480,,,,,,,,,,,
0.7836123943328858,0.9747052192687988,1.0675644567219154e-05,6.29220380601596,20500,,,,,,,,,,,
0.8032833099365234,0.898504912853241,1.0637277470841007e-05,6.298342541436464,20520,,,,,,,,,,,
0.7572578907012939,0.8688056468963623,1.0598910374462861e-05,6.304481276856968,20540,,,,,,,,,,,
0.7812780380249024,0.9397411346435547,1.0560543278084716e-05,6.310620012277471,20560,,,,,,,,,,,
0.8103017807006836,0.8743920922279358,1.052217618170657e-05,6.316758747697974,20580,,,,,,,,,,,
0.7651637554168701,1.24940824508667,1.0483809085328423e-05,6.322897483118478,20600,,,,,,,,,,,
0.7800832748413086,0.8965077996253967,1.0445441988950275e-05,6.329036218538981,20620,,,,,,,,,,,
0.7609899520874024,0.8386404514312744,1.040707489257213e-05,6.335174953959484,20640,,,,,,,,,,,
0.7834682464599609,1.0531504154205322,1.0368707796193984e-05,6.341313689379987,20660,,,,,,,,,,,
0.7968681812286377,0.8939052224159241,1.0330340699815839e-05,6.347452424800491,20680,,,,,,,,,,,
0.7841654777526855,0.9719579815864563,1.0291973603437692e-05,6.3535911602209945,20700,,,,,,,,,,,
0.800015640258789,0.9603104591369629,1.0253606507059546e-05,6.359729895641498,20720,,,,,,,,,,,
0.739176893234253,0.9672946929931641,1.02152394106814e-05,6.365868631062002,20740,,,,,,,,,,,
0.776758337020874,1.1606864929199219,1.0176872314303255e-05,6.372007366482505,20760,,,,,,,,,,,
0.7702575206756592,0.9749206304550171,1.0138505217925108e-05,6.378146101903008,20780,,,,,,,,,,,
0.7925043106079102,0.9137607216835022,1.0100138121546962e-05,6.384284837323511,20800,,,,,,,,,,,
0.7770548343658448,1.0394729375839233,1.0061771025168816e-05,6.390423572744015,20820,,,,,,,,,,,
0.781310749053955,0.9201818704605103,1.002340392879067e-05,6.396562308164518,20840,,,,,,,,,,,
0.7558727264404297,0.9367556571960449,9.985036832412524e-06,6.402701043585021,20860,,,,,,,,,,,
0.7685384273529052,0.9343163371086121,9.946669736034378e-06,6.4088397790055245,20880,,,,,,,,,,,
0.7190826892852783,0.8647669553756714,9.90830263965623e-06,6.4149785144260285,20900,,,,,,,,,,,
0.7707359790802002,0.9871557354927063,9.869935543278085e-06,6.421117249846532,20920,,,,,,,,,,,
0.7776106834411621,1.0210062265396118,9.831568446899938e-06,6.427255985267035,20940,,,,,,,,,,,
0.7404839038848877,0.8191857933998108,9.793201350521792e-06,6.433394720687538,20960,,,,,,,,,,,
0.766766881942749,0.9825930595397949,9.754834254143647e-06,6.439533456108042,20980,,,,,,,,,,,
0.7876020431518554,0.9698978662490845,9.716467157765501e-06,6.445672191528545,21000,,,,,,,,,,,
0.7943591117858887,0.9808275103569031,9.678100061387354e-06,6.451810926949048,21020,,,,,,,,,,,
0.7678018569946289,0.9010005593299866,9.639732965009208e-06,6.457949662369552,21040,,,,,,,,,,,
0.7843699932098389,0.9272054433822632,9.601365868631063e-06,6.464088397790055,21060,,,,,,,,,,,
0.7954960823059082,0.8335290551185608,9.562998772252917e-06,6.4702271332105585,21080,,,,,,,,,,,
0.7633695602416992,1.0266509056091309,9.52463167587477e-06,6.476365868631062,21100,,,,,,,,,,,
0.7884161949157715,0.9838578701019287,9.486264579496624e-06,6.482504604051566,21120,,,,,,,,,,,
0.8054938316345215,0.9583840370178223,9.447897483118479e-06,6.488643339472069,21140,,,,,,,,,,,
0.8006092071533203,0.9658933281898499,9.409530386740333e-06,6.494782074892572,21160,,,,,,,,,,,
0.7719982624053955,1.0576274394989014,9.371163290362186e-06,6.500920810313076,21180,,,,,,,,,,,
0.7793422222137452,1.0271698236465454,9.332796193984039e-06,6.507059545733579,21200,,,,,,,,,,,
0.755747127532959,0.8953613638877869,9.294429097605893e-06,6.513198281154082,21220,,,,,,,,,,,
0.7771473407745362,0.945287823677063,9.256062001227748e-06,6.519337016574585,21240,,,,,,,,,,,
0.8144806861877442,0.954751193523407,9.2176949048496e-06,6.525475751995089,21260,,,,,,,,,,,
0.7605660438537598,0.9375965595245361,9.179327808471455e-06,6.531614487415593,21280,,,,,,,,,,,
0.7798606872558593,0.9342097043991089,9.14096071209331e-06,6.537753222836096,21300,,,,,,,,,,,
0.7939859867095947,1.0612977743148804,9.102593615715164e-06,6.543891958256599,21320,,,,,,,,,,,
0.8160891532897949,0.8060194849967957,9.064226519337016e-06,6.550030693677103,21340,,,,,,,,,,,
0.7846277236938477,0.9309484362602234,9.02585942295887e-06,6.556169429097606,21360,,,,,,,,,,,
0.773252296447754,0.9056864380836487,8.987492326580725e-06,6.562308164518109,21380,,,,,,,,,,,
0.7715078830718994,0.8382027745246887,8.94912523020258e-06,6.568446899938612,21400,,,,,,,,,,,
0.7754634857177735,0.9235504269599915,8.910758133824432e-06,6.574585635359116,21420,,,,,,,,,,,
0.7741157531738281,0.950212836265564,8.872391037446287e-06,6.5807243707796195,21440,,,,,,,,,,,
0.7568941116333008,0.8788323998451233,8.834023941068141e-06,6.586863106200123,21460,,,,,,,,,,,
0.7978243350982666,0.9364350438117981,8.795656844689994e-06,6.593001841620627,21480,,,,,,,,,,,
0.7834732055664062,0.9843493700027466,8.757289748311848e-06,6.59914057704113,21500,,,,,,,,,,,
0.8266252517700196,0.9057998657226562,8.718922651933701e-06,6.605279312461633,21520,,,,,,,,,,,
0.7727495193481445,0.8697417378425598,8.680555555555556e-06,6.611418047882136,21540,,,,,,,,,,,
0.7727561473846436,0.9358362555503845,8.64218845917741e-06,6.617556783302639,21560,,,,,,,,,,,
0.7526764392852783,0.9035705327987671,8.603821362799264e-06,6.623695518723143,21580,,,,,,,,,,,
0.7810461044311523,0.9203158020973206,8.565454266421117e-06,6.629834254143646,21600,,,,,,,,,,,
0.7793750762939453,1.010972023010254,8.527087170042972e-06,6.6359729895641495,21620,,,,,,,,,,,
0.7958370208740234,1.2535771131515503,8.488720073664826e-06,6.6421117249846535,21640,,,,,,,,,,,
0.8319448471069336,1.0483818054199219,8.45035297728668e-06,6.648250460405157,21660,,,,,,,,,,,
0.7882406711578369,0.9718383550643921,8.411985880908533e-06,6.65438919582566,21680,,,,,,,,,,,
0.7781630516052246,0.920902669429779,8.373618784530388e-06,6.660527931246163,21700,,,,,,,,,,,
0.7576185703277588,0.9310646653175354,8.335251688152242e-06,6.666666666666667,21720,,,,,,,,,,,
0.7594639778137207,0.8940461277961731,8.296884591774095e-06,6.67280540208717,21740,,,,,,,,,,,
0.7217674732208252,1.0194008350372314,8.258517495395947e-06,6.678944137507673,21760,,,,,,,,,,,
0.7585776329040528,1.0179681777954102,8.220150399017802e-06,6.685082872928177,21780,,,,,,,,,,,
0.7622087478637696,0.8961385488510132,8.181783302639656e-06,6.69122160834868,21800,,,,,,,,,,,
0.7661523342132568,0.9388563632965088,8.14341620626151e-06,6.6973603437691835,21820,,,,,,,,,,,
0.7833168029785156,0.9915529489517212,8.105049109883364e-06,6.703499079189687,21840,,,,,,,,,,,
0.7934335708618164,0.8740322589874268,8.066682013505218e-06,6.70963781461019,21860,,,,,,,,,,,
0.7579781532287597,0.8781619071960449,8.028314917127072e-06,6.715776550030694,21880,,,,,,,,,,,
0.7968412399291992,1.1307438611984253,7.989947820748927e-06,6.721915285451197,21900,,,,,,,,,,,
0.7477067470550537,0.8507101535797119,7.95158072437078e-06,6.7280540208717,21920,,,,,,,,,,,
0.767263650894165,0.9584340453147888,7.913213627992634e-06,6.734192756292204,21940,,,,,,,,,,,
0.7813595294952392,0.8330632448196411,7.874846531614488e-06,6.740331491712707,21960,,,,,,,,,,,
0.7748380184173584,0.9266030192375183,7.836479435236343e-06,6.74647022713321,21980,,,,,,,,,,,
0.754697036743164,0.932093620300293,7.798112338858196e-06,6.752608962553714,22000,,,,,,,,,,,
0.7529579162597656,0.8050736784934998,7.75974524248005e-06,6.758747697974218,22020,,,,,,,,,,,
0.7716843605041503,0.9496694803237915,7.721378146101903e-06,6.764886433394721,22040,,,,,,,,,,,
0.7714663505554199,0.9985538125038147,7.683011049723757e-06,6.771025168815224,22060,,,,,,,,,,,
0.7477284431457519,0.8714197278022766,7.64464395334561e-06,6.777163904235728,22080,,,,,,,,,,,
0.7849979400634766,0.9742989540100098,7.606276856967464e-06,6.783302639656231,22100,,,,,,,,,,,
0.810948657989502,0.9319261312484741,7.567909760589319e-06,6.789441375076734,22120,,,,,,,,,,,
0.7721497058868408,0.913607120513916,7.529542664211172e-06,6.795580110497237,22140,,,,,,,,,,,
0.7635681629180908,0.8410518169403076,7.491175567833027e-06,6.8017188459177405,22160,,,,,,,,,,,
0.7903693199157715,0.8432530760765076,7.45280847145488e-06,6.8078575813382445,22180,,,,,,,,,,,
0.7677542686462402,1.0536211729049683,7.414441375076735e-06,6.813996316758748,22200,,,,,,,,,,,
0.7936996459960938,0.9389366507530212,7.376074278698588e-06,6.820135052179251,22220,,,,,,,,,,,
0.8002985000610352,1.0152835845947266,7.337707182320443e-06,6.826273787599755,22240,,,,,,,,,,,
0.7640346050262451,0.9046704173088074,7.299340085942296e-06,6.832412523020258,22260,,,,,,,,,,,
0.7691690921783447,0.907503068447113,7.260972989564151e-06,6.838551258440761,22280,,,,,,,,,,,
0.7544649600982666,0.8604688048362732,7.222605893186004e-06,6.844689993861264,22300,,,,,,,,,,,
0.7555008411407471,0.926816463470459,7.184238796807857e-06,6.850828729281768,22320,,,,,,,,,,,
0.7696697235107421,0.9558932781219482,7.1458717004297116e-06,6.856967464702271,22340,,,,,,,,,,,
0.7229810237884522,0.9105961322784424,7.107504604051565e-06,6.8631062001227745,22360,,,,,,,,,,,
0.7658246040344239,0.9277179837226868,7.0691375076734196e-06,6.8692449355432785,22380,,,,,,,,,,,
0.7919223308563232,0.8638296127319336,7.030770411295273e-06,6.875383670963782,22400,,,,,,,,,,,
0.8081875801086426,0.8882072567939758,6.992403314917128e-06,6.881522406384285,22420,,,,,,,,,,,
0.7714095115661621,0.8802065849304199,6.954036218538981e-06,6.887661141804788,22440,,,,,,,,,,,
0.7981432914733887,0.8683763146400452,6.915669122160836e-06,6.893799877225292,22460,,,,,,,,,,,
0.7712669372558594,0.9682808518409729,6.877302025782689e-06,6.899938612645795,22480,,,,,,,,,,,
0.7632618904113769,0.9976941347122192,6.838934929404544e-06,6.906077348066298,22500,,,,,,,,,,,
0.7256937980651855,0.9596978425979614,6.800567833026397e-06,6.912216083486801,22520,,,,,,,,,,,
0.8151627540588379,0.9710666537284851,6.762200736648252e-06,6.918354818907305,22540,,,,,,,,,,,
0.7548587799072266,0.881787896156311,6.723833640270105e-06,6.9244935543278086,22560,,,,,,,,,,,
0.7946785926818848,0.9570346474647522,6.685466543891959e-06,6.930632289748312,22580,,,,,,,,,,,
0.7622233867645264,0.9373958110809326,6.6470994475138115e-06,6.936771025168815,22600,,,,,,,,,,,
0.7466533660888672,1.009148359298706,6.608732351135666e-06,6.942909760589319,22620,,,,,,,,,,,
0.7429757595062256,0.8202253580093384,6.5703652547575195e-06,6.949048496009822,22640,,,,,,,,,,,
0.7891825675964356,0.856200635433197,6.531998158379374e-06,6.955187231430325,22660,,,,,,,,,,,
0.7454975128173829,0.9522861242294312,6.4936310620012276e-06,6.961325966850829,22680,,,,,,,,,,,
0.7651152610778809,1.0343081951141357,6.455263965623082e-06,6.967464702271332,22700,,,,,,,,,,,
0.7714826583862304,0.8885115385055542,6.4168968692449356e-06,6.973603437691835,22720,,,,,,,,,,,
0.7555303573608398,0.8560463190078735,6.37852977286679e-06,6.979742173112339,22740,,,,,,,,,,,
0.7504853725433349,0.9287091493606567,6.3401626764886436e-06,6.985880908532843,22760,,,,,,,,,,,
0.7608055114746094,1.0299574136734009,6.301795580110498e-06,6.992019643953346,22780,,,,,,,,,,,
0.7912996292114258,0.9611176252365112,6.263428483732352e-06,6.998158379373849,22800,,,,,,,,,,,
,,,7.0,22806,1.0074185132980347,29.686728081634946,55.59862199315913,481.9269,16.291,1.019,,,,,
0.7802271842956543,0.9603862762451172,6.225061387354205e-06,7.004297114794352,22820,,,,,,,,,,,
0.755916976928711,0.943113386631012,6.186694290976059e-06,7.010435850214856,22840,,,,,,,,,,,
0.7367702007293702,0.9986267685890198,6.148327194597913e-06,7.016574585635359,22860,,,,,,,,,,,
0.7792512893676757,0.8999805450439453,6.109960098219767e-06,7.022713321055862,22880,,,,,,,,,,,
0.742503309249878,0.9754582643508911,6.071593001841621e-06,7.0288520564763655,22900,,,,,,,,,,,
0.7302218437194824,0.8758249282836914,6.033225905463475e-06,7.0349907918968695,22920,,,,,,,,,,,
0.7254811763763428,0.9570202231407166,5.994858809085329e-06,7.041129527317373,22940,,,,,,,,,,,
0.7157512187957764,0.8675466775894165,5.956491712707182e-06,7.047268262737876,22960,,,,,,,,,,,
0.7618681430816651,0.8977306485176086,5.918124616329036e-06,7.05340699815838,22980,,,,,,,,,,,
0.7452662944793701,1.0096442699432373,5.87975751995089e-06,7.059545733578883,23000,,,,,,,,,,,
0.7772851943969726,0.9023633003234863,5.841390423572744e-06,7.065684468999386,23020,,,,,,,,,,,
0.7517406463623046,1.0877405405044556,5.803023327194598e-06,7.071823204419889,23040,,,,,,,,,,,
0.7907619953155518,1.037670612335205,5.764656230816452e-06,7.077961939840393,23060,,,,,,,,,,,
0.7400668621063232,0.9441158175468445,5.726289134438306e-06,7.084100675260896,23080,,,,,,,,,,,
0.765256404876709,0.8874552845954895,5.6879220380601596e-06,7.0902394106813995,23100,,,,,,,,,,,
0.758701753616333,0.9609624147415161,5.649554941682014e-06,7.096378146101903,23120,,,,,,,,,,,
0.7389400959014892,0.9727427959442139,5.6111878453038676e-06,7.102516881522407,23140,,,,,,,,,,,
0.7015599727630615,0.9387252330780029,5.572820748925721e-06,7.10865561694291,23160,,,,,,,,,,,
0.7391327381134033,0.9468933939933777,5.534453652547576e-06,7.114794352363413,23180,,,,,,,,,,,
0.7641592025756836,0.8969570398330688,5.496086556169429e-06,7.120933087783916,23200,,,,,,,,,,,
0.7413920879364013,0.921773374080658,5.457719459791284e-06,7.12707182320442,23220,,,,,,,,,,,
0.7446496486663818,0.9549540877342224,5.419352363413137e-06,7.133210558624923,23240,,,,,,,,,,,
0.7351757049560547,0.9703112840652466,5.380985267034991e-06,7.139349294045426,23260,,,,,,,,,,,
0.7492692947387696,0.8231383562088013,5.342618170656845e-06,7.14548802946593,23280,,,,,,,,,,,
0.7445055961608886,0.8541138172149658,5.304251074278699e-06,7.151626764886434,23300,,,,,,,,,,,
0.7333745956420898,0.9140509963035583,5.265883977900553e-06,7.157765500306937,23320,,,,,,,,,,,
0.7420524597167969,0.8396205902099609,5.227516881522407e-06,7.16390423572744,23340,,,,,,,,,,,
0.7466261386871338,0.9845110774040222,5.189149785144261e-06,7.170042971147944,23360,,,,,,,,,,,
0.7461918354034424,1.0224628448486328,5.150782688766114e-06,7.176181706568447,23380,,,,,,,,,,,
0.7516978263854981,0.9060310125350952,5.112415592387968e-06,7.18232044198895,23400,,,,,,,,,,,
0.7380002975463867,0.9744560122489929,5.074048496009822e-06,7.188459177409453,23420,,,,,,,,,,,
0.7886392593383789,0.8683412671089172,5.035681399631676e-06,7.194597912829957,23440,,,,,,,,,,,
0.721550464630127,0.9924572110176086,4.99731430325353e-06,7.2007366482504604,23460,,,,,,,,,,,
0.7557415962219238,0.920235812664032,4.958947206875384e-06,7.206875383670964,23480,,,,,,,,,,,
0.724514389038086,0.8935514092445374,4.920580110497238e-06,7.213014119091467,23500,,,,,,,,,,,
0.7429232597351074,0.944416344165802,4.882213014119092e-06,7.219152854511971,23520,,,,,,,,,,,
0.7355751514434814,0.9309633374214172,4.843845917740945e-06,7.225291589932474,23540,,,,,,,,,,,
0.7348613739013672,0.8677789568901062,4.8054788213628e-06,7.231430325352977,23560,,,,,,,,,,,
0.7544729232788085,0.9422338008880615,4.767111724984653e-06,7.237569060773481,23580,,,,,,,,,,,
0.7351249694824219,1.0285407304763794,4.728744628606508e-06,7.243707796193984,23600,,,,,,,,,,,
0.7633746147155762,1.079337477684021,4.690377532228361e-06,7.249846531614487,23620,,,,,,,,,,,
0.7710993766784668,0.9060197472572327,4.652010435850216e-06,7.2559852670349905,23640,,,,,,,,,,,
0.7673702239990234,0.9302723407745361,4.613643339472068e-06,7.2621240024554945,23660,,,,,,,,,,,
0.7943164825439453,0.932902455329895,4.575276243093923e-06,7.268262737875998,23680,,,,,,,,,,,
0.7674297332763672,0.83797687292099,4.536909146715776e-06,7.274401473296501,23700,,,,,,,,,,,
0.7387278079986572,0.8802860379219055,4.498542050337631e-06,7.280540208717004,23720,,,,,,,,,,,
0.767780065536499,1.042907953262329,4.460174953959484e-06,7.286678944137508,23740,,,,,,,,,,,
0.7590062618255615,1.2030130624771118,4.421807857581339e-06,7.292817679558011,23760,,,,,,,,,,,
0.7434025764465332,0.9535738825798035,4.383440761203192e-06,7.298956414978514,23780,,,,,,,,,,,
0.7612766265869141,1.005436897277832,4.345073664825046e-06,7.305095150399017,23800,,,,,,,,,,,
0.7565707683563232,0.8888498544692993,4.3067065684468996e-06,7.311233885819521,23820,,,,,,,,,,,
0.7787068843841553,0.9274441599845886,4.268339472068754e-06,7.3173726212400245,23840,,,,,,,,,,,
0.7386691093444824,0.9138118624687195,4.2299723756906076e-06,7.323511356660528,23860,,,,,,,,,,,
0.7566056728363038,0.9447934031486511,4.191605279312462e-06,7.329650092081032,23880,,,,,,,,,,,
0.734971570968628,0.8896012306213379,4.153238182934316e-06,7.335788827501535,23900,,,,,,,,,,,
0.7278949737548828,0.8451835513114929,4.11487108655617e-06,7.341927562922038,23920,,,,,,,,,,,
0.7073935985565185,0.9956644773483276,4.076503990178024e-06,7.348066298342541,23940,,,,,,,,,,,
0.7165436744689941,0.988556981086731,4.038136893799877e-06,7.354205033763045,23960,,,,,,,,,,,
0.7260851383209228,0.9468196630477905,3.999769797421731e-06,7.360343769183548,23980,,,,,,,,,,,
0.7588422298431396,1.0121400356292725,3.961402701043585e-06,7.366482504604051,24000,,,,,,,,,,,
0.7479603290557861,0.8299590945243835,3.923035604665439e-06,7.3726212400245545,24020,,,,,,,,,,,
0.7405244827270507,0.9776506423950195,3.884668508287293e-06,7.378759975445059,24040,,,,,,,,,,,
0.7553154468536377,1.0825120210647583,3.846301411909147e-06,7.384898710865562,24060,,,,,,,,,,,
0.7624890804290771,0.923486590385437,3.807934315531001e-06,7.391037446286065,24080,,,,,,,,,,,
0.7308761596679687,1.013218879699707,3.7695672191528544e-06,7.397176181706568,24100,,,,,,,,,,,
0.7834523677825928,1.0146865844726562,3.7312001227747084e-06,7.403314917127072,24120,,,,,,,,,,,
0.761109447479248,0.9361057281494141,3.6928330263965624e-06,7.409453652547575,24140,,,,,,,,,,,
0.7463363170623779,0.8492103219032288,3.6544659300184164e-06,7.415592387968078,24160,,,,,,,,,,,
0.7307479858398438,0.8465153574943542,3.6160988336402704e-06,7.421731123388582,24180,,,,,,,,,,,
0.7342700958251953,0.9761666059494019,3.5777317372621244e-06,7.4278698588090855,24200,,,,,,,,,,,
0.7106999397277832,0.9717302918434143,3.5393646408839784e-06,7.434008594229589,24220,,,,,,,,,,,
0.722935676574707,0.9622771739959717,3.5009975445058316e-06,7.440147329650092,24240,,,,,,,,,,,
0.7674108028411866,0.8576398491859436,3.4626304481276856e-06,7.446286065070596,24260,,,,,,,,,,,
0.7449897766113281,0.9035837054252625,3.4242633517495396e-06,7.452424800491099,24280,,,,,,,,,,,
0.7392024993896484,0.8048725724220276,3.3858962553713936e-06,7.458563535911602,24300,,,,,,,,,,,
0.7455795288085938,0.9288675785064697,3.3475291589932476e-06,7.464702271332105,24320,,,,,,,,,,,
0.7495878219604493,0.9836004376411438,3.3091620626151016e-06,7.470841006752609,24340,,,,,,,,,,,
0.7300380229949951,0.8268483877182007,3.2707949662369556e-06,7.476979742173112,24360,,,,,,,,,,,
0.7484417915344238,0.8883908987045288,3.2324278698588088e-06,7.4831184775936155,24380,,,,,,,,,,,
0.7414767265319824,0.9436060786247253,3.1940607734806628e-06,7.4892572130141195,24400,,,,,,,,,,,
0.7636693000793457,0.9155348539352417,3.1556936771025168e-06,7.495395948434623,24420,,,,,,,,,,,
0.7398518562316895,0.8972036838531494,3.1173265807243708e-06,7.501534683855126,24440,,,,,,,,,,,
0.7856821537017822,0.9915286898612976,3.0789594843462248e-06,7.507673419275629,24460,,,,,,,,,,,
0.7619931697845459,0.883992075920105,3.040592387968079e-06,7.513812154696133,24480,,,,,,,,,,,
0.7400669097900391,0.9318670034408569,3.0022252915899324e-06,7.519950890116636,24500,,,,,,,,,,,
0.7362439155578613,0.879696786403656,2.9638581952117864e-06,7.526089625537139,24520,,,,,,,,,,,
0.7853066444396972,0.9544851779937744,2.9254910988336404e-06,7.532228360957642,24540,,,,,,,,,,,
0.7705763816833496,0.9076873660087585,2.8871240024554944e-06,7.538367096378146,24560,,,,,,,,,,,
0.744733190536499,0.9047061204910278,2.8487569060773484e-06,7.5445058317986495,24580,,,,,,,,,,,
0.7489468574523925,1.0229830741882324,2.8103898096992024e-06,7.550644567219153,24600,,,,,,,,,,,
0.7922441005706787,0.9972190856933594,2.772022713321056e-06,7.556783302639657,24620,,,,,,,,,,,
0.786141300201416,0.9196000695228577,2.73365561694291e-06,7.56292203806016,24640,,,,,,,,,,,
0.7540105819702149,0.8894473314285278,2.695288520564764e-06,7.569060773480663,24660,,,,,,,,,,,
0.734098482131958,0.9679105877876282,2.656921424186618e-06,7.575199508901166,24680,,,,,,,,,,,
0.7589169502258301,0.8764002323150635,2.6185543278084716e-06,7.581338244321669,24700,,,,,,,,,,,
0.7606853485107422,0.9010703563690186,2.5801872314303256e-06,7.587476979742173,24720,,,,,,,,,,,
0.7487448692321778,1.0472151041030884,2.5418201350521796e-06,7.593615715162676,24740,,,,,,,,,,,
0.7843092441558838,0.8938083052635193,2.503453038674033e-06,7.5997544505831796,24760,,,,,,,,,,,
0.7851733207702637,0.9130053520202637,2.465085942295887e-06,7.605893186003684,24780,,,,,,,,,,,
0.7434089660644532,0.8383246064186096,2.426718845917741e-06,7.612031921424187,24800,,,,,,,,,,,
0.7636579513549805,1.0376032590866089,2.388351749539595e-06,7.61817065684469,24820,,,,,,,,,,,
0.7522229194641114,0.9357216954231262,2.349984653161449e-06,7.624309392265193,24840,,,,,,,,,,,
0.7905111312866211,1.0490995645523071,2.311617556783303e-06,7.630448127685697,24860,,,,,,,,,,,
0.7306414604187011,0.9658942222595215,2.273250460405157e-06,7.6365868631062,24880,,,,,,,,,,,
0.7703463077545166,0.8661140203475952,2.2348833640270104e-06,7.642725598526703,24900,,,,,,,,,,,
0.7536020278930664,0.8181188106536865,2.1965162676488644e-06,7.648864333947207,24920,,,,,,,,,,,
0.7136102676391601,0.9856709241867065,2.1581491712707184e-06,7.6550030693677105,24940,,,,,,,,,,,
0.745341682434082,0.8882482647895813,2.1197820748925724e-06,7.661141804788214,24960,,,,,,,,,,,
0.7335622787475586,1.0345731973648071,2.081414978514426e-06,7.667280540208717,24980,,,,,,,,,,,
0.749698257446289,0.916293740272522,2.04304788213628e-06,7.67341927562922,25000,,,,,,,,,,,
0.7818234920501709,0.9109748601913452,2.004680785758134e-06,7.679558011049724,25020,,,,,,,,,,,
0.7915014743804931,0.9337928295135498,1.9663136893799876e-06,7.685696746470227,25040,,,,,,,,,,,
0.7503904819488525,0.8638098835945129,1.9279465930018416e-06,7.69183548189073,25060,,,,,,,,,,,
0.7369554519653321,1.0390000343322754,1.8895794966236956e-06,7.697974217311234,25080,,,,,,,,,,,
0.7620221138000488,0.9046011567115784,1.8512124002455496e-06,7.704112952731737,25100,,,,,,,,,,,
0.7616868019104004,0.9059857726097107,1.8128453038674032e-06,7.7102516881522405,25120,,,,,,,,,,,
0.7439242362976074,0.9463574886322021,1.7744782074892572e-06,7.716390423572744,25140,,,,,,,,,,,
0.7622538566589355,0.8187827467918396,1.7361111111111112e-06,7.722529158993248,25160,,,,,,,,,,,
0.7429651260375977,0.8642945289611816,1.697744014732965e-06,7.728667894413751,25180,,,,,,,,,,,
0.7510303020477295,0.8985717296600342,1.659376918354819e-06,7.734806629834254,25200,,,,,,,,,,,
0.7319235801696777,0.8796502947807312,1.621009821976673e-06,7.740945365254758,25220,,,,,,,,,,,
0.7203212261199952,0.9419223666191101,1.5826427255985268e-06,7.747084100675261,25240,,,,,,,,,,,
0.7307001113891601,1.2671287059783936,1.5442756292203808e-06,7.753222836095764,25260,,,,,,,,,,,
0.76253662109375,0.856581449508667,1.5059085328422346e-06,7.759361571516267,25280,,,,,,,,,,,
0.7894599914550782,0.929223358631134,1.4675414364640886e-06,7.765500306936771,25300,,,,,,,,,,,
0.7867228031158447,0.9054571986198425,1.4291743400859424e-06,7.7716390423572745,25320,,,,,,,,,,,
0.7577016353607178,0.9588940143585205,1.3908072437077962e-06,7.777777777777778,25340,,,,,,,,,,,
0.7791068077087402,0.8176063299179077,1.3524401473296502e-06,7.783916513198281,25360,,,,,,,,,,,
0.7391189575195313,0.8854390382766724,1.314073050951504e-06,7.790055248618785,25380,,,,,,,,,,,
0.7529076099395752,0.9836229085922241,1.275705954573358e-06,7.796193984039288,25400,,,,,,,,,,,
0.7283187866210937,0.9044487476348877,1.2373388581952118e-06,7.802332719459791,25420,,,,,,,,,,,
0.7490264415740967,1.0056140422821045,1.1989717618170658e-06,7.808471454880294,25440,,,,,,,,,,,
0.7456439971923828,0.8808567523956299,1.1606046654389196e-06,7.814610190300798,25460,,,,,,,,,,,
0.7666236877441406,0.871376097202301,1.1222375690607736e-06,7.820748925721301,25480,,,,,,,,,,,
0.7356930732727051,0.955115795135498,1.0838704726826274e-06,7.826887661141805,25500,,,,,,,,,,,
0.7550480365753174,1.0611398220062256,1.0455033763044812e-06,7.833026396562309,25520,,,,,,,,,,,
0.7164915084838868,0.8758894205093384,1.0071362799263352e-06,7.839165131982812,25540,,,,,,,,,,,
0.7574368476867676,0.9852151870727539,9.68769183548189e-07,7.845303867403315,25560,,,,,,,,,,,
0.8004202842712402,0.9655823111534119,9.304020871700431e-07,7.851442602823818,25580,,,,,,,,,,,
0.7520293712615966,0.9194449186325073,8.920349907918969e-07,7.857581338244322,25600,,,,,,,,,,,
0.7213944435119629,1.7297378778457642,8.536678944137509e-07,7.863720073664825,25620,,,,,,,,,,,
0.7385348320007324,0.9202172160148621,8.153007980356047e-07,7.869858809085328,25640,,,,,,,,,,,
0.7421610832214356,0.801694393157959,7.769337016574586e-07,7.8759975445058314,25660,,,,,,,,,,,
0.7624608993530273,0.8967885971069336,7.385666052793125e-07,7.8821362799263355,25680,,,,,,,,,,,
0.7536268711090088,0.8761276602745056,7.001995089011664e-07,7.888275015346839,25700,,,,,,,,,,,
0.7211744785308838,0.8978980779647827,6.618324125230203e-07,7.894413750767342,25720,,,,,,,,,,,
0.7617527484893799,1.0069293975830078,6.234653161448742e-07,7.900552486187845,25740,,,,,,,,,,,
0.7338053703308105,0.9286603927612305,5.850982197667281e-07,7.906691221608349,25760,,,,,,,,,,,
0.7763154983520508,0.8515687584877014,5.46731123388582e-07,7.912829957028852,25780,,,,,,,,,,,
0.7747722625732422,0.9703637361526489,5.083640270104359e-07,7.918968692449355,25800,,,,,,,,,,,
0.7387844562530518,0.9104474782943726,4.699969306322898e-07,7.925107427869859,25820,,,,,,,,,,,
0.7477270126342773,1.0455344915390015,4.316298342541437e-07,7.931246163290362,25840,,,,,,,,,,,
0.8068528175354004,1.0108906030654907,3.932627378759976e-07,7.9373848987108655,25860,,,,,,,,,,,
0.7998086452484131,0.9774590134620667,3.5489564149785145e-07,7.943523634131369,25880,,,,,,,,,,,
0.7520915985107421,0.8638737201690674,3.1652854511970535e-07,7.949662369551873,25900,,,,,,,,,,,
0.7454231262207032,0.9685431122779846,2.7816144874155925e-07,7.955801104972376,25920,,,,,,,,,,,
0.7622598648071289,0.857181966304779,2.3979435236341315e-07,7.961939840392879,25940,,,,,,,,,,,
0.7300033569335938,0.8962445855140686,2.0142725598526705e-07,7.968078575813382,25960,,,,,,,,,,,
0.7447426795959473,0.9097087979316711,1.6306015960712092e-07,7.974217311233886,25980,,,,,,,,,,,
0.7398165225982666,0.8561391830444336,1.2469306322897485e-07,7.980356046654389,26000,,,,,,,,,,,
0.7773378849029541,0.937921404838562,8.632596685082872e-08,7.986494782074892,26020,,,,,,,,,,,
0.762132978439331,0.8910022974014282,4.795887047268263e-08,7.9926335174953955,26040,,,,,,,,,,,
0.7809860229492187,1.0305062532424927,9.591774094536527e-09,7.9987722529158995,26060,,,,,,,,,,,
,,,8.0,26064,1.0000442266464233,29.909030392005846,55.77302740355648,481.3374,16.311,1.02,,,,,
,,,8.0,26064,,,,,,,8149.5986,102.321,3.198,1.2709518249984e+17,1.0538907420368118
