loss,grad_norm,learning_rate,epoch,step,eval_loss,eval_bleu,eval_chrf2pp,eval_runtime,eval_samples_per_second,eval_steps_per_second,train_runtime,train_samples_per_second,train_steps_per_second,total_flos,train_loss
6.181379318237305,0.9129446744918823,4.996925168306577e-05,0.005178663904712584,20,,,,,,,,,,,
5.979861068725586,0.8740379810333252,4.993688503366132e-05,0.010357327809425169,40,,,,,,,,,,,
5.675350189208984,0.6474782824516296,4.990451838425687e-05,0.015535991714137753,60,,,,,,,,,,,
5.369997787475586,0.5487768650054932,4.987215173485241e-05,0.020714655618850338,80,,,,,,,,,,,
5.2332275390625,0.5343323945999146,4.9839785085447954e-05,0.02589331952356292,100,,,,,,,,,,,
4.995808029174805,0.4798116087913513,4.9807418436043504e-05,0.031071983428275506,120,,,,,,,,,,,
4.842517852783203,0.4450458288192749,4.977505178663905e-05,0.03625064733298809,140,,,,,,,,,,,
4.763851928710937,0.479067862033844,4.97426851372346e-05,0.041429311237700675,160,,,,,,,,,,,
4.549181365966797,0.40347251296043396,4.971031848783014e-05,0.04660797514241326,180,,,,,,,,,,,
4.491558074951172,0.4318111836910248,4.967795183842569e-05,0.05178663904712584,200,,,,,,,,,,,
4.412246322631836,0.4504530131816864,4.964558518902124e-05,0.05696530295183842,220,,,,,,,,,,,
4.390175247192383,0.4749620258808136,4.9613218539616776e-05,0.06214396685655101,240,,,,,,,,,,,
4.262262344360352,0.43439286947250366,4.9580851890212326e-05,0.06732263076126359,260,,,,,,,,,,,
4.205995178222656,0.42779040336608887,4.9548485240807876e-05,0.07250129466597618,280,,,,,,,,,,,
4.149102020263672,0.43922579288482666,4.951611859140342e-05,0.07767995857068877,300,,,,,,,,,,,
4.140205383300781,0.42137449979782104,4.948375194199897e-05,0.08285862247540135,320,,,,,,,,,,,
4.088246154785156,0.44843122363090515,4.945138529259451e-05,0.08803728638011393,340,,,,,,,,,,,
4.08988037109375,0.47379615902900696,4.9419018643190055e-05,0.09321595028482652,360,,,,,,,,,,,
3.9770580291748048,0.527778148651123,4.9386651993785605e-05,0.0983946141895391,380,,,,,,,,,,,
3.935902786254883,0.47743386030197144,4.935428534438115e-05,0.10357327809425168,400,,,,,,,,,,,
3.920724105834961,0.4935917556285858,4.93219186949767e-05,0.10875194199896426,420,,,,,,,,,,,
3.8784156799316407,0.4820449650287628,4.928955204557225e-05,0.11393060590367685,440,,,,,,,,,,,
3.91109619140625,0.5333545207977295,4.925718539616779e-05,0.11910926980838944,460,,,,,,,,,,,
3.852641296386719,0.4557848274707794,4.9224818746763334e-05,0.12428793371310203,480,,,,,,,,,,,
3.8409503936767577,0.46058425307273865,4.9192452097358884e-05,0.1294665976178146,500,,,,,,,,,,,
3.8327972412109377,0.4747786819934845,4.916008544795443e-05,0.13464526152252718,520,,,,,,,,,,,
3.7888210296630858,0.5292630195617676,4.912771879854998e-05,0.13982392542723976,540,,,,,,,,,,,
3.8125839233398438,0.4873237907886505,4.909535214914553e-05,0.14500258933195237,560,,,,,,,,,,,
3.7315574645996095,0.5163361430168152,4.906298549974107e-05,0.15018125323666495,580,,,,,,,,,,,
3.670514678955078,0.5255934596061707,4.903061885033662e-05,0.15535991714137753,600,,,,,,,,,,,
3.7058643341064452,0.4868328869342804,4.899825220093216e-05,0.16053858104609012,620,,,,,,,,,,,
3.6232986450195312,0.5273106694221497,4.8965885551527706e-05,0.1657172449508027,640,,,,,,,,,,,
3.6939693450927735,0.5431272387504578,4.8933518902123256e-05,0.17089590885551528,660,,,,,,,,,,,
3.656189727783203,0.5695375800132751,4.89011522527188e-05,0.17607457276022787,680,,,,,,,,,,,
3.6315753936767576,0.5179184675216675,4.886878560331435e-05,0.18125323666494045,700,,,,,,,,,,,
3.5293701171875,0.5447788834571838,4.88364189539099e-05,0.18643190056965303,720,,,,,,,,,,,
3.6154506683349608,0.5007537603378296,4.8804052304505435e-05,0.1916105644743656,740,,,,,,,,,,,
3.5556976318359377,0.5548404455184937,4.8771685655100985e-05,0.1967892283790782,760,,,,,,,,,,,
3.535708999633789,0.5358431935310364,4.8739319005696535e-05,0.20196789228379078,780,,,,,,,,,,,
3.4673633575439453,0.5678994059562683,4.870695235629208e-05,0.20714655618850336,800,,,,,,,,,,,
3.466439056396484,0.531024694442749,4.867458570688763e-05,0.21232522009321594,820,,,,,,,,,,,
3.503936767578125,0.5567752718925476,4.864221905748317e-05,0.21750388399792853,840,,,,,,,,,,,
3.5112552642822266,0.5751268863677979,4.8609852408078714e-05,0.2226825479026411,860,,,,,,,,,,,
3.419150543212891,0.5534945130348206,4.8577485758674264e-05,0.2278612118073537,880,,,,,,,,,,,
3.4301883697509767,0.5940322875976562,4.854511910926981e-05,0.23303987571206627,900,,,,,,,,,,,
3.434599685668945,0.5752482414245605,4.851275245986536e-05,0.23821853961677888,920,,,,,,,,,,,
3.3407135009765625,0.5902822017669678,4.848038581046091e-05,0.24339720352149147,940,,,,,,,,,,,
3.4246795654296873,0.6165574193000793,4.844801916105645e-05,0.24857586742620405,960,,,,,,,,,,,
3.355498504638672,0.5707311630249023,4.8415652511652e-05,0.25375453133091663,980,,,,,,,,,,,
3.3375774383544923,0.6253203749656677,4.838328586224754e-05,0.2589331952356292,1000,,,,,,,,,,,
3.3537677764892577,0.5972374081611633,4.8350919212843086e-05,0.2641118591403418,1020,,,,,,,,,,,
3.3603084564208983,0.7121927738189697,4.8318552563438636e-05,0.26929052304505435,1040,,,,,,,,,,,
3.3135066986083985,0.5985111594200134,4.828618591403418e-05,0.27446918694976696,1060,,,,,,,,,,,
3.312421417236328,0.632880687713623,4.825381926462973e-05,0.2796478508544795,1080,,,,,,,,,,,
3.3282840728759764,0.6124981045722961,4.822145261522528e-05,0.28482651475919213,1100,,,,,,,,,,,
3.225474548339844,0.5989344120025635,4.8189085965820815e-05,0.29000517866390474,1120,,,,,,,,,,,
3.2804222106933594,0.6486896872520447,4.8156719316416365e-05,0.2951838425686173,1140,,,,,,,,,,,
3.2306797027587892,0.6459605693817139,4.8124352667011915e-05,0.3003625064733299,1160,,,,,,,,,,,
3.224699020385742,0.7035824656486511,4.809198601760746e-05,0.30554117037804246,1180,,,,,,,,,,,
3.1906557083129883,0.6240149140357971,4.805961936820301e-05,0.31071983428275507,1200,,,,,,,,,,,
3.1524335861206056,0.6438101530075073,4.802725271879855e-05,0.3158984981874676,1220,,,,,,,,,,,
3.242328643798828,0.6643271446228027,4.7994886069394094e-05,0.32107716209218023,1240,,,,,,,,,,,
3.2542045593261717,0.6183410882949829,4.7962519419989644e-05,0.3262558259968928,1260,,,,,,,,,,,
3.179329490661621,0.7580059766769409,4.793015277058519e-05,0.3314344899016054,1280,,,,,,,,,,,
3.2190216064453123,0.6803547739982605,4.789778612118074e-05,0.33661315380631796,1300,,,,,,,,,,,
3.1064970016479494,0.6265570521354675,4.786541947177629e-05,0.34179181771103057,1320,,,,,,,,,,,
3.2216075897216796,0.6737063527107239,4.783305282237183e-05,0.3469704816157431,1340,,,,,,,,,,,
3.171986389160156,0.6459169387817383,4.780068617296738e-05,0.35214914552045573,1360,,,,,,,,,,,
3.1479434967041016,0.6493597030639648,4.776831952356292e-05,0.3573278094251683,1380,,,,,,,,,,,
3.1096158981323243,0.7009520530700684,4.7735952874158466e-05,0.3625064733298809,1400,,,,,,,,,,,
3.096969413757324,0.6767081618309021,4.7703586224754016e-05,0.36768513723459345,1420,,,,,,,,,,,
3.061328887939453,0.6667523980140686,4.7671219575349566e-05,0.37286380113930606,1440,,,,,,,,,,,
3.1408552169799804,0.663226306438446,4.763885292594511e-05,0.3780424650440186,1460,,,,,,,,,,,
3.1015010833740235,0.6488673686981201,4.760648627654066e-05,0.3832211289487312,1480,,,,,,,,,,,
3.166743278503418,0.7038490772247314,4.75741196271362e-05,0.38839979285344384,1500,,,,,,,,,,,
3.0927408218383787,0.693307638168335,4.7541752977731745e-05,0.3935784567581564,1520,,,,,,,,,,,
3.055740547180176,0.6846407055854797,4.7509386328327295e-05,0.398757120662869,1540,,,,,,,,,,,
3.146943283081055,0.8845500946044922,4.747701967892284e-05,0.40393578456758156,1560,,,,,,,,,,,
3.0790624618530273,0.7256838083267212,4.744465302951839e-05,0.40911444847229417,1580,,,,,,,,,,,
3.089528274536133,0.7011884450912476,4.741228638011394e-05,0.4142931123770067,1600,,,,,,,,,,,
3.061160087585449,0.6939030885696411,4.7379919730709474e-05,0.41947177628171933,1620,,,,,,,,,,,
3.0827550888061523,0.7177984118461609,4.7347553081305024e-05,0.4246504401864319,1640,,,,,,,,,,,
3.054452896118164,0.7206687331199646,4.7315186431900574e-05,0.4298291040911445,1660,,,,,,,,,,,
2.9834688186645506,0.7069339156150818,4.728281978249612e-05,0.43500776799585705,1680,,,,,,,,,,,
2.9792266845703126,0.7342150807380676,4.725045313309167e-05,0.44018643190056966,1700,,,,,,,,,,,
2.983824348449707,0.7177529335021973,4.721808648368721e-05,0.4453650958052822,1720,,,,,,,,,,,
3.0326469421386717,0.6954529285430908,4.718571983428276e-05,0.45054375970999483,1740,,,,,,,,,,,
2.9452362060546875,0.702069878578186,4.71533531848783e-05,0.4557224236147074,1760,,,,,,,,,,,
3.041912841796875,0.6998123526573181,4.7120986535473846e-05,0.46090108751942,1780,,,,,,,,,,,
3.0089818954467775,0.694513738155365,4.7088619886069396e-05,0.46607975142413255,1800,,,,,,,,,,,
3.0388545989990234,0.7373396158218384,4.7056253236664946e-05,0.47125841532884516,1820,,,,,,,,,,,
3.0310651779174806,0.6939923167228699,4.702388658726049e-05,0.47643707923355777,1840,,,,,,,,,,,
2.962793731689453,0.7020719647407532,4.699151993785604e-05,0.4816157431382703,1860,,,,,,,,,,,
2.948304557800293,0.6961455941200256,4.695915328845158e-05,0.48679440704298294,1880,,,,,,,,,,,
2.978077697753906,0.7050870060920715,4.6926786639047125e-05,0.4919730709476955,1900,,,,,,,,,,,
2.9768905639648438,0.7153192758560181,4.6894419989642675e-05,0.4971517348524081,1920,,,,,,,,,,,
3.000364303588867,0.8022607564926147,4.686205334023822e-05,0.5023303987571207,1940,,,,,,,,,,,
2.9215604782104494,0.6883071064949036,4.682968669083377e-05,0.5075090626618333,1960,,,,,,,,,,,
2.89649658203125,0.7573102116584778,4.679732004142932e-05,0.5126877265665458,1980,,,,,,,,,,,
2.911777305603027,0.7413708567619324,4.6764953392024854e-05,0.5178663904712584,2000,,,,,,,,,,,
2.982488441467285,0.7780181765556335,4.6732586742620404e-05,0.523045054375971,2020,,,,,,,,,,,
2.9408775329589845,0.7746308445930481,4.6700220093215954e-05,0.5282237182806836,2040,,,,,,,,,,,
2.8866294860839843,0.7566159963607788,4.66678534438115e-05,0.5334023821853962,2060,,,,,,,,,,,
2.89229679107666,0.7281417846679688,4.663548679440705e-05,0.5385810460901087,2080,,,,,,,,,,,
2.9718210220336916,0.8572239875793457,4.660312014500259e-05,0.5437597099948214,2100,,,,,,,,,,,
2.909075927734375,0.7669890522956848,4.657075349559814e-05,0.5489383738995339,2120,,,,,,,,,,,
2.8988567352294923,0.7342645525932312,4.653838684619368e-05,0.5541170378042465,2140,,,,,,,,,,,
2.8847076416015627,0.7601394057273865,4.6506020196789226e-05,0.559295701708959,2160,,,,,,,,,,,
2.873680305480957,0.7121497392654419,4.6473653547384776e-05,0.5644743656136717,2180,,,,,,,,,,,
2.879466438293457,0.7120602130889893,4.6441286897980326e-05,0.5696530295183843,2200,,,,,,,,,,,
2.9388099670410157,0.7455620765686035,4.640892024857587e-05,0.5748316934230968,2220,,,,,,,,,,,
2.8914403915405273,0.7075932621955872,4.637655359917142e-05,0.5800103573278095,2240,,,,,,,,,,,
2.816498374938965,0.8333278894424438,4.634418694976696e-05,0.585189021232522,2260,,,,,,,,,,,
2.857874298095703,0.7119560241699219,4.6311820300362505e-05,0.5903676851372346,2280,,,,,,,,,,,
2.9169063568115234,0.7466331720352173,4.6279453650958055e-05,0.5955463490419471,2300,,,,,,,,,,,
2.865753936767578,0.7763505578041077,4.6247087001553605e-05,0.6007250129466598,2320,,,,,,,,,,,
2.8069269180297853,0.6913387179374695,4.621472035214915e-05,0.6059036768513724,2340,,,,,,,,,,,
2.8837152481079102,0.7327408194541931,4.61823537027447e-05,0.6110823407560849,2360,,,,,,,,,,,
2.8071691513061525,0.7111345529556274,4.614998705334024e-05,0.6162610046607975,2380,,,,,,,,,,,
2.8262258529663087,0.7025578022003174,4.6117620403935784e-05,0.6214396685655101,2400,,,,,,,,,,,
2.8057985305786133,0.7209488153457642,4.6085253754531334e-05,0.6266183324702227,2420,,,,,,,,,,,
2.892763137817383,0.7515531778335571,4.605288710512688e-05,0.6317969963749352,2440,,,,,,,,,,,
2.7699403762817383,0.7728648781776428,4.602052045572243e-05,0.6369756602796478,2460,,,,,,,,,,,
2.885142517089844,0.8270767331123352,4.598815380631798e-05,0.6421543241843605,2480,,,,,,,,,,,
2.846551704406738,0.7270638942718506,4.595578715691352e-05,0.647332988089073,2500,,,,,,,,,,,
2.7696165084838866,0.7605552077293396,4.592342050750906e-05,0.6525116519937856,2520,,,,,,,,,,,
2.777143096923828,0.7852786779403687,4.589105385810461e-05,0.6576903158984981,2540,,,,,,,,,,,
2.8849365234375,0.7584612965583801,4.5858687208700156e-05,0.6628689798032108,2560,,,,,,,,,,,
2.7286121368408205,0.7294756174087524,4.5826320559295706e-05,0.6680476437079234,2580,,,,,,,,,,,
2.8706146240234376,0.7749370336532593,4.579395390989125e-05,0.6732263076126359,2600,,,,,,,,,,,
2.8405424118041993,0.7123050093650818,4.57615872604868e-05,0.6784049715173486,2620,,,,,,,,,,,
2.756499671936035,0.7938129305839539,4.572922061108234e-05,0.6835836354220611,2640,,,,,,,,,,,
2.7916574478149414,0.7861821055412292,4.5696853961677885e-05,0.6887622993267737,2660,,,,,,,,,,,
2.8220666885375976,0.7242087721824646,4.5664487312273435e-05,0.6939409632314862,2680,,,,,,,,,,,
2.7005178451538088,0.8394232392311096,4.5632120662868985e-05,0.6991196271361989,2700,,,,,,,,,,,
2.8058032989501953,0.739747166633606,4.559975401346453e-05,0.7042982910409115,2720,,,,,,,,,,,
2.766152572631836,0.7839235067367554,4.556738736406008e-05,0.709476954945624,2740,,,,,,,,,,,
2.7473134994506836,0.7001820206642151,4.553502071465562e-05,0.7146556188503366,2760,,,,,,,,,,,
2.7628429412841795,0.7853252291679382,4.5502654065251164e-05,0.7198342827550492,2780,,,,,,,,,,,
2.7150224685668944,0.7409025430679321,4.5470287415846714e-05,0.7250129466597618,2800,,,,,,,,,,,
2.75765438079834,0.7707227468490601,4.543792076644226e-05,0.7301916105644743,2820,,,,,,,,,,,
2.7795927047729494,0.7871596813201904,4.540555411703781e-05,0.7353702744691869,2840,,,,,,,,,,,
2.6962547302246094,0.8151443600654602,4.537318746763336e-05,0.7405489383738996,2860,,,,,,,,,,,
2.7218624114990235,0.7886934280395508,4.53408208182289e-05,0.7457276022786121,2880,,,,,,,,,,,
2.675029182434082,0.8380375504493713,4.530845416882444e-05,0.7509062661833247,2900,,,,,,,,,,,
2.6854780197143553,0.749888002872467,4.527608751941999e-05,0.7560849300880372,2920,,,,,,,,,,,
2.7421966552734376,0.8288942575454712,4.5243720870015536e-05,0.7612635939927499,2940,,,,,,,,,,,
2.6829734802246095,0.8354078531265259,4.5211354220611086e-05,0.7664422578974625,2960,,,,,,,,,,,
2.716969299316406,0.7476099729537964,4.517898757120663e-05,0.771620921802175,2980,,,,,,,,,,,
2.7022235870361326,0.8696938157081604,4.514662092180218e-05,0.7767995857068877,3000,,,,,,,,,,,
2.7458145141601564,0.7223554849624634,4.511425427239772e-05,0.7819782496116002,3020,,,,,,,,,,,
2.748238182067871,0.8109351992607117,4.5081887622993265e-05,0.7871569135163128,3040,,,,,,,,,,,
2.679203224182129,0.7379238605499268,4.5049520973588815e-05,0.7923355774210253,3060,,,,,,,,,,,
2.7361597061157226,0.8562800288200378,4.5017154324184365e-05,0.797514241325738,3080,,,,,,,,,,,
2.693913459777832,0.7975263595581055,4.498478767477991e-05,0.8026929052304506,3100,,,,,,,,,,,
2.7344902038574217,0.7365944981575012,4.495242102537546e-05,0.8078715691351631,3120,,,,,,,,,,,
2.650563621520996,0.7538449168205261,4.4920054375971e-05,0.8130502330398757,3140,,,,,,,,,,,
2.6846588134765623,0.7936552166938782,4.4887687726566544e-05,0.8182288969445883,3160,,,,,,,,,,,
2.6703514099121093,0.7830384373664856,4.4855321077162094e-05,0.8234075608493009,3180,,,,,,,,,,,
2.63159065246582,0.8224862813949585,4.4822954427757644e-05,0.8285862247540134,3200,,,,,,,,,,,
2.7045116424560547,0.7427411675453186,4.479058777835319e-05,0.833764888658726,3220,,,,,,,,,,,
2.7034584045410157,0.7352595329284668,4.475822112894874e-05,0.8389435525634387,3240,,,,,,,,,,,
2.742380714416504,0.793870210647583,4.472585447954428e-05,0.8441222164681512,3260,,,,,,,,,,,
2.6422361373901366,0.7886543869972229,4.469348783013982e-05,0.8493008803728638,3280,,,,,,,,,,,
2.64520378112793,0.8766001462936401,4.466112118073537e-05,0.8544795442775763,3300,,,,,,,,,,,
2.6923341751098633,0.7925319671630859,4.4628754531330916e-05,0.859658208182289,3320,,,,,,,,,,,
2.632335662841797,0.7633090615272522,4.4596387881926466e-05,0.8648368720870016,3340,,,,,,,,,,,
2.654300308227539,0.8107925057411194,4.4564021232522016e-05,0.8700155359917141,3360,,,,,,,,,,,
2.695652389526367,0.8210351467132568,4.453165458311756e-05,0.8751941998964268,3380,,,,,,,,,,,
2.707365608215332,0.8069315552711487,4.44992879337131e-05,0.8803728638011393,3400,,,,,,,,,,,
2.6833683013916017,0.7389911413192749,4.446692128430865e-05,0.8855515277058519,3420,,,,,,,,,,,
2.6468059539794924,0.8336318731307983,4.4434554634904195e-05,0.8907301916105644,3440,,,,,,,,,,,
2.642732620239258,0.8184653520584106,4.4402187985499745e-05,0.8959088555152771,3460,,,,,,,,,,,
2.606648635864258,0.7545120716094971,4.436982133609529e-05,0.9010875194199897,3480,,,,,,,,,,,
2.6336366653442385,0.7661821842193604,4.433745468669084e-05,0.9062661833247022,3500,,,,,,,,,,,
2.6324880599975584,0.8257450461387634,4.430508803728638e-05,0.9114448472294148,3520,,,,,,,,,,,
2.65360050201416,0.8050368428230286,4.4272721387881924e-05,0.9166235111341274,3540,,,,,,,,,,,
2.6571065902709963,0.779367208480835,4.4240354738477474e-05,0.92180217503884,3560,,,,,,,,,,,
2.652309799194336,0.7808297872543335,4.4207988089073024e-05,0.9269808389435525,3580,,,,,,,,,,,
2.60141658782959,0.8226343393325806,4.417562143966857e-05,0.9321595028482651,3600,,,,,,,,,,,
2.612576484680176,0.7407750487327576,4.414325479026412e-05,0.9373381667529778,3620,,,,,,,,,,,
2.6418842315673827,0.7732216715812683,4.411088814085966e-05,0.9425168306576903,3640,,,,,,,,,,,
2.5973302841186525,0.8101218938827515,4.40785214914552e-05,0.9476954945624029,3660,,,,,,,,,,,
2.5817487716674803,0.8045898079872131,4.404615484205075e-05,0.9528741584671155,3680,,,,,,,,,,,
2.5994855880737306,0.8395035862922668,4.4013788192646296e-05,0.9580528223718281,3700,,,,,,,,,,,
2.5837680816650392,0.7521172165870667,4.3981421543241846e-05,0.9632314862765406,3720,,,,,,,,,,,
2.6064773559570313,0.801844596862793,4.3949054893837396e-05,0.9684101501812532,3740,,,,,,,,,,,
2.5929515838623045,0.7803622484207153,4.391668824443294e-05,0.9735888140859659,3760,,,,,,,,,,,
2.6052175521850587,0.8168646693229675,4.388432159502848e-05,0.9787674779906784,3780,,,,,,,,,,,
2.5731950759887696,0.8023142218589783,4.385195494562403e-05,0.983946141895391,3800,,,,,,,,,,,
2.706892204284668,0.7868212461471558,4.3819588296219575e-05,0.9891248058001035,3820,,,,,,,,,,,
2.6322460174560547,0.8559006452560425,4.3787221646815125e-05,0.9943034697048162,3840,,,,,,,,,,,
2.624098205566406,0.799906849861145,4.375485499741067e-05,0.9994821336095288,3860,,,,,,,,,,,
,,,1.0,3862,2.4492545127868652,7.808627456172144,29.76885968075421,296.2517,11.494,0.719,,,,,
2.5398622512817384,0.8503990769386292,4.372248834800622e-05,1.0046607975142414,3880,,,,,,,,,,,
2.5184352874755858,0.7892853021621704,4.369012169860176e-05,1.0098394614189539,3900,,,,,,,,,,,
2.5732257843017576,0.8158780932426453,4.3657755049197304e-05,1.0150181253236665,3920,,,,,,,,,,,
2.5610383987426757,0.7468368411064148,4.3625388399792854e-05,1.020196789228379,3940,,,,,,,,,,,
2.625513458251953,0.832158625125885,4.3593021750388404e-05,1.0253754531330916,3960,,,,,,,,,,,
2.530303192138672,0.7616196870803833,4.356065510098395e-05,1.0305541170378043,3980,,,,,,,,,,,
2.6018009185791016,0.7839975357055664,4.35282884515795e-05,1.0357327809425168,4000,,,,,,,,,,,
2.5146068572998046,0.7736774682998657,4.349592180217505e-05,1.0409114448472294,4020,,,,,,,,,,,
2.5284753799438477,0.7714066505432129,4.346355515277058e-05,1.046090108751942,4040,,,,,,,,,,,
2.5293521881103516,0.871269702911377,4.343118850336613e-05,1.0512687726566545,4060,,,,,,,,,,,
2.64773006439209,0.8463287353515625,4.339882185396168e-05,1.0564474365613672,4080,,,,,,,,,,,
2.587600326538086,0.7778326272964478,4.3366455204557226e-05,1.0616261004660799,4100,,,,,,,,,,,
2.5714994430541993,0.8521152138710022,4.3334088555152776e-05,1.0668047643707923,4120,,,,,,,,,,,
2.558690643310547,0.7874417901039124,4.330172190574832e-05,1.071983428275505,4140,,,,,,,,,,,
2.524651527404785,0.864639163017273,4.326935525634386e-05,1.0771620921802174,4160,,,,,,,,,,,
2.5020095825195314,0.8217792510986328,4.323698860693941e-05,1.08234075608493,4180,,,,,,,,,,,
2.515957832336426,0.8570858240127563,4.3204621957534955e-05,1.0875194199896427,4200,,,,,,,,,,,
2.55035343170166,0.7678361535072327,4.3172255308130505e-05,1.0926980838943552,4220,,,,,,,,,,,
2.5448591232299806,0.8749685883522034,4.3139888658726055e-05,1.0978767477990679,4240,,,,,,,,,,,
2.5645708084106444,0.7701336741447449,4.31075220093216e-05,1.1030554117037805,4260,,,,,,,,,,,
2.5182212829589843,0.8309078812599182,4.307515535991714e-05,1.108234075608493,4280,,,,,,,,,,,
2.490664482116699,0.7637253999710083,4.304278871051269e-05,1.1134127395132056,4300,,,,,,,,,,,
2.5152566909790037,0.8010003566741943,4.3010422061108234e-05,1.118591403417918,4320,,,,,,,,,,,
2.4815256118774416,0.8398325443267822,4.2978055411703784e-05,1.1237700673226307,4340,,,,,,,,,,,
2.522506332397461,0.8642975091934204,4.294568876229933e-05,1.1289487312273434,4360,,,,,,,,,,,
2.5455743789672853,0.8093501925468445,4.291332211289488e-05,1.1341273951320558,4380,,,,,,,,,,,
2.5448503494262695,0.9169794917106628,4.288095546349043e-05,1.1393060590367685,4400,,,,,,,,,,,
2.5143192291259764,0.8235428333282471,4.284858881408596e-05,1.1444847229414812,4420,,,,,,,,,,,
2.5487340927124023,0.7917680144309998,4.281622216468151e-05,1.1496633868461936,4440,,,,,,,,,,,
2.518115425109863,0.8415165543556213,4.278385551527706e-05,1.1548420507509063,4460,,,,,,,,,,,
2.48406925201416,0.7757354974746704,4.2751488865872606e-05,1.160020714655619,4480,,,,,,,,,,,
2.519826126098633,0.8026536107063293,4.2719122216468156e-05,1.1651993785603314,4500,,,,,,,,,,,
2.4843700408935545,0.7987849712371826,4.26867555670637e-05,1.170378042465044,4520,,,,,,,,,,,
2.4629640579223633,0.7949637770652771,4.265438891765924e-05,1.1755567063697565,4540,,,,,,,,,,,
2.5493118286132814,0.7761120796203613,4.262202226825479e-05,1.1807353702744692,4560,,,,,,,,,,,
2.4593252182006835,0.8375149965286255,4.2589655618850335e-05,1.1859140341791818,4580,,,,,,,,,,,
2.4816925048828127,0.8011248111724854,4.2557288969445885e-05,1.1910926980838943,4600,,,,,,,,,,,
2.4495935440063477,0.8356854319572449,4.2524922320041435e-05,1.196271361988607,4620,,,,,,,,,,,
2.449103355407715,0.8388400673866272,4.249255567063698e-05,1.2014500258933196,4640,,,,,,,,,,,
2.462109184265137,0.7865992188453674,4.246018902123252e-05,1.206628689798032,4660,,,,,,,,,,,
2.46444149017334,0.8162444829940796,4.242782237182807e-05,1.2118073537027447,4680,,,,,,,,,,,
2.445356559753418,0.7976638078689575,4.2395455722423614e-05,1.2169860176074572,4700,,,,,,,,,,,
2.4352449417114257,0.8559802770614624,4.2363089073019164e-05,1.2221646815121698,4720,,,,,,,,,,,
2.4863956451416014,0.8058204650878906,4.233072242361471e-05,1.2273433454168825,4740,,,,,,,,,,,
2.491019058227539,0.7731698155403137,4.229835577421026e-05,1.232522009321595,4760,,,,,,,,,,,
2.4733930587768556,0.8116151690483093,4.226598912480581e-05,1.2377006732263076,4780,,,,,,,,,,,
2.531719207763672,0.7674862742424011,4.223362247540135e-05,1.2428793371310203,4800,,,,,,,,,,,
2.4915145874023437,0.7746856212615967,4.220125582599689e-05,1.2480580010357327,4820,,,,,,,,,,,
2.4694438934326173,0.776015043258667,4.216888917659244e-05,1.2532366649404454,4840,,,,,,,,,,,
2.4462522506713866,0.8175324201583862,4.2136522527187986e-05,1.258415328845158,4860,,,,,,,,,,,
2.516330909729004,0.8245077133178711,4.2104155877783536e-05,1.2635939927498705,4880,,,,,,,,,,,
2.448863220214844,0.8146165013313293,4.2071789228379086e-05,1.2687726566545832,4900,,,,,,,,,,,
2.4845014572143556,0.8506942987442017,4.203942257897462e-05,1.2739513205592958,4920,,,,,,,,,,,
2.493114471435547,0.8388168215751648,4.200705592957017e-05,1.2791299844640083,4940,,,,,,,,,,,
2.494754409790039,0.8384382724761963,4.197468928016572e-05,1.284308648368721,4960,,,,,,,,,,,
2.4632692337036133,0.8179129362106323,4.1942322630761265e-05,1.2894873122734334,4980,,,,,,,,,,,
2.5172199249267577,0.7567532658576965,4.1909955981356815e-05,1.294665976178146,5000,,,,,,,,,,,
2.397698402404785,0.8001848459243774,4.187758933195236e-05,1.2998446400828585,5020,,,,,,,,,,,
2.4262928009033202,0.8013219237327576,4.18452226825479e-05,1.3050233039875712,5040,,,,,,,,,,,
2.4523712158203126,0.8693863749504089,4.181285603314345e-05,1.3102019678922838,5060,,,,,,,,,,,
2.418101119995117,0.7535915374755859,4.1780489383738994e-05,1.3153806317969963,5080,,,,,,,,,,,
2.4467580795288084,0.8771743178367615,4.1748122734334544e-05,1.320559295701709,5100,,,,,,,,,,,
2.4155956268310548,1.8372620344161987,4.1715756084930094e-05,1.3257379596064216,5120,,,,,,,,,,,
2.398329734802246,0.7994177937507629,4.168338943552564e-05,1.330916623511134,5140,,,,,,,,,,,
2.4321245193481444,0.8094780445098877,4.165102278612119e-05,1.3360952874158467,5160,,,,,,,,,,,
2.4783855438232423,0.7690053582191467,4.161865613671673e-05,1.3412739513205594,5180,,,,,,,,,,,
2.4178096771240236,0.8706265091896057,4.158628948731227e-05,1.3464526152252718,5200,,,,,,,,,,,
2.416102981567383,0.771835207939148,4.155392283790782e-05,1.3516312791299845,5220,,,,,,,,,,,
2.4000146865844725,0.8020815849304199,4.1521556188503366e-05,1.3568099430346972,5240,,,,,,,,,,,
2.506541633605957,0.7484392523765564,4.1489189539098916e-05,1.3619886069394096,5260,,,,,,,,,,,
2.383957862854004,0.861409604549408,4.1456822889694466e-05,1.3671672708441223,5280,,,,,,,,,,,
2.404423713684082,0.7605267763137817,4.142445624029e-05,1.372345934748835,5300,,,,,,,,,,,
2.414093017578125,0.8559600710868835,4.139208959088555e-05,1.3775245986535474,5320,,,,,,,,,,,
2.3957286834716798,0.8551709055900574,4.13597229414811e-05,1.38270326255826,5340,,,,,,,,,,,
2.4685239791870117,0.7851540446281433,4.1327356292076645e-05,1.3878819264629725,5360,,,,,,,,,,,
2.4379701614379883,0.8151753544807434,4.1294989642672195e-05,1.3930605903676851,5380,,,,,,,,,,,
2.4040788650512694,0.8029270172119141,4.126262299326774e-05,1.3982392542723976,5400,,,,,,,,,,,
2.4919622421264647,0.831226110458374,4.123025634386328e-05,1.4034179181771103,5420,,,,,,,,,,,
2.418709373474121,0.8396650552749634,4.119788969445883e-05,1.408596582081823,5440,,,,,,,,,,,
2.4028759002685547,0.8285567164421082,4.1165523045054374e-05,1.4137752459865354,5460,,,,,,,,,,,
2.4083885192871093,0.8655555844306946,4.1133156395649924e-05,1.418953909891248,5480,,,,,,,,,,,
2.4224388122558596,0.8759729266166687,4.1100789746245474e-05,1.4241325737959607,5500,,,,,,,,,,,
2.419781494140625,0.8016020059585571,4.106842309684102e-05,1.4293112377006731,5520,,,,,,,,,,,
2.402857780456543,0.8708224892616272,4.103605644743657e-05,1.4344899016053858,5540,,,,,,,,,,,
2.405470085144043,0.8348618745803833,4.100368979803211e-05,1.4396685655100985,5560,,,,,,,,,,,
2.4191219329833986,0.862630307674408,4.097132314862765e-05,1.444847229414811,5580,,,,,,,,,,,
2.3772760391235352,0.8611791729927063,4.09389564992232e-05,1.4500258933195236,5600,,,,,,,,,,,
2.3302484512329102,0.7874773144721985,4.090658984981875e-05,1.4552045572242363,5620,,,,,,,,,,,
2.372477149963379,0.8973045349121094,4.0874223200414296e-05,1.4603832211289487,5640,,,,,,,,,,,
2.403345489501953,0.8668133616447449,4.0841856551009846e-05,1.4655618850336614,5660,,,,,,,,,,,
2.424014663696289,0.859455943107605,4.080948990160539e-05,1.470740548938374,5680,,,,,,,,,,,
2.4541168212890625,0.8269200325012207,4.077712325220093e-05,1.4759192128430865,5700,,,,,,,,,,,
2.3609479904174804,0.805395781993866,4.074475660279648e-05,1.4810978767477991,5720,,,,,,,,,,,
2.4432226181030274,0.8973512053489685,4.0712389953392025e-05,1.4862765406525116,5740,,,,,,,,,,,
2.4012691497802736,0.8068035244941711,4.0680023303987575e-05,1.4914552045572242,5760,,,,,,,,,,,
2.363302993774414,0.984518826007843,4.0647656654583125e-05,1.4966338684619367,5780,,,,,,,,,,,
2.365096855163574,0.8643615245819092,4.061529000517866e-05,1.5018125323666494,5800,,,,,,,,,,,
2.3785133361816406,0.7915679812431335,4.058292335577421e-05,1.506991196271362,5820,,,,,,,,,,,
2.388404655456543,0.7979133129119873,4.055055670636976e-05,1.5121698601760745,5840,,,,,,,,,,,
2.3842708587646486,0.8122024536132812,4.0518190056965304e-05,1.5173485240807871,5860,,,,,,,,,,,
2.3509979248046875,0.8207219839096069,4.0485823407560854e-05,1.5225271879854998,5880,,,,,,,,,,,
2.369371795654297,0.8011633157730103,4.04534567581564e-05,1.5277058518902122,5900,,,,,,,,,,,
2.3731632232666016,0.8906782269477844,4.042109010875195e-05,1.532884515794925,5920,,,,,,,,,,,
2.4184406280517576,0.8939527869224548,4.038872345934749e-05,1.5380631796996376,5940,,,,,,,,,,,
2.3615001678466796,0.8583840727806091,4.035635680994303e-05,1.54324184360435,5960,,,,,,,,,,,
2.3846458435058593,0.832194447517395,4.032399016053858e-05,1.5484205075090627,5980,,,,,,,,,,,
2.455405616760254,0.8323352932929993,4.029162351113413e-05,1.5535991714137753,6000,,,,,,,,,,,
2.3747793197631837,0.8131124973297119,4.0259256861729676e-05,1.5587778353184878,6020,,,,,,,,,,,
2.382759666442871,0.8579102158546448,4.0226890212325226e-05,1.5639564992232005,6040,,,,,,,,,,,
2.371951866149902,0.798758327960968,4.019452356292077e-05,1.5691351631279131,6060,,,,,,,,,,,
2.3979154586791993,0.8405460119247437,4.016215691351631e-05,1.5743138270326256,6080,,,,,,,,,,,
2.4688817977905275,0.833082377910614,4.012979026411186e-05,1.579492490937338,6100,,,,,,,,,,,
2.366585922241211,0.8223108649253845,4.0097423614707405e-05,1.584671154842051,6120,,,,,,,,,,,
2.3476858139038086,0.8211637735366821,4.0065056965302955e-05,1.5898498187467633,6140,,,,,,,,,,,
2.4073558807373048,0.8983206152915955,4.0032690315898505e-05,1.5950284826514758,6160,,,,,,,,,,,
2.357804298400879,0.8133662343025208,4.000032366649404e-05,1.6002071465561885,6180,,,,,,,,,,,
2.385008430480957,0.8144204020500183,3.996795701708959e-05,1.6053858104609011,6200,,,,,,,,,,,
2.335214614868164,0.816519558429718,3.993559036768514e-05,1.6105644743656136,6220,,,,,,,,,,,
2.327005958557129,0.8799461126327515,3.9903223718280684e-05,1.6157431382703262,6240,,,,,,,,,,,
2.3565311431884766,0.7745978236198425,3.9870857068876234e-05,1.620921802175039,6260,,,,,,,,,,,
2.30361270904541,0.7955985069274902,3.983849041947178e-05,1.6261004660797513,6280,,,,,,,,,,,
2.352645683288574,0.8154218792915344,3.980612377006733e-05,1.631279129984464,6300,,,,,,,,,,,
2.33876953125,0.7533809542655945,3.977375712066287e-05,1.6364577938891767,6320,,,,,,,,,,,
2.3354494094848635,0.8528069257736206,3.974139047125841e-05,1.6416364577938891,6340,,,,,,,,,,,
2.358707237243652,0.8055583238601685,3.970902382185396e-05,1.6468151216986018,6360,,,,,,,,,,,
2.3185546875,0.8797655701637268,3.967665717244951e-05,1.6519937856033144,6380,,,,,,,,,,,
2.3740022659301756,0.8720325231552124,3.9644290523045056e-05,1.657172449508027,6400,,,,,,,,,,,
2.3733936309814454,0.8154623508453369,3.9611923873640606e-05,1.6623511134127396,6420,,,,,,,,,,,
2.344814491271973,0.8333337306976318,3.957955722423615e-05,1.6675297773174522,6440,,,,,,,,,,,
2.3673458099365234,0.8512753844261169,3.954719057483169e-05,1.6727084412221647,6460,,,,,,,,,,,
2.3161367416381835,0.8341678977012634,3.951482392542724e-05,1.677887105126877,6480,,,,,,,,,,,
2.3821651458740236,0.870918333530426,3.948245727602279e-05,1.68306576903159,6500,,,,,,,,,,,
2.371367645263672,0.8476977944374084,3.9450090626618335e-05,1.6882444329363024,6520,,,,,,,,,,,
2.23913516998291,0.8118031620979309,3.9417723977213885e-05,1.6934230968410149,6540,,,,,,,,,,,
2.3010879516601563,0.829963743686676,3.938535732780943e-05,1.6986017607457276,6560,,,,,,,,,,,
2.372381591796875,0.8401622772216797,3.935299067840497e-05,1.7037804246504402,6580,,,,,,,,,,,
2.316702461242676,0.7817199230194092,3.932062402900052e-05,1.7089590885551527,6600,,,,,,,,,,,
2.327801513671875,0.7822819948196411,3.9288257379596064e-05,1.7141377524598653,6620,,,,,,,,,,,
2.274159049987793,0.8207932114601135,3.9255890730191614e-05,1.719316416364578,6640,,,,,,,,,,,
2.4098758697509766,0.8488901853561401,3.9223524080787164e-05,1.7244950802692904,6660,,,,,,,,,,,
2.3206613540649412,0.7873464226722717,3.919115743138271e-05,1.729673744174003,6680,,,,,,,,,,,
2.315420913696289,0.8842082619667053,3.915879078197825e-05,1.7348524080787158,6700,,,,,,,,,,,
2.35513916015625,0.8694321513175964,3.91264241325738e-05,1.7400310719834282,6720,,,,,,,,,,,
2.3260427474975587,0.8297351598739624,3.909405748316934e-05,1.7452097358881409,6740,,,,,,,,,,,
2.283572769165039,0.7776942849159241,3.906169083376489e-05,1.7503883997928535,6760,,,,,,,,,,,
2.315746879577637,0.8460879921913147,3.9029324184360436e-05,1.755567063697566,6780,,,,,,,,,,,
2.317000961303711,0.8047137260437012,3.8996957534955986e-05,1.7607457276022787,6800,,,,,,,,,,,
2.369547462463379,0.8165905475616455,3.896459088555153e-05,1.7659243915069913,6820,,,,,,,,,,,
2.270684814453125,0.9564447999000549,3.893222423614707e-05,1.7711030554117038,6840,,,,,,,,,,,
2.3296627044677733,0.8825674653053284,3.889985758674262e-05,1.7762817193164162,6860,,,,,,,,,,,
2.385843276977539,0.8618231415748596,3.886749093733817e-05,1.781460383221129,6880,,,,,,,,,,,
2.2578641891479494,0.8420647382736206,3.8835124287933715e-05,1.7866390471258415,6900,,,,,,,,,,,
2.2552215576171877,0.9590327739715576,3.8802757638529265e-05,1.791817711030554,6920,,,,,,,,,,,
2.2889892578125,0.8634313344955444,3.877039098912481e-05,1.7969963749352666,6940,,,,,,,,,,,
2.3105632781982424,0.8200616240501404,3.873802433972035e-05,1.8021750388399793,6960,,,,,,,,,,,
2.268950653076172,0.7856944799423218,3.87056576903159e-05,1.8073537027446918,6980,,,,,,,,,,,
2.357497787475586,0.8464255332946777,3.8673291040911444e-05,1.8125323666494044,7000,,,,,,,,,,,
2.273460578918457,0.8272238373756409,3.8640924391506994e-05,1.817711030554117,7020,,,,,,,,,,,
2.3138397216796873,0.8172892332077026,3.8608557742102544e-05,1.8228896944588295,7040,,,,,,,,,,,
2.3195276260375977,0.7773182988166809,3.857619109269809e-05,1.8280683583635422,7060,,,,,,,,,,,
2.2562788009643553,0.835067629814148,3.854382444329363e-05,1.8332470222682549,7080,,,,,,,,,,,
2.2775810241699217,0.7978824973106384,3.851145779388918e-05,1.8384256861729673,7100,,,,,,,,,,,
2.283293533325195,2.056070566177368,3.847909114448472e-05,1.84360435007768,7120,,,,,,,,,,,
2.2484336853027345,0.8128644824028015,3.844672449508027e-05,1.8487830139823926,7140,,,,,,,,,,,
2.279094123840332,0.8816840648651123,3.8414357845675816e-05,1.853961677887105,7160,,,,,,,,,,,
2.2130147933959963,0.8049665093421936,3.8381991196271366e-05,1.8591403417918178,7180,,,,,,,,,,,
2.295857620239258,0.8108029365539551,3.834962454686691e-05,1.8643190056965304,7200,,,,,,,,,,,
2.270346450805664,0.8428506851196289,3.831725789746245e-05,1.8694976696012429,7220,,,,,,,,,,,
2.272750473022461,0.8621016144752502,3.8284891248058e-05,1.8746763335059553,7240,,,,,,,,,,,
2.2680660247802735,0.7992993593215942,3.825252459865355e-05,1.8798549974106682,7260,,,,,,,,,,,
2.310047721862793,0.7833459377288818,3.8220157949249095e-05,1.8850336613153806,7280,,,,,,,,,,,
2.2812034606933596,0.7798360586166382,3.8187791299844645e-05,1.890212325220093,7300,,,,,,,,,,,
2.220281982421875,0.8329335451126099,3.815542465044019e-05,1.8953909891248057,7320,,,,,,,,,,,
2.3155025482177733,0.8481903076171875,3.812305800103573e-05,1.9005696530295184,7340,,,,,,,,,,,
2.2741676330566407,0.8968185782432556,3.809069135163128e-05,1.9057483169342309,7360,,,,,,,,,,,
2.2185373306274414,0.7754803895950317,3.805832470222683e-05,1.9109269808389435,7380,,,,,,,,,,,
2.3025888442993163,0.812345564365387,3.8025958052822374e-05,1.9161056447436562,7400,,,,,,,,,,,
2.243770408630371,0.8196240663528442,3.7993591403417924e-05,1.9212843086483686,7420,,,,,,,,,,,
2.3149656295776366,0.8814125657081604,3.796122475401347e-05,1.9264629725530813,7440,,,,,,,,,,,
2.257607269287109,0.7908404469490051,3.792885810460901e-05,1.931641636457794,7460,,,,,,,,,,,
2.23819637298584,0.7848103642463684,3.789649145520456e-05,1.9368203003625064,7480,,,,,,,,,,,
2.2276540756225587,0.8507381677627563,3.78641248058001e-05,1.941998964267219,7500,,,,,,,,,,,
2.270306396484375,0.7961716055870056,3.783175815639565e-05,1.9471776281719317,7520,,,,,,,,,,,
2.270050048828125,0.8782094120979309,3.77993915069912e-05,1.9523562920766442,7540,,,,,,,,,,,
2.2410305023193358,0.8512623906135559,3.7767024857586746e-05,1.9575349559813569,7560,,,,,,,,,,,
2.2174249649047852,0.8140459656715393,3.773465820818229e-05,1.9627136198860695,7580,,,,,,,,,,,
2.2676286697387695,0.817513644695282,3.770229155877784e-05,1.967892283790782,7600,,,,,,,,,,,
2.226994514465332,0.8005854487419128,3.766992490937338e-05,1.9730709476954944,7620,,,,,,,,,,,
2.294850158691406,0.8351442813873291,3.763755825996893e-05,1.9782496116002073,7640,,,,,,,,,,,
2.279554748535156,0.8365130424499512,3.7605191610564475e-05,1.9834282755049197,7660,,,,,,,,,,,
2.282304573059082,0.8413131237030029,3.7572824961160025e-05,1.9886069394096322,7680,,,,,,,,,,,
2.208030891418457,0.7673167586326599,3.754045831175557e-05,1.9937856033143448,7700,,,,,,,,,,,
2.2243118286132812,0.7850222587585449,3.750809166235111e-05,1.9989642672190575,7720,,,,,,,,,,,
,,,2.0,7724,2.164069652557373,9.673693683043968,33.10430975923485,292.2188,11.652,0.729,,,,,
2.271976852416992,0.8505313396453857,3.747572501294666e-05,2.00414293112377,7740,,,,,,,,,,,
2.2817134857177734,0.8050196170806885,3.744335836354221e-05,2.009321595028483,7760,,,,,,,,,,,
2.264130973815918,0.842511773109436,3.7410991714137754e-05,2.0145002589331953,7780,,,,,,,,,,,
2.182569694519043,0.837006688117981,3.7378625064733304e-05,2.0196789228379077,7800,,,,,,,,,,,
2.2785341262817385,0.7725573778152466,3.734625841532885e-05,2.0248575867426206,7820,,,,,,,,,,,
2.253022575378418,0.8123084902763367,3.731389176592439e-05,2.030036250647333,7840,,,,,,,,,,,
2.224702262878418,0.8844003677368164,3.728152511651994e-05,2.0352149145520455,7860,,,,,,,,,,,
2.2466098785400392,1.173604130744934,3.724915846711548e-05,2.040393578456758,7880,,,,,,,,,,,
2.1886768341064453,0.8620169758796692,3.721679181771103e-05,2.045572242361471,7900,,,,,,,,,,,
2.215580368041992,0.8433263897895813,3.718442516830658e-05,2.0507509062661833,7920,,,,,,,,,,,
2.2312957763671877,0.7956132292747498,3.7152058518902126e-05,2.0559295701708957,7940,,,,,,,,,,,
2.242759132385254,0.889399528503418,3.711969186949767e-05,2.0611082340756086,7960,,,,,,,,,,,
2.2007329940795897,0.8464147448539734,3.708732522009322e-05,2.066286897980321,7980,,,,,,,,,,,
2.239642333984375,0.8034101724624634,3.705495857068876e-05,2.0714655618850335,8000,,,,,,,,,,,
2.274667167663574,0.8924060463905334,3.702259192128431e-05,2.0766442257897464,8020,,,,,,,,,,,
2.2861612319946287,0.829251229763031,3.6990225271879855e-05,2.081822889694459,8040,,,,,,,,,,,
2.2332706451416016,0.9057542681694031,3.6957858622475405e-05,2.0870015535991713,8060,,,,,,,,,,,
2.1621532440185547,0.9690966010093689,3.692549197307095e-05,2.092180217503884,8080,,,,,,,,,,,
2.1752191543579102,0.7923843860626221,3.689312532366649e-05,2.0973588814085966,8100,,,,,,,,,,,
2.2505300521850584,0.845262348651886,3.686075867426204e-05,2.102537545313309,8120,,,,,,,,,,,
2.259384536743164,0.8338211178779602,3.682839202485759e-05,2.107716209218022,8140,,,,,,,,,,,
2.2164451599121096,0.8364684581756592,3.6796025375453134e-05,2.1128948731227344,8160,,,,,,,,,,,
2.1984127044677733,0.869173526763916,3.6763658726048684e-05,2.118073537027447,8180,,,,,,,,,,,
2.2394102096557615,0.817977249622345,3.673129207664423e-05,2.1232522009321597,8200,,,,,,,,,,,
2.2663455963134767,0.8310408592224121,3.669892542723977e-05,2.128430864836872,8220,,,,,,,,,,,
2.2139862060546873,0.8293447494506836,3.666655877783532e-05,2.1336095287415846,8240,,,,,,,,,,,
2.266374969482422,0.9135481715202332,3.663419212843087e-05,2.138788192646297,8260,,,,,,,,,,,
2.1179454803466795,0.8084174990653992,3.660182547902641e-05,2.14396685655101,8280,,,,,,,,,,,
2.260179138183594,0.791706383228302,3.656945882962196e-05,2.1491455204557224,8300,,,,,,,,,,,
2.1942422866821287,0.8395461440086365,3.6537092180217506e-05,2.154324184360435,8320,,,,,,,,,,,
2.157377243041992,0.719467282295227,3.650472553081305e-05,2.1595028482651477,8340,,,,,,,,,,,
2.2300621032714845,0.8422852754592896,3.64723588814086e-05,2.16468151216986,8360,,,,,,,,,,,
2.2271299362182617,0.7766388654708862,3.643999223200414e-05,2.1698601760745726,8380,,,,,,,,,,,
2.231966018676758,0.8791422843933105,3.640762558259969e-05,2.1750388399792855,8400,,,,,,,,,,,
2.261527252197266,0.8366163969039917,3.637525893319524e-05,2.180217503883998,8420,,,,,,,,,,,
2.211990547180176,0.8150331974029541,3.6342892283790785e-05,2.1853961677887104,8440,,,,,,,,,,,
2.2464935302734377,0.841052770614624,3.631052563438633e-05,2.1905748316934233,8460,,,,,,,,,,,
2.235484313964844,0.9272180795669556,3.627815898498188e-05,2.1957534955981357,8480,,,,,,,,,,,
2.2333696365356444,0.8009885549545288,3.624579233557742e-05,2.200932159502848,8500,,,,,,,,,,,
2.256007957458496,0.8870781064033508,3.621342568617297e-05,2.206110823407561,8520,,,,,,,,,,,
2.307018280029297,0.7857173085212708,3.6181059036768514e-05,2.2112894873122735,8540,,,,,,,,,,,
2.1528682708740234,0.856479287147522,3.6148692387364064e-05,2.216468151216986,8560,,,,,,,,,,,
2.204490089416504,0.8597668409347534,3.611632573795961e-05,2.221646815121699,8580,,,,,,,,,,,
2.2049768447875975,0.9072282910346985,3.608395908855515e-05,2.2268254790264113,8600,,,,,,,,,,,
2.1755056381225586,0.9462384581565857,3.60515924391507e-05,2.2320041429311237,8620,,,,,,,,,,,
2.160782051086426,0.8725084662437439,3.601922578974625e-05,2.237182806835836,8640,,,,,,,,,,,
2.2411340713500976,0.7703636288642883,3.598685914034179e-05,2.242361470740549,8660,,,,,,,,,,,
2.174770164489746,0.7993437647819519,3.595449249093734e-05,2.2475401346452615,8680,,,,,,,,,,,
2.1606489181518556,0.8361362814903259,3.5922125841532886e-05,2.252718798549974,8700,,,,,,,,,,,
2.2136125564575195,0.8321576714515686,3.588975919212843e-05,2.257897462454687,8720,,,,,,,,,,,
2.1994754791259767,0.7816134691238403,3.585739254272398e-05,2.2630761263593993,8740,,,,,,,,,,,
2.1982114791870115,0.8793442249298096,3.582502589331952e-05,2.2682547902641117,8760,,,,,,,,,,,
2.1802112579345705,0.8244196772575378,3.579265924391507e-05,2.2734334541688246,8780,,,,,,,,,,,
2.150821304321289,0.8305953741073608,3.576029259451062e-05,2.278612118073537,8800,,,,,,,,,,,
2.1405912399291993,0.844028651714325,3.5727925945106165e-05,2.2837907819782495,8820,,,,,,,,,,,
2.202178955078125,0.8161160349845886,3.569555929570171e-05,2.2889694458829624,8840,,,,,,,,,,,
2.1981582641601562,0.7864298224449158,3.566319264629726e-05,2.294148109787675,8860,,,,,,,,,,,
2.174394989013672,0.9368433952331543,3.56308259968928e-05,2.2993267736923872,8880,,,,,,,,,,,
2.1631784439086914,0.8568110466003418,3.559845934748835e-05,2.3045054375971,8900,,,,,,,,,,,
2.1916391372680666,0.8269758820533752,3.5566092698083894e-05,2.3096841015018126,8920,,,,,,,,,,,
2.2010358810424804,0.8199003338813782,3.5533726048679444e-05,2.314862765406525,8940,,,,,,,,,,,
2.1102455139160154,0.8413254022598267,3.550135939927499e-05,2.320041429311238,8960,,,,,,,,,,,
2.1944612503051757,0.7880021929740906,3.546899274987053e-05,2.3252200932159504,8980,,,,,,,,,,,
2.202846908569336,0.892015278339386,3.543662610046608e-05,2.330398757120663,9000,,,,,,,,,,,
2.1175458908081053,0.8229904174804688,3.540425945106163e-05,2.3355774210253752,9020,,,,,,,,,,,
2.1851055145263674,0.7983124256134033,3.537189280165717e-05,2.340756084930088,9040,,,,,,,,,,,
2.102284812927246,0.8275620341300964,3.533952615225272e-05,2.3459347488348006,9060,,,,,,,,,,,
2.2043439865112306,0.8526504635810852,3.530715950284827e-05,2.351113412739513,9080,,,,,,,,,,,
2.1541662216186523,0.8640893697738647,3.527479285344381e-05,2.356292076644226,9100,,,,,,,,,,,
2.1535959243774414,0.811955451965332,3.524242620403936e-05,2.3614707405489384,9120,,,,,,,,,,,
2.1703813552856444,0.8596137166023254,3.521005955463491e-05,2.366649404453651,9140,,,,,,,,,,,
2.140829086303711,0.8681440949440002,3.517769290523045e-05,2.3718280683583637,9160,,,,,,,,,,,
2.1993921279907225,0.8836484551429749,3.5145326255826e-05,2.377006732263076,9180,,,,,,,,,,,
2.160080909729004,0.8235800266265869,3.5112959606421545e-05,2.3821853961677886,9200,,,,,,,,,,,
2.1896873474121095,0.8547601699829102,3.508059295701709e-05,2.3873640600725015,9220,,,,,,,,,,,
2.1709850311279295,0.8639289140701294,3.504822630761264e-05,2.392542723977214,9240,,,,,,,,,,,
2.213728141784668,0.794286847114563,3.501585965820818e-05,2.3977213878819263,9260,,,,,,,,,,,
2.2014066696166994,0.8019137382507324,3.498349300880373e-05,2.4029000517866392,9280,,,,,,,,,,,
2.1239835739135744,0.8155149221420288,3.495112635939928e-05,2.4080787156913517,9300,,,,,,,,,,,
2.1752655029296877,0.8815317153930664,3.4918759709994824e-05,2.413257379596064,9320,,,,,,,,,,,
2.1035789489746093,0.7868640422821045,3.488639306059037e-05,2.418436043500777,9340,,,,,,,,,,,
2.145878028869629,0.8360503911972046,3.485402641118592e-05,2.4236147074054895,9360,,,,,,,,,,,
2.140406608581543,0.8530526161193848,3.482165976178146e-05,2.428793371310202,9380,,,,,,,,,,,
2.2603593826293946,0.8384822010993958,3.478929311237701e-05,2.4339720352149143,9400,,,,,,,,,,,
2.185355377197266,0.7892802357673645,3.475692646297255e-05,2.4391506991196272,9420,,,,,,,,,,,
2.1985301971435547,0.876046895980835,3.47245598135681e-05,2.4443293630243397,9440,,,,,,,,,,,
2.0670909881591797,0.8016287088394165,3.469219316416365e-05,2.449508026929052,9460,,,,,,,,,,,
2.1617555618286133,0.8273754119873047,3.465982651475919e-05,2.454686690833765,9480,,,,,,,,,,,
2.104353141784668,0.8357340693473816,3.462745986535474e-05,2.4598653547384774,9500,,,,,,,,,,,
2.187501335144043,0.7433483004570007,3.459509321595029e-05,2.46504401864319,9520,,,,,,,,,,,
2.16782283782959,0.791890025138855,3.456272656654583e-05,2.470222682547903,9540,,,,,,,,,,,
2.125688934326172,0.8230919241905212,3.453035991714138e-05,2.4754013464526152,9560,,,,,,,,,,,
2.146194076538086,0.7776930332183838,3.4497993267736925e-05,2.4805800103573277,9580,,,,,,,,,,,
2.134493827819824,0.9019013047218323,3.446562661833247e-05,2.4857586742620406,9600,,,,,,,,,,,
2.2034627914428713,0.8885766863822937,3.443325996892802e-05,2.490937338166753,9620,,,,,,,,,,,
2.106571578979492,0.8268325328826904,3.440089331952356e-05,2.4961160020714654,9640,,,,,,,,,,,
2.121932601928711,0.7994874715805054,3.436852667011911e-05,2.501294665976178,9660,,,,,,,,,,,
2.1962366104125977,0.8376346826553345,3.433616002071466e-05,2.5064733298808908,9680,,,,,,,,,,,
2.1518630981445312,0.8189936876296997,3.4303793371310204e-05,2.511651993785603,9700,,,,,,,,,,,
2.1131467819213867,0.8608328104019165,3.427142672190575e-05,2.516830657690316,9720,,,,,,,,,,,
2.1756338119506835,0.7759196758270264,3.42390600725013e-05,2.5220093215950286,9740,,,,,,,,,,,
2.1104095458984373,0.8718575239181519,3.420669342309684e-05,2.527187985499741,9760,,,,,,,,,,,
2.1892696380615235,0.8063737750053406,3.417432677369239e-05,2.5323666494044534,9780,,,,,,,,,,,
2.173328971862793,0.8240954875946045,3.414196012428793e-05,2.5375453133091663,9800,,,,,,,,,,,
2.1067813873291015,0.8055804967880249,3.410959347488348e-05,2.5427239772138788,9820,,,,,,,,,,,
2.1945079803466796,0.798582911491394,3.407722682547903e-05,2.5479026411185917,9840,,,,,,,,,,,
2.120201301574707,0.8203412890434265,3.404486017607457e-05,2.553081305023304,9860,,,,,,,,,,,
2.183995246887207,0.8458296656608582,3.401249352667012e-05,2.5582599689280165,9880,,,,,,,,,,,
2.165936088562012,0.7598876357078552,3.398012687726567e-05,2.563438632832729,9900,,,,,,,,,,,
2.201029968261719,0.8471136689186096,3.394776022786121e-05,2.568617296737442,9920,,,,,,,,,,,
2.112472152709961,0.9222460985183716,3.391539357845676e-05,2.5737959606421543,9940,,,,,,,,,,,
2.11236457824707,0.8091578483581543,3.388302692905231e-05,2.5789746245468668,9960,,,,,,,,,,,
2.093860626220703,0.8728122711181641,3.385066027964785e-05,2.5841532884515797,9980,,,,,,,,,,,
2.1596765518188477,0.8517361879348755,3.38182936302434e-05,2.589331952356292,10000,,,,,,,,,,,
2.101086235046387,0.8362536430358887,3.378592698083895e-05,2.5945106162610045,10020,,,,,,,,,,,
2.1585975646972657,0.7882431745529175,3.375356033143449e-05,2.599689280165717,10040,,,,,,,,,,,
2.1214506149291994,0.8994348645210266,3.372119368203004e-05,2.60486794407043,10060,,,,,,,,,,,
2.1799570083618165,0.823563277721405,3.3688827032625584e-05,2.6100466079751423,10080,,,,,,,,,,,
2.1461715698242188,0.805311381816864,3.365646038322113e-05,2.615225271879855,10100,,,,,,,,,,,
2.1727537155151366,0.8358104825019836,3.362409373381668e-05,2.6204039357845677,10120,,,,,,,,,,,
2.1073598861694336,0.8830529451370239,3.359172708441222e-05,2.62558259968928,10140,,,,,,,,,,,
2.1151052474975587,0.8317369222640991,3.355936043500777e-05,2.6307612635939925,10160,,,,,,,,,,,
2.1586654663085936,0.8578314781188965,3.352699378560332e-05,2.6359399274987054,10180,,,,,,,,,,,
2.153426933288574,0.859317421913147,3.349462713619886e-05,2.641118591403418,10200,,,,,,,,,,,
2.1184696197509765,0.8794407844543457,3.346226048679441e-05,2.6462972553081308,10220,,,,,,,,,,,
2.1344051361083984,0.7934923768043518,3.3429893837389956e-05,2.651475919212843,10240,,,,,,,,,,,
2.155121612548828,0.8199084997177124,3.33975271879855e-05,2.6566545831175556,10260,,,,,,,,,,,
2.1299413681030273,0.8119675517082214,3.336516053858105e-05,2.661833247022268,10280,,,,,,,,,,,
2.150575065612793,0.904133141040802,3.333279388917659e-05,2.667011910926981,10300,,,,,,,,,,,
2.0954694747924805,0.8908595442771912,3.330042723977214e-05,2.6721905748316934,10320,,,,,,,,,,,
2.090351104736328,0.8092068433761597,3.326806059036769e-05,2.677369238736406,10340,,,,,,,,,,,
2.064450263977051,0.8154152631759644,3.323569394096323e-05,2.6825479026411188,10360,,,,,,,,,,,
2.173249053955078,0.8004717826843262,3.320332729155878e-05,2.687726566545831,10380,,,,,,,,,,,
2.116242599487305,0.917169451713562,3.317096064215433e-05,2.6929052304505436,10400,,,,,,,,,,,
2.1416318893432615,0.8579749464988708,3.313859399274987e-05,2.698083894355256,10420,,,,,,,,,,,
2.148264503479004,0.7955023050308228,3.310622734334542e-05,2.703262558259969,10440,,,,,,,,,,,
2.0897111892700195,0.8576286435127258,3.3073860693940964e-05,2.7084412221646814,10460,,,,,,,,,,,
2.076152801513672,0.8508304953575134,3.304149404453651e-05,2.7136198860693943,10480,,,,,,,,,,,
2.06164665222168,0.867264449596405,3.300912739513206e-05,2.7187985499741067,10500,,,,,,,,,,,
2.159139060974121,0.7728589773178101,3.29767607457276e-05,2.723977213878819,10520,,,,,,,,,,,
2.1251129150390624,0.809160053730011,3.294439409632315e-05,2.7291558777835316,10540,,,,,,,,,,,
2.128164863586426,0.8347210884094238,3.29120274469187e-05,2.7343345416882445,10560,,,,,,,,,,,
2.1134737014770506,0.8148694634437561,3.287966079751424e-05,2.739513205592957,10580,,,,,,,,,,,
2.12090950012207,0.8086012601852417,3.284729414810979e-05,2.74469186949767,10600,,,,,,,,,,,
2.1194473266601563,0.7719544768333435,3.2814927498705336e-05,2.7498705334023823,10620,,,,,,,,,,,
2.181519317626953,0.9026084542274475,3.278256084930088e-05,2.7550491973070947,10640,,,,,,,,,,,
2.1440595626831054,1.0245720148086548,3.275019419989643e-05,2.760227861211807,10660,,,,,,,,,,,
2.1382419586181642,0.9470044374465942,3.271782755049198e-05,2.76540652511652,10680,,,,,,,,,,,
2.1410249710083007,0.8402167558670044,3.268546090108752e-05,2.7705851890212325,10700,,,,,,,,,,,
2.056928825378418,0.8438364863395691,3.265309425168307e-05,2.775763852925945,10720,,,,,,,,,,,
2.0742977142333983,0.8550342321395874,3.2620727602278615e-05,2.780942516830658,10740,,,,,,,,,,,
2.1231876373291017,0.8541817665100098,3.258836095287416e-05,2.7861211807353703,10760,,,,,,,,,,,
2.1361087799072265,0.8425894379615784,3.255599430346971e-05,2.7912998446400827,10780,,,,,,,,,,,
2.1167564392089844,0.8065299391746521,3.252362765406525e-05,2.796478508544795,10800,,,,,,,,,,,
2.0973278045654298,0.7602179050445557,3.24912610046608e-05,2.801657172449508,10820,,,,,,,,,,,
2.125296211242676,0.7604268193244934,3.245889435525635e-05,2.8068358363542205,10840,,,,,,,,,,,
2.043284034729004,0.8207964301109314,3.242652770585189e-05,2.8120145002589334,10860,,,,,,,,,,,
2.1139446258544923,0.8692273497581482,3.239416105644744e-05,2.817193164163646,10880,,,,,,,,,,,
2.094097137451172,1.0039438009262085,3.2361794407042987e-05,2.8223718280683583,10900,,,,,,,,,,,
2.1069623947143556,0.8652905821800232,3.232942775763853e-05,2.8275504919730707,10920,,,,,,,,,,,
2.057957077026367,0.8496026396751404,3.229706110823408e-05,2.8327291558777836,10940,,,,,,,,,,,
2.083664131164551,0.9606536626815796,3.226469445882962e-05,2.837907819782496,10960,,,,,,,,,,,
2.090953254699707,0.8493878245353699,3.223232780942517e-05,2.843086483687209,10980,,,,,,,,,,,
2.0918498992919923,0.8630110621452332,3.2199961160020716e-05,2.8482651475919214,11000,,,,,,,,,,,
2.10362548828125,0.8003064393997192,3.216759451061626e-05,2.853443811496634,11020,,,,,,,,,,,
2.126158332824707,0.8355607986450195,3.213522786121181e-05,2.8586224754013463,11040,,,,,,,,,,,
2.100971221923828,0.7832497358322144,3.210286121180736e-05,2.863801139306059,11060,,,,,,,,,,,
2.1794639587402345,0.807453453540802,3.20704945624029e-05,2.8689798032107716,11080,,,,,,,,,,,
2.120490074157715,0.8494862914085388,3.203812791299845e-05,2.874158467115484,11100,,,,,,,,,,,
2.122206687927246,0.8168638348579407,3.2005761263593995e-05,2.879337131020197,11120,,,,,,,,,,,
2.094856071472168,0.8184753656387329,3.197339461418954e-05,2.8845157949249094,11140,,,,,,,,,,,
2.100780487060547,0.8684516549110413,3.194102796478509e-05,2.889694458829622,11160,,,,,,,,,,,
2.1230974197387695,0.78372722864151,3.190866131538063e-05,2.8948731227343343,11180,,,,,,,,,,,
2.1324623107910154,0.8086997270584106,3.187629466597618e-05,2.900051786639047,11200,,,,,,,,,,,
2.017723274230957,0.7998411059379578,3.184392801657173e-05,2.9052304505437596,11220,,,,,,,,,,,
2.076897621154785,0.8718895316123962,3.181156136716727e-05,2.9104091144484725,11240,,,,,,,,,,,
2.0823604583740236,0.8684669733047485,3.177919471776282e-05,2.915587778353185,11260,,,,,,,,,,,
2.0972761154174804,0.8174651265144348,3.1746828068358367e-05,2.9207664422578974,11280,,,,,,,,,,,
2.11151180267334,0.8355004191398621,3.171446141895391e-05,2.92594510616261,11300,,,,,,,,,,,
2.1476253509521483,0.8062052130699158,3.168209476954946e-05,2.9311237700673227,11320,,,,,,,,,,,
2.1044500350952147,0.8059121370315552,3.1649728120145e-05,2.936302433972035,11340,,,,,,,,,,,
2.0289480209350588,0.8584067225456238,3.161736147074055e-05,2.941481097876748,11360,,,,,,,,,,,
2.055354118347168,0.8710339665412903,3.1584994821336096e-05,2.9466597617814605,11380,,,,,,,,,,,
2.065664863586426,0.8338355422019958,3.155262817193164e-05,2.951838425686173,11400,,,,,,,,,,,
2.043888282775879,0.8324522376060486,3.152026152252719e-05,2.9570170895908854,11420,,,,,,,,,,,
2.1569950103759767,0.9004278182983398,3.148789487312274e-05,2.9621957534955983,11440,,,,,,,,,,,
2.0464508056640627,0.8348792195320129,3.145552822371828e-05,2.9673744174003107,11460,,,,,,,,,,,
2.1303779602050783,0.8243202567100525,3.142316157431383e-05,2.972553081305023,11480,,,,,,,,,,,
2.1604042053222656,0.7957034707069397,3.1390794924909375e-05,2.977731745209736,11500,,,,,,,,,,,
2.0946680068969727,0.8048717379570007,3.135842827550492e-05,2.9829104091144485,11520,,,,,,,,,,,
2.069557762145996,0.8948509693145752,3.132606162610047e-05,2.988089073019161,11540,,,,,,,,,,,
2.076088714599609,0.8586101531982422,3.129369497669602e-05,2.9932677369238734,11560,,,,,,,,,,,
2.059373474121094,0.81222003698349,3.126132832729156e-05,2.9984464008285863,11580,,,,,,,,,,,
,,,3.0,11586,2.0208740234375,11.20892289621576,35.264687639494134,291.7884,11.669,0.73,,,,,
2.0446252822875977,0.8811236023902893,3.122896167788711e-05,3.0036250647332987,11600,,,,,,,,,,,
2.1014945983886717,0.830163300037384,3.1196595028482654e-05,3.0088037286380116,11620,,,,,,,,,,,
2.0382854461669924,0.8151699900627136,3.11642283790782e-05,3.013982392542724,11640,,,,,,,,,,,
2.095013427734375,0.7778890132904053,3.1131861729673747e-05,3.0191610564474365,11660,,,,,,,,,,,
2.061016082763672,0.8745006322860718,3.109949508026929e-05,3.024339720352149,11680,,,,,,,,,,,
2.0264610290527343,0.8544970750808716,3.106712843086484e-05,3.029518384256862,11700,,,,,,,,,,,
2.017623519897461,0.8659421801567078,3.103476178146039e-05,3.0346970481615743,11720,,,,,,,,,,,
2.0987831115722657,0.8311432600021362,3.100239513205593e-05,3.0398757120662867,11740,,,,,,,,,,,
2.106258583068848,0.8980891108512878,3.0970028482651476e-05,3.0450543759709996,11760,,,,,,,,,,,
2.082581329345703,0.7938611507415771,3.0937661833247026e-05,3.050233039875712,11780,,,,,,,,,,,
2.0596845626831053,0.8572071194648743,3.090529518384257e-05,3.0554117037804245,11800,,,,,,,,,,,
2.036875343322754,0.8690719604492188,3.087292853443812e-05,3.0605903676851374,11820,,,,,,,,,,,
2.0948968887329102,0.8710603713989258,3.084056188503366e-05,3.06576903158985,11840,,,,,,,,,,,
2.0480020523071287,0.8052315711975098,3.080819523562921e-05,3.0709476954945623,11860,,,,,,,,,,,
2.0706676483154296,0.8228480219841003,3.0775828586224755e-05,3.076126359399275,11880,,,,,,,,,,,
2.0504974365234374,0.8121942281723022,3.07434619368203e-05,3.0813050233039876,11900,,,,,,,,,,,
2.053569030761719,0.8474647402763367,3.071109528741585e-05,3.0864836872087,11920,,,,,,,,,,,
2.1220514297485353,0.8407129049301147,3.06787286380114e-05,3.091662351113413,11940,,,,,,,,,,,
2.0468505859375,0.8683484196662903,3.064636198860694e-05,3.0968410150181254,11960,,,,,,,,,,,
2.1047882080078124,0.776233971118927,3.061399533920249e-05,3.102019678922838,11980,,,,,,,,,,,
2.0935815811157226,0.8638551831245422,3.0581628689798034e-05,3.1071983428275507,12000,,,,,,,,,,,
2.1294523239135743,0.8131328821182251,3.054926204039358e-05,3.112377006732263,12020,,,,,,,,,,,
2.0691823959350586,0.8449259996414185,3.0516895390989127e-05,3.1175556706369756,12040,,,,,,,,,,,
2.0289133071899412,0.8009306788444519,3.0484528741584673e-05,3.122734334541688,12060,,,,,,,,,,,
2.0296945571899414,0.8101179599761963,3.045216209218022e-05,3.127912998446401,12080,,,,,,,,,,,
2.05603141784668,0.8334894180297852,3.0419795442775766e-05,3.1330916623511134,12100,,,,,,,,,,,
2.0787288665771486,0.8131963014602661,3.0387428793371316e-05,3.138270326255826,12120,,,,,,,,,,,
2.067365837097168,0.8841915130615234,3.0355062143966856e-05,3.1434489901605387,12140,,,,,,,,,,,
2.036731719970703,0.7920934557914734,3.0322695494562402e-05,3.148627654065251,12160,,,,,,,,,,,
2.0612545013427734,0.8302454352378845,3.0290328845157952e-05,3.1538063179699636,12180,,,,,,,,,,,
2.095559501647949,0.8303229212760925,3.02579621957535e-05,3.1589849818746765,12200,,,,,,,,,,,
2.053435516357422,0.8915151953697205,3.0225595546349045e-05,3.164163645779389,12220,,,,,,,,,,,
2.030604362487793,0.8539567589759827,3.019322889694459e-05,3.1693423096841014,12240,,,,,,,,,,,
2.016676139831543,0.9685744643211365,3.0160862247540135e-05,3.1745209735888142,12260,,,,,,,,,,,
2.0678028106689452,0.8080759048461914,3.012849559813568e-05,3.1796996374935267,12280,,,,,,,,,,,
2.0746898651123047,0.8466063737869263,3.0096128948731228e-05,3.184878301398239,12300,,,,,,,,,,,
2.0973670959472654,0.7803685069084167,3.0063762299326774e-05,3.190056965302952,12320,,,,,,,,,,,
2.0717447280883787,0.885105311870575,3.0031395649922324e-05,3.1952356292076645,12340,,,,,,,,,,,
2.073934555053711,0.7749035954475403,2.999902900051787e-05,3.200414293112377,12360,,,,,,,,,,,
2.0221345901489256,0.8712912797927856,2.996666235111341e-05,3.20559295701709,12380,,,,,,,,,,,
2.054083251953125,0.8232356905937195,2.993429570170896e-05,3.2107716209218022,12400,,,,,,,,,,,
2.0001596450805663,0.8319752216339111,2.9901929052304507e-05,3.2159502848265147,12420,,,,,,,,,,,
2.050690269470215,0.802627682685852,2.9869562402900053e-05,3.221128948731227,12440,,,,,,,,,,,
1.9868545532226562,0.8252654075622559,2.98371957534956e-05,3.22630761263594,12460,,,,,,,,,,,
2.030872344970703,0.9787181615829468,2.9804829104091146e-05,3.2314862765406525,12480,,,,,,,,,,,
2.0941160202026365,0.823997437953949,2.9772462454686696e-05,3.236664940445365,12500,,,,,,,,,,,
2.0539154052734374,0.8420461416244507,2.9740095805282236e-05,3.241843604350078,12520,,,,,,,,,,,
2.092464065551758,0.8241786956787109,2.9707729155877782e-05,3.2470222682547902,12540,,,,,,,,,,,
2.095453643798828,0.7937249541282654,2.9675362506473332e-05,3.2522009321595027,12560,,,,,,,,,,,
2.062608528137207,0.8153324127197266,2.964299585706888e-05,3.2573795960642156,12580,,,,,,,,,,,
2.0027372360229494,0.8619378209114075,2.9610629207664425e-05,3.262558259968928,12600,,,,,,,,,,,
2.0262786865234377,0.8985009789466858,2.957826255825997e-05,3.2677369238736405,12620,,,,,,,,,,,
1.9905786514282227,0.8625051975250244,2.9545895908855515e-05,3.2729155877783533,12640,,,,,,,,,,,
2.0387603759765627,0.7845483422279358,2.951352925945106e-05,3.278094251683066,12660,,,,,,,,,,,
2.0698671340942383,0.8480655550956726,2.9481162610046608e-05,3.2832729155877782,12680,,,,,,,,,,,
2.0641212463378906,2.854386806488037,2.9448795960642157e-05,3.288451579492491,12700,,,,,,,,,,,
1.9932794570922852,0.8471388816833496,2.9416429311237704e-05,3.2936302433972036,12720,,,,,,,,,,,
2.0506193161010744,0.8411178588867188,2.938406266183325e-05,3.298808907301916,12740,,,,,,,,,,,
2.0551376342773438,0.8749303221702576,2.9351696012428794e-05,3.303987571206629,12760,,,,,,,,,,,
2.0488893508911135,0.8607506155967712,2.931932936302434e-05,3.3091662351113413,12780,,,,,,,,,,,
2.0527774810791017,0.8600756525993347,2.9286962713619887e-05,3.314344899016054,12800,,,,,,,,,,,
2.0450782775878906,0.8129284977912903,2.9254596064215433e-05,3.3195235629207662,12820,,,,,,,,,,,
2.0076644897460936,0.8093560934066772,2.922222941481098e-05,3.324702226825479,12840,,,,,,,,,,,
2.063570976257324,0.8762245178222656,2.918986276540653e-05,3.3298808907301916,12860,,,,,,,,,,,
2.053548812866211,0.7954179644584656,2.9157496116002076e-05,3.3350595546349044,12880,,,,,,,,,,,
2.098031997680664,0.8648613095283508,2.9125129466597616e-05,3.340238218539617,12900,,,,,,,,,,,
1.9483449935913086,0.8314298391342163,2.9092762817193165e-05,3.3454168824443293,12920,,,,,,,,,,,
1.9993398666381836,0.8868531584739685,2.9060396167788712e-05,3.3505955463490418,12940,,,,,,,,,,,
2.0666006088256834,0.8406233191490173,2.902802951838426e-05,3.3557742102537547,12960,,,,,,,,,,,
2.101448822021484,0.8762478232383728,2.8995662868979805e-05,3.360952874158467,12980,,,,,,,,,,,
2.021906089782715,0.8725692629814148,2.8963296219575355e-05,3.3661315380631796,13000,,,,,,,,,,,
2.081467628479004,0.8618971705436707,2.8930929570170895e-05,3.3713102019678924,13020,,,,,,,,,,,
2.0553955078125,0.8320695161819458,2.889856292076644e-05,3.376488865872605,13040,,,,,,,,,,,
2.0860071182250977,0.8453789949417114,2.886619627136199e-05,3.3816675297773173,13060,,,,,,,,,,,
2.013513374328613,0.8691371083259583,2.8833829621957537e-05,3.38684619368203,13080,,,,,,,,,,,
2.0680707931518554,0.843954861164093,2.8801462972553084e-05,3.3920248575867427,13100,,,,,,,,,,,
1.9984840393066405,0.7977327108383179,2.876909632314863e-05,3.397203521491455,13120,,,,,,,,,,,
2.015079307556152,0.8483178019523621,2.8736729673744174e-05,3.402382185396168,13140,,,,,,,,,,,
2.01928653717041,3.125009775161743,2.870436302433972e-05,3.4075608493008804,13160,,,,,,,,,,,
2.0374160766601563,0.854316771030426,2.8671996374935267e-05,3.412739513205593,13180,,,,,,,,,,,
1.94873046875,0.8845394253730774,2.8639629725530813e-05,3.4179181771103053,13200,,,,,,,,,,,
2.026147651672363,0.8651236891746521,2.8607263076126363e-05,3.423096841015018,13220,,,,,,,,,,,
2.0195770263671875,0.836390495300293,2.857489642672191e-05,3.4282755049197307,13240,,,,,,,,,,,
1.9841060638427734,0.9045295715332031,2.8542529777317456e-05,3.4334541688244435,13260,,,,,,,,,,,
2.0366710662841796,2.243177652359009,2.8510163127913e-05,3.438632832729156,13280,,,,,,,,,,,
1.991867446899414,0.8209677338600159,2.8477796478508545e-05,3.4438114966338684,13300,,,,,,,,,,,
2.0576669692993166,0.8990638256072998,2.8445429829104092e-05,3.448990160538581,13320,,,,,,,,,,,
2.0482770919799806,0.9467681646347046,2.841306317969964e-05,3.4541688244432938,13340,,,,,,,,,,,
2.0372222900390624,0.8412242531776428,2.8380696530295185e-05,3.459347488348006,13360,,,,,,,,,,,
2.015156555175781,0.8419407606124878,2.8348329880890735e-05,3.4645261522527186,13380,,,,,,,,,,,
2.119141387939453,0.8347233533859253,2.8315963231486275e-05,3.4697048161574315,13400,,,,,,,,,,,
1.9515071868896485,0.9202499389648438,2.828359658208182e-05,3.474883480062144,13420,,,,,,,,,,,
2.0255764007568358,0.8450438976287842,2.825122993267737e-05,3.4800621439668564,13440,,,,,,,,,,,
2.0080644607543947,0.9980380535125732,2.8218863283272917e-05,3.4852408078715693,13460,,,,,,,,,,,
2.0214107513427733,0.8509501218795776,2.8186496633868464e-05,3.4904194717762818,13480,,,,,,,,,,,
2.023739051818848,0.8213014006614685,2.815412998446401e-05,3.495598135680994,13500,,,,,,,,,,,
2.000972366333008,0.8532131910324097,2.8121763335059554e-05,3.500776799585707,13520,,,,,,,,,,,
1.9662220001220703,0.7901679277420044,2.80893966856551e-05,3.5059554634904195,13540,,,,,,,,,,,
2.0148761749267576,0.8307809233665466,2.8057030036250647e-05,3.511134127395132,13560,,,,,,,,,,,
2.01600341796875,0.8128878474235535,2.8024663386846196e-05,3.5163127912998444,13580,,,,,,,,,,,
1.9690452575683595,0.8899239301681519,2.7992296737441743e-05,3.5214914552045573,13600,,,,,,,,,,,
2.091080093383789,0.8309157490730286,2.795993008803729e-05,3.5266701191092698,13620,,,,,,,,,,,
2.0106225967407227,0.8386261463165283,2.7927563438632836e-05,3.5318487830139826,13640,,,,,,,,,,,
1.9960424423217773,0.8291102647781372,2.789519678922838e-05,3.537027446918695,13660,,,,,,,,,,,
2.0361631393432615,0.7765854001045227,2.7862830139823925e-05,3.5422061108234075,13680,,,,,,,,,,,
2.027551460266113,0.7651876211166382,2.7830463490419472e-05,3.54738477472812,13700,,,,,,,,,,,
2.0054649353027343,0.8030537366867065,2.779809684101502e-05,3.552563438632833,13720,,,,,,,,,,,
1.954637336730957,0.8080164194107056,2.776573019161057e-05,3.5577421025375453,13740,,,,,,,,,,,
2.038803291320801,0.8382561206817627,2.7733363542206115e-05,3.5629207664422577,13760,,,,,,,,,,,
2.019480323791504,0.7577628493309021,2.7700996892801655e-05,3.5680994303469706,13780,,,,,,,,,,,
2.0121841430664062,0.8938267827033997,2.7668630243397204e-05,3.573278094251683,13800,,,,,,,,,,,
1.994761085510254,0.81303870677948,2.763626359399275e-05,3.5784567581563955,13820,,,,,,,,,,,
2.0137359619140627,0.8226507902145386,2.7603896944588297e-05,3.583635422061108,13840,,,,,,,,,,,
2.0307586669921873,0.8089939951896667,2.7571530295183844e-05,3.588814085965821,13860,,,,,,,,,,,
1.9603544235229493,0.8104312419891357,2.7539163645779394e-05,3.5939927498705333,13880,,,,,,,,,,,
1.9861631393432617,0.803770124912262,2.7506796996374934e-05,3.599171413775246,13900,,,,,,,,,,,
1.95562744140625,0.8555355072021484,2.747443034697048e-05,3.6043500776799586,13920,,,,,,,,,,,
2.0337760925292967,0.8610626459121704,2.744206369756603e-05,3.609528741584671,13940,,,,,,,,,,,
2.0142843246459963,0.8816412687301636,2.7409697048161576e-05,3.6147074054893835,13960,,,,,,,,,,,
2.0048309326171876,0.8261132836341858,2.7377330398757123e-05,3.6198860693940964,13980,,,,,,,,,,,
1.994875144958496,0.8231974244117737,2.734496374935267e-05,3.625064733298809,14000,,,,,,,,,,,
1.9576932907104492,0.8188855051994324,2.7312597099948216e-05,3.6302433972035217,14020,,,,,,,,,,,
2.0109378814697267,0.8082743287086487,2.728023045054376e-05,3.635422061108234,14040,,,,,,,,,,,
2.022610092163086,0.7962989807128906,2.7247863801139305e-05,3.6406007250129466,14060,,,,,,,,,,,
1.989476776123047,0.8511006236076355,2.7215497151734852e-05,3.645779388917659,14080,,,,,,,,,,,
1.9139785766601562,0.9022119641304016,2.7183130502330402e-05,3.650958052822372,14100,,,,,,,,,,,
2.0128374099731445,0.8819575309753418,2.715076385292595e-05,3.6561367167270844,14120,,,,,,,,,,,
1.9796321868896485,0.860818088054657,2.7118397203521495e-05,3.661315380631797,14140,,,,,,,,,,,
1.91461124420166,0.9170228242874146,2.7086030554117038e-05,3.6664940445365097,14160,,,,,,,,,,,
1.9576799392700195,0.8408053517341614,2.7053663904712584e-05,3.671672708441222,14180,,,,,,,,,,,
2.000478744506836,0.8162595629692078,2.702129725530813e-05,3.6768513723459346,14200,,,,,,,,,,,
1.9785810470581056,0.8436360359191895,2.6988930605903677e-05,3.682030036250647,14220,,,,,,,,,,,
1.9850488662719727,0.8259070515632629,2.6956563956499224e-05,3.68720870015536,14240,,,,,,,,,,,
2.0076835632324217,0.8095250129699707,2.6924197307094774e-05,3.6923873640600724,14260,,,,,,,,,,,
1.9300792694091797,0.8150515556335449,2.6891830657690314e-05,3.6975660279647853,14280,,,,,,,,,,,
1.978851318359375,0.7977578639984131,2.6859464008285863e-05,3.7027446918694977,14300,,,,,,,,,,,
1.9682323455810546,0.8174439668655396,2.682709735888141e-05,3.70792335577421,14320,,,,,,,,,,,
1.9923377990722657,0.8217034339904785,2.6794730709476956e-05,3.7131020196789226,14340,,,,,,,,,,,
1.9952058792114258,0.7973213195800781,2.6762364060072503e-05,3.7182806835836355,14360,,,,,,,,,,,
2.002691650390625,0.9024524092674255,2.672999741066805e-05,3.723459347488348,14380,,,,,,,,,,,
1.9764842987060547,0.825822114944458,2.66976307612636e-05,3.728638011393061,14400,,,,,,,,,,,
2.021337127685547,0.8144329190254211,2.666526411185914e-05,3.7338166752977733,14420,,,,,,,,,,,
2.0524187088012695,0.7986360192298889,2.6632897462454685e-05,3.7389953392024857,14440,,,,,,,,,,,
2.043367385864258,0.8473003506660461,2.6600530813050235e-05,3.744174003107198,14460,,,,,,,,,,,
1.9728509902954101,0.8720905184745789,2.6568164163645782e-05,3.749352667011911,14480,,,,,,,,,,,
2.0215679168701173,0.8266103863716125,2.653579751424133e-05,3.7545313309166235,14500,,,,,,,,,,,
2.032724380493164,0.7581644058227539,2.6503430864836875e-05,3.759709994821336,14520,,,,,,,,,,,
1.9218509674072266,0.7909252047538757,2.6471064215432418e-05,3.764888658726049,14540,,,,,,,,,,,
2.0060890197753904,0.8513338565826416,2.6438697566027964e-05,3.7700673226307613,14560,,,,,,,,,,,
2.0092889785766603,0.8400378227233887,2.640633091662351e-05,3.7752459865354737,14580,,,,,,,,,,,
2.0202878952026366,0.7827239036560059,2.6373964267219057e-05,3.780424650440186,14600,,,,,,,,,,,
2.010867118835449,0.7886492609977722,2.6341597617814607e-05,3.785603314344899,14620,,,,,,,,,,,
1.9568607330322265,0.9256358742713928,2.6309230968410154e-05,3.7907819782496115,14640,,,,,,,,,,,
1.9418581008911133,0.8715415596961975,2.6276864319005694e-05,3.7959606421543244,14660,,,,,,,,,,,
1.88680419921875,0.7904642224311829,2.6244497669601243e-05,3.801139306059037,14680,,,,,,,,,,,
1.95684814453125,0.8264880776405334,2.621213102019679e-05,3.8063179699637493,14700,,,,,,,,,,,
1.980413055419922,0.8154801726341248,2.6179764370792336e-05,3.8114966338684617,14720,,,,,,,,,,,
1.9636507034301758,0.8423888087272644,2.6147397721387883e-05,3.8166752977731746,14740,,,,,,,,,,,
1.9726009368896484,0.7831688523292542,2.6115031071983433e-05,3.821853961677887,14760,,,,,,,,,,,
2.013968849182129,0.8650236129760742,2.608266442257898e-05,3.8270326255826,14780,,,,,,,,,,,
1.9895307540893554,0.8519622683525085,2.605029777317452e-05,3.8322112894873124,14800,,,,,,,,,,,
1.9873172760009765,0.8602650165557861,2.601793112377007e-05,3.837389953392025,14820,,,,,,,,,,,
1.937721061706543,0.8330350518226624,2.5985564474365615e-05,3.8425686172967373,14840,,,,,,,,,,,
1.9885330200195312,0.8400309681892395,2.5953197824961162e-05,3.84774728120145,14860,,,,,,,,,,,
1.9694511413574218,0.810336172580719,2.592083117555671e-05,3.8529259451061626,14880,,,,,,,,,,,
1.96337833404541,0.8353468775749207,2.5888464526152255e-05,3.858104609010875,14900,,,,,,,,,,,
1.9955928802490235,0.9888365864753723,2.5856097876747798e-05,3.863283272915588,14920,,,,,,,,,,,
1.9462575912475586,0.8086227774620056,2.5823731227343344e-05,3.8684619368203004,14940,,,,,,,,,,,
1.9355016708374024,0.8601853251457214,2.579136457793889e-05,3.873640600725013,14960,,,,,,,,,,,
1.9612548828125,0.8127462267875671,2.575899792853444e-05,3.8788192646297253,14980,,,,,,,,,,,
2.0211694717407225,0.8144577145576477,2.5726631279129987e-05,3.883997928534438,15000,,,,,,,,,,,
1.960812759399414,0.7612422704696655,2.5694264629725534e-05,3.8891765924391506,15020,,,,,,,,,,,
2.0025426864624025,0.8566555380821228,2.5661897980321077e-05,3.8943552563438635,15040,,,,,,,,,,,
1.8975336074829101,2.2363805770874023,2.5629531330916623e-05,3.899533920248576,15060,,,,,,,,,,,
2.00439395904541,0.870568573474884,2.559716468151217e-05,3.9047125841532884,15080,,,,,,,,,,,
2.021480751037598,0.8038724660873413,2.5564798032107716e-05,3.909891248058001,15100,,,,,,,,,,,
1.9837465286254883,0.880412757396698,2.5532431382703266e-05,3.9150699119627137,15120,,,,,,,,,,,
1.9681194305419922,0.8037280440330505,2.5500064733298813e-05,3.920248575867426,15140,,,,,,,,,,,
1.9309938430786133,0.8120761513710022,2.546769808389436e-05,3.925427239772139,15160,,,,,,,,,,,
2.0249914169311523,0.8327343463897705,2.5435331434489902e-05,3.9306059036768515,15180,,,,,,,,,,,
2.0159605026245115,0.8001807332038879,2.540296478508545e-05,3.935784567581564,15200,,,,,,,,,,,
1.9589820861816407,0.9148249626159668,2.5370598135680995e-05,3.9409632314862764,15220,,,,,,,,,,,
1.9986383438110351,0.9036860466003418,2.5338231486276542e-05,3.9461418953909893,15240,,,,,,,,,,,
2.0556291580200194,0.8252179026603699,2.530586483687209e-05,3.9513205592957017,15260,,,,,,,,,,,
2.0083023071289063,0.9121302366256714,2.5273498187467638e-05,3.956499223200414,15280,,,,,,,,,,,
1.9844650268554687,0.9154924750328064,2.5241131538063178e-05,3.961677887105127,15300,,,,,,,,,,,
1.9721973419189454,0.8441890478134155,2.5208764888658724e-05,3.9668565510098395,15320,,,,,,,,,,,
1.9142889022827148,0.7792043089866638,2.5176398239254274e-05,3.972035214914552,15340,,,,,,,,,,,
1.947519302368164,0.8494468927383423,2.514403158984982e-05,3.9772138788192644,15360,,,,,,,,,,,
1.9645231246948243,0.7912344336509705,2.5111664940445367e-05,3.9823925427239772,15380,,,,,,,,,,,
1.92857666015625,0.8425822257995605,2.5079298291040914e-05,3.9875712066286897,15400,,,,,,,,,,,
1.9676891326904298,0.8208332657814026,2.5046931641636457e-05,3.9927498705334026,15420,,,,,,,,,,,
2.0143148422241213,0.8843766450881958,2.5014564992232003e-05,3.997928534438115,15440,,,,,,,,,,,
,,,4.0,15448,1.9323303699493408,12.095961324727948,36.475481315177625,288.2503,11.813,0.739,,,,,
1.9059171676635742,0.8103199005126953,2.498219834282755e-05,4.0031071983428275,15460,,,,,,,,,,,
1.9012796401977539,0.8299439549446106,2.4949831693423096e-05,4.00828586224754,15480,,,,,,,,,,,
1.9789934158325195,0.9085134863853455,2.4917465044018646e-05,4.013464526152252,15500,,,,,,,,,,,
1.9166690826416015,0.7990913391113281,2.488509839461419e-05,4.018643190056966,15520,,,,,,,,,,,
1.9769916534423828,0.84930819272995,2.4852731745209736e-05,4.023821853961678,15540,,,,,,,,,,,
1.9774749755859375,0.78805011510849,2.4820365095805286e-05,4.029000517866391,15560,,,,,,,,,,,
1.9111135482788086,0.8255044221878052,2.478799844640083e-05,4.034179181771103,15580,,,,,,,,,,,
2.014297294616699,0.7779068350791931,2.4755631796996375e-05,4.0393578456758155,15600,,,,,,,,,,,
1.986200714111328,0.8524624109268188,2.4723265147591922e-05,4.044536509580528,15620,,,,,,,,,,,
1.9430267333984375,0.8294944763183594,2.469089849818747e-05,4.049715173485241,15640,,,,,,,,,,,
1.9879106521606444,0.9133664965629578,2.4658531848783015e-05,4.054893837389954,15660,,,,,,,,,,,
2.026592254638672,0.8111071586608887,2.462616519937856e-05,4.060072501294666,15680,,,,,,,,,,,
1.9928668975830077,0.8172215819358826,2.4593798549974108e-05,4.065251165199379,15700,,,,,,,,,,,
1.9122060775756835,0.7907125949859619,2.4561431900569654e-05,4.070429829104091,15720,,,,,,,,,,,
1.9200727462768554,0.8514002561569214,2.45290652511652e-05,4.0756084930088035,15740,,,,,,,,,,,
1.9452314376831055,0.8879503011703491,2.4496698601760747e-05,4.080787156913516,15760,,,,,,,,,,,
1.9861764907836914,0.8727220892906189,2.4464331952356294e-05,4.085965820818229,15780,,,,,,,,,,,
1.9712638854980469,0.9309505820274353,2.443196530295184e-05,4.091144484722942,15800,,,,,,,,,,,
1.954364013671875,0.834007740020752,2.4399598653547387e-05,4.096323148627654,15820,,,,,,,,,,,
2.0119325637817385,0.8404033780097961,2.436723200414293e-05,4.101501812532367,15840,,,,,,,,,,,
1.8923301696777344,0.808503270149231,2.433486535473848e-05,4.106680476437079,15860,,,,,,,,,,,
1.9320701599121093,0.8715457916259766,2.4302498705334026e-05,4.1118591403417915,15880,,,,,,,,,,,
1.9394079208374024,0.7978631854057312,2.427013205592957e-05,4.117037804246505,15900,,,,,,,,,,,
1.8601205825805665,0.8499696254730225,2.4237765406525116e-05,4.122216468151217,15920,,,,,,,,,,,
1.9189159393310546,0.8181969523429871,2.4205398757120666e-05,4.12739513205593,15940,,,,,,,,,,,
1.9071466445922851,0.8725301027297974,2.417303210771621e-05,4.132573795960642,15960,,,,,,,,,,,
1.9397972106933594,0.8078774809837341,2.4140665458311755e-05,4.137752459865355,15980,,,,,,,,,,,
1.9376174926757812,0.7919544577598572,2.4108298808907305e-05,4.142931123770067,16000,,,,,,,,,,,
1.9688400268554687,0.8812994360923767,2.407593215950285e-05,4.14810978767478,16020,,,,,,,,,,,
1.9284492492675782,0.7889021039009094,2.4043565510098395e-05,4.153288451579493,16040,,,,,,,,,,,
1.9332304000854492,0.8557063937187195,2.401119886069394e-05,4.158467115484205,16060,,,,,,,,,,,
1.892266082763672,0.9239805340766907,2.397883221128949e-05,4.163645779388918,16080,,,,,,,,,,,
1.9665470123291016,0.8947049379348755,2.3946465561885034e-05,4.16882444329363,16100,,,,,,,,,,,
1.9813955307006836,1.1014000177383423,2.391409891248058e-05,4.1740031071983426,16120,,,,,,,,,,,
1.986062240600586,0.9174374341964722,2.3881732263076127e-05,4.179181771103055,16140,,,,,,,,,,,
1.9269828796386719,0.9178469777107239,2.3849365613671674e-05,4.184360435007768,16160,,,,,,,,,,,
1.9899826049804688,0.8100208640098572,2.381699896426722e-05,4.189539098912481,16180,,,,,,,,,,,
1.9554750442504882,0.8357604742050171,2.3784632314862767e-05,4.194717762817193,16200,,,,,,,,,,,
1.8526496887207031,0.8133213520050049,2.3752265665458313e-05,4.199896426721906,16220,,,,,,,,,,,
1.9503915786743165,0.7920127511024475,2.371989901605386e-05,4.205075090626618,16240,,,,,,,,,,,
2.003548240661621,0.8462767004966736,2.3687532366649406e-05,4.2102537545313306,16260,,,,,,,,,,,
1.97802734375,0.8152078986167908,2.365516571724495e-05,4.215432418436044,16280,,,,,,,,,,,
1.9654975891113282,0.8283346891403198,2.36227990678405e-05,4.220611082340756,16300,,,,,,,,,,,
1.9096149444580077,0.8765890598297119,2.3590432418436046e-05,4.225789746245469,16320,,,,,,,,,,,
1.9351593017578126,0.8322678804397583,2.355806576903159e-05,4.230968410150181,16340,,,,,,,,,,,
1.9694555282592774,0.9534558057785034,2.3525699119627135e-05,4.236147074054894,16360,,,,,,,,,,,
1.8874992370605468,0.8453819155693054,2.3493332470222685e-05,4.241325737959606,16380,,,,,,,,,,,
1.9693620681762696,0.8437088131904602,2.346096582081823e-05,4.246504401864319,16400,,,,,,,,,,,
1.928594207763672,0.8069540858268738,2.3428599171413775e-05,4.251683065769032,16420,,,,,,,,,,,
1.964494514465332,0.8095709681510925,2.3396232522009325e-05,4.256861729673744,16440,,,,,,,,,,,
1.9400627136230468,0.8199796676635742,2.336386587260487e-05,4.262040393578457,16460,,,,,,,,,,,
1.9142921447753907,0.8883074522018433,2.3331499223200414e-05,4.267219057483169,16480,,,,,,,,,,,
1.911890411376953,0.8605389595031738,2.329913257379596e-05,4.272397721387882,16500,,,,,,,,,,,
1.9556240081787108,0.8506632447242737,2.326676592439151e-05,4.277576385292594,16520,,,,,,,,,,,
1.974650764465332,0.7910193800926208,2.3234399274987054e-05,4.282755049197307,16540,,,,,,,,,,,
1.9382968902587892,0.8553081750869751,2.32020326255826e-05,4.28793371310202,16560,,,,,,,,,,,
1.972489356994629,0.8177311420440674,2.3169665976178147e-05,4.293112377006732,16580,,,,,,,,,,,
1.890848731994629,0.8576212525367737,2.3137299326773693e-05,4.298291040911445,16600,,,,,,,,,,,
1.9897216796875,0.8937429785728455,2.310493267736924e-05,4.303469704816157,16620,,,,,,,,,,,
1.944264030456543,0.8313557505607605,2.3072566027964786e-05,4.30864836872087,16640,,,,,,,,,,,
1.9366744995117187,0.8240237832069397,2.3040199378560333e-05,4.313827032625583,16660,,,,,,,,,,,
1.957310676574707,0.8065854907035828,2.300783272915588e-05,4.319005696530295,16680,,,,,,,,,,,
1.9127450942993165,0.9349730610847473,2.2975466079751426e-05,4.324184360435008,16700,,,,,,,,,,,
1.9716718673706055,0.8028629422187805,2.294309943034697e-05,4.32936302433972,16720,,,,,,,,,,,
1.9278629302978516,0.8688080310821533,2.291073278094252e-05,4.334541688244433,16740,,,,,,,,,,,
1.9763626098632812,0.8266181349754333,2.2878366131538065e-05,4.339720352149145,16760,,,,,,,,,,,
1.9012344360351563,0.8807146549224854,2.284599948213361e-05,4.3448990160538585,16780,,,,,,,,,,,
1.8977487564086915,0.8683422803878784,2.2813632832729155e-05,4.350077679958571,16800,,,,,,,,,,,
1.9176254272460938,0.8337411284446716,2.2781266183324705e-05,4.355256343863283,16820,,,,,,,,,,,
1.9212911605834961,0.8084833025932312,2.274889953392025e-05,4.360435007767996,16840,,,,,,,,,,,
1.9254850387573241,0.754436194896698,2.2716532884515794e-05,4.365613671672708,16860,,,,,,,,,,,
1.9138969421386718,0.8306878209114075,2.2684166235111344e-05,4.370792335577421,16880,,,,,,,,,,,
1.9170209884643554,0.8674200177192688,2.265179958570689e-05,4.375970999482133,16900,,,,,,,,,,,
1.9299535751342773,0.9066751599311829,2.2619432936302434e-05,4.3811496633868465,16920,,,,,,,,,,,
1.9357421875,0.8298118710517883,2.258706628689798e-05,4.386328327291559,16940,,,,,,,,,,,
2.00765380859375,0.8093715906143188,2.255469963749353e-05,4.391506991196271,16960,,,,,,,,,,,
1.8951309204101563,0.7731025815010071,2.2522332988089073e-05,4.396685655100984,16980,,,,,,,,,,,
1.9236083984375,0.9038234949111938,2.248996633868462e-05,4.401864319005696,17000,,,,,,,,,,,
1.9101566314697265,0.7994087338447571,2.2457599689280166e-05,4.407042982910409,17020,,,,,,,,,,,
1.8477590560913086,0.79498690366745,2.2425233039875713e-05,4.412221646815122,17040,,,,,,,,,,,
1.9524635314941405,0.8269205689430237,2.239286639047126e-05,4.4174003107198345,17060,,,,,,,,,,,
1.923428726196289,0.8002779483795166,2.2360499741066806e-05,4.422578974624547,17080,,,,,,,,,,,
1.9369619369506836,0.934612512588501,2.2328133091662352e-05,4.427757638529259,17100,,,,,,,,,,,
1.9486364364624023,0.8193458914756775,2.22957664422579e-05,4.432936302433972,17120,,,,,,,,,,,
1.915390396118164,0.8752795457839966,2.2263399792853445e-05,4.438114966338684,17140,,,,,,,,,,,
1.8842756271362304,0.9247679114341736,2.223103314344899e-05,4.443293630243398,17160,,,,,,,,,,,
1.9415040969848634,0.9111731052398682,2.2198666494044538e-05,4.44847229414811,17180,,,,,,,,,,,
1.9273677825927735,0.8879765868186951,2.2166299844640085e-05,4.4536509580528225,17200,,,,,,,,,,,
1.9707717895507812,0.8935316205024719,2.213393319523563e-05,4.458829621957535,17220,,,,,,,,,,,
1.924178123474121,0.8046924471855164,2.2101566545831178e-05,4.464008285862247,17240,,,,,,,,,,,
1.9099346160888673,0.8289968371391296,2.2069199896426724e-05,4.46918694976696,17260,,,,,,,,,,,
2.0233989715576173,0.8428171277046204,2.203683324702227e-05,4.474365613671672,17280,,,,,,,,,,,
1.9200130462646485,0.8359109163284302,2.2004466597617814e-05,4.479544277576386,17300,,,,,,,,,,,
1.9505022048950196,0.8520146012306213,2.1972099948213364e-05,4.484722941481098,17320,,,,,,,,,,,
1.9480321884155274,0.7726166248321533,2.193973329880891e-05,4.4899016053858105,17340,,,,,,,,,,,
1.9511287689208985,0.8356594443321228,2.1907366649404453e-05,4.495080269290523,17360,,,,,,,,,,,
1.9156282424926758,0.827765703201294,2.1875e-05,4.500258933195235,17380,,,,,,,,,,,
1.8917654037475586,0.8491625189781189,2.184263335059555e-05,4.505437597099948,17400,,,,,,,,,,,
1.9293342590332032,0.7856889963150024,2.1810266701191093e-05,4.510616261004661,17420,,,,,,,,,,,
1.8682464599609374,0.8026406764984131,2.177790005178664e-05,4.515794924909374,17440,,,,,,,,,,,
1.9634437561035156,0.9193087220191956,2.1745533402382186e-05,4.520973588814086,17460,,,,,,,,,,,
1.9743076324462892,0.836297869682312,2.1713166752977732e-05,4.5261522527187985,17480,,,,,,,,,,,
1.8929622650146485,0.792996346950531,2.168080010357328e-05,4.531330916623511,17500,,,,,,,,,,,
1.935125732421875,0.8866214156150818,2.1648433454168825e-05,4.536509580528223,17520,,,,,,,,,,,
1.9815441131591798,0.8347323536872864,2.1616066804764372e-05,4.541688244432937,17540,,,,,,,,,,,
1.9321977615356445,0.899646520614624,2.1583700155359918e-05,4.546866908337649,17560,,,,,,,,,,,
1.9011743545532227,0.8030329346656799,2.1551333505955465e-05,4.552045572242362,17580,,,,,,,,,,,
1.9521026611328125,0.8145297169685364,2.151896685655101e-05,4.557224236147074,17600,,,,,,,,,,,
2.030526351928711,0.8742274641990662,2.1486600207146558e-05,4.5624029000517865,17620,,,,,,,,,,,
1.9831174850463866,0.7535530924797058,2.1454233557742104e-05,4.567581563956499,17640,,,,,,,,,,,
1.9724925994873046,0.9027500748634338,2.142186690833765e-05,4.572760227861211,17660,,,,,,,,,,,
1.948878288269043,1.2688487768173218,2.1389500258933197e-05,4.577938891765925,17680,,,,,,,,,,,
1.9743072509765625,0.8726045489311218,2.1357133609528744e-05,4.583117555670637,17700,,,,,,,,,,,
1.8981031417846679,0.8312936425209045,2.132476696012429e-05,4.58829621957535,17720,,,,,,,,,,,
1.8646286010742188,0.8609600067138672,2.1292400310719833e-05,4.593474883480062,17740,,,,,,,,,,,
1.9003292083740235,0.82686448097229,2.1260033661315383e-05,4.5986535473847745,17760,,,,,,,,,,,
1.9853363037109375,0.7987030744552612,2.122766701191093e-05,4.603832211289487,17780,,,,,,,,,,,
1.9204126358032227,0.8733960390090942,2.1195300362506473e-05,4.6090108751942,17800,,,,,,,,,,,
1.8469743728637695,0.9050697088241577,2.116293371310202e-05,4.614189539098913,17820,,,,,,,,,,,
1.8676485061645507,0.8460679054260254,2.113056706369757e-05,4.619368203003625,17840,,,,,,,,,,,
1.8667057037353516,0.897582471370697,2.1098200414293112e-05,4.624546866908338,17860,,,,,,,,,,,
1.9700941085815429,0.8368206024169922,2.106583376488866e-05,4.62972553081305,17880,,,,,,,,,,,
1.8671897888183593,0.787057638168335,2.1033467115484205e-05,4.6349041947177625,17900,,,,,,,,,,,
1.913726806640625,0.8970745205879211,2.1001100466079752e-05,4.640082858622476,17920,,,,,,,,,,,
1.8441991806030273,0.8325024247169495,2.0968733816675298e-05,4.645261522527188,17940,,,,,,,,,,,
1.8950872421264648,0.8210960626602173,2.0936367167270845e-05,4.650440186431901,17960,,,,,,,,,,,
1.9518583297729493,0.8124649524688721,2.090400051786639e-05,4.655618850336613,17980,,,,,,,,,,,
1.9751605987548828,0.8058958649635315,2.0871633868461938e-05,4.660797514241326,18000,,,,,,,,,,,
1.9754865646362305,0.8438634872436523,2.0839267219057484e-05,4.665976178146038,18020,,,,,,,,,,,
1.9512845993041992,0.8915023803710938,2.080690056965303e-05,4.6711548420507505,18040,,,,,,,,,,,
1.970740509033203,0.8356422781944275,2.0774533920248577e-05,4.676333505955464,18060,,,,,,,,,,,
1.8954996109008788,0.8330186605453491,2.0742167270844124e-05,4.681512169860176,18080,,,,,,,,,,,
1.9199214935302735,0.8238692283630371,2.070980062143967e-05,4.686690833764889,18100,,,,,,,,,,,
1.8563562393188477,0.8869166374206543,2.0677433972035217e-05,4.691869497669601,18120,,,,,,,,,,,
1.904463005065918,0.8943595290184021,2.0645067322630763e-05,4.697048161574314,18140,,,,,,,,,,,
1.9714555740356445,0.9191053509712219,2.061270067322631e-05,4.702226825479026,18160,,,,,,,,,,,
1.9405105590820313,0.9015724062919617,2.0580334023821853e-05,4.707405489383739,18180,,,,,,,,,,,
1.8694580078125,0.7946126461029053,2.0547967374417403e-05,4.712584153288452,18200,,,,,,,,,,,
1.9589380264282226,0.833862841129303,2.051560072501295e-05,4.717762817193164,18220,,,,,,,,,,,
1.8631683349609376,0.863163948059082,2.0483234075608492e-05,4.722941481097877,18240,,,,,,,,,,,
1.8298194885253907,0.8523818254470825,2.045086742620404e-05,4.728120145002589,18260,,,,,,,,,,,
1.9693655014038085,0.7949318289756775,2.041850077679959e-05,4.733298808907302,18280,,,,,,,,,,,
1.884260368347168,0.8467779159545898,2.0386134127395132e-05,4.738477472812015,18300,,,,,,,,,,,
1.9453384399414062,0.8017476201057434,2.0353767477990678e-05,4.743656136716727,18320,,,,,,,,,,,
1.8520191192626954,0.8433898687362671,2.0321400828586225e-05,4.74883480062144,18340,,,,,,,,,,,
1.9260292053222656,0.8149282932281494,2.0289034179181775e-05,4.754013464526152,18360,,,,,,,,,,,
1.8799314498901367,0.8271447420120239,2.0256667529777318e-05,4.759192128430865,18380,,,,,,,,,,,
1.9176082611083984,0.9025865793228149,2.0224300880372864e-05,4.764370792335577,18400,,,,,,,,,,,
1.9140399932861327,0.8150896430015564,2.019193423096841e-05,4.76954945624029,18420,,,,,,,,,,,
1.902410888671875,0.776584804058075,2.0159567581563957e-05,4.774728120145003,18440,,,,,,,,,,,
1.9245708465576172,0.9096938371658325,2.0127200932159504e-05,4.779906784049715,18460,,,,,,,,,,,
1.953277587890625,0.880186915397644,2.009483428275505e-05,4.785085447954428,18480,,,,,,,,,,,
1.8831573486328126,0.8730462193489075,2.0062467633350597e-05,4.79026411185914,18500,,,,,,,,,,,
1.8911752700805664,0.7985938191413879,2.0030100983946143e-05,4.795442775763853,18520,,,,,,,,,,,
1.9010086059570312,0.868540346622467,1.999773433454169e-05,4.800621439668565,18540,,,,,,,,,,,
1.8772523880004883,0.8748413920402527,1.9965367685137236e-05,4.8058001035732785,18560,,,,,,,,,,,
1.9474393844604492,0.8411148190498352,1.9933001035732783e-05,4.810978767477991,18580,,,,,,,,,,,
1.8939449310302734,0.8249719738960266,1.990063438632833e-05,4.816157431382703,18600,,,,,,,,,,,
1.956355094909668,0.8437168598175049,1.9868267736923872e-05,4.821336095287416,18620,,,,,,,,,,,
1.8694414138793944,0.8611747622489929,1.9835901087519422e-05,4.826514759192128,18640,,,,,,,,,,,
1.9277790069580079,0.8161762952804565,1.980353443811497e-05,4.831693423096841,18660,,,,,,,,,,,
1.9045724868774414,0.7959965467453003,1.9771167788710512e-05,4.836872087001554,18680,,,,,,,,,,,
1.8764848709106445,0.8067545890808105,1.9738801139306058e-05,4.8420507509062665,18700,,,,,,,,,,,
1.8911420822143554,0.8999358415603638,1.9706434489901608e-05,4.847229414810979,18720,,,,,,,,,,,
1.8785192489624023,0.8042722344398499,1.9674067840497155e-05,4.852408078715691,18740,,,,,,,,,,,
1.9268075942993164,0.8065450191497803,1.9641701191092698e-05,4.857586742620404,18760,,,,,,,,,,,
1.9183624267578125,0.8347893953323364,1.9609334541688244e-05,4.862765406525116,18780,,,,,,,,,,,
1.9009513854980469,0.8306008577346802,1.9576967892283794e-05,4.867944070429829,18800,,,,,,,,,,,
1.912359619140625,0.807895839214325,1.9544601242879337e-05,4.873122734334542,18820,,,,,,,,,,,
1.9038543701171875,0.8404849171638489,1.9512234593474884e-05,4.8783013982392545,18840,,,,,,,,,,,
1.9105674743652343,0.8190178871154785,1.947986794407043e-05,4.883480062143967,18860,,,,,,,,,,,
1.9482969284057616,0.8871324062347412,1.9447501294665977e-05,4.888658726048679,18880,,,,,,,,,,,
1.903465461730957,0.8183317184448242,1.9415134645261523e-05,4.893837389953392,18900,,,,,,,,,,,
1.898704719543457,0.9157769083976746,1.938276799585707e-05,4.899016053858104,18920,,,,,,,,,,,
1.8791484832763672,0.8646185994148254,1.9350401346452616e-05,4.904194717762818,18940,,,,,,,,,,,
1.8737947463989257,0.8456323742866516,1.9318034697048163e-05,4.90937338166753,18960,,,,,,,,,,,
1.8641794204711915,0.8341284990310669,1.928566804764371e-05,4.9145520455722425,18980,,,,,,,,,,,
1.9080036163330079,0.913769006729126,1.9253301398239256e-05,4.919730709476955,19000,,,,,,,,,,,
2.0058618545532227,0.8182690143585205,1.9220934748834802e-05,4.924909373381667,19020,,,,,,,,,,,
1.8794904708862306,0.9091904759407043,1.918856809943035e-05,4.93008803728638,19040,,,,,,,,,,,
1.8464742660522462,0.9041872024536133,1.9156201450025892e-05,4.935266701191093,19060,,,,,,,,,,,
1.8706459045410155,0.8365399241447449,1.912383480062144e-05,4.940445365095806,19080,,,,,,,,,,,
1.9521856307983398,0.7963089346885681,1.9091468151216988e-05,4.945624029000518,19100,,,,,,,,,,,
1.8913429260253907,0.9367218017578125,1.9059101501812535e-05,4.9508026929052305,19120,,,,,,,,,,,
1.8685523986816406,0.812404990196228,1.9026734852408078e-05,4.955981356809943,19140,,,,,,,,,,,
1.9294654846191406,0.877291202545166,1.8994368203003628e-05,4.961160020714655,19160,,,,,,,,,,,
1.9146461486816406,0.8679955005645752,1.8962001553599174e-05,4.966338684619368,19180,,,,,,,,,,,
1.891260528564453,0.8717451691627502,1.8929634904194717e-05,4.971517348524081,19200,,,,,,,,,,,
1.8758848190307618,0.9312976002693176,1.8897268254790264e-05,4.976696012428794,19220,,,,,,,,,,,
1.9269668579101562,0.8714187145233154,1.8864901605385814e-05,4.981874676333506,19240,,,,,,,,,,,
1.8389396667480469,0.8922196626663208,1.8832534955981357e-05,4.9870533402382184,19260,,,,,,,,,,,
1.8689062118530273,0.9256458878517151,1.8800168306576903e-05,4.992232004142931,19280,,,,,,,,,,,
1.8434301376342774,0.8204883337020874,1.876780165717245e-05,4.997410668047643,19300,,,,,,,,,,,
,,,5.0,19310,1.8793268203735352,12.977029410924926,37.87562485331647,286.7991,11.872,0.743,,,,,
1.8930187225341797,0.8611640930175781,1.8735435007767996e-05,5.002589331952357,19320,,,,,,,,,,,
1.9019819259643556,0.8577079772949219,1.8703068358363543e-05,5.007767995857069,19340,,,,,,,,,,,
1.9047864913940429,0.7796127200126648,1.867070170895909e-05,5.0129466597617816,19360,,,,,,,,,,,
1.8615171432495117,0.8866510391235352,1.8638335059554636e-05,5.018125323666494,19380,,,,,,,,,,,
1.9160427093505858,0.9648969173431396,1.8605968410150182e-05,5.023303987571206,19400,,,,,,,,,,,
1.8549871444702148,0.8941075205802917,1.857360176074573e-05,5.028482651475919,19420,,,,,,,,,,,
1.911163902282715,0.8446401357650757,1.8541235111341275e-05,5.033661315380632,19440,,,,,,,,,,,
1.8621074676513671,0.907545804977417,1.850886846193682e-05,5.038839979285345,19460,,,,,,,,,,,
1.8444742202758788,0.7959636449813843,1.8476501812532368e-05,5.044018643190057,19480,,,,,,,,,,,
1.8046579360961914,0.8507320284843445,1.8444135163127915e-05,5.0491973070947695,19500,,,,,,,,,,,
1.9145357131958007,0.7921159267425537,1.841176851372346e-05,5.054375970999482,19520,,,,,,,,,,,
1.8374588012695312,0.7932579517364502,1.8379401864319008e-05,5.059554634904194,19540,,,,,,,,,,,
1.8658681869506837,0.8046087026596069,1.8347035214914554e-05,5.064733298808907,19560,,,,,,,,,,,
1.8682521820068358,0.8868165016174316,1.8314668565510097e-05,5.06991196271362,19580,,,,,,,,,,,
1.8725950241088867,0.8821906447410583,1.8282301916105647e-05,5.075090626618333,19600,,,,,,,,,,,
1.8812541961669922,0.8961449861526489,1.8249935266701194e-05,5.080269290523045,19620,,,,,,,,,,,
1.8768449783325196,0.8846269845962524,1.8217568617296737e-05,5.0854479544277575,19640,,,,,,,,,,,
1.8581871032714843,0.8411648273468018,1.8185201967892283e-05,5.09062661833247,19660,,,,,,,,,,,
1.9449363708496095,0.844943642616272,1.8152835318487833e-05,5.095805282237182,19680,,,,,,,,,,,
1.8853948593139649,0.8787277340888977,1.8120468669083376e-05,5.100983946141896,19700,,,,,,,,,,,
1.8666368484497071,0.9420967698097229,1.8088102019678923e-05,5.106162610046608,19720,,,,,,,,,,,
1.9108530044555665,0.9416424632072449,1.805573537027447e-05,5.111341273951321,19740,,,,,,,,,,,
1.927787971496582,0.8533025979995728,1.8023368720870016e-05,5.116519937856033,19760,,,,,,,,,,,
1.8925741195678711,0.8144080638885498,1.7991002071465562e-05,5.1216986017607455,19780,,,,,,,,,,,
1.9114656448364258,0.84229576587677,1.795863542206111e-05,5.126877265665458,19800,,,,,,,,,,,
1.8906923294067384,0.8600655198097229,1.7926268772656655e-05,5.132055929570171,19820,,,,,,,,,,,
1.825105857849121,0.8368508815765381,1.78939021232522e-05,5.137234593474884,19840,,,,,,,,,,,
1.8454578399658204,0.78359055519104,1.7861535473847748e-05,5.142413257379596,19860,,,,,,,,,,,
1.941676712036133,0.9001893997192383,1.7829168824443295e-05,5.147591921284309,19880,,,,,,,,,,,
1.8978715896606446,0.8030949234962463,1.779680217503884e-05,5.152770585189021,19900,,,,,,,,,,,
1.949129867553711,0.9026450514793396,1.7764435525634388e-05,5.1579492490937335,19920,,,,,,,,,,,
1.8256696701049804,0.8290204405784607,1.7732068876229934e-05,5.163127912998446,19940,,,,,,,,,,,
1.8822992324829102,0.8197270631790161,1.769970222682548e-05,5.168306576903159,19960,,,,,,,,,,,
1.8106277465820313,0.8978900909423828,1.7667335577421027e-05,5.173485240807872,19980,,,,,,,,,,,
1.801175308227539,0.8719872236251831,1.7634968928016574e-05,5.178663904712584,20000,,,,,,,,,,,
1.8541566848754882,0.8674750328063965,1.7602602278612117e-05,5.183842568617297,20020,,,,,,,,,,,
1.8741662979125977,0.9210858345031738,1.7570235629207667e-05,5.189021232522009,20040,,,,,,,,,,,
1.8987991333007812,0.7789834141731262,1.7537868979803213e-05,5.1941998964267215,20060,,,,,,,,,,,
1.9226203918457032,0.842826783657074,1.7505502330398756e-05,5.199378560331435,20080,,,,,,,,,,,
1.8478384017944336,0.8530400991439819,1.7473135680994303e-05,5.204557224236147,20100,,,,,,,,,,,
1.835296058654785,0.8666280508041382,1.7440769031589853e-05,5.20973588814086,20120,,,,,,,,,,,
1.8901659011840821,0.7687748074531555,1.7408402382185396e-05,5.214914552045572,20140,,,,,,,,,,,
1.8235246658325195,0.824182391166687,1.7376035732780942e-05,5.220093215950285,20160,,,,,,,,,,,
1.8919288635253906,0.8382477760314941,1.7343669083376492e-05,5.225271879854997,20180,,,,,,,,,,,
1.8493717193603516,0.8126761317253113,1.7311302433972035e-05,5.23045054375971,20200,,,,,,,,,,,
1.9252195358276367,0.8285224437713623,1.727893578456758e-05,5.235629207664423,20220,,,,,,,,,,,
1.8901866912841796,0.8704354166984558,1.7246569135163128e-05,5.240807871569135,20240,,,,,,,,,,,
1.9103059768676758,0.8678423762321472,1.7214202485758678e-05,5.245986535473848,20260,,,,,,,,,,,
1.9044334411621093,0.8655324578285217,1.718183583635422e-05,5.25116519937856,20280,,,,,,,,,,,
1.8484024047851562,0.8417623043060303,1.7149469186949768e-05,5.256343863283273,20300,,,,,,,,,,,
1.9371410369873048,0.8281068801879883,1.7117102537545314e-05,5.261522527187985,20320,,,,,,,,,,,
1.9322153091430665,0.8324881196022034,1.708473588814086e-05,5.266701191092698,20340,,,,,,,,,,,
1.7885452270507813,0.851581335067749,1.7052369238736407e-05,5.271879854997411,20360,,,,,,,,,,,
1.866189956665039,0.840857982635498,1.7020002589331954e-05,5.277058518902123,20380,,,,,,,,,,,
1.8762887954711913,0.8311288952827454,1.69876359399275e-05,5.282237182806836,20400,,,,,,,,,,,
1.907328987121582,0.8084467649459839,1.6955269290523047e-05,5.287415846711548,20420,,,,,,,,,,,
1.9042430877685548,0.8373374342918396,1.6922902641118593e-05,5.292594510616261,20440,,,,,,,,,,,
1.8260156631469726,0.9072400331497192,1.6890535991714136e-05,5.297773174520974,20460,,,,,,,,,,,
1.845570945739746,0.8047991394996643,1.6858169342309686e-05,5.302951838425686,20480,,,,,,,,,,,
1.9073003768920898,0.8380410075187683,1.6825802692905233e-05,5.308130502330399,20500,,,,,,,,,,,
1.8674541473388673,0.8492755889892578,1.6793436043500776e-05,5.313309166235111,20520,,,,,,,,,,,
1.8514427185058593,0.8316444158554077,1.6761069394096322e-05,5.318487830139824,20540,,,,,,,,,,,
1.8848321914672852,0.8388980031013489,1.6728702744691872e-05,5.323666494044536,20560,,,,,,,,,,,
1.9269449234008789,0.8143488168716431,1.6696336095287415e-05,5.3288451579492495,20580,,,,,,,,,,,
1.8860155105590821,0.9271267056465149,1.666396944588296e-05,5.334023821853962,20600,,,,,,,,,,,
1.8619451522827148,0.8852090835571289,1.663160279647851e-05,5.339202485758674,20620,,,,,,,,,,,
1.831965446472168,0.8511843085289001,1.6599236147074058e-05,5.344381149663387,20640,,,,,,,,,,,
1.849222755432129,0.8753262758255005,1.65668694976696e-05,5.349559813568099,20660,,,,,,,,,,,
1.8664247512817382,0.8407801389694214,1.6534502848265148e-05,5.354738477472812,20680,,,,,,,,,,,
1.8215597152709961,0.8182326555252075,1.6502136198860697e-05,5.359917141377524,20700,,,,,,,,,,,
1.8566349029541016,0.822396457195282,1.646976954945624e-05,5.3650958052822375,20720,,,,,,,,,,,
1.9000230789184571,0.8247602581977844,1.6437402900051787e-05,5.37027446918695,20740,,,,,,,,,,,
1.909951400756836,0.8888770937919617,1.6405036250647334e-05,5.375453133091662,20760,,,,,,,,,,,
1.83636474609375,0.8201233148574829,1.637266960124288e-05,5.380631796996375,20780,,,,,,,,,,,
1.8354999542236328,0.8725675940513611,1.6340302951838427e-05,5.385810460901087,20800,,,,,,,,,,,
1.8870941162109376,0.8431451916694641,1.6307936302433973e-05,5.3909891248058,20820,,,,,,,,,,,
1.8792007446289063,0.8418384790420532,1.627556965302952e-05,5.396167788710513,20840,,,,,,,,,,,
1.9068674087524413,0.8200912475585938,1.6243203003625066e-05,5.4013464526152255,20860,,,,,,,,,,,
1.8506456375122071,0.8425825834274292,1.6210836354220613e-05,5.406525116519938,20880,,,,,,,,,,,
1.8339809417724608,0.852865993976593,1.6178469704816156e-05,5.41170378042465,20900,,,,,,,,,,,
1.875443458557129,0.8705976605415344,1.6146103055411705e-05,5.416882444329363,20920,,,,,,,,,,,
1.9180158615112304,0.7510998845100403,1.6113736406007252e-05,5.422061108234075,20940,,,,,,,,,,,
1.8669456481933593,0.8599615097045898,1.6081369756602795e-05,5.427239772138789,20960,,,,,,,,,,,
1.9208375930786132,0.9214543104171753,1.604900310719834e-05,5.432418436043501,20980,,,,,,,,,,,
1.8679327011108398,0.8501822352409363,1.601663645779389e-05,5.4375970999482135,21000,,,,,,,,,,,
1.8641860961914063,0.891573429107666,1.5984269808389438e-05,5.442775763852926,21020,,,,,,,,,,,
1.824613380432129,0.8333351016044617,1.595190315898498e-05,5.447954427757638,21040,,,,,,,,,,,
1.903069305419922,0.7769910097122192,1.591953650958053e-05,5.453133091662351,21060,,,,,,,,,,,
1.8996688842773437,0.8913495540618896,1.5887169860176077e-05,5.458311755567063,21080,,,,,,,,,,,
1.919211196899414,0.837744951248169,1.585480321077162e-05,5.463490419471777,21100,,,,,,,,,,,
1.8836875915527345,0.8608385920524597,1.5822436561367167e-05,5.468669083376489,21120,,,,,,,,,,,
1.8638851165771484,0.8115778565406799,1.5790069911962717e-05,5.4738477472812015,21140,,,,,,,,,,,
1.8493589401245116,0.8388432860374451,1.575770326255826e-05,5.479026411185914,21160,,,,,,,,,,,
1.9364059448242188,1.0114233493804932,1.5725336613153807e-05,5.484205075090626,21180,,,,,,,,,,,
1.7805498123168946,0.8040013313293457,1.5692969963749353e-05,5.489383738995339,21200,,,,,,,,,,,
1.8585309982299805,0.8078243136405945,1.56606033143449e-05,5.494562402900052,21220,,,,,,,,,,,
1.9439294815063477,0.870266854763031,1.5628236664940446e-05,5.499741066804765,21240,,,,,,,,,,,
1.8404342651367187,0.8464513421058655,1.5595870015535993e-05,5.504919730709477,21260,,,,,,,,,,,
1.8375816345214844,0.8200299143791199,1.556350336613154e-05,5.5100983946141895,21280,,,,,,,,,,,
1.8893756866455078,0.8729869723320007,1.5531136716727085e-05,5.515277058518902,21300,,,,,,,,,,,
1.8939449310302734,0.7746432423591614,1.5498770067322632e-05,5.520455722423614,21320,,,,,,,,,,,
1.855055809020996,0.804675281047821,1.5466403417918175e-05,5.525634386328328,21340,,,,,,,,,,,
1.8028093338012696,0.8658252358436584,1.5434036768513725e-05,5.53081305023304,21360,,,,,,,,,,,
1.9095252990722655,0.8415939807891846,1.540167011910927e-05,5.535991714137753,21380,,,,,,,,,,,
1.8462940216064454,0.8755016326904297,1.5369303469704818e-05,5.541170378042465,21400,,,,,,,,,,,
1.8498113632202149,0.7934567332267761,1.533693682030036e-05,5.5463490419471775,21420,,,,,,,,,,,
1.810171127319336,0.901716411113739,1.530457017089591e-05,5.55152770585189,21440,,,,,,,,,,,
1.870109748840332,0.8509713411331177,1.5272203521491457e-05,5.556706369756602,21460,,,,,,,,,,,
1.8806882858276368,0.8646010160446167,1.5239836872087002e-05,5.561885033661316,21480,,,,,,,,,,,
1.8803525924682618,0.8329250812530518,1.5207470222682549e-05,5.567063697566028,21500,,,,,,,,,,,
1.8569654464721679,0.8231824040412903,1.5175103573278095e-05,5.572242361470741,21520,,,,,,,,,,,
1.8404346466064454,0.8963507413864136,1.514273692387364e-05,5.577421025375453,21540,,,,,,,,,,,
1.829238510131836,0.8717273473739624,1.5110370274469188e-05,5.5825996892801655,21560,,,,,,,,,,,
1.8334449768066405,0.8345857858657837,1.5078003625064735e-05,5.587778353184878,21580,,,,,,,,,,,
1.8903732299804688,0.8580065965652466,1.504563697566028e-05,5.592957017089591,21600,,,,,,,,,,,
1.8650762557983398,0.7850989103317261,1.5013270326255826e-05,5.598135680994304,21620,,,,,,,,,,,
1.8984832763671875,0.8584970235824585,1.4980903676851374e-05,5.603314344899016,21640,,,,,,,,,,,
1.9573150634765626,0.8704260587692261,1.4948537027446919e-05,5.608493008803729,21660,,,,,,,,,,,
1.8162919998168945,0.8700141310691833,1.4916170378042465e-05,5.613671672708441,21680,,,,,,,,,,,
1.8552106857299804,0.8760966062545776,1.4883803728638012e-05,5.6188503366131535,21700,,,,,,,,,,,
1.8563447952270509,0.807191014289856,1.4851437079233557e-05,5.624029000517867,21720,,,,,,,,,,,
1.8891328811645507,0.8657837510108948,1.4819070429829105e-05,5.629207664422579,21740,,,,,,,,,,,
1.8208736419677733,0.8794456124305725,1.4786703780424651e-05,5.634386328327292,21760,,,,,,,,,,,
1.8504087448120117,0.8188804984092712,1.47543371310202e-05,5.639564992232004,21780,,,,,,,,,,,
1.8553083419799805,0.8402819633483887,1.4721970481615743e-05,5.644743656136717,21800,,,,,,,,,,,
1.8748344421386718,0.8400270342826843,1.4689603832211291e-05,5.649922320041429,21820,,,,,,,,,,,
1.8959831237792968,0.9056750535964966,1.4657237182806837e-05,5.6551009839461415,21840,,,,,,,,,,,
1.8688148498535155,0.7838038802146912,1.4624870533402382e-05,5.660279647850855,21860,,,,,,,,,,,
1.8884666442871094,0.8339629173278809,1.4592503883997929e-05,5.665458311755567,21880,,,,,,,,,,,
1.8752140045166015,0.8000969886779785,1.4560137234593477e-05,5.67063697566028,21900,,,,,,,,,,,
1.9053186416625976,0.9049924612045288,1.4527770585189022e-05,5.675815639564992,21920,,,,,,,,,,,
1.8707378387451172,0.9548236131668091,1.4495403935784568e-05,5.680994303469705,21940,,,,,,,,,,,
1.8958549499511719,0.8323111534118652,1.4463037286380116e-05,5.686172967374417,21960,,,,,,,,,,,
1.861627197265625,0.8623414635658264,1.443067063697566e-05,5.69135163127913,21980,,,,,,,,,,,
1.870333480834961,0.8433868288993835,1.4398303987571208e-05,5.696530295183843,22000,,,,,,,,,,,
1.836940383911133,0.7493231892585754,1.4365937338166754e-05,5.701708959088555,22020,,,,,,,,,,,
1.919670295715332,0.9070708751678467,1.4333570688762299e-05,5.706887622993268,22040,,,,,,,,,,,
1.8692014694213868,0.8606456518173218,1.4301204039357845e-05,5.71206628689798,22060,,,,,,,,,,,
1.7936702728271485,0.9618693590164185,1.4268837389953394e-05,5.717244950802693,22080,,,,,,,,,,,
1.7877164840698243,0.9856476783752441,1.4236470740548938e-05,5.722423614707406,22100,,,,,,,,,,,
1.8517539978027344,0.9055343866348267,1.4204104091144485e-05,5.727602278612118,22120,,,,,,,,,,,
1.8321416854858399,0.8317628502845764,1.4171737441740031e-05,5.732780942516831,22140,,,,,,,,,,,
1.8882184982299806,0.8968029022216797,1.413937079233558e-05,5.737959606421543,22160,,,,,,,,,,,
1.9285470962524414,0.8344433903694153,1.4107004142931124e-05,5.743138270326256,22180,,,,,,,,,,,
1.8573549270629883,0.8797465562820435,1.4074637493526671e-05,5.748316934230968,22200,,,,,,,,,,,
1.862509536743164,0.8366207480430603,1.4042270844122219e-05,5.753495598135681,22220,,,,,,,,,,,
1.859276580810547,0.880081295967102,1.4009904194717762e-05,5.758674262040394,22240,,,,,,,,,,,
1.8544599533081054,0.8092300295829773,1.397753754531331e-05,5.763852925945106,22260,,,,,,,,,,,
1.8111234664916993,0.8452441096305847,1.3945170895908857e-05,5.769031589849819,22280,,,,,,,,,,,
1.8145782470703125,0.8313830494880676,1.3912804246504402e-05,5.774210253754531,22300,,,,,,,,,,,
1.784532356262207,0.7617248296737671,1.3880437597099948e-05,5.779388917659244,22320,,,,,,,,,,,
1.8984785079956055,0.8173249363899231,1.3848070947695496e-05,5.784567581563956,22340,,,,,,,,,,,
1.8320026397705078,0.8314935564994812,1.3815704298291041e-05,5.7897462454686694,22360,,,,,,,,,,,
1.908573532104492,0.8487666845321655,1.3783337648886588e-05,5.794924909373382,22380,,,,,,,,,,,
1.8183738708496093,0.8541380167007446,1.3750970999482136e-05,5.800103573278094,22400,,,,,,,,,,,
1.9011781692504883,0.9163224697113037,1.3718604350077679e-05,5.805282237182807,22420,,,,,,,,,,,
1.827259635925293,0.8766943216323853,1.3686237700673227e-05,5.810460901087519,22440,,,,,,,,,,,
1.8444320678710937,0.7921907901763916,1.3653871051268774e-05,5.815639564992232,22460,,,,,,,,,,,
1.849973487854004,0.8679479956626892,1.3621504401864318e-05,5.820818228896945,22480,,,,,,,,,,,
1.8420743942260742,0.896141529083252,1.3589137752459865e-05,5.8259968928016574,22500,,,,,,,,,,,
1.7863510131835938,0.8057275414466858,1.3556771103055413e-05,5.83117555670637,22520,,,,,,,,,,,
1.880251693725586,0.7835658192634583,1.3524404453650958e-05,5.836354220611082,22540,,,,,,,,,,,
1.820929718017578,0.9610595107078552,1.3492037804246504e-05,5.841532884515795,22560,,,,,,,,,,,
1.8649940490722656,0.8369578123092651,1.3459671154842051e-05,5.846711548420507,22580,,,,,,,,,,,
1.8425031661987306,0.8355583548545837,1.3427304505437599e-05,5.85189021232522,22600,,,,,,,,,,,
1.7888755798339844,0.784003496170044,1.3394937856033144e-05,5.857068876229933,22620,,,,,,,,,,,
1.8493669509887696,0.8694407343864441,1.336257120662869e-05,5.862247540134645,22640,,,,,,,,,,,
1.826706886291504,0.8258460164070129,1.3330204557224239e-05,5.867426204039358,22660,,,,,,,,,,,
1.858607292175293,0.8508338928222656,1.3297837907819782e-05,5.87260486794407,22680,,,,,,,,,,,
1.8810539245605469,0.8212997317314148,1.326547125841533e-05,5.877783531848783,22700,,,,,,,,,,,
1.9160900115966797,0.8447582125663757,1.3233104609010876e-05,5.882962195753495,22720,,,,,,,,,,,
1.9158149719238282,0.8783538937568665,1.3200737959606421e-05,5.8881408596582085,22740,,,,,,,,,,,
1.8154489517211914,0.7932919263839722,1.3168371310201968e-05,5.893319523562921,22760,,,,,,,,,,,
1.8769699096679688,0.8668708801269531,1.3136004660797516e-05,5.898498187467633,22780,,,,,,,,,,,
1.8828662872314452,0.8386094570159912,1.310363801139306e-05,5.903676851372346,22800,,,,,,,,,,,
1.855964469909668,0.8724250793457031,1.3071271361988607e-05,5.908855515277058,22820,,,,,,,,,,,
1.7938018798828126,0.852978527545929,1.3038904712584155e-05,5.914034179181771,22840,,,,,,,,,,,
1.8633079528808594,0.7971009612083435,1.3006538063179698e-05,5.919212843086484,22860,,,,,,,,,,,
1.91619815826416,0.8086801767349243,1.2974171413775247e-05,5.9243915069911965,22880,,,,,,,,,,,
1.8193630218505858,0.8520695567131042,1.2941804764370793e-05,5.929570170895909,22900,,,,,,,,,,,
1.7342437744140624,0.897210955619812,1.2909438114966338e-05,5.934748834800621,22920,,,,,,,,,,,
1.863938331604004,0.8361875414848328,1.2877071465561884e-05,5.939927498705334,22940,,,,,,,,,,,
1.8572580337524414,0.8015753030776978,1.2844704816157433e-05,5.945106162610046,22960,,,,,,,,,,,
1.8181249618530273,0.8296660780906677,1.2812338166752979e-05,5.950284826514759,22980,,,,,,,,,,,
1.7801769256591797,0.8602655529975891,1.2779971517348524e-05,5.955463490419472,23000,,,,,,,,,,,
1.8973217010498047,0.7993953227996826,1.274760486794407e-05,5.9606421543241845,23020,,,,,,,,,,,
1.8558731079101562,0.8451140522956848,1.2715238218539619e-05,5.965820818228897,23040,,,,,,,,,,,
1.8075395584106446,0.876841127872467,1.2682871569135163e-05,5.970999482133609,23060,,,,,,,,,,,
1.8976823806762695,0.7834535241127014,1.265050491973071e-05,5.976178146038322,23080,,,,,,,,,,,
1.8637527465820312,0.7950270771980286,1.2618138270326258e-05,5.981356809943034,23100,,,,,,,,,,,
1.9024623870849608,0.850813090801239,1.2585771620921801e-05,5.986535473847748,23120,,,,,,,,,,,
1.9168020248413087,0.8994303345680237,1.255340497151735e-05,5.99171413775246,23140,,,,,,,,,,,
1.8880277633666993,0.7892033457756042,1.2521038322112896e-05,5.9968928016571725,23160,,,,,,,,,,,
,,,6.0,23172,1.8415826559066772,13.591172379417847,38.291164060698215,292.1832,11.654,0.729,,,,,
1.8475431442260741,0.7740887999534607,1.2488671672708442e-05,6.002071465561885,23180,,,,,,,,,,,
1.7902767181396484,0.87981116771698,1.2456305023303987e-05,6.007250129466597,23200,,,,,,,,,,,
1.8086492538452148,0.8158751130104065,1.2423938373899535e-05,6.01242879337131,23220,,,,,,,,,,,
1.7923667907714844,0.839544415473938,1.2391571724495082e-05,6.017607457276023,23240,,,,,,,,,,,
1.8812725067138671,0.8550664186477661,1.2359205075090627e-05,6.022786121180736,23260,,,,,,,,,,,
1.8314241409301757,0.8488590121269226,1.2326838425686175e-05,6.027964785085448,23280,,,,,,,,,,,
1.8992883682250976,0.8760526180267334,1.229447177628172e-05,6.0331434489901605,23300,,,,,,,,,,,
1.8243703842163086,0.8568429350852966,1.2262105126877266e-05,6.038322112894873,23320,,,,,,,,,,,
1.7925661087036133,0.8121419548988342,1.2229738477472813e-05,6.043500776799585,23340,,,,,,,,,,,
1.8318061828613281,0.8051707744598389,1.2197371828068359e-05,6.048679440704298,23360,,,,,,,,,,,
1.8011497497558593,0.8704535365104675,1.2165005178663904e-05,6.053858104609011,23380,,,,,,,,,,,
1.8463167190551757,0.8545032739639282,1.2132638529259452e-05,6.059036768513724,23400,,,,,,,,,,,
1.8425962448120117,0.9515722393989563,1.2100271879854997e-05,6.064215432418436,23420,,,,,,,,,,,
1.8515296936035157,0.851582944393158,1.2067905230450545e-05,6.0693940963231485,23440,,,,,,,,,,,
1.830207061767578,0.8499016165733337,1.2035538581046092e-05,6.074572760227861,23460,,,,,,,,,,,
1.8271446228027344,0.9285361766815186,1.2003171931641636e-05,6.079751424132573,23480,,,,,,,,,,,
1.8670595169067383,0.8461799025535583,1.1970805282237185e-05,6.084930088037287,23500,,,,,,,,,,,
1.8687929153442382,0.8616779446601868,1.193843863283273e-05,6.090108751941999,23520,,,,,,,,,,,
1.8838497161865235,0.8843761086463928,1.1906071983428276e-05,6.095287415846712,23540,,,,,,,,,,,
1.8018779754638672,0.8148627281188965,1.1873705334023822e-05,6.100466079751424,23560,,,,,,,,,,,
1.8853982925415038,0.8939878940582275,1.1841338684619369e-05,6.1056447436561365,23580,,,,,,,,,,,
1.7955760955810547,0.858710765838623,1.1808972035214915e-05,6.110823407560849,23600,,,,,,,,,,,
1.8464973449707032,0.8494545221328735,1.1776605385810462e-05,6.116002071465562,23620,,,,,,,,,,,
1.854867172241211,0.8672205805778503,1.1744238736406007e-05,6.121180735370275,23640,,,,,,,,,,,
1.8007266998291016,0.8531652092933655,1.1711872087001555e-05,6.126359399274987,23660,,,,,,,,,,,
1.817128562927246,0.9546043872833252,1.1679505437597101e-05,6.1315380631797,23680,,,,,,,,,,,
1.829640769958496,0.8920033574104309,1.1647138788192646e-05,6.136716727084412,23700,,,,,,,,,,,
1.8579431533813477,0.8630551695823669,1.1614772138788194e-05,6.1418953909891245,23720,,,,,,,,,,,
1.8739349365234375,0.8565582633018494,1.1582405489383739e-05,6.147074054893837,23740,,,,,,,,,,,
1.8291399002075195,0.8344879150390625,1.1550038839979286e-05,6.15225271879855,23760,,,,,,,,,,,
1.8273492813110352,0.849075973033905,1.1517672190574832e-05,6.157431382703263,23780,,,,,,,,,,,
1.8451221466064454,0.7766855955123901,1.1485305541170379e-05,6.162610046607975,23800,,,,,,,,,,,
1.8100831985473633,0.8379955887794495,1.1452938891765925e-05,6.167788710512688,23820,,,,,,,,,,,
1.8533943176269532,0.8708996176719666,1.1420572242361472e-05,6.1729673744174,23840,,,,,,,,,,,
1.861655044555664,0.8567400574684143,1.1388205592957016e-05,6.1781460383221125,23860,,,,,,,,,,,
1.8593738555908204,0.8644542694091797,1.1355838943552565e-05,6.183324702226826,23880,,,,,,,,,,,
1.8267650604248047,0.7745715379714966,1.1323472294148111e-05,6.188503366131538,23900,,,,,,,,,,,
1.8273366928100585,0.8090443015098572,1.1291105644743656e-05,6.193682030036251,23920,,,,,,,,,,,
1.812990379333496,0.8975086212158203,1.1258738995339204e-05,6.198860693940963,23940,,,,,,,,,,,
1.8315717697143554,0.8780580163002014,1.1226372345934749e-05,6.204039357845676,23960,,,,,,,,,,,
1.8128170013427733,0.9236887693405151,1.1194005696530297e-05,6.209218021750388,23980,,,,,,,,,,,
1.8228740692138672,0.9017282128334045,1.1161639047125842e-05,6.214396685655101,24000,,,,,,,,,,,
1.826976203918457,0.8081223368644714,1.1129272397721388e-05,6.219575349559814,24020,,,,,,,,,,,
1.848044204711914,0.958794355392456,1.1096905748316935e-05,6.224754013464526,24040,,,,,,,,,,,
1.9101804733276366,0.8050055503845215,1.1064539098912481e-05,6.229932677369239,24060,,,,,,,,,,,
1.7957466125488282,0.7990033030509949,1.1032172449508026e-05,6.235111341273951,24080,,,,,,,,,,,
1.836722183227539,0.8045951724052429,1.0999805800103574e-05,6.240290005178664,24100,,,,,,,,,,,
1.8991342544555665,0.8294979929924011,1.096743915069912e-05,6.245468669083376,24120,,,,,,,,,,,
1.8968486785888672,0.831587553024292,1.0935072501294666e-05,6.250647332988089,24140,,,,,,,,,,,
1.8302494049072267,0.7781223058700562,1.0902705851890214e-05,6.255825996892802,24160,,,,,,,,,,,
1.8227102279663085,0.8515872955322266,1.0870339202485759e-05,6.261004660797514,24180,,,,,,,,,,,
1.875920867919922,0.8013569116592407,1.0837972553081307e-05,6.266183324702227,24200,,,,,,,,,,,
1.8165597915649414,0.8256218433380127,1.0805605903676852e-05,6.271361988606939,24220,,,,,,,,,,,
1.8798675537109375,0.8616503477096558,1.0773239254272398e-05,6.276540652511652,24240,,,,,,,,,,,
1.8391582489013671,0.9071810245513916,1.0740872604867945e-05,6.281719316416365,24260,,,,,,,,,,,
1.8509159088134766,0.9345588684082031,1.0708505955463491e-05,6.286897980321077,24280,,,,,,,,,,,
1.836529541015625,0.8264397382736206,1.0676139306059038e-05,6.29207664422579,24300,,,,,,,,,,,
1.8573877334594726,0.8933219313621521,1.0643772656654584e-05,6.297255308130502,24320,,,,,,,,,,,
1.78665771484375,0.8462038636207581,1.061140600725013e-05,6.302433972035215,24340,,,,,,,,,,,
1.8358688354492188,0.9751498699188232,1.0579039357845677e-05,6.307612635939927,24360,,,,,,,,,,,
1.8478567123413085,0.7827268242835999,1.0546672708441224e-05,6.3127912998446405,24380,,,,,,,,,,,
1.8487892150878906,0.7985045909881592,1.0514306059036768e-05,6.317969963749353,24400,,,,,,,,,,,
1.8779666900634766,0.826894223690033,1.0481939409632317e-05,6.323148627654065,24420,,,,,,,,,,,
1.863754653930664,0.8733838200569153,1.0449572760227861e-05,6.328327291558778,24440,,,,,,,,,,,
1.7713001251220704,0.7914727330207825,1.0417206110823408e-05,6.33350595546349,24460,,,,,,,,,,,
1.7700565338134766,0.8751252889633179,1.0384839461418954e-05,6.338684619368203,24480,,,,,,,,,,,
1.8280447006225586,0.8369713425636292,1.03524728120145e-05,6.343863283272915,24500,,,,,,,,,,,
1.8723463058471679,0.8401356339454651,1.0320106162610047e-05,6.3490419471776285,24520,,,,,,,,,,,
1.7898298263549806,0.8754537105560303,1.0287739513205594e-05,6.354220611082341,24540,,,,,,,,,,,
1.848017692565918,0.8344379663467407,1.025537286380114e-05,6.359399274987053,24560,,,,,,,,,,,
1.8232357025146484,0.8743672370910645,1.0223006214396687e-05,6.364577938891766,24580,,,,,,,,,,,
1.818122100830078,0.8905565738677979,1.0190639564992233e-05,6.369756602796478,24600,,,,,,,,,,,
1.7992776870727538,0.7846153378486633,1.0158272915587778e-05,6.374935266701191,24620,,,,,,,,,,,
1.9195152282714845,0.8744471669197083,1.0125906266183326e-05,6.380113930605904,24640,,,,,,,,,,,
1.8242488861083985,0.915314793586731,1.0093539616778871e-05,6.3852925945106165,24660,,,,,,,,,,,
1.8872821807861329,0.8381677269935608,1.0061172967374418e-05,6.390471258415329,24680,,,,,,,,,,,
1.8234872817993164,0.8445104956626892,1.0028806317969964e-05,6.395649922320041,24700,,,,,,,,,,,
1.8419475555419922,0.8899878263473511,9.99643966856551e-06,6.400828586224754,24720,,,,,,,,,,,
1.8404699325561524,0.9226155281066895,9.964073019161057e-06,6.406007250129466,24740,,,,,,,,,,,
1.8120798110961913,0.7524952292442322,9.931706369756604e-06,6.41118591403418,24760,,,,,,,,,,,
1.7895614624023437,0.8758797645568848,9.89933972035215e-06,6.416364577938892,24780,,,,,,,,,,,
1.8493776321411133,0.8053114414215088,9.866973070947697e-06,6.4215432418436045,24800,,,,,,,,,,,
1.8329580307006836,0.8245697617530823,9.834606421543243e-06,6.426721905748317,24820,,,,,,,,,,,
1.7999313354492188,0.8878763318061829,9.802239772138788e-06,6.431900569653029,24840,,,,,,,,,,,
1.7554306030273437,0.9316877126693726,9.769873122734336e-06,6.437079233557742,24860,,,,,,,,,,,
1.8945615768432618,0.7659223079681396,9.73750647332988e-06,6.442257897462454,24880,,,,,,,,,,,
1.9071769714355469,0.8085070848464966,9.705139823925427e-06,6.447436561367168,24900,,,,,,,,,,,
1.8300745010375976,0.8273424506187439,9.672773174520974e-06,6.45261522527188,24920,,,,,,,,,,,
1.8073822021484376,0.8366864919662476,9.64040652511652e-06,6.4577938891765925,24940,,,,,,,,,,,
1.8640682220458984,0.7930418252944946,9.608039875712067e-06,6.462972553081305,24960,,,,,,,,,,,
1.8573385238647462,0.8628320097923279,9.575673226307613e-06,6.468151216986017,24980,,,,,,,,,,,
1.8402528762817383,0.9481852650642395,9.54330657690316e-06,6.47332988089073,25000,,,,,,,,,,,
1.884898567199707,0.8618846535682678,9.510939927498706e-06,6.478508544795443,25020,,,,,,,,,,,
1.8416719436645508,0.8690508604049683,9.478573278094253e-06,6.483687208700156,25040,,,,,,,,,,,
1.8899948120117187,0.8498377203941345,9.446206628689798e-06,6.488865872604868,25060,,,,,,,,,,,
1.7956493377685547,0.9847841858863831,9.413839979285346e-06,6.4940445365095805,25080,,,,,,,,,,,
1.8310094833374024,0.8460238575935364,9.38147332988089e-06,6.499223200414293,25100,,,,,,,,,,,
1.8051485061645507,0.8515593409538269,9.349106680476437e-06,6.504401864319005,25120,,,,,,,,,,,
1.768693733215332,0.9067324995994568,9.316740031071984e-06,6.509580528223719,25140,,,,,,,,,,,
1.8045503616333007,0.8829861283302307,9.28437338166753e-06,6.514759192128431,25160,,,,,,,,,,,
1.8373409271240235,0.8022212982177734,9.252006732263077e-06,6.519937856033144,25180,,,,,,,,,,,
1.831087875366211,0.8859961032867432,9.219640082858623e-06,6.525116519937856,25200,,,,,,,,,,,
1.7670276641845704,0.8459835648536682,9.18727343345417e-06,6.5302951838425685,25220,,,,,,,,,,,
1.822179412841797,0.8612796068191528,9.154906784049716e-06,6.535473847747281,25240,,,,,,,,,,,
1.7202919006347657,0.8626905679702759,9.122540134645263e-06,6.540652511651993,25260,,,,,,,,,,,
1.8050411224365235,0.8579225540161133,9.090173485240807e-06,6.545831175556707,25280,,,,,,,,,,,
1.8029443740844726,0.8577328324317932,9.057806835836355e-06,6.551009839461419,25300,,,,,,,,,,,
1.830286979675293,0.898891031742096,9.0254401864319e-06,6.556188503366132,25320,,,,,,,,,,,
1.8221258163452148,0.8804017901420593,8.993073537027448e-06,6.561367167270844,25340,,,,,,,,,,,
1.863315963745117,0.7933638095855713,8.960706887622993e-06,6.5665458311755565,25360,,,,,,,,,,,
1.8196891784667968,0.8387658596038818,8.92834023821854e-06,6.57172449508027,25380,,,,,,,,,,,
1.812375259399414,0.8430987000465393,8.895973588814086e-06,6.576903158984982,25400,,,,,,,,,,,
1.809514617919922,0.8372382521629333,8.863606939409633e-06,6.582081822889695,25420,,,,,,,,,,,
1.8476449966430664,0.8525347113609314,8.83124029000518e-06,6.587260486794407,25440,,,,,,,,,,,
1.7940103530883789,0.8456499576568604,8.798873640600726e-06,6.59243915069912,25460,,,,,,,,,,,
1.8589759826660157,0.8992058634757996,8.766506991196272e-06,6.597617814603832,25480,,,,,,,,,,,
1.8488845825195312,0.9243897199630737,8.734140341791817e-06,6.6027964785085445,25500,,,,,,,,,,,
1.8418994903564454,0.8470169901847839,8.701773692387365e-06,6.607975142413258,25520,,,,,,,,,,,
1.8552892684936524,0.8447566628456116,8.66940704298291e-06,6.61315380631797,25540,,,,,,,,,,,
1.814427375793457,0.932564377784729,8.637040393578458e-06,6.618332470222683,25560,,,,,,,,,,,
1.7299592971801758,0.8069018125534058,8.604673744174003e-06,6.623511134127395,25580,,,,,,,,,,,
1.7956867218017578,0.8905267715454102,8.57230709476955e-06,6.628689798032108,25600,,,,,,,,,,,
1.8002937316894532,0.7862838506698608,8.539940445365096e-06,6.63386846193682,25620,,,,,,,,,,,
1.8545406341552735,0.8389374017715454,8.507573795960643e-06,6.6390471258415324,25640,,,,,,,,,,,
1.8084939956665038,0.869132399559021,8.475207146556189e-06,6.644225789746246,25660,,,,,,,,,,,
1.8166654586791993,0.8286759853363037,8.442840497151735e-06,6.649404453650958,25680,,,,,,,,,,,
1.8177703857421874,0.8973024487495422,8.410473847747282e-06,6.654583117555671,25700,,,,,,,,,,,
1.877474594116211,0.9016900658607483,8.378107198342828e-06,6.659761781460383,25720,,,,,,,,,,,
1.7585525512695312,0.8206061124801636,8.345740548938375e-06,6.664940445365096,25740,,,,,,,,,,,
1.862461471557617,0.8340957760810852,8.31337389953392e-06,6.670119109269809,25760,,,,,,,,,,,
1.7915611267089844,0.8061988353729248,8.281007250129468e-06,6.675297773174521,25780,,,,,,,,,,,
1.8149995803833008,0.8548610806465149,8.248640600725013e-06,6.680476437079234,25800,,,,,,,,,,,
1.8175630569458008,0.8823168277740479,8.21627395132056e-06,6.685655100983946,25820,,,,,,,,,,,
1.872506332397461,0.7776879072189331,8.183907301916106e-06,6.690833764888659,25840,,,,,,,,,,,
1.8036035537719726,0.8695679306983948,8.151540652511652e-06,6.696012428793371,25860,,,,,,,,,,,
1.7733386993408202,0.8380590677261353,8.119174003107199e-06,6.7011910926980836,25880,,,,,,,,,,,
1.7993057250976563,0.7877521514892578,8.086807353702745e-06,6.706369756602797,25900,,,,,,,,,,,
1.8319435119628906,0.9120224714279175,8.054440704298292e-06,6.711548420507509,25920,,,,,,,,,,,
1.927116584777832,0.8128373026847839,8.022074054893838e-06,6.716727084412222,25940,,,,,,,,,,,
1.8508018493652343,0.7664279937744141,7.989707405489385e-06,6.721905748316934,25960,,,,,,,,,,,
1.8277978897094727,0.8478506207466125,7.95734075608493e-06,6.727084412221647,25980,,,,,,,,,,,
1.815983772277832,0.8193107843399048,7.924974106680478e-06,6.732263076126359,26000,,,,,,,,,,,
1.8069513320922852,0.8838109970092773,7.892607457276023e-06,6.7374417400310715,26020,,,,,,,,,,,
1.8208263397216797,0.7623107433319092,7.860240807871569e-06,6.742620403935785,26040,,,,,,,,,,,
1.8344594955444335,0.8654428124427795,7.827874158467115e-06,6.747799067840497,26060,,,,,,,,,,,
1.8862571716308594,0.869390070438385,7.795507509062662e-06,6.75297773174521,26080,,,,,,,,,,,
1.7560380935668944,0.8818954825401306,7.763140859658208e-06,6.758156395649922,26100,,,,,,,,,,,
1.8653802871704102,0.8068481683731079,7.730774210253755e-06,6.763335059554635,26120,,,,,,,,,,,
1.8457040786743164,0.8621127605438232,7.698407560849301e-06,6.768513723459348,26140,,,,,,,,,,,
1.7762428283691407,0.8497810363769531,7.666040911444848e-06,6.77369238736406,26160,,,,,,,,,,,
1.8433612823486327,0.7882174253463745,7.633674262040394e-06,6.778871051268773,26180,,,,,,,,,,,
1.8224405288696288,0.8299016952514648,7.60130761263594e-06,6.784049715173485,26200,,,,,,,,,,,
1.8352766036987305,0.8280326724052429,7.568940963231487e-06,6.789228379078198,26220,,,,,,,,,,,
1.800750160217285,0.8233360052108765,7.536574313827033e-06,6.79440704298291,26240,,,,,,,,,,,
1.8366230010986329,0.8446350693702698,7.504207664422579e-06,6.799585706887623,26260,,,,,,,,,,,
1.8335746765136718,0.7791162729263306,7.471841015018126e-06,6.804764370792336,26280,,,,,,,,,,,
1.8594026565551758,0.848138153553009,7.439474365613672e-06,6.809943034697048,26300,,,,,,,,,,,
1.8113496780395508,0.8013590574264526,7.407107716209219e-06,6.815121698601761,26320,,,,,,,,,,,
1.8253028869628907,0.841791033744812,7.374741066804765e-06,6.820300362506473,26340,,,,,,,,,,,
1.8437110900878906,0.9074469804763794,7.34237441740031e-06,6.825479026411186,26360,,,,,,,,,,,
1.8195405960083009,0.8096708655357361,7.310007767995858e-06,6.830657690315898,26380,,,,,,,,,,,
1.8649763107299804,0.872405469417572,7.277641118591403e-06,6.835836354220611,26400,,,,,,,,,,,
1.7931798934936523,0.8569748997688293,7.24527446918695e-06,6.841015018125324,26420,,,,,,,,,,,
1.8097654342651368,0.8337769508361816,7.212907819782496e-06,6.846193682030036,26440,,,,,,,,,,,
1.7970333099365234,0.8893586993217468,7.180541170378043e-06,6.851372345934749,26460,,,,,,,,,,,
1.807230567932129,0.8890788555145264,7.14817452097359e-06,6.856551009839461,26480,,,,,,,,,,,
1.8536083221435546,0.935248076915741,7.115807871569136e-06,6.861729673744174,26500,,,,,,,,,,,
1.8522844314575195,0.8677851557731628,7.0834412221646815e-06,6.866908337648887,26520,,,,,,,,,,,
1.7759044647216797,0.8199627995491028,7.051074572760229e-06,6.8720870015535995,26540,,,,,,,,,,,
1.863170051574707,0.81207674741745,7.0187079233557745e-06,6.877265665458312,26560,,,,,,,,,,,
1.8179119110107422,0.862194836139679,6.98634127395132e-06,6.882444329363024,26580,,,,,,,,,,,
1.7992998123168946,0.7939906716346741,6.9539746245468674e-06,6.887622993267737,26600,,,,,,,,,,,
1.8379188537597657,0.8337885737419128,6.921607975142413e-06,6.892801657172449,26620,,,,,,,,,,,
1.8656599044799804,0.8378329277038574,6.88924132573796e-06,6.897980321077162,26640,,,,,,,,,,,
1.8559410095214843,0.8593592047691345,6.856874676333506e-06,6.903158984981875,26660,,,,,,,,,,,
1.756016159057617,0.866461992263794,6.8245080269290526e-06,6.9083376488865875,26680,,,,,,,,,,,
1.8000877380371094,0.8890955448150635,6.7921413775246e-06,6.9135163127913,26700,,,,,,,,,,,
1.8356372833251953,0.8979928493499756,6.7597747281201456e-06,6.918694976696012,26720,,,,,,,,,,,
1.7927053451538086,0.8398630619049072,6.727408078715691e-06,6.923873640600725,26740,,,,,,,,,,,
1.812997055053711,0.8383344411849976,6.6950414293112385e-06,6.929052304505437,26760,,,,,,,,,,,
1.8389904022216796,0.8286481499671936,6.662674779906784e-06,6.93423096841015,26780,,,,,,,,,,,
1.8497701644897462,0.7996905446052551,6.63030813050233e-06,6.939409632314863,26800,,,,,,,,,,,
1.8396099090576172,0.8003467321395874,6.597941481097877e-06,6.9445882962195755,26820,,,,,,,,,,,
1.8266056060791016,0.8069457411766052,6.565574831693423e-06,6.949766960124288,26840,,,,,,,,,,,
1.797915267944336,0.8579447865486145,6.53320818228897e-06,6.954945624029,26860,,,,,,,,,,,
1.8303415298461914,0.8329945206642151,6.500841532884517e-06,6.960124287933713,26880,,,,,,,,,,,
1.8357715606689453,0.8691121935844421,6.468474883480062e-06,6.965302951838426,26900,,,,,,,,,,,
1.867253303527832,0.8221469521522522,6.43610823407561e-06,6.970481615743139,26920,,,,,,,,,,,
1.7457372665405273,0.8971531987190247,6.403741584671155e-06,6.975660279647851,26940,,,,,,,,,,,
1.860582160949707,0.8052279353141785,6.371374935266701e-06,6.9808389435525635,26960,,,,,,,,,,,
1.8279264450073243,0.8207194209098816,6.339008285862248e-06,6.986017607457276,26980,,,,,,,,,,,
1.8113191604614258,0.8697184920310974,6.306641636457794e-06,6.991196271361988,27000,,,,,,,,,,,
1.8688053131103515,0.8487975597381592,6.27427498705334e-06,6.996374935266701,27020,,,,,,,,,,,
,,,7.0,27034,1.8233197927474976,13.9110203188848,38.68721936933511,286.1436,11.9,0.744,,,,,
1.852301025390625,0.8065064549446106,6.241908337648887e-06,7.001553599171414,27040,,,,,,,,,,,
1.8346237182617187,0.8727157115936279,6.2095416882444326e-06,7.006732263076127,27060,,,,,,,,,,,
1.8119583129882812,0.8287830948829651,6.177175038839979e-06,7.011910926980839,27080,,,,,,,,,,,
1.763239860534668,0.8498755097389221,6.144808389435526e-06,7.0170895908855515,27100,,,,,,,,,,,
1.8148862838745117,0.9201285243034363,6.112441740031073e-06,7.022268254790264,27120,,,,,,,,,,,
1.8618295669555665,0.754673182964325,6.0800750906266185e-06,7.027446918694976,27140,,,,,,,,,,,
1.7694387435913086,0.8452053666114807,6.047708441222165e-06,7.032625582599689,27160,,,,,,,,,,,
1.7811239242553711,0.86370450258255,6.0153417918177115e-06,7.037804246504402,27180,,,,,,,,,,,
1.8606454849243164,0.8848109841346741,5.982975142413258e-06,7.042982910409115,27200,,,,,,,,,,,
1.8207691192626954,0.8350656032562256,5.950608493008804e-06,7.048161574313827,27220,,,,,,,,,,,
1.8738014221191406,0.8019617199897766,5.91824184360435e-06,7.0533402382185395,27240,,,,,,,,,,,
1.7781269073486328,0.7947478890419006,5.885875194199897e-06,7.058518902123252,27260,,,,,,,,,,,
1.8408731460571288,0.8345935940742493,5.853508544795443e-06,7.063697566027964,27280,,,,,,,,,,,
1.8215791702270507,0.8090491890907288,5.821141895390989e-06,7.068876229932678,27300,,,,,,,,,,,
1.7348646163940429,0.9033514857292175,5.788775245986536e-06,7.07405489383739,27320,,,,,,,,,,,
1.7884424209594727,0.8626828193664551,5.756408596582083e-06,7.079233557742103,27340,,,,,,,,,,,
1.7654830932617187,0.828840970993042,5.724041947177628e-06,7.084412221646815,27360,,,,,,,,,,,
1.8216754913330078,0.8650318384170532,5.691675297773175e-06,7.0895908855515275,27380,,,,,,,,,,,
1.7850576400756837,0.9288404583930969,5.659308648368721e-06,7.09476954945624,27400,,,,,,,,,,,
1.7895496368408204,0.8000137209892273,5.626941998964268e-06,7.099948213360953,27420,,,,,,,,,,,
1.8441513061523438,0.8259027600288391,5.594575349559813e-06,7.105126877265666,27440,,,,,,,,,,,
1.853926658630371,0.8281109929084778,5.56220870015536e-06,7.110305541170378,27460,,,,,,,,,,,
1.8470430374145508,0.8911218643188477,5.529842050750906e-06,7.115484205075091,27480,,,,,,,,,,,
1.8342788696289063,0.9043806195259094,5.497475401346453e-06,7.120662868979803,27500,,,,,,,,,,,
1.8535818099975585,0.9822404384613037,5.465108751941999e-06,7.1258415328845155,27520,,,,,,,,,,,
1.843150520324707,0.7953612208366394,5.432742102537546e-06,7.131020196789228,27540,,,,,,,,,,,
1.84014892578125,0.8171164989471436,5.400375453133092e-06,7.136198860693941,27560,,,,,,,,,,,
1.8148529052734375,0.8255163431167603,5.368008803728639e-06,7.141377524598654,27580,,,,,,,,,,,
1.7505578994750977,0.7752089500427246,5.3356421543241845e-06,7.146556188503366,27600,,,,,,,,,,,
1.7736942291259765,0.7996589541435242,5.303275504919731e-06,7.151734852408079,27620,,,,,,,,,,,
1.8068271636962892,0.889186441898346,5.2709088555152775e-06,7.156913516312791,27640,,,,,,,,,,,
1.831488800048828,0.8665538430213928,5.238542206110824e-06,7.1620921802175035,27660,,,,,,,,,,,
1.8116399765014648,0.8937331438064575,5.20617555670637e-06,7.167270844122217,27680,,,,,,,,,,,
1.8279197692871094,0.9052758812904358,5.173808907301916e-06,7.172449508026929,27700,,,,,,,,,,,
1.8365184783935546,0.9230085611343384,5.141442257897463e-06,7.177628171931642,27720,,,,,,,,,,,
1.8277456283569335,0.85585618019104,5.109075608493009e-06,7.182806835836354,27740,,,,,,,,,,,
1.8255760192871093,0.8720737099647522,5.076708959088556e-06,7.187985499741067,27760,,,,,,,,,,,
1.7946258544921876,0.8591897487640381,5.044342309684102e-06,7.193164163645779,27780,,,,,,,,,,,
1.8277715682983398,0.8991699814796448,5.011975660279649e-06,7.198342827550492,27800,,,,,,,,,,,
1.859193992614746,0.8536882996559143,4.979609010875194e-06,7.203521491455205,27820,,,,,,,,,,,
1.7075614929199219,0.8419963121414185,4.947242361470741e-06,7.208700155359917,27840,,,,,,,,,,,
1.8135204315185547,0.8020294308662415,4.914875712066287e-06,7.21387881926463,27860,,,,,,,,,,,
1.8254085540771485,0.8180721998214722,4.882509062661834e-06,7.219057483169342,27880,,,,,,,,,,,
1.8828727722167968,0.9030044674873352,4.850142413257379e-06,7.224236147074055,27900,,,,,,,,,,,
1.815020751953125,0.8304344415664673,4.817775763852926e-06,7.229414810978767,27920,,,,,,,,,,,
1.7896732330322265,0.8333625793457031,4.785409114448472e-06,7.23459347488348,27940,,,,,,,,,,,
1.7839887619018555,0.8408528566360474,4.753042465044019e-06,7.239772138788193,27960,,,,,,,,,,,
1.758511734008789,0.8439258933067322,4.720675815639565e-06,7.244950802692905,27980,,,,,,,,,,,
1.7760488510131835,0.8160845041275024,4.688309166235112e-06,7.250129466597618,28000,,,,,,,,,,,
1.8213418960571288,0.9554502964019775,4.655942516830658e-06,7.25530813050233,28020,,,,,,,,,,,
1.765481185913086,0.8388758301734924,4.623575867426205e-06,7.260486794407043,28040,,,,,,,,,,,
1.8127851486206055,0.84883713722229,4.5912092180217505e-06,7.265665458311756,28060,,,,,,,,,,,
1.833305549621582,0.8245623111724854,4.558842568617297e-06,7.270844122216468,28080,,,,,,,,,,,
1.8193696975708007,0.8846405148506165,4.5264759192128435e-06,7.276022786121181,28100,,,,,,,,,,,
1.7684999465942384,0.872924268245697,4.494109269808389e-06,7.281201450025893,28120,,,,,,,,,,,
1.7484825134277344,0.8523287773132324,4.461742620403936e-06,7.286380113930606,28140,,,,,,,,,,,
1.7668476104736328,0.8557875156402588,4.429375970999482e-06,7.291558777835318,28160,,,,,,,,,,,
1.7898210525512694,0.7969575524330139,4.397009321595029e-06,7.2967374417400315,28180,,,,,,,,,,,
1.8353073120117187,0.8473079204559326,4.364642672190575e-06,7.301916105644744,28200,,,,,,,,,,,
1.8630840301513671,0.7993564009666443,4.332276022786122e-06,7.307094769549456,28220,,,,,,,,,,,
1.8569625854492187,0.8857220411300659,4.299909373381668e-06,7.312273433454169,28240,,,,,,,,,,,
1.789005661010742,0.910059928894043,4.267542723977215e-06,7.317452097358881,28260,,,,,,,,,,,
1.8093297958374024,0.8869258165359497,4.23517607457276e-06,7.322630761263594,28280,,,,,,,,,,,
1.914891242980957,0.8486047387123108,4.202809425168307e-06,7.327809425168306,28300,,,,,,,,,,,
1.7654378890991211,0.8071874380111694,4.170442775763853e-06,7.3329880890730195,28320,,,,,,,,,,,
1.8065351486206054,0.8915702104568481,4.1380761263594e-06,7.338166752977732,28340,,,,,,,,,,,
1.9177335739135741,0.8623366355895996,4.105709476954945e-06,7.343345416882444,28360,,,,,,,,,,,
1.7642379760742188,0.7881733775138855,4.073342827550492e-06,7.348524080787157,28380,,,,,,,,,,,
1.7859046936035157,0.8013748526573181,4.040976178146038e-06,7.353702744691869,28400,,,,,,,,,,,
1.8522212982177735,0.8352963924407959,4.008609528741585e-06,7.358881408596582,28420,,,,,,,,,,,
1.8455142974853516,0.8701364398002625,3.976242879337131e-06,7.364060072501295,28440,,,,,,,,,,,
1.821270751953125,0.9607548713684082,3.943876229932678e-06,7.3692387364060075,28460,,,,,,,,,,,
1.7908937454223632,0.7763961553573608,3.911509580528224e-06,7.37441740031072,28480,,,,,,,,,,,
1.7641441345214843,0.784950315952301,3.87914293112377e-06,7.379596064215432,28500,,,,,,,,,,,
1.7981533050537108,0.8102415204048157,3.8467762817193165e-06,7.384774728120145,28520,,,,,,,,,,,
1.8136394500732422,0.8757862448692322,3.814409632314863e-06,7.389953392024857,28540,,,,,,,,,,,
1.8307558059692384,1.0415425300598145,3.7820429829104095e-06,7.395132055929571,28560,,,,,,,,,,,
1.8310287475585938,0.8356341123580933,3.7496763335059555e-06,7.400310719834283,28580,,,,,,,,,,,
1.7764253616333008,0.862841010093689,3.717309684101502e-06,7.4054893837389955,28600,,,,,,,,,,,
1.7776569366455077,0.7721968293190002,3.6849430346970485e-06,7.410668047643708,28620,,,,,,,,,,,
1.8522588729858398,0.9319891333580017,3.652576385292595e-06,7.41584671154842,28640,,,,,,,,,,,
1.7790742874145509,0.8359832763671875,3.6202097358881407e-06,7.421025375453133,28660,,,,,,,,,,,
1.7508722305297852,0.8738107085227966,3.587843086483687e-06,7.426204039357845,28680,,,,,,,,,,,
1.8112152099609375,0.9270205497741699,3.555476437079234e-06,7.431382703262559,28700,,,,,,,,,,,
1.7935523986816406,0.8703455328941345,3.5231097876747806e-06,7.436561367167271,28720,,,,,,,,,,,
1.8723161697387696,0.8286498785018921,3.490743138270326e-06,7.4417400310719835,28740,,,,,,,,,,,
1.8129730224609375,0.803955078125,3.4583764888658727e-06,7.446918694976696,28760,,,,,,,,,,,
1.83021240234375,0.7684637904167175,3.426009839461419e-06,7.452097358881408,28780,,,,,,,,,,,
1.836618423461914,0.8350248336791992,3.3936431900569653e-06,7.457276022786121,28800,,,,,,,,,,,
1.79951171875,0.8900481462478638,3.3612765406525118e-06,7.462454686690834,28820,,,,,,,,,,,
1.7981956481933594,0.8179270625114441,3.3289098912480583e-06,7.467633350595547,28840,,,,,,,,,,,
1.8008577346801757,0.8168140053749084,3.2965432418436047e-06,7.472812014500259,28860,,,,,,,,,,,
1.8222843170166017,0.8504195213317871,3.2641765924391504e-06,7.4779906784049714,28880,,,,,,,,,,,
1.8224672317504882,0.8928452730178833,3.231809943034697e-06,7.483169342309684,28900,,,,,,,,,,,
1.797726821899414,0.8437303900718689,3.199443293630244e-06,7.488348006214396,28920,,,,,,,,,,,
1.8177804946899414,0.8449963331222534,3.1670766442257903e-06,7.49352667011911,28940,,,,,,,,,,,
1.8416547775268555,0.8666526079177856,3.134709994821336e-06,7.498705334023822,28960,,,,,,,,,,,
1.792654800415039,0.8350521922111511,3.1023433454168824e-06,7.5038839979285346,28980,,,,,,,,,,,
1.8212879180908204,0.8285223245620728,3.069976696012429e-06,7.509062661833247,29000,,,,,,,,,,,
1.8302181243896485,0.8178244233131409,3.0376100466079754e-06,7.514241325737959,29020,,,,,,,,,,,
1.8145641326904296,0.8344417810440063,3.005243397203522e-06,7.519419989642672,29040,,,,,,,,,,,
1.8542417526245116,0.8561940789222717,2.972876747799068e-06,7.524598653547384,29060,,,,,,,,,,,
1.8090080261230468,0.7885023355484009,2.9405100983946145e-06,7.529777317452098,29080,,,,,,,,,,,
1.8118314743041992,0.9321667551994324,2.9081434489901606e-06,7.53495598135681,29100,,,,,,,,,,,
1.7929794311523437,0.8259174227714539,2.875776799585707e-06,7.5401346452615226,29120,,,,,,,,,,,
1.849844741821289,0.9125500321388245,2.8434101501812535e-06,7.545313309166235,29140,,,,,,,,,,,
1.8486198425292968,0.89309161901474,2.8110435007767996e-06,7.550491973070947,29160,,,,,,,,,,,
1.8109067916870116,0.8285084962844849,2.778676851372346e-06,7.555670636975661,29180,,,,,,,,,,,
1.8650672912597657,0.8441026210784912,2.746310201967892e-06,7.560849300880373,29200,,,,,,,,,,,
1.731375503540039,0.8724884390830994,2.7139435525634387e-06,7.566027964785086,29220,,,,,,,,,,,
1.8269851684570313,0.8949974179267883,2.681576903158985e-06,7.571206628689798,29240,,,,,,,,,,,
1.8111639022827148,0.8238903284072876,2.6492102537545317e-06,7.5763852925945105,29260,,,,,,,,,,,
1.845644760131836,0.9095185995101929,2.6168436043500777e-06,7.581563956499223,29280,,,,,,,,,,,
1.742696762084961,0.8450349569320679,2.5844769549456242e-06,7.586742620403935,29300,,,,,,,,,,,
1.8306709289550782,0.8228456377983093,2.5521103055411703e-06,7.591921284308649,29320,,,,,,,,,,,
1.7864862442016602,0.8104534149169922,2.519743656136717e-06,7.597099948213361,29340,,,,,,,,,,,
1.7922595977783202,0.8514893054962158,2.4873770067322633e-06,7.602278612118074,29360,,,,,,,,,,,
1.7884449005126952,0.8772517442703247,2.4550103573278098e-06,7.607457276022786,29380,,,,,,,,,,,
1.8051334381103517,1.2003576755523682,2.422643707923356e-06,7.6126359399274985,29400,,,,,,,,,,,
1.8774457931518556,0.8539349436759949,2.3902770585189023e-06,7.617814603832211,29420,,,,,,,,,,,
1.807164192199707,0.882042407989502,2.3579104091144484e-06,7.622993267736923,29440,,,,,,,,,,,
1.8599374771118165,0.8202072978019714,2.325543759709995e-06,7.628171931641637,29460,,,,,,,,,,,
1.8044157028198242,0.8829132318496704,2.2931771103055414e-06,7.633350595546349,29480,,,,,,,,,,,
1.7958858489990235,0.8781780004501343,2.260810460901088e-06,7.638529259451062,29500,,,,,,,,,,,
1.796786117553711,0.8076577186584473,2.228443811496634e-06,7.643707923355774,29520,,,,,,,,,,,
1.806196403503418,0.8581859469413757,2.19607716209218e-06,7.6488865872604865,29540,,,,,,,,,,,
1.822718048095703,0.8617127537727356,2.1637105126877265e-06,7.6540652511652,29560,,,,,,,,,,,
1.7901723861694336,0.852718710899353,2.131343863283273e-06,7.659243915069912,29580,,,,,,,,,,,
1.819682502746582,0.8248077630996704,2.0989772138788195e-06,7.664422578974625,29600,,,,,,,,,,,
1.8311134338378907,0.8857977986335754,2.0666105644743656e-06,7.669601242879337,29620,,,,,,,,,,,
1.7862998962402343,0.8089912533760071,2.034243915069912e-06,7.67477990678405,29640,,,,,,,,,,,
1.8772371292114258,0.8041736483573914,2.001877265665458e-06,7.679958570688762,29660,,,,,,,,,,,
1.8271003723144532,0.8503433465957642,1.9695106162610046e-06,7.6851372345934745,29680,,,,,,,,,,,
1.8030509948730469,0.84623783826828,1.937143966856551e-06,7.690315898498188,29700,,,,,,,,,,,
1.8433860778808593,0.8517064452171326,1.9047773174520976e-06,7.6954945624029,29720,,,,,,,,,,,
1.8077713012695313,0.8397777676582336,1.8724106680476437e-06,7.700673226307613,29740,,,,,,,,,,,
1.756014633178711,0.8797256350517273,1.8400440186431902e-06,7.705851890212325,29760,,,,,,,,,,,
1.7904394149780274,0.7990018725395203,1.8076773692387365e-06,7.711030554117038,29780,,,,,,,,,,,
1.7683292388916017,0.8614295125007629,1.775310719834283e-06,7.71620921802175,29800,,,,,,,,,,,
1.8076383590698242,0.841675877571106,1.7429440704298293e-06,7.7213878819264625,29820,,,,,,,,,,,
1.7962261199951173,0.8518667817115784,1.7105774210253758e-06,7.726566545831176,29840,,,,,,,,,,,
1.7931934356689454,0.8115618824958801,1.6782107716209218e-06,7.731745209735888,29860,,,,,,,,,,,
1.7737464904785156,0.762722909450531,1.6458441222164683e-06,7.736923873640601,29880,,,,,,,,,,,
1.8184974670410157,0.8674997091293335,1.6134774728120146e-06,7.742102537545313,29900,,,,,,,,,,,
1.8410329818725586,0.8636921644210815,1.5811108234075607e-06,7.747281201450026,29920,,,,,,,,,,,
1.7995807647705078,0.7941376566886902,1.5487441740031074e-06,7.752459865354739,29940,,,,,,,,,,,
1.8402036666870116,0.7991200685501099,1.5163775245986537e-06,7.757638529259451,29960,,,,,,,,,,,
1.8351827621459962,0.81805020570755,1.4840108751942e-06,7.762817193164164,29980,,,,,,,,,,,
1.7715328216552735,0.7385438680648804,1.4516442257897464e-06,7.767995857068876,30000,,,,,,,,,,,
1.7307092666625976,0.9001412391662598,1.4192775763852927e-06,7.773174520973589,30020,,,,,,,,,,,
1.791752815246582,0.8652591109275818,1.386910926980839e-06,7.778353184878301,30040,,,,,,,,,,,
1.8447637557983398,0.8557040691375732,1.3545442775763855e-06,7.783531848783014,30060,,,,,,,,,,,
1.8418529510498047,0.8230346441268921,1.3221776281719316e-06,7.788710512687727,30080,,,,,,,,,,,
1.7673385620117188,0.7907834053039551,1.289810978767478e-06,7.793889176592439,30100,,,,,,,,,,,
1.8322071075439452,0.8703740239143372,1.2574443293630243e-06,7.799067840497152,30120,,,,,,,,,,,
1.8002809524536132,0.7940216064453125,1.2250776799585706e-06,7.804246504401864,30140,,,,,,,,,,,
1.8233400344848634,0.8796140551567078,1.1927110305541171e-06,7.809425168306577,30160,,,,,,,,,,,
1.8072647094726562,0.8353028893470764,1.1603443811496634e-06,7.814603832211289,30180,,,,,,,,,,,
1.7905355453491212,0.8800145387649536,1.1279777317452097e-06,7.819782496116002,30200,,,,,,,,,,,
1.8591386795043945,0.8538227677345276,1.0956110823407562e-06,7.824961160020715,30220,,,,,,,,,,,
1.8102298736572267,0.8592015504837036,1.0632444329363025e-06,7.830139823925427,30240,,,,,,,,,,,
1.8176593780517578,0.8333106637001038,1.0308777835318487e-06,7.83531848783014,30260,,,,,,,,,,,
1.7685564041137696,0.8148617148399353,9.985111341273952e-07,7.840497151734852,30280,,,,,,,,,,,
1.7752283096313477,0.8867077827453613,9.661444847229415e-07,7.845675815639565,30300,,,,,,,,,,,
1.8004926681518554,0.8328424692153931,9.337778353184879e-07,7.850854479544278,30320,,,,,,,,,,,
1.7888866424560548,0.8770112991333008,9.014111859140343e-07,7.8560331434489905,30340,,,,,,,,,,,
1.8069738388061523,0.8630672693252563,8.690445365095806e-07,7.861211807353703,30360,,,,,,,,,,,
1.8056358337402343,0.8456603288650513,8.36677887105127e-07,7.866390471258415,30380,,,,,,,,,,,
1.7991329193115235,0.7780054211616516,8.043112377006734e-07,7.871569135163128,30400,,,,,,,,,,,
1.8285709381103517,0.9515042304992676,7.719445882962196e-07,7.87674779906784,30420,,,,,,,,,,,
1.8434114456176758,0.945262610912323,7.395779388917659e-07,7.881926462972553,30440,,,,,,,,,,,
1.8179149627685547,0.8569825291633606,7.072112894873123e-07,7.887105126877266,30460,,,,,,,,,,,
1.8304662704467773,0.8374302983283997,6.748446400828587e-07,7.8922837907819785,30480,,,,,,,,,,,
1.8096506118774414,0.9184728264808655,6.424779906784051e-07,7.897462454686691,30500,,,,,,,,,,,
1.8270675659179687,0.8031615614891052,6.101113412739514e-07,7.902641118591403,30520,,,,,,,,,,,
1.8271677017211914,0.7741398215293884,5.777446918694976e-07,7.907819782496116,30540,,,,,,,,,,,
1.8162437438964845,0.7977880835533142,5.45378042465044e-07,7.912998446400828,30560,,,,,,,,,,,
1.7708610534667968,0.8562947511672974,5.130113930605904e-07,7.918177110305541,30580,,,,,,,,,,,
1.747105026245117,0.894145131111145,4.806447436561367e-07,7.923355774210254,30600,,,,,,,,,,,
1.8917869567871093,0.8532787561416626,4.482780942516831e-07,7.9285344381149665,30620,,,,,,,,,,,
1.7734739303588867,0.8392372131347656,4.159114448472294e-07,7.933713102019679,30640,,,,,,,,,,,
1.7974369049072265,0.827442467212677,3.835447954427758e-07,7.938891765924391,30660,,,,,,,,,,,
1.804034423828125,0.8234959840774536,3.511781460383221e-07,7.944070429829104,30680,,,,,,,,,,,
1.8016960144042968,0.8658130764961243,3.188114966338685e-07,7.949249093733817,30700,,,,,,,,,,,
1.8047637939453125,0.8607506155967712,2.864448472294148e-07,7.95442775763853,30720,,,,,,,,,,,
1.7965120315551757,0.8740201592445374,2.540781978249612e-07,7.959606421543242,30740,,,,,,,,,,,
1.807444953918457,0.8462648987770081,2.217115484205075e-07,7.9647850854479545,30760,,,,,,,,,,,
1.797887420654297,0.9128159284591675,1.8934489901605388e-07,7.969963749352667,30780,,,,,,,,,,,
1.7844293594360352,0.850256621837616,1.5697824961160021e-07,7.975142413257379,30800,,,,,,,,,,,
1.776342010498047,0.8304808735847473,1.2461160020714658e-07,7.980321077162092,30820,,,,,,,,,,,
1.8115055084228515,0.8579668402671814,9.224495080269291e-08,7.985499741066805,30840,,,,,,,,,,,
1.835787010192871,0.8462750315666199,5.987830139823926e-08,7.990678404971518,30860,,,,,,,,,,,
1.8785381317138672,0.8533949255943298,2.75116519937856e-08,7.99585706887623,30880,,,,,,,,,,,
,,,8.0,30896,1.8170223236083984,13.846675114184258,38.766980340613294,288.716,11.794,0.738,,,,,
,,,8.0,30896,,,,,,,6907.3978,143.114,4.473,1.3146032559685632e+17,2.1472344979420033
