loss,grad_norm,learning_rate,epoch,step,eval_loss,eval_bleu,eval_chrf2pp,eval_runtime,eval_samples_per_second,eval_steps_per_second,train_runtime,train_samples_per_second,train_steps_per_second,total_flos,train_loss
4.934309768676758,1.2189425230026245,4.996925168306577e-05,0.005178663904712584,20,,,,,,,,,,,
4.176177215576172,0.9986599683761597,4.993688503366132e-05,0.010357327809425169,40,,,,,,,,,,,
3.7884441375732423,1.205855369567871,4.990451838425687e-05,0.015535991714137753,60,,,,,,,,,,,
3.5053585052490233,1.108642816543579,4.987215173485241e-05,0.020714655618850338,80,,,,,,,,,,,
3.435442352294922,1.1038854122161865,4.9839785085447954e-05,0.02589331952356292,100,,,,,,,,,,,
3.2630260467529295,1.1396102905273438,4.9807418436043504e-05,0.031071983428275506,120,,,,,,,,,,,
3.1737375259399414,1.1601744890213013,4.977505178663905e-05,0.03625064733298809,140,,,,,,,,,,,
3.1538007736206053,1.111091136932373,4.97426851372346e-05,0.041429311237700675,160,,,,,,,,,,,
2.9406938552856445,1.275025486946106,4.971031848783014e-05,0.04660797514241326,180,,,,,,,,,,,
2.913321685791016,1.1009714603424072,4.967795183842569e-05,0.05178663904712584,200,,,,,,,,,,,
2.8440807342529295,1.0359326601028442,4.964558518902124e-05,0.05696530295183842,220,,,,,,,,,,,
2.849356269836426,1.2040648460388184,4.9613218539616776e-05,0.06214396685655101,240,,,,,,,,,,,
2.7350820541381835,1.045058250427246,4.9580851890212326e-05,0.06732263076126359,260,,,,,,,,,,,
2.7398088455200194,1.1273424625396729,4.9548485240807876e-05,0.07250129466597618,280,,,,,,,,,,,
2.6663629531860353,1.079015851020813,4.951611859140342e-05,0.07767995857068877,300,,,,,,,,,,,
2.632501983642578,1.1079832315444946,4.948375194199897e-05,0.08285862247540135,320,,,,,,,,,,,
2.5835763931274416,1.119523048400879,4.945138529259451e-05,0.08803728638011393,340,,,,,,,,,,,
2.582610511779785,1.1153485774993896,4.9419018643190055e-05,0.09321595028482652,360,,,,,,,,,,,
2.539693260192871,1.1808488368988037,4.9386651993785605e-05,0.0983946141895391,380,,,,,,,,,,,
2.4781625747680662,1.1747167110443115,4.935428534438115e-05,0.10357327809425168,400,,,,,,,,,,,
2.4560688018798826,1.282464623451233,4.93219186949767e-05,0.10875194199896426,420,,,,,,,,,,,
2.4509599685668944,1.101335048675537,4.928955204557225e-05,0.11393060590367685,440,,,,,,,,,,,
2.4694025039672853,1.1636013984680176,4.925718539616779e-05,0.11910926980838944,460,,,,,,,,,,,
2.457552909851074,1.090223789215088,4.9224818746763334e-05,0.12428793371310203,480,,,,,,,,,,,
2.3888477325439452,0.9716429114341736,4.9192452097358884e-05,0.1294665976178146,500,,,,,,,,,,,
2.391903305053711,1.068871021270752,4.916008544795443e-05,0.13464526152252718,520,,,,,,,,,,,
2.388539695739746,1.1936172246932983,4.912771879854998e-05,0.13982392542723976,540,,,,,,,,,,,
2.390116500854492,1.0556708574295044,4.909535214914553e-05,0.14500258933195237,560,,,,,,,,,,,
2.30079345703125,1.0882759094238281,4.906298549974107e-05,0.15018125323666495,580,,,,,,,,,,,
2.2231300354003904,1.1004425287246704,4.903061885033662e-05,0.15535991714137753,600,,,,,,,,,,,
2.2748224258422853,1.0923389196395874,4.899825220093216e-05,0.16053858104609012,620,,,,,,,,,,,
2.232024002075195,1.079818844795227,4.8965885551527706e-05,0.1657172449508027,640,,,,,,,,,,,
2.2934669494628905,1.0942895412445068,4.8933518902123256e-05,0.17089590885551528,660,,,,,,,,,,,
2.233973503112793,1.3461313247680664,4.89011522527188e-05,0.17607457276022787,680,,,,,,,,,,,
2.2123132705688477,0.9989268183708191,4.886878560331435e-05,0.18125323666494045,700,,,,,,,,,,,
2.1280616760253905,1.2031333446502686,4.88364189539099e-05,0.18643190056965303,720,,,,,,,,,,,
2.208565902709961,0.9981876611709595,4.8804052304505435e-05,0.1916105644743656,740,,,,,,,,,,,
2.169658660888672,1.1360540390014648,4.8771685655100985e-05,0.1967892283790782,760,,,,,,,,,,,
2.172527885437012,1.037171483039856,4.8739319005696535e-05,0.20196789228379078,780,,,,,,,,,,,
2.118035888671875,0.9936862587928772,4.870695235629208e-05,0.20714655618850336,800,,,,,,,,,,,
2.065130043029785,1.0283440351486206,4.867458570688763e-05,0.21232522009321594,820,,,,,,,,,,,
2.135935401916504,1.0370516777038574,4.864221905748317e-05,0.21750388399792853,840,,,,,,,,,,,
2.1344120025634767,1.057084321975708,4.8609852408078714e-05,0.2226825479026411,860,,,,,,,,,,,
2.0038215637207033,0.974591076374054,4.8577485758674264e-05,0.2278612118073537,880,,,,,,,,,,,
2.056319808959961,1.135422945022583,4.854511910926981e-05,0.23303987571206627,900,,,,,,,,,,,
2.0706424713134766,1.1259156465530396,4.851275245986536e-05,0.23821853961677888,920,,,,,,,,,,,
1.9790632247924804,1.0250550508499146,4.848038581046091e-05,0.24339720352149147,940,,,,,,,,,,,
2.0645414352416993,1.0138481855392456,4.844801916105645e-05,0.24857586742620405,960,,,,,,,,,,,
2.0231201171875,1.0537806749343872,4.8415652511652e-05,0.25375453133091663,980,,,,,,,,,,,
1.9909666061401368,1.0172274112701416,4.838328586224754e-05,0.2589331952356292,1000,,,,,,,,,,,
1.9882024765014648,1.1383819580078125,4.8350919212843086e-05,0.2641118591403418,1020,,,,,,,,,,,
1.9876358032226562,1.2458795309066772,4.8318552563438636e-05,0.26929052304505435,1040,,,,,,,,,,,
1.9830944061279296,0.9675980806350708,4.828618591403418e-05,0.27446918694976696,1060,,,,,,,,,,,
1.9864322662353515,1.0525057315826416,4.825381926462973e-05,0.2796478508544795,1080,,,,,,,,,,,
1.9677173614501953,1.0155808925628662,4.822145261522528e-05,0.28482651475919213,1100,,,,,,,,,,,
1.8737371444702149,1.0514479875564575,4.8189085965820815e-05,0.29000517866390474,1120,,,,,,,,,,,
1.9054836273193358,1.0361320972442627,4.8156719316416365e-05,0.2951838425686173,1140,,,,,,,,,,,
1.8959770202636719,0.9546524286270142,4.8124352667011915e-05,0.3003625064733299,1160,,,,,,,,,,,
1.855262565612793,1.0610698461532593,4.809198601760746e-05,0.30554117037804246,1180,,,,,,,,,,,
1.8402830123901368,1.0996474027633667,4.805961936820301e-05,0.31071983428275507,1200,,,,,,,,,,,
1.7938749313354492,0.9453821778297424,4.802725271879855e-05,0.3158984981874676,1220,,,,,,,,,,,
1.9256273269653321,1.0851308107376099,4.7994886069394094e-05,0.32107716209218023,1240,,,,,,,,,,,
1.8896949768066407,0.9455935955047607,4.7962519419989644e-05,0.3262558259968928,1260,,,,,,,,,,,
1.8557384490966797,1.1058355569839478,4.793015277058519e-05,0.3314344899016054,1280,,,,,,,,,,,
1.872726821899414,0.9779736995697021,4.789778612118074e-05,0.33661315380631796,1300,,,,,,,,,,,
1.7792648315429687,0.9805116057395935,4.786541947177629e-05,0.34179181771103057,1320,,,,,,,,,,,
1.85511474609375,1.0595837831497192,4.783305282237183e-05,0.3469704816157431,1340,,,,,,,,,,,
1.8515342712402343,1.0131158828735352,4.780068617296738e-05,0.35214914552045573,1360,,,,,,,,,,,
1.7988746643066407,1.0320028066635132,4.776831952356292e-05,0.3573278094251683,1380,,,,,,,,,,,
1.814621925354004,1.0239614248275757,4.7735952874158466e-05,0.3625064733298809,1400,,,,,,,,,,,
1.7611343383789062,0.9654085040092468,4.7703586224754016e-05,0.36768513723459345,1420,,,,,,,,,,,
1.7071266174316406,1.027214765548706,4.7671219575349566e-05,0.37286380113930606,1440,,,,,,,,,,,
1.778153419494629,1.1627188920974731,4.763885292594511e-05,0.3780424650440186,1460,,,,,,,,,,,
1.807826614379883,0.9601638913154602,4.760648627654066e-05,0.3832211289487312,1480,,,,,,,,,,,
1.8095476150512695,1.1419687271118164,4.75741196271362e-05,0.38839979285344384,1500,,,,,,,,,,,
1.7386577606201172,1.0525609254837036,4.7541752977731745e-05,0.3935784567581564,1520,,,,,,,,,,,
1.7267093658447266,1.0485750436782837,4.7509386328327295e-05,0.398757120662869,1540,,,,,,,,,,,
1.841079330444336,1.1667516231536865,4.747701967892284e-05,0.40393578456758156,1560,,,,,,,,,,,
1.7385219573974608,1.0512436628341675,4.744465302951839e-05,0.40911444847229417,1580,,,,,,,,,,,
1.7514883041381837,1.045968770980835,4.741228638011394e-05,0.4142931123770067,1600,,,,,,,,,,,
1.7503467559814454,0.9694157242774963,4.7379919730709474e-05,0.41947177628171933,1620,,,,,,,,,,,
1.780097198486328,1.0790116786956787,4.7347553081305024e-05,0.4246504401864319,1640,,,,,,,,,,,
1.752553939819336,0.9837104082107544,4.7315186431900574e-05,0.4298291040911445,1660,,,,,,,,,,,
1.675623893737793,0.9360517859458923,4.728281978249612e-05,0.43500776799585705,1680,,,,,,,,,,,
1.6278095245361328,1.0875192880630493,4.725045313309167e-05,0.44018643190056966,1700,,,,,,,,,,,
1.7029644012451173,1.031728744506836,4.721808648368721e-05,0.4453650958052822,1720,,,,,,,,,,,
1.718439483642578,0.947066605091095,4.718571983428276e-05,0.45054375970999483,1740,,,,,,,,,,,
1.659956169128418,1.125820517539978,4.71533531848783e-05,0.4557224236147074,1760,,,,,,,,,,,
1.7122982025146485,1.024225115776062,4.7120986535473846e-05,0.46090108751942,1780,,,,,,,,,,,
1.706343650817871,1.0965672731399536,4.7088619886069396e-05,0.46607975142413255,1800,,,,,,,,,,,
1.7263771057128907,1.1108782291412354,4.7056253236664946e-05,0.47125841532884516,1820,,,,,,,,,,,
1.7186229705810547,1.0752099752426147,4.702388658726049e-05,0.47643707923355777,1840,,,,,,,,,,,
1.6432674407958985,1.0042343139648438,4.699151993785604e-05,0.4816157431382703,1860,,,,,,,,,,,
1.6484649658203125,1.010500192642212,4.695915328845158e-05,0.48679440704298294,1880,,,,,,,,,,,
1.6487739562988282,1.1205670833587646,4.6926786639047125e-05,0.4919730709476955,1900,,,,,,,,,,,
1.694551658630371,1.1905889511108398,4.6894419989642675e-05,0.4971517348524081,1920,,,,,,,,,,,
1.678617286682129,1.0956857204437256,4.686205334023822e-05,0.5023303987571207,1940,,,,,,,,,,,
1.603742790222168,0.9844616055488586,4.682968669083377e-05,0.5075090626618333,1960,,,,,,,,,,,
1.578220748901367,1.1622343063354492,4.679732004142932e-05,0.5126877265665458,1980,,,,,,,,,,,
1.629248809814453,0.9826818108558655,4.6764953392024854e-05,0.5178663904712584,2000,,,,,,,,,,,
1.6853532791137695,1.0527479648590088,4.6732586742620404e-05,0.523045054375971,2020,,,,,,,,,,,
1.6750850677490234,1.0365701913833618,4.6700220093215954e-05,0.5282237182806836,2040,,,,,,,,,,,
1.594861888885498,1.0832083225250244,4.66678534438115e-05,0.5334023821853962,2060,,,,,,,,,,,
1.5885416984558105,0.9243684411048889,4.663548679440705e-05,0.5385810460901087,2080,,,,,,,,,,,
1.6637659072875977,0.9985058307647705,4.660312014500259e-05,0.5437597099948214,2100,,,,,,,,,,,
1.591114616394043,1.020612359046936,4.657075349559814e-05,0.5489383738995339,2120,,,,,,,,,,,
1.611366081237793,1.0064200162887573,4.653838684619368e-05,0.5541170378042465,2140,,,,,,,,,,,
1.5678114891052246,1.0787395238876343,4.6506020196789226e-05,0.559295701708959,2160,,,,,,,,,,,
1.573831558227539,0.9887380003929138,4.6473653547384776e-05,0.5644743656136717,2180,,,,,,,,,,,
1.5653432846069335,1.1466282606124878,4.6441286897980326e-05,0.5696530295183843,2200,,,,,,,,,,,
1.6426958084106444,1.012978196144104,4.640892024857587e-05,0.5748316934230968,2220,,,,,,,,,,,
1.6057613372802735,1.1803123950958252,4.637655359917142e-05,0.5800103573278095,2240,,,,,,,,,,,
1.509085464477539,0.9157600402832031,4.634418694976696e-05,0.585189021232522,2260,,,,,,,,,,,
1.5581032752990722,1.032462477684021,4.6311820300362505e-05,0.5903676851372346,2280,,,,,,,,,,,
1.5844944953918456,1.0771716833114624,4.6279453650958055e-05,0.5955463490419471,2300,,,,,,,,,,,
1.556832218170166,1.1002111434936523,4.6247087001553605e-05,0.6007250129466598,2320,,,,,,,,,,,
1.5354423522949219,1.1284350156784058,4.621472035214915e-05,0.6059036768513724,2340,,,,,,,,,,,
1.5841941833496094,1.0829136371612549,4.61823537027447e-05,0.6110823407560849,2360,,,,,,,,,,,
1.4956424713134766,0.9784673452377319,4.614998705334024e-05,0.6162610046607975,2380,,,,,,,,,,,
1.5465928077697755,0.9897058010101318,4.6117620403935784e-05,0.6214396685655101,2400,,,,,,,,,,,
1.53480863571167,1.0297069549560547,4.6085253754531334e-05,0.6266183324702227,2420,,,,,,,,,,,
1.6105697631835938,1.1093703508377075,4.605288710512688e-05,0.6317969963749352,2440,,,,,,,,,,,
1.4903706550598144,0.990069568157196,4.602052045572243e-05,0.6369756602796478,2460,,,,,,,,,,,
1.594156551361084,1.0398788452148438,4.598815380631798e-05,0.6421543241843605,2480,,,,,,,,,,,
1.5332892417907715,0.9695877432823181,4.595578715691352e-05,0.647332988089073,2500,,,,,,,,,,,
1.4649940490722657,0.9794214367866516,4.592342050750906e-05,0.6525116519937856,2520,,,,,,,,,,,
1.4535805702209472,1.040832757949829,4.589105385810461e-05,0.6576903158984981,2540,,,,,,,,,,,
1.5782971382141113,0.9795675277709961,4.5858687208700156e-05,0.6628689798032108,2560,,,,,,,,,,,
1.4665627479553223,1.0136059522628784,4.5826320559295706e-05,0.6680476437079234,2580,,,,,,,,,,,
1.5779829025268555,1.0062601566314697,4.579395390989125e-05,0.6732263076126359,2600,,,,,,,,,,,
1.5255552291870118,1.0417202711105347,4.57615872604868e-05,0.6784049715173486,2620,,,,,,,,,,,
1.4761033058166504,1.089543104171753,4.572922061108234e-05,0.6835836354220611,2640,,,,,,,,,,,
1.4985293388366698,1.1818432807922363,4.5696853961677885e-05,0.6887622993267737,2660,,,,,,,,,,,
1.5095218658447265,0.9977704286575317,4.5664487312273435e-05,0.6939409632314862,2680,,,,,,,,,,,
1.404434585571289,1.1047604084014893,4.5632120662868985e-05,0.6991196271361989,2700,,,,,,,,,,,
1.5075298309326173,1.104332447052002,4.559975401346453e-05,0.7042982910409115,2720,,,,,,,,,,,
1.4569876670837403,1.0703871250152588,4.556738736406008e-05,0.709476954945624,2740,,,,,,,,,,,
1.479854679107666,1.080614447593689,4.553502071465562e-05,0.7146556188503366,2760,,,,,,,,,,,
1.4707813262939453,1.2063254117965698,4.5502654065251164e-05,0.7198342827550492,2780,,,,,,,,,,,
1.4180682182312012,1.3658660650253296,4.5470287415846714e-05,0.7250129466597618,2800,,,,,,,,,,,
1.4700273513793944,0.9400768280029297,4.543792076644226e-05,0.7301916105644743,2820,,,,,,,,,,,
1.4811330795288087,1.0922362804412842,4.540555411703781e-05,0.7353702744691869,2840,,,,,,,,,,,
1.4413486480712892,1.0618985891342163,4.537318746763336e-05,0.7405489383738996,2860,,,,,,,,,,,
1.4477896690368652,1.075806736946106,4.53408208182289e-05,0.7457276022786121,2880,,,,,,,,,,,
1.4148279190063477,0.9003137350082397,4.530845416882444e-05,0.7509062661833247,2900,,,,,,,,,,,
1.4241840362548828,0.939811646938324,4.527608751941999e-05,0.7560849300880372,2920,,,,,,,,,,,
1.4395578384399415,1.0668375492095947,4.5243720870015536e-05,0.7612635939927499,2940,,,,,,,,,,,
1.40206880569458,1.0371044874191284,4.5211354220611086e-05,0.7664422578974625,2960,,,,,,,,,,,
1.3930273056030273,1.162402868270874,4.517898757120663e-05,0.771620921802175,2980,,,,,,,,,,,
1.4165376663208007,1.0762557983398438,4.514662092180218e-05,0.7767995857068877,3000,,,,,,,,,,,
1.458120346069336,1.0146794319152832,4.511425427239772e-05,0.7819782496116002,3020,,,,,,,,,,,
1.4441239356994628,0.9575926661491394,4.5081887622993265e-05,0.7871569135163128,3040,,,,,,,,,,,
1.3923309326171875,0.9957417845726013,4.5049520973588815e-05,0.7923355774210253,3060,,,,,,,,,,,
1.4383133888244628,1.0613223314285278,4.5017154324184365e-05,0.797514241325738,3080,,,,,,,,,,,
1.4068450927734375,1.0308935642242432,4.498478767477991e-05,0.8026929052304506,3100,,,,,,,,,,,
1.432569980621338,1.0106027126312256,4.495242102537546e-05,0.8078715691351631,3120,,,,,,,,,,,
1.3554096221923828,0.9724969863891602,4.4920054375971e-05,0.8130502330398757,3140,,,,,,,,,,,
1.38183536529541,1.0897282361984253,4.4887687726566544e-05,0.8182288969445883,3160,,,,,,,,,,,
1.3595896720886231,1.0440901517868042,4.4855321077162094e-05,0.8234075608493009,3180,,,,,,,,,,,
1.3535491943359375,1.0400420427322388,4.4822954427757644e-05,0.8285862247540134,3200,,,,,,,,,,,
1.4093544006347656,1.1165376901626587,4.479058777835319e-05,0.833764888658726,3220,,,,,,,,,,,
1.384341335296631,0.9644109606742859,4.475822112894874e-05,0.8389435525634387,3240,,,,,,,,,,,
1.433362865447998,1.0377559661865234,4.472585447954428e-05,0.8441222164681512,3260,,,,,,,,,,,
1.3861915588378906,1.0695524215698242,4.469348783013982e-05,0.8493008803728638,3280,,,,,,,,,,,
1.339817428588867,0.9914774894714355,4.466112118073537e-05,0.8544795442775763,3300,,,,,,,,,,,
1.4005975723266602,1.0130813121795654,4.4628754531330916e-05,0.859658208182289,3320,,,,,,,,,,,
1.3491012573242187,1.013419270515442,4.4596387881926466e-05,0.8648368720870016,3340,,,,,,,,,,,
1.3689732551574707,1.0030083656311035,4.4564021232522016e-05,0.8700155359917141,3360,,,,,,,,,,,
1.399680995941162,1.073280930519104,4.453165458311756e-05,0.8751941998964268,3380,,,,,,,,,,,
1.398727035522461,1.1029249429702759,4.44992879337131e-05,0.8803728638011393,3400,,,,,,,,,,,
1.352994155883789,1.113053560256958,4.446692128430865e-05,0.8855515277058519,3420,,,,,,,,,,,
1.3290322303771973,1.0829637050628662,4.4434554634904195e-05,0.8907301916105644,3440,,,,,,,,,,,
1.3489840507507325,1.041414499282837,4.4402187985499745e-05,0.8959088555152771,3460,,,,,,,,,,,
1.332954502105713,0.8560559749603271,4.436982133609529e-05,0.9010875194199897,3480,,,,,,,,,,,
1.3248445510864257,1.055256724357605,4.433745468669084e-05,0.9062661833247022,3500,,,,,,,,,,,
1.33839111328125,1.1479942798614502,4.430508803728638e-05,0.9114448472294148,3520,,,,,,,,,,,
1.371784496307373,1.0400218963623047,4.4272721387881924e-05,0.9166235111341274,3540,,,,,,,,,,,
1.384953212738037,1.0991166830062866,4.4240354738477474e-05,0.92180217503884,3560,,,,,,,,,,,
1.3700276374816895,0.9919337630271912,4.4207988089073024e-05,0.9269808389435525,3580,,,,,,,,,,,
1.3125228881835938,0.9770188331604004,4.417562143966857e-05,0.9321595028482651,3600,,,,,,,,,,,
1.3061332702636719,1.1704710721969604,4.414325479026412e-05,0.9373381667529778,3620,,,,,,,,,,,
1.327617073059082,1.0645463466644287,4.411088814085966e-05,0.9425168306576903,3640,,,,,,,,,,,
1.2877668380737304,1.0730130672454834,4.40785214914552e-05,0.9476954945624029,3660,,,,,,,,,,,
1.292954158782959,1.0587660074234009,4.404615484205075e-05,0.9528741584671155,3680,,,,,,,,,,,
1.3138179779052734,1.102362036705017,4.4013788192646296e-05,0.9580528223718281,3700,,,,,,,,,,,
1.2788902282714845,1.0139002799987793,4.3981421543241846e-05,0.9632314862765406,3720,,,,,,,,,,,
1.311571216583252,0.978546679019928,4.3949054893837396e-05,0.9684101501812532,3740,,,,,,,,,,,
1.2843196868896485,0.9917224645614624,4.391668824443294e-05,0.9735888140859659,3760,,,,,,,,,,,
1.330873394012451,1.050383448600769,4.388432159502848e-05,0.9787674779906784,3780,,,,,,,,,,,
1.283879566192627,0.9194082021713257,4.385195494562403e-05,0.983946141895391,3800,,,,,,,,,,,
1.3924978256225586,1.0894464254379272,4.3819588296219575e-05,0.9891248058001035,3820,,,,,,,,,,,
1.3393951416015626,1.1213204860687256,4.3787221646815125e-05,0.9943034697048162,3840,,,,,,,,,,,
1.3103998184204102,0.9966107606887817,4.375485499741067e-05,0.9994821336095288,3860,,,,,,,,,,,
,,,1.0,3862,1.4439191818237305,21.21171458511992,45.489242088252205,259.6402,13.114,0.82,,,,,
1.2326889991760255,1.052537202835083,4.372248834800622e-05,1.0046607975142414,3880,,,,,,,,,,,
1.2112313270568849,1.0542398691177368,4.369012169860176e-05,1.0098394614189539,3900,,,,,,,,,,,
1.2382240295410156,0.9028125405311584,4.3657755049197304e-05,1.0150181253236665,3920,,,,,,,,,,,
1.2248151779174805,0.9663658738136292,4.3625388399792854e-05,1.020196789228379,3940,,,,,,,,,,,
1.2863720893859862,1.09824538230896,4.3593021750388404e-05,1.0253754531330916,3960,,,,,,,,,,,
1.21075496673584,1.1445181369781494,4.356065510098395e-05,1.0305541170378043,3980,,,,,,,,,,,
1.2924127578735352,0.9671027660369873,4.35282884515795e-05,1.0357327809425168,4000,,,,,,,,,,,
1.1974640846252442,1.089942455291748,4.349592180217505e-05,1.0409114448472294,4020,,,,,,,,,,,
1.1869855880737306,1.0024259090423584,4.346355515277058e-05,1.046090108751942,4040,,,,,,,,,,,
1.2190232276916504,1.1618350744247437,4.343118850336613e-05,1.0512687726566545,4060,,,,,,,,,,,
1.2615554809570313,0.982917308807373,4.339882185396168e-05,1.0564474365613672,4080,,,,,,,,,,,
1.2395936965942382,1.003335952758789,4.3366455204557226e-05,1.0616261004660799,4100,,,,,,,,,,,
1.2587715148925782,1.2210017442703247,4.3334088555152776e-05,1.0668047643707923,4120,,,,,,,,,,,
1.236086940765381,1.068114161491394,4.330172190574832e-05,1.071983428275505,4140,,,,,,,,,,,
1.1859055519104005,1.0895272493362427,4.326935525634386e-05,1.0771620921802174,4160,,,,,,,,,,,
1.1871306419372558,1.004936933517456,4.323698860693941e-05,1.08234075608493,4180,,,,,,,,,,,
1.1905848503112793,0.9762124419212341,4.3204621957534955e-05,1.0875194199896427,4200,,,,,,,,,,,
1.1870131492614746,0.9440062642097473,4.3172255308130505e-05,1.0926980838943552,4220,,,,,,,,,,,
1.2108834266662598,1.097467303276062,4.3139888658726055e-05,1.0978767477990679,4240,,,,,,,,,,,
1.244081401824951,2.120546579360962,4.31075220093216e-05,1.1030554117037805,4260,,,,,,,,,,,
1.2144271850585937,0.9564645290374756,4.307515535991714e-05,1.108234075608493,4280,,,,,,,,,,,
1.2141489028930663,1.049155354499817,4.304278871051269e-05,1.1134127395132056,4300,,,,,,,,,,,
1.207388687133789,1.0558220148086548,4.3010422061108234e-05,1.118591403417918,4320,,,,,,,,,,,
1.1356263160705566,0.9536967873573303,4.2978055411703784e-05,1.1237700673226307,4340,,,,,,,,,,,
1.1811631202697754,1.1081085205078125,4.294568876229933e-05,1.1289487312273434,4360,,,,,,,,,,,
1.236546516418457,1.0707170963287354,4.291332211289488e-05,1.1341273951320558,4380,,,,,,,,,,,
1.2085794448852538,1.0628130435943604,4.288095546349043e-05,1.1393060590367685,4400,,,,,,,,,,,
1.2095561981201173,1.007396936416626,4.284858881408596e-05,1.1444847229414812,4420,,,,,,,,,,,
1.1879884719848632,1.0098332166671753,4.281622216468151e-05,1.1496633868461936,4440,,,,,,,,,,,
1.196774387359619,0.9344106912612915,4.278385551527706e-05,1.1548420507509063,4460,,,,,,,,,,,
1.1436724662780762,1.0583041906356812,4.2751488865872606e-05,1.160020714655619,4480,,,,,,,,,,,
1.206899356842041,0.98189777135849,4.2719122216468156e-05,1.1651993785603314,4500,,,,,,,,,,,
1.1687152862548829,1.0539764165878296,4.26867555670637e-05,1.170378042465044,4520,,,,,,,,,,,
1.1558193206787108,1.0466103553771973,4.265438891765924e-05,1.1755567063697565,4540,,,,,,,,,,,
1.2297943115234375,1.1052610874176025,4.262202226825479e-05,1.1807353702744692,4560,,,,,,,,,,,
1.1589388847351074,1.0927507877349854,4.2589655618850335e-05,1.1859140341791818,4580,,,,,,,,,,,
1.1677913665771484,1.0188145637512207,4.2557288969445885e-05,1.1910926980838943,4600,,,,,,,,,,,
1.1218277931213378,1.015877366065979,4.2524922320041435e-05,1.196271361988607,4620,,,,,,,,,,,
1.1487095832824707,1.1051751375198364,4.249255567063698e-05,1.2014500258933196,4640,,,,,,,,,,,
1.1560150146484376,1.0006214380264282,4.246018902123252e-05,1.206628689798032,4660,,,,,,,,,,,
1.1583781242370605,1.0908094644546509,4.242782237182807e-05,1.2118073537027447,4680,,,,,,,,,,,
1.1312582969665528,1.0266426801681519,4.2395455722423614e-05,1.2169860176074572,4700,,,,,,,,,,,
1.1123302459716797,1.0479485988616943,4.2363089073019164e-05,1.2221646815121698,4720,,,,,,,,,,,
1.1953580856323243,0.9983028769493103,4.233072242361471e-05,1.2273433454168825,4740,,,,,,,,,,,
1.1596172332763672,1.0139375925064087,4.229835577421026e-05,1.232522009321595,4760,,,,,,,,,,,
1.1431654930114745,1.0713038444519043,4.226598912480581e-05,1.2377006732263076,4780,,,,,,,,,,,
1.1771764755249023,1.0275731086730957,4.223362247540135e-05,1.2428793371310203,4800,,,,,,,,,,,
1.1313258171081544,1.040511965751648,4.220125582599689e-05,1.2480580010357327,4820,,,,,,,,,,,
1.1721159934997558,1.0324649810791016,4.216888917659244e-05,1.2532366649404454,4840,,,,,,,,,,,
1.1654107093811035,1.04752516746521,4.2136522527187986e-05,1.258415328845158,4860,,,,,,,,,,,
1.182796096801758,0.9720750451087952,4.2104155877783536e-05,1.2635939927498705,4880,,,,,,,,,,,
1.1337172508239746,1.0479413270950317,4.2071789228379086e-05,1.2687726566545832,4900,,,,,,,,,,,
1.1649465560913086,1.005362629890442,4.203942257897462e-05,1.2739513205592958,4920,,,,,,,,,,,
1.2000804901123048,1.04776930809021,4.200705592957017e-05,1.2791299844640083,4940,,,,,,,,,,,
1.1788545608520509,1.0329021215438843,4.197468928016572e-05,1.284308648368721,4960,,,,,,,,,,,
1.1309646606445312,1.005920171737671,4.1942322630761265e-05,1.2894873122734334,4980,,,,,,,,,,,
1.178065013885498,0.9582735896110535,4.1909955981356815e-05,1.294665976178146,5000,,,,,,,,,,,
1.077920627593994,0.9591625928878784,4.187758933195236e-05,1.2998446400828585,5020,,,,,,,,,,,
1.1348628044128417,1.041491150856018,4.18452226825479e-05,1.3050233039875712,5040,,,,,,,,,,,
1.134798526763916,1.0530142784118652,4.181285603314345e-05,1.3102019678922838,5060,,,,,,,,,,,
1.099557590484619,1.0755730867385864,4.1780489383738994e-05,1.3153806317969963,5080,,,,,,,,,,,
1.1225082397460937,1.1219371557235718,4.1748122734334544e-05,1.320559295701709,5100,,,,,,,,,,,
1.0862329483032227,0.9465799331665039,4.1715756084930094e-05,1.3257379596064216,5120,,,,,,,,,,,
1.0852557182312013,0.9615795016288757,4.168338943552564e-05,1.330916623511134,5140,,,,,,,,,,,
1.0969252586364746,1.0416163206100464,4.165102278612119e-05,1.3360952874158467,5160,,,,,,,,,,,
1.1560172080993651,0.9969277381896973,4.161865613671673e-05,1.3412739513205594,5180,,,,,,,,,,,
1.0931790351867676,1.002125859260559,4.158628948731227e-05,1.3464526152252718,5200,,,,,,,,,,,
1.0879693031311035,0.9330885410308838,4.155392283790782e-05,1.3516312791299845,5220,,,,,,,,,,,
1.0902791976928712,0.9731752276420593,4.1521556188503366e-05,1.3568099430346972,5240,,,,,,,,,,,
1.1425172805786132,0.9396844506263733,4.1489189539098916e-05,1.3619886069394096,5260,,,,,,,,,,,
1.0553720474243165,1.0499461889266968,4.1456822889694466e-05,1.3671672708441223,5280,,,,,,,,,,,
1.076753807067871,0.9868929982185364,4.142445624029e-05,1.372345934748835,5300,,,,,,,,,,,
1.0627049446105956,1.0491043329238892,4.139208959088555e-05,1.3775245986535474,5320,,,,,,,,,,,
1.0568435668945313,0.9414096474647522,4.13597229414811e-05,1.38270326255826,5340,,,,,,,,,,,
1.1600624084472657,1.119784951210022,4.1327356292076645e-05,1.3878819264629725,5360,,,,,,,,,,,
1.091237735748291,1.0243439674377441,4.1294989642672195e-05,1.3930605903676851,5380,,,,,,,,,,,
1.0893588066101074,1.140702724456787,4.126262299326774e-05,1.3982392542723976,5400,,,,,,,,,,,
1.1586427688598633,1.068920612335205,4.123025634386328e-05,1.4034179181771103,5420,,,,,,,,,,,
1.108130645751953,1.0398956537246704,4.119788969445883e-05,1.408596582081823,5440,,,,,,,,,,,
1.0564424514770507,1.0113340616226196,4.1165523045054374e-05,1.4137752459865354,5460,,,,,,,,,,,
1.0993635177612304,1.1228046417236328,4.1133156395649924e-05,1.418953909891248,5480,,,,,,,,,,,
1.0969385147094726,1.0875537395477295,4.1100789746245474e-05,1.4241325737959607,5500,,,,,,,,,,,
1.078999137878418,1.058026909828186,4.106842309684102e-05,1.4293112377006731,5520,,,,,,,,,,,
1.0588236808776856,1.0704110860824585,4.103605644743657e-05,1.4344899016053858,5540,,,,,,,,,,,
1.0750971794128419,0.9688599705696106,4.100368979803211e-05,1.4396685655100985,5560,,,,,,,,,,,
1.1267903327941895,1.1411893367767334,4.097132314862765e-05,1.444847229414811,5580,,,,,,,,,,,
1.0316389083862305,1.0133450031280518,4.09389564992232e-05,1.4500258933195236,5600,,,,,,,,,,,
1.0419442176818847,1.0475189685821533,4.090658984981875e-05,1.4552045572242363,5620,,,,,,,,,,,
1.0450955390930177,0.9589700698852539,4.0874223200414296e-05,1.4603832211289487,5640,,,,,,,,,,,
1.0667311668395996,1.0872431993484497,4.0841856551009846e-05,1.4655618850336614,5660,,,,,,,,,,,
1.0939064979553224,0.9704898595809937,4.080948990160539e-05,1.470740548938374,5680,,,,,,,,,,,
1.0820730209350586,1.0856842994689941,4.077712325220093e-05,1.4759192128430865,5700,,,,,,,,,,,
1.0507137298583984,0.9909737706184387,4.074475660279648e-05,1.4810978767477991,5720,,,,,,,,,,,
1.1034227371215821,1.0826311111450195,4.0712389953392025e-05,1.4862765406525116,5740,,,,,,,,,,,
1.102287197113037,1.1292364597320557,4.0680023303987575e-05,1.4914552045572242,5760,,,,,,,,,,,
1.0552250862121582,1.171377420425415,4.0647656654583125e-05,1.4966338684619367,5780,,,,,,,,,,,
1.060348892211914,1.2100812196731567,4.061529000517866e-05,1.5018125323666494,5800,,,,,,,,,,,
1.0136919975280763,1.0979782342910767,4.058292335577421e-05,1.506991196271362,5820,,,,,,,,,,,
1.0472072601318358,1.0816324949264526,4.055055670636976e-05,1.5121698601760745,5840,,,,,,,,,,,
1.0634593963623047,1.0598115921020508,4.0518190056965304e-05,1.5173485240807871,5860,,,,,,,,,,,
1.0301185607910157,0.9924728274345398,4.0485823407560854e-05,1.5225271879854998,5880,,,,,,,,,,,
1.0485822677612304,1.03566575050354,4.04534567581564e-05,1.5277058518902122,5900,,,,,,,,,,,
1.0219141960144043,1.0234204530715942,4.042109010875195e-05,1.532884515794925,5920,,,,,,,,,,,
1.0776968955993653,1.0687881708145142,4.038872345934749e-05,1.5380631796996376,5940,,,,,,,,,,,
1.016977310180664,1.0486321449279785,4.035635680994303e-05,1.54324184360435,5960,,,,,,,,,,,
1.0562934875488281,0.9448224902153015,4.032399016053858e-05,1.5484205075090627,5980,,,,,,,,,,,
1.0879323959350586,1.0652633905410767,4.029162351113413e-05,1.5535991714137753,6000,,,,,,,,,,,
1.0319600105285645,1.0848497152328491,4.0259256861729676e-05,1.5587778353184878,6020,,,,,,,,,,,
1.0257229804992676,1.0408509969711304,4.0226890212325226e-05,1.5639564992232005,6040,,,,,,,,,,,
1.0507936477661133,1.0307691097259521,4.019452356292077e-05,1.5691351631279131,6060,,,,,,,,,,,
1.0563505172729493,1.0312957763671875,4.016215691351631e-05,1.5743138270326256,6080,,,,,,,,,,,
1.0962763786315919,1.1912176609039307,4.012979026411186e-05,1.579492490937338,6100,,,,,,,,,,,
1.0354253768920898,1.0233526229858398,4.0097423614707405e-05,1.584671154842051,6120,,,,,,,,,,,
1.0284290313720703,1.1362882852554321,4.0065056965302955e-05,1.5898498187467633,6140,,,,,,,,,,,
1.0278541564941406,1.0209755897521973,4.0032690315898505e-05,1.5950284826514758,6160,,,,,,,,,,,
1.0325274467468262,1.040830135345459,4.000032366649404e-05,1.6002071465561885,6180,,,,,,,,,,,
1.0553675651550294,1.0304831266403198,3.996795701708959e-05,1.6053858104609011,6200,,,,,,,,,,,
0.9856764793395996,1.0387511253356934,3.993559036768514e-05,1.6105644743656136,6220,,,,,,,,,,,
0.9923303604125977,1.0908714532852173,3.9903223718280684e-05,1.6157431382703262,6240,,,,,,,,,,,
1.0463494300842284,1.0169956684112549,3.9870857068876234e-05,1.620921802175039,6260,,,,,,,,,,,
0.968344783782959,1.008589506149292,3.983849041947178e-05,1.6261004660797513,6280,,,,,,,,,,,
1.014439010620117,1.0351982116699219,3.980612377006733e-05,1.631279129984464,6300,,,,,,,,,,,
0.9768234252929687,1.065502643585205,3.977375712066287e-05,1.6364577938891767,6320,,,,,,,,,,,
1.0223061561584472,0.9809417724609375,3.974139047125841e-05,1.6416364577938891,6340,,,,,,,,,,,
1.0317695617675782,0.9969789385795593,3.970902382185396e-05,1.6468151216986018,6360,,,,,,,,,,,
0.9740574836730957,1.1325557231903076,3.967665717244951e-05,1.6519937856033144,6380,,,,,,,,,,,
1.0156976699829101,1.1014353036880493,3.9644290523045056e-05,1.657172449508027,6400,,,,,,,,,,,
0.9952972412109375,1.0906367301940918,3.9611923873640606e-05,1.6623511134127396,6420,,,,,,,,,,,
1.008526611328125,1.0512501001358032,3.957955722423615e-05,1.6675297773174522,6440,,,,,,,,,,,
1.0253338813781738,1.0824029445648193,3.954719057483169e-05,1.6727084412221647,6460,,,,,,,,,,,
1.0143014907836914,0.9648872017860413,3.951482392542724e-05,1.677887105126877,6480,,,,,,,,,,,
1.0401288986206054,1.1184241771697998,3.948245727602279e-05,1.68306576903159,6500,,,,,,,,,,,
1.017531681060791,1.0578757524490356,3.9450090626618335e-05,1.6882444329363024,6520,,,,,,,,,,,
0.9592267990112304,1.004247784614563,3.9417723977213885e-05,1.6934230968410149,6540,,,,,,,,,,,
0.9703679084777832,1.0744988918304443,3.938535732780943e-05,1.6986017607457276,6560,,,,,,,,,,,
0.9933310508728027,1.0252645015716553,3.935299067840497e-05,1.7037804246504402,6580,,,,,,,,,,,
0.9811970710754394,1.0382574796676636,3.932062402900052e-05,1.7089590885551527,6600,,,,,,,,,,,
0.9823100090026855,1.0257225036621094,3.9288257379596064e-05,1.7141377524598653,6620,,,,,,,,,,,
0.951405143737793,1.0648247003555298,3.9255890730191614e-05,1.719316416364578,6640,,,,,,,,,,,
1.0297369956970215,1.0954034328460693,3.9223524080787164e-05,1.7244950802692904,6660,,,,,,,,,,,
0.9719387054443359,1.023188829421997,3.919115743138271e-05,1.729673744174003,6680,,,,,,,,,,,
0.9822874069213867,1.0904606580734253,3.915879078197825e-05,1.7348524080787158,6700,,,,,,,,,,,
1.0238118171691895,1.051970362663269,3.91264241325738e-05,1.7400310719834282,6720,,,,,,,,,,,
0.9994071006774903,1.117309331893921,3.909405748316934e-05,1.7452097358881409,6740,,,,,,,,,,,
0.947303581237793,1.0045243501663208,3.906169083376489e-05,1.7503883997928535,6760,,,,,,,,,,,
0.9667439460754395,1.059722900390625,3.9029324184360436e-05,1.755567063697566,6780,,,,,,,,,,,
0.9452279090881348,1.00123929977417,3.8996957534955986e-05,1.7607457276022787,6800,,,,,,,,,,,
1.0041132926940919,1.1134270429611206,3.896459088555153e-05,1.7659243915069913,6820,,,,,,,,,,,
0.9692087173461914,0.9437839388847351,3.893222423614707e-05,1.7711030554117038,6840,,,,,,,,,,,
0.9961031913757324,1.1176321506500244,3.889985758674262e-05,1.7762817193164162,6860,,,,,,,,,,,
1.0261351585388183,1.021538257598877,3.886749093733817e-05,1.781460383221129,6880,,,,,,,,,,,
0.9412249565124512,1.015946626663208,3.8835124287933715e-05,1.7866390471258415,6900,,,,,,,,,,,
0.9209909439086914,0.9851716756820679,3.8802757638529265e-05,1.791817711030554,6920,,,,,,,,,,,
0.9492938041687011,1.0806100368499756,3.877039098912481e-05,1.7969963749352666,6940,,,,,,,,,,,
0.9380558013916016,1.036347508430481,3.873802433972035e-05,1.8021750388399793,6960,,,,,,,,,,,
0.9251808166503906,0.9507476091384888,3.87056576903159e-05,1.8073537027446918,6980,,,,,,,,,,,
1.019420337677002,1.0075246095657349,3.8673291040911444e-05,1.8125323666494044,7000,,,,,,,,,,,
0.9378715515136719,1.0235041379928589,3.8640924391506994e-05,1.817711030554117,7020,,,,,,,,,,,
0.9875956535339355,0.9378314018249512,3.8608557742102544e-05,1.8228896944588295,7040,,,,,,,,,,,
0.9733832359313965,0.9999934434890747,3.857619109269809e-05,1.8280683583635422,7060,,,,,,,,,,,
0.9555371284484864,0.9786762595176697,3.854382444329363e-05,1.8332470222682549,7080,,,,,,,,,,,
0.9655359268188477,1.00820791721344,3.851145779388918e-05,1.8384256861729673,7100,,,,,,,,,,,
0.9425451278686523,0.9189160466194153,3.847909114448472e-05,1.84360435007768,7120,,,,,,,,,,,
0.9275493621826172,0.9400453567504883,3.844672449508027e-05,1.8487830139823926,7140,,,,,,,,,,,
0.930717945098877,1.1001704931259155,3.8414357845675816e-05,1.853961677887105,7160,,,,,,,,,,,
0.9035981178283692,1.1496022939682007,3.8381991196271366e-05,1.8591403417918178,7180,,,,,,,,,,,
0.9137273788452148,1.0185352563858032,3.834962454686691e-05,1.8643190056965304,7200,,,,,,,,,,,
0.9072566032409668,1.0416256189346313,3.831725789746245e-05,1.8694976696012429,7220,,,,,,,,,,,
0.9465617179870606,1.0166996717453003,3.8284891248058e-05,1.8746763335059553,7240,,,,,,,,,,,
0.9338556289672851,1.0379894971847534,3.825252459865355e-05,1.8798549974106682,7260,,,,,,,,,,,
0.9701181411743164,0.9377247095108032,3.8220157949249095e-05,1.8850336613153806,7280,,,,,,,,,,,
0.9277766227722168,0.9398776292800903,3.8187791299844645e-05,1.890212325220093,7300,,,,,,,,,,,
0.8842040061950683,0.9814966320991516,3.815542465044019e-05,1.8953909891248057,7320,,,,,,,,,,,
0.9756120681762696,1.2699239253997803,3.812305800103573e-05,1.9005696530295184,7340,,,,,,,,,,,
0.946021556854248,1.0817136764526367,3.809069135163128e-05,1.9057483169342309,7360,,,,,,,,,,,
0.9118019104003906,0.9346731305122375,3.805832470222683e-05,1.9109269808389435,7380,,,,,,,,,,,
0.924138355255127,1.024614930152893,3.8025958052822374e-05,1.9161056447436562,7400,,,,,,,,,,,
0.9024209976196289,1.0431348085403442,3.7993591403417924e-05,1.9212843086483686,7420,,,,,,,,,,,
0.9522607803344727,1.1435987949371338,3.796122475401347e-05,1.9264629725530813,7440,,,,,,,,,,,
0.9437889099121094,1.0826729536056519,3.792885810460901e-05,1.931641636457794,7460,,,,,,,,,,,
0.8985135078430175,1.0184528827667236,3.789649145520456e-05,1.9368203003625064,7480,,,,,,,,,,,
0.867794418334961,1.0643949508666992,3.78641248058001e-05,1.941998964267219,7500,,,,,,,,,,,
0.945557689666748,1.234405517578125,3.783175815639565e-05,1.9471776281719317,7520,,,,,,,,,,,
0.9446955680847168,0.9969786405563354,3.77993915069912e-05,1.9523562920766442,7540,,,,,,,,,,,
0.9024883270263672,1.0278701782226562,3.7767024857586746e-05,1.9575349559813569,7560,,,,,,,,,,,
0.9101858139038086,1.0466543436050415,3.773465820818229e-05,1.9627136198860695,7580,,,,,,,,,,,
0.9227009773254394,0.9384130835533142,3.770229155877784e-05,1.967892283790782,7600,,,,,,,,,,,
0.8991639137268066,1.0722883939743042,3.766992490937338e-05,1.9730709476954944,7620,,,,,,,,,,,
0.9312403678894043,1.0929909944534302,3.763755825996893e-05,1.9782496116002073,7640,,,,,,,,,,,
0.9157318115234375,1.0095136165618896,3.7605191610564475e-05,1.9834282755049197,7660,,,,,,,,,,,
0.9239669799804687,1.0330811738967896,3.7572824961160025e-05,1.9886069394096322,7680,,,,,,,,,,,
0.8757721900939941,1.0740453004837036,3.754045831175557e-05,1.9937856033143448,7700,,,,,,,,,,,
0.8677056312561036,0.9199909567832947,3.750809166235111e-05,1.9989642672190575,7720,,,,,,,,,,,
,,,2.0,7724,1.3041387796401978,25.094895274383514,48.669871267038914,246.9176,13.79,0.863,,,,,
0.8897689819335938,0.9538172483444214,3.747572501294666e-05,2.00414293112377,7740,,,,,,,,,,,
0.8753328323364258,1.0543584823608398,3.744335836354221e-05,2.009321595028483,7760,,,,,,,,,,,
0.87722806930542,1.168530821800232,3.7410991714137754e-05,2.0145002589331953,7780,,,,,,,,,,,
0.8275571823120117,1.028393030166626,3.7378625064733304e-05,2.0196789228379077,7800,,,,,,,,,,,
0.8739133834838867,0.9939004182815552,3.734625841532885e-05,2.0248575867426206,7820,,,,,,,,,,,
0.8732898712158204,0.9596992135047913,3.731389176592439e-05,2.030036250647333,7840,,,,,,,,,,,
0.8285734176635742,0.9799535274505615,3.728152511651994e-05,2.0352149145520455,7860,,,,,,,,,,,
0.8790990829467773,0.8735701441764832,3.724915846711548e-05,2.040393578456758,7880,,,,,,,,,,,
0.8307276725769043,1.0996686220169067,3.721679181771103e-05,2.045572242361471,7900,,,,,,,,,,,
0.8214204788208008,1.0532714128494263,3.718442516830658e-05,2.0507509062661833,7920,,,,,,,,,,,
0.8541003227233886,1.0436497926712036,3.7152058518902126e-05,2.0559295701708957,7940,,,,,,,,,,,
0.8471468925476074,1.0574188232421875,3.711969186949767e-05,2.0611082340756086,7960,,,,,,,,,,,
0.8348406791687012,1.030429720878601,3.708732522009322e-05,2.066286897980321,7980,,,,,,,,,,,
0.8475273132324219,1.0670307874679565,3.705495857068876e-05,2.0714655618850335,8000,,,,,,,,,,,
0.8759572029113769,1.0217390060424805,3.702259192128431e-05,2.0766442257897464,8020,,,,,,,,,,,
0.9053722381591797,1.0789031982421875,3.6990225271879855e-05,2.081822889694459,8040,,,,,,,,,,,
0.8676690101623535,1.1190152168273926,3.6957858622475405e-05,2.0870015535991713,8060,,,,,,,,,,,
0.7846004962921143,1.1816315650939941,3.692549197307095e-05,2.092180217503884,8080,,,,,,,,,,,
0.8018299102783203,0.9726045727729797,3.689312532366649e-05,2.0973588814085966,8100,,,,,,,,,,,
0.8554246902465821,1.0583235025405884,3.686075867426204e-05,2.102537545313309,8120,,,,,,,,,,,
0.8829083442687988,1.0989567041397095,3.682839202485759e-05,2.107716209218022,8140,,,,,,,,,,,
0.8552577018737793,0.9561633467674255,3.6796025375453134e-05,2.1128948731227344,8160,,,,,,,,,,,
0.8359556198120117,1.0601574182510376,3.6763658726048684e-05,2.118073537027447,8180,,,,,,,,,,,
0.8629587173461915,0.9455017447471619,3.673129207664423e-05,2.1232522009321597,8200,,,,,,,,,,,
0.8848412513732911,1.1388764381408691,3.669892542723977e-05,2.128430864836872,8220,,,,,,,,,,,
0.8497794151306153,1.0159231424331665,3.666655877783532e-05,2.1336095287415846,8240,,,,,,,,,,,
0.8940878868103027,1.1656519174575806,3.663419212843087e-05,2.138788192646297,8260,,,,,,,,,,,
0.7842636585235596,1.072074055671692,3.660182547902641e-05,2.14396685655101,8280,,,,,,,,,,,
0.875276756286621,1.0077762603759766,3.656945882962196e-05,2.1491455204557224,8300,,,,,,,,,,,
0.8371697425842285,1.0482059717178345,3.6537092180217506e-05,2.154324184360435,8320,,,,,,,,,,,
0.7972365856170655,1.0842394828796387,3.650472553081305e-05,2.1595028482651477,8340,,,,,,,,,,,
0.8698241233825683,1.1080611944198608,3.64723588814086e-05,2.16468151216986,8360,,,,,,,,,,,
0.8424883842468261,1.088333010673523,3.643999223200414e-05,2.1698601760745726,8380,,,,,,,,,,,
0.8638951301574707,1.145613431930542,3.640762558259969e-05,2.1750388399792855,8400,,,,,,,,,,,
0.8597474098205566,0.9778101444244385,3.637525893319524e-05,2.180217503883998,8420,,,,,,,,,,,
0.8405327796936035,0.9698203802108765,3.6342892283790785e-05,2.1853961677887104,8440,,,,,,,,,,,
0.8458993911743165,1.0687315464019775,3.631052563438633e-05,2.1905748316934233,8460,,,,,,,,,,,
0.8317142486572265,1.4590096473693848,3.627815898498188e-05,2.1957534955981357,8480,,,,,,,,,,,
0.8341388702392578,1.0764745473861694,3.624579233557742e-05,2.200932159502848,8500,,,,,,,,,,,
0.8376277923583985,1.2008106708526611,3.621342568617297e-05,2.206110823407561,8520,,,,,,,,,,,
0.8764501571655273,1.0001271963119507,3.6181059036768514e-05,2.2112894873122735,8540,,,,,,,,,,,
0.809074592590332,1.0054428577423096,3.6148692387364064e-05,2.216468151216986,8560,,,,,,,,,,,
0.833582878112793,0.9668722152709961,3.611632573795961e-05,2.221646815121699,8580,,,,,,,,,,,
0.8456821441650391,1.2868399620056152,3.608395908855515e-05,2.2268254790264113,8600,,,,,,,,,,,
0.7980226516723633,1.2283018827438354,3.60515924391507e-05,2.2320041429311237,8620,,,,,,,,,,,
0.8174986839294434,1.0540056228637695,3.601922578974625e-05,2.237182806835836,8640,,,,,,,,,,,
0.8055767059326172,0.9839015603065491,3.598685914034179e-05,2.242361470740549,8660,,,,,,,,,,,
0.8264487266540528,0.913840651512146,3.595449249093734e-05,2.2475401346452615,8680,,,,,,,,,,,
0.7973284244537353,1.0138784646987915,3.5922125841532886e-05,2.252718798549974,8700,,,,,,,,,,,
0.8366345405578614,1.0419343709945679,3.588975919212843e-05,2.257897462454687,8720,,,,,,,,,,,
0.8275913238525391,0.9857082366943359,3.585739254272398e-05,2.2630761263593993,8740,,,,,,,,,,,
0.8059751510620117,1.166785478591919,3.582502589331952e-05,2.2682547902641117,8760,,,,,,,,,,,
0.8163768768310546,1.1468507051467896,3.579265924391507e-05,2.2734334541688246,8780,,,,,,,,,,,
0.7660946369171142,1.0252822637557983,3.576029259451062e-05,2.278612118073537,8800,,,,,,,,,,,
0.76627516746521,1.0672154426574707,3.5727925945106165e-05,2.2837907819782495,8820,,,,,,,,,,,
0.8280089378356934,1.043470025062561,3.569555929570171e-05,2.2889694458829624,8840,,,,,,,,,,,
0.8170135498046875,0.9989111423492432,3.566319264629726e-05,2.294148109787675,8860,,,,,,,,,,,
0.8200834274291993,1.1330385208129883,3.56308259968928e-05,2.2993267736923872,8880,,,,,,,,,,,
0.7996504783630372,1.0137429237365723,3.559845934748835e-05,2.3045054375971,8900,,,,,,,,,,,
0.7995341300964356,1.0074957609176636,3.5566092698083894e-05,2.3096841015018126,8920,,,,,,,,,,,
0.8103031158447266,1.1003206968307495,3.5533726048679444e-05,2.314862765406525,8940,,,,,,,,,,,
0.7442898750305176,1.015605092048645,3.550135939927499e-05,2.320041429311238,8960,,,,,,,,,,,
0.8134864807128906,1.086655855178833,3.546899274987053e-05,2.3252200932159504,8980,,,,,,,,,,,
0.8096524238586426,1.0897934436798096,3.543662610046608e-05,2.330398757120663,9000,,,,,,,,,,,
0.7677876472473144,1.0252777338027954,3.540425945106163e-05,2.3355774210253752,9020,,,,,,,,,,,
0.801757526397705,0.918476939201355,3.537189280165717e-05,2.340756084930088,9040,,,,,,,,,,,
0.7504710674285888,1.05803644657135,3.533952615225272e-05,2.3459347488348006,9060,,,,,,,,,,,
0.8111778259277344,1.0620559453964233,3.530715950284827e-05,2.351113412739513,9080,,,,,,,,,,,
0.791098165512085,1.0485055446624756,3.527479285344381e-05,2.356292076644226,9100,,,,,,,,,,,
0.7607783794403076,1.0345847606658936,3.524242620403936e-05,2.3614707405489384,9120,,,,,,,,,,,
0.7945505619049072,1.0843151807785034,3.521005955463491e-05,2.366649404453651,9140,,,,,,,,,,,
0.7554365158081054,1.0849192142486572,3.517769290523045e-05,2.3718280683583637,9160,,,,,,,,,,,
0.7822120666503907,1.0523877143859863,3.5145326255826e-05,2.377006732263076,9180,,,,,,,,,,,
0.7685652732849121,1.0231884717941284,3.5112959606421545e-05,2.3821853961677886,9200,,,,,,,,,,,
0.785538911819458,1.2120987176895142,3.508059295701709e-05,2.3873640600725015,9220,,,,,,,,,,,
0.8066854476928711,0.9977623820304871,3.504822630761264e-05,2.392542723977214,9240,,,,,,,,,,,
0.8264884948730469,1.1682759523391724,3.501585965820818e-05,2.3977213878819263,9260,,,,,,,,,,,
0.8008573532104493,1.1191163063049316,3.498349300880373e-05,2.4029000517866392,9280,,,,,,,,,,,
0.7725260734558106,0.9893720149993896,3.495112635939928e-05,2.4080787156913517,9300,,,,,,,,,,,
0.8001865386962891,1.0110938549041748,3.4918759709994824e-05,2.413257379596064,9320,,,,,,,,,,,
0.7422911167144776,1.006788730621338,3.488639306059037e-05,2.418436043500777,9340,,,,,,,,,,,
0.7810699939727783,1.0920652151107788,3.485402641118592e-05,2.4236147074054895,9360,,,,,,,,,,,
0.7665361881256103,0.9410048127174377,3.482165976178146e-05,2.428793371310202,9380,,,,,,,,,,,
0.8297041893005371,0.996053159236908,3.478929311237701e-05,2.4339720352149143,9400,,,,,,,,,,,
0.8052195549011231,1.054879069328308,3.475692646297255e-05,2.4391506991196272,9420,,,,,,,,,,,
0.8196873664855957,1.0927729606628418,3.47245598135681e-05,2.4443293630243397,9440,,,,,,,,,,,
0.7382651329040527,1.0211122035980225,3.469219316416365e-05,2.449508026929052,9460,,,,,,,,,,,
0.7804850578308106,1.0488710403442383,3.465982651475919e-05,2.454686690833765,9480,,,,,,,,,,,
0.7525610446929931,0.9876441955566406,3.462745986535474e-05,2.4598653547384774,9500,,,,,,,,,,,
0.7977554798126221,1.028436303138733,3.459509321595029e-05,2.46504401864319,9520,,,,,,,,,,,
0.7759806632995605,1.05811607837677,3.456272656654583e-05,2.470222682547903,9540,,,,,,,,,,,
0.7279431343078613,0.9598861932754517,3.453035991714138e-05,2.4754013464526152,9560,,,,,,,,,,,
0.7457625389099121,0.8320850729942322,3.4497993267736925e-05,2.4805800103573277,9580,,,,,,,,,,,
0.7418002605438232,1.0496000051498413,3.446562661833247e-05,2.4857586742620406,9600,,,,,,,,,,,
0.8029284477233887,1.094294548034668,3.443325996892802e-05,2.490937338166753,9620,,,,,,,,,,,
0.7608296394348144,1.1200023889541626,3.440089331952356e-05,2.4961160020714654,9640,,,,,,,,,,,
0.7546971321105957,1.067495584487915,3.436852667011911e-05,2.501294665976178,9660,,,,,,,,,,,
0.7973370552062988,1.0431052446365356,3.433616002071466e-05,2.5064733298808908,9680,,,,,,,,,,,
0.7523752689361572,1.0114755630493164,3.4303793371310204e-05,2.511651993785603,9700,,,,,,,,,,,
0.7486054420471191,0.9944708347320557,3.427142672190575e-05,2.516830657690316,9720,,,,,,,,,,,
0.798967695236206,0.9922618865966797,3.42390600725013e-05,2.5220093215950286,9740,,,,,,,,,,,
0.7511881828308106,0.9892558455467224,3.420669342309684e-05,2.527187985499741,9760,,,,,,,,,,,
0.7960779190063476,1.1549631357192993,3.417432677369239e-05,2.5323666494044534,9780,,,,,,,,,,,
0.7762171268463135,1.0360360145568848,3.414196012428793e-05,2.5375453133091663,9800,,,,,,,,,,,
0.7550122261047363,1.0400396585464478,3.410959347488348e-05,2.5427239772138788,9820,,,,,,,,,,,
0.7653391361236572,1.0322259664535522,3.407722682547903e-05,2.5479026411185917,9840,,,,,,,,,,,
0.7074894428253173,0.9935804009437561,3.404486017607457e-05,2.553081305023304,9860,,,,,,,,,,,
0.7645058155059814,1.0220634937286377,3.401249352667012e-05,2.5582599689280165,9880,,,,,,,,,,,
0.7667718410491944,0.9850159287452698,3.398012687726567e-05,2.563438632832729,9900,,,,,,,,,,,
0.7878925323486328,1.0553470849990845,3.394776022786121e-05,2.568617296737442,9920,,,,,,,,,,,
0.736269760131836,1.012805700302124,3.391539357845676e-05,2.5737959606421543,9940,,,,,,,,,,,
0.7346258640289307,1.0347213745117188,3.388302692905231e-05,2.5789746245468668,9960,,,,,,,,,,,
0.6997497081756592,1.0550169944763184,3.385066027964785e-05,2.5841532884515797,9980,,,,,,,,,,,
0.745678186416626,1.0755904912948608,3.38182936302434e-05,2.589331952356292,10000,,,,,,,,,,,
0.7544565200805664,1.0570785999298096,3.378592698083895e-05,2.5945106162610045,10020,,,,,,,,,,,
0.7435720443725586,1.017945408821106,3.375356033143449e-05,2.599689280165717,10040,,,,,,,,,,,
0.7544461727142334,1.0001940727233887,3.372119368203004e-05,2.60486794407043,10060,,,,,,,,,,,
0.7702374458312988,1.0583839416503906,3.3688827032625584e-05,2.6100466079751423,10080,,,,,,,,,,,
0.7452841758728027,0.9986886978149414,3.365646038322113e-05,2.615225271879855,10100,,,,,,,,,,,
0.7752279758453369,1.1179918050765991,3.362409373381668e-05,2.6204039357845677,10120,,,,,,,,,,,
0.7288928985595703,1.1649653911590576,3.359172708441222e-05,2.62558259968928,10140,,,,,,,,,,,
0.7228781700134277,1.110172152519226,3.355936043500777e-05,2.6307612635939925,10160,,,,,,,,,,,
0.756086778640747,1.0391322374343872,3.352699378560332e-05,2.6359399274987054,10180,,,,,,,,,,,
0.7251021862030029,1.019234299659729,3.349462713619886e-05,2.641118591403418,10200,,,,,,,,,,,
0.7420300006866455,0.9037030339241028,3.346226048679441e-05,2.6462972553081308,10220,,,,,,,,,,,
0.746941328048706,1.0369083881378174,3.3429893837389956e-05,2.651475919212843,10240,,,,,,,,,,,
0.7691639423370361,1.1786348819732666,3.33975271879855e-05,2.6566545831175556,10260,,,,,,,,,,,
0.746985673904419,1.0612761974334717,3.336516053858105e-05,2.661833247022268,10280,,,,,,,,,,,
0.7409463405609131,1.0580377578735352,3.333279388917659e-05,2.667011910926981,10300,,,,,,,,,,,
0.7305938720703125,1.0959713459014893,3.330042723977214e-05,2.6721905748316934,10320,,,,,,,,,,,
0.7261298656463623,0.9629641175270081,3.326806059036769e-05,2.677369238736406,10340,,,,,,,,,,,
0.7080290794372559,0.9834244251251221,3.323569394096323e-05,2.6825479026411188,10360,,,,,,,,,,,
0.7431770324707031,1.1119531393051147,3.320332729155878e-05,2.687726566545831,10380,,,,,,,,,,,
0.7622961521148681,1.0653681755065918,3.317096064215433e-05,2.6929052304505436,10400,,,,,,,,,,,
0.7033176422119141,1.0377469062805176,3.313859399274987e-05,2.698083894355256,10420,,,,,,,,,,,
0.761313533782959,1.0722763538360596,3.310622734334542e-05,2.703262558259969,10440,,,,,,,,,,,
0.6813806056976318,1.1001355648040771,3.3073860693940964e-05,2.7084412221646814,10460,,,,,,,,,,,
0.7139132499694825,1.0094292163848877,3.304149404453651e-05,2.7136198860693943,10480,,,,,,,,,,,
0.6908438205718994,1.0616250038146973,3.300912739513206e-05,2.7187985499741067,10500,,,,,,,,,,,
0.7558197021484375,1.0707000494003296,3.29767607457276e-05,2.723977213878819,10520,,,,,,,,,,,
0.7128583431243897,1.019404411315918,3.294439409632315e-05,2.7291558777835316,10540,,,,,,,,,,,
0.6911386966705322,1.071516513824463,3.29120274469187e-05,2.7343345416882445,10560,,,,,,,,,,,
0.7204570293426513,1.1155006885528564,3.287966079751424e-05,2.739513205592957,10580,,,,,,,,,,,
0.709909725189209,1.071837067604065,3.284729414810979e-05,2.74469186949767,10600,,,,,,,,,,,
0.7270013809204101,0.9358659982681274,3.2814927498705336e-05,2.7498705334023823,10620,,,,,,,,,,,
0.7524267196655273,1.1073036193847656,3.278256084930088e-05,2.7550491973070947,10640,,,,,,,,,,,
0.7260146617889405,0.932614266872406,3.275019419989643e-05,2.760227861211807,10660,,,,,,,,,,,
0.6954141616821289,1.0175679922103882,3.271782755049198e-05,2.76540652511652,10680,,,,,,,,,,,
0.7309324741363525,0.8951402902603149,3.268546090108752e-05,2.7705851890212325,10700,,,,,,,,,,,
0.6818461418151855,1.1209543943405151,3.265309425168307e-05,2.775763852925945,10720,,,,,,,,,,,
0.6925435066223145,1.0042729377746582,3.2620727602278615e-05,2.780942516830658,10740,,,,,,,,,,,
0.7082850933074951,1.1213586330413818,3.258836095287416e-05,2.7861211807353703,10760,,,,,,,,,,,
0.7387813091278076,0.9650264382362366,3.255599430346971e-05,2.7912998446400827,10780,,,,,,,,,,,
0.7058639049530029,1.267094612121582,3.252362765406525e-05,2.796478508544795,10800,,,,,,,,,,,
0.7154808521270752,0.964979887008667,3.24912610046608e-05,2.801657172449508,10820,,,,,,,,,,,
0.6943359851837159,0.96832275390625,3.245889435525635e-05,2.8068358363542205,10840,,,,,,,,,,,
0.666619873046875,0.9740599989891052,3.242652770585189e-05,2.8120145002589334,10860,,,,,,,,,,,
0.7101915359497071,1.1172680854797363,3.239416105644744e-05,2.817193164163646,10880,,,,,,,,,,,
0.7219661712646485,1.0996233224868774,3.2361794407042987e-05,2.8223718280683583,10900,,,,,,,,,,,
0.7133295059204101,1.0237494707107544,3.232942775763853e-05,2.8275504919730707,10920,,,,,,,,,,,
0.6878769874572754,1.1476366519927979,3.229706110823408e-05,2.8327291558777836,10940,,,,,,,,,,,
0.6692744255065918,0.9750658273696899,3.226469445882962e-05,2.837907819782496,10960,,,,,,,,,,,
0.6824749946594239,1.1147531270980835,3.223232780942517e-05,2.843086483687209,10980,,,,,,,,,,,
0.6954680919647217,1.037406086921692,3.2199961160020716e-05,2.8482651475919214,11000,,,,,,,,,,,
0.6859207630157471,1.127912163734436,3.216759451061626e-05,2.853443811496634,11020,,,,,,,,,,,
0.7248624801635742,1.0454626083374023,3.213522786121181e-05,2.8586224754013463,11040,,,,,,,,,,,
0.6972657203674316,1.1409167051315308,3.210286121180736e-05,2.863801139306059,11060,,,,,,,,,,,
0.7716897964477539,1.084837555885315,3.20704945624029e-05,2.8689798032107716,11080,,,,,,,,,,,
0.6957347393035889,1.0907230377197266,3.203812791299845e-05,2.874158467115484,11100,,,,,,,,,,,
0.7173545837402344,1.0557152032852173,3.2005761263593995e-05,2.879337131020197,11120,,,,,,,,,,,
0.6910091876983643,0.9604079127311707,3.197339461418954e-05,2.8845157949249094,11140,,,,,,,,,,,
0.6980654716491699,1.127441644668579,3.194102796478509e-05,2.889694458829622,11160,,,,,,,,,,,
0.7004141330718994,0.9114290475845337,3.190866131538063e-05,2.8948731227343343,11180,,,,,,,,,,,
0.7101248741149903,1.0628808736801147,3.187629466597618e-05,2.900051786639047,11200,,,,,,,,,,,
0.6429417610168457,1.0780887603759766,3.184392801657173e-05,2.9052304505437596,11220,,,,,,,,,,,
0.6827576637268067,1.0424340963363647,3.181156136716727e-05,2.9104091144484725,11240,,,,,,,,,,,
0.7000845909118653,1.1260794401168823,3.177919471776282e-05,2.915587778353185,11260,,,,,,,,,,,
0.6951654434204102,0.9515062570571899,3.1746828068358367e-05,2.9207664422578974,11280,,,,,,,,,,,
0.7085264205932618,1.024757742881775,3.171446141895391e-05,2.92594510616261,11300,,,,,,,,,,,
0.712131404876709,1.0947637557983398,3.168209476954946e-05,2.9311237700673227,11320,,,,,,,,,,,
0.6954363346099853,1.2122931480407715,3.1649728120145e-05,2.936302433972035,11340,,,,,,,,,,,
0.6748942852020263,1.2215739488601685,3.161736147074055e-05,2.941481097876748,11360,,,,,,,,,,,
0.679929780960083,0.9678149819374084,3.1584994821336096e-05,2.9466597617814605,11380,,,,,,,,,,,
0.681729793548584,0.9570160508155823,3.155262817193164e-05,2.951838425686173,11400,,,,,,,,,,,
0.6683023929595947,1.089077115058899,3.152026152252719e-05,2.9570170895908854,11420,,,,,,,,,,,
0.7348246574401855,1.057849645614624,3.148789487312274e-05,2.9621957534955983,11440,,,,,,,,,,,
0.6394921779632569,0.9187445640563965,3.145552822371828e-05,2.9673744174003107,11460,,,,,,,,,,,
0.7052855491638184,0.9034932255744934,3.142316157431383e-05,2.972553081305023,11480,,,,,,,,,,,
0.7060281276702881,0.947231113910675,3.1390794924909375e-05,2.977731745209736,11500,,,,,,,,,,,
0.7112579345703125,1.1030136346817017,3.135842827550492e-05,2.9829104091144485,11520,,,,,,,,,,,
0.6719359874725341,1.0657182931900024,3.132606162610047e-05,2.988089073019161,11540,,,,,,,,,,,
0.6782884120941162,1.0546817779541016,3.129369497669602e-05,2.9932677369238734,11560,,,,,,,,,,,
0.6824969291687012,1.0405700206756592,3.126132832729156e-05,2.9984464008285863,11580,,,,,,,,,,,
,,,3.0,11586,1.28144371509552,28.933456387786293,51.17282819941097,217.4937,15.656,0.979,,,,,
0.6318420886993408,1.1669045686721802,3.122896167788711e-05,3.0036250647332987,11600,,,,,,,,,,,
0.6520225524902343,1.0852599143981934,3.1196595028482654e-05,3.0088037286380116,11620,,,,,,,,,,,
0.65046706199646,1.1835386753082275,3.11642283790782e-05,3.013982392542724,11640,,,,,,,,,,,
0.6493044853210449,1.0747456550598145,3.1131861729673747e-05,3.0191610564474365,11660,,,,,,,,,,,
0.6132737636566162,0.9769343733787537,3.109949508026929e-05,3.024339720352149,11680,,,,,,,,,,,
0.6173548221588134,0.9665105938911438,3.106712843086484e-05,3.029518384256862,11700,,,,,,,,,,,
0.633400821685791,0.9662412405014038,3.103476178146039e-05,3.0346970481615743,11720,,,,,,,,,,,
0.6366735935211182,1.1100914478302002,3.100239513205593e-05,3.0398757120662867,11740,,,,,,,,,,,
0.6658587455749512,1.0001436471939087,3.0970028482651476e-05,3.0450543759709996,11760,,,,,,,,,,,
0.6536732196807862,1.0599597692489624,3.0937661833247026e-05,3.050233039875712,11780,,,,,,,,,,,
0.6292809009552002,1.1120095252990723,3.090529518384257e-05,3.0554117037804245,11800,,,,,,,,,,,
0.5970916271209716,1.075409173965454,3.087292853443812e-05,3.0605903676851374,11820,,,,,,,,,,,
0.6546601772308349,0.9383001327514648,3.084056188503366e-05,3.06576903158985,11840,,,,,,,,,,,
0.6274658679962158,1.1909643411636353,3.080819523562921e-05,3.0709476954945623,11860,,,,,,,,,,,
0.6385937213897706,1.0392814874649048,3.0775828586224755e-05,3.076126359399275,11880,,,,,,,,,,,
0.632363224029541,1.0676065683364868,3.07434619368203e-05,3.0813050233039876,11900,,,,,,,,,,,
0.6444535255432129,1.0080689191818237,3.071109528741585e-05,3.0864836872087,11920,,,,,,,,,,,
0.6537950992584228,1.0974557399749756,3.06787286380114e-05,3.091662351113413,11940,,,,,,,,,,,
0.6131844043731689,1.0705232620239258,3.064636198860694e-05,3.0968410150181254,11960,,,,,,,,,,,
0.6598455905914307,1.0122764110565186,3.061399533920249e-05,3.102019678922838,11980,,,,,,,,,,,
0.6470083236694336,1.0787968635559082,3.0581628689798034e-05,3.1071983428275507,12000,,,,,,,,,,,
0.6374436855316162,1.074213981628418,3.054926204039358e-05,3.112377006732263,12020,,,,,,,,,,,
0.6477756023406982,1.195417881011963,3.0516895390989127e-05,3.1175556706369756,12040,,,,,,,,,,,
0.6199098110198975,1.0449873208999634,3.0484528741584673e-05,3.122734334541688,12060,,,,,,,,,,,
0.5921555519104004,1.0452189445495605,3.045216209218022e-05,3.127912998446401,12080,,,,,,,,,,,
0.6338624477386474,1.0221649408340454,3.0419795442775766e-05,3.1330916623511134,12100,,,,,,,,,,,
0.6335693359375,0.9883427023887634,3.0387428793371316e-05,3.138270326255826,12120,,,,,,,,,,,
0.6415166854858398,1.0539546012878418,3.0355062143966856e-05,3.1434489901605387,12140,,,,,,,,,,,
0.6224370002746582,1.0006930828094482,3.0322695494562402e-05,3.148627654065251,12160,,,,,,,,,,,
0.655092430114746,1.0726861953735352,3.0290328845157952e-05,3.1538063179699636,12180,,,,,,,,,,,
0.6382498264312744,0.9549791216850281,3.02579621957535e-05,3.1589849818746765,12200,,,,,,,,,,,
0.6092787742614746,1.116646647453308,3.0225595546349045e-05,3.164163645779389,12220,,,,,,,,,,,
0.619243860244751,1.0126690864562988,3.019322889694459e-05,3.1693423096841014,12240,,,,,,,,,,,
0.6080660343170166,1.0219959020614624,3.0160862247540135e-05,3.1745209735888142,12260,,,,,,,,,,,
0.6300897598266602,1.0727646350860596,3.012849559813568e-05,3.1796996374935267,12280,,,,,,,,,,,
0.6215104103088379,1.0813267230987549,3.0096128948731228e-05,3.184878301398239,12300,,,,,,,,,,,
0.6241954326629638,1.0564401149749756,3.0063762299326774e-05,3.190056965302952,12320,,,,,,,,,,,
0.6245106220245361,1.0028241872787476,3.0031395649922324e-05,3.1952356292076645,12340,,,,,,,,,,,
0.6409975528717041,1.0824246406555176,2.999902900051787e-05,3.200414293112377,12360,,,,,,,,,,,
0.597484016418457,1.0585553646087646,2.996666235111341e-05,3.20559295701709,12380,,,,,,,,,,,
0.6292724132537841,1.0125336647033691,2.993429570170896e-05,3.2107716209218022,12400,,,,,,,,,,,
0.5977503776550293,1.0889662504196167,2.9901929052304507e-05,3.2159502848265147,12420,,,,,,,,,,,
0.6349794864654541,1.0162431001663208,2.9869562402900053e-05,3.221128948731227,12440,,,,,,,,,,,
0.5991810321807861,1.0572854280471802,2.98371957534956e-05,3.22630761263594,12460,,,,,,,,,,,
0.5849281311035156,0.9611857533454895,2.9804829104091146e-05,3.2314862765406525,12480,,,,,,,,,,,
0.650759506225586,1.0605729818344116,2.9772462454686696e-05,3.236664940445365,12500,,,,,,,,,,,
0.6171424865722657,1.1107840538024902,2.9740095805282236e-05,3.241843604350078,12520,,,,,,,,,,,
0.6419316291809082,0.9259081482887268,2.9707729155877782e-05,3.2470222682547902,12540,,,,,,,,,,,
0.6409069061279297,1.0699938535690308,2.9675362506473332e-05,3.2522009321595027,12560,,,,,,,,,,,
0.6196976661682129,1.0859116315841675,2.964299585706888e-05,3.2573795960642156,12580,,,,,,,,,,,
0.6234586715698243,1.0042256116867065,2.9610629207664425e-05,3.262558259968928,12600,,,,,,,,,,,
0.6102771282196044,1.1615699529647827,2.957826255825997e-05,3.2677369238736405,12620,,,,,,,,,,,
0.5936306476593017,1.1064400672912598,2.9545895908855515e-05,3.2729155877783533,12640,,,,,,,,,,,
0.6187374591827393,1.088889241218567,2.951352925945106e-05,3.278094251683066,12660,,,,,,,,,,,
0.6517605781555176,0.9537951946258545,2.9481162610046608e-05,3.2832729155877782,12680,,,,,,,,,,,
0.6277201175689697,1.105122447013855,2.9448795960642157e-05,3.288451579492491,12700,,,,,,,,,,,
0.6039080142974853,1.1661335229873657,2.9416429311237704e-05,3.2936302433972036,12720,,,,,,,,,,,
0.6092828750610352,0.9713301062583923,2.938406266183325e-05,3.298808907301916,12740,,,,,,,,,,,
0.5868716239929199,1.074160099029541,2.9351696012428794e-05,3.303987571206629,12760,,,,,,,,,,,
0.6135997295379638,1.195694923400879,2.931932936302434e-05,3.3091662351113413,12780,,,,,,,,,,,
0.6253268718719482,1.102954387664795,2.9286962713619887e-05,3.314344899016054,12800,,,,,,,,,,,
0.6158892154693604,1.0134429931640625,2.9254596064215433e-05,3.3195235629207662,12820,,,,,,,,,,,
0.6198432445526123,1.1489388942718506,2.922222941481098e-05,3.324702226825479,12840,,,,,,,,,,,
0.6198620319366455,1.169456958770752,2.918986276540653e-05,3.3298808907301916,12860,,,,,,,,,,,
0.6073900699615479,0.9885051250457764,2.9157496116002076e-05,3.3350595546349044,12880,,,,,,,,,,,
0.6210123538970947,0.9887227416038513,2.9125129466597616e-05,3.340238218539617,12900,,,,,,,,,,,
0.5747496128082276,1.0288915634155273,2.9092762817193165e-05,3.3454168824443293,12920,,,,,,,,,,,
0.5842042922973633,1.109061360359192,2.9060396167788712e-05,3.3505955463490418,12940,,,,,,,,,,,
0.6312453746795654,1.0629431009292603,2.902802951838426e-05,3.3557742102537547,12960,,,,,,,,,,,
0.6262954235076904,1.1749604940414429,2.8995662868979805e-05,3.360952874158467,12980,,,,,,,,,,,
0.604785966873169,1.1769882440567017,2.8963296219575355e-05,3.3661315380631796,13000,,,,,,,,,,,
0.6079905509948731,1.0199376344680786,2.8930929570170895e-05,3.3713102019678924,13020,,,,,,,,,,,
0.6060465335845947,1.0507383346557617,2.889856292076644e-05,3.376488865872605,13040,,,,,,,,,,,
0.6259365558624268,1.0921119451522827,2.886619627136199e-05,3.3816675297773173,13060,,,,,,,,,,,
0.5913623332977295,1.0851707458496094,2.8833829621957537e-05,3.38684619368203,13080,,,,,,,,,,,
0.6307250022888183,1.1398391723632812,2.8801462972553084e-05,3.3920248575867427,13100,,,,,,,,,,,
0.598236083984375,0.9487346410751343,2.876909632314863e-05,3.397203521491455,13120,,,,,,,,,,,
0.600250244140625,1.0649937391281128,2.8736729673744174e-05,3.402382185396168,13140,,,,,,,,,,,
0.5998925685882568,1.1741780042648315,2.870436302433972e-05,3.4075608493008804,13160,,,,,,,,,,,
0.5914311885833741,1.0630435943603516,2.8671996374935267e-05,3.412739513205593,13180,,,,,,,,,,,
0.5689390659332275,1.1033430099487305,2.8639629725530813e-05,3.4179181771103053,13200,,,,,,,,,,,
0.5711229801177978,0.9970609545707703,2.8607263076126363e-05,3.423096841015018,13220,,,,,,,,,,,
0.5762596130371094,0.9707406163215637,2.857489642672191e-05,3.4282755049197307,13240,,,,,,,,,,,
0.5389203548431396,1.2204804420471191,2.8542529777317456e-05,3.4334541688244435,13260,,,,,,,,,,,
0.6007984638214111,1.0357497930526733,2.8510163127913e-05,3.438632832729156,13280,,,,,,,,,,,
0.5732769012451172,1.145854115486145,2.8477796478508545e-05,3.4438114966338684,13300,,,,,,,,,,,
0.6170349597930909,0.9969425797462463,2.8445429829104092e-05,3.448990160538581,13320,,,,,,,,,,,
0.5887009143829346,1.0487974882125854,2.841306317969964e-05,3.4541688244432938,13340,,,,,,,,,,,
0.6019689559936523,1.0294454097747803,2.8380696530295185e-05,3.459347488348006,13360,,,,,,,,,,,
0.5829859733581543,1.125357985496521,2.8348329880890735e-05,3.4645261522527186,13380,,,,,,,,,,,
0.614157247543335,1.1444883346557617,2.8315963231486275e-05,3.4697048161574315,13400,,,,,,,,,,,
0.5636914730072021,1.0857173204421997,2.828359658208182e-05,3.474883480062144,13420,,,,,,,,,,,
0.5755758285522461,1.0365060567855835,2.825122993267737e-05,3.4800621439668564,13440,,,,,,,,,,,
0.5991202831268311,1.1529345512390137,2.8218863283272917e-05,3.4852408078715693,13460,,,,,,,,,,,
0.5761951923370361,0.9600828886032104,2.8186496633868464e-05,3.4904194717762818,13480,,,,,,,,,,,
0.6000126838684082,0.9916617274284363,2.815412998446401e-05,3.495598135680994,13500,,,,,,,,,,,
0.5754533767700195,1.0056880712509155,2.8121763335059554e-05,3.500776799585707,13520,,,,,,,,,,,
0.5578787326812744,0.9353053569793701,2.80893966856551e-05,3.5059554634904195,13540,,,,,,,,,,,
0.5925684452056885,1.1224685907363892,2.8057030036250647e-05,3.511134127395132,13560,,,,,,,,,,,
0.589308500289917,0.8796999454498291,2.8024663386846196e-05,3.5163127912998444,13580,,,,,,,,,,,
0.5457279205322265,1.2084163427352905,2.7992296737441743e-05,3.5214914552045573,13600,,,,,,,,,,,
0.6310973167419434,0.9981975555419922,2.795993008803729e-05,3.5266701191092698,13620,,,,,,,,,,,
0.5838809490203858,1.2314447164535522,2.7927563438632836e-05,3.5318487830139826,13640,,,,,,,,,,,
0.5865244388580322,0.8911475539207458,2.789519678922838e-05,3.537027446918695,13660,,,,,,,,,,,
0.6159986019134521,1.0504841804504395,2.7862830139823925e-05,3.5422061108234075,13680,,,,,,,,,,,
0.5988722324371338,1.06480872631073,2.7830463490419472e-05,3.54738477472812,13700,,,,,,,,,,,
0.5847068309783936,1.0394172668457031,2.779809684101502e-05,3.552563438632833,13720,,,,,,,,,,,
0.5567264080047607,1.073543906211853,2.776573019161057e-05,3.5577421025375453,13740,,,,,,,,,,,
0.5921755790710449,1.081786870956421,2.7733363542206115e-05,3.5629207664422577,13760,,,,,,,,,,,
0.5586164474487305,0.9493536949157715,2.7700996892801655e-05,3.5680994303469706,13780,,,,,,,,,,,
0.5740941524505615,1.007246494293213,2.7668630243397204e-05,3.573278094251683,13800,,,,,,,,,,,
0.5536438941955566,0.9451751708984375,2.763626359399275e-05,3.5784567581563955,13820,,,,,,,,,,,
0.573988676071167,1.1443132162094116,2.7603896944588297e-05,3.583635422061108,13840,,,,,,,,,,,
0.5423683643341064,0.9869725704193115,2.7571530295183844e-05,3.588814085965821,13860,,,,,,,,,,,
0.5491264343261719,1.0083955526351929,2.7539163645779394e-05,3.5939927498705333,13880,,,,,,,,,,,
0.5534345149993897,1.0466398000717163,2.7506796996374934e-05,3.599171413775246,13900,,,,,,,,,,,
0.5386653900146484,0.9685055017471313,2.747443034697048e-05,3.6043500776799586,13920,,,,,,,,,,,
0.6130515098571777,1.006290316581726,2.744206369756603e-05,3.609528741584671,13940,,,,,,,,,,,
0.5876092910766602,1.04523503780365,2.7409697048161576e-05,3.6147074054893835,13960,,,,,,,,,,,
0.5671215057373047,0.9612281918525696,2.7377330398757123e-05,3.6198860693940964,13980,,,,,,,,,,,
0.5453564643859863,1.140718936920166,2.734496374935267e-05,3.625064733298809,14000,,,,,,,,,,,
0.5474108219146728,0.9509495496749878,2.7312597099948216e-05,3.6302433972035217,14020,,,,,,,,,,,
0.5650347232818603,1.0626682043075562,2.728023045054376e-05,3.635422061108234,14040,,,,,,,,,,,
0.567835521697998,1.1182888746261597,2.7247863801139305e-05,3.6406007250129466,14060,,,,,,,,,,,
0.5662098407745362,1.092890977859497,2.7215497151734852e-05,3.645779388917659,14080,,,,,,,,,,,
0.5198403835296631,1.0338575839996338,2.7183130502330402e-05,3.650958052822372,14100,,,,,,,,,,,
0.5632104873657227,1.1170928478240967,2.715076385292595e-05,3.6561367167270844,14120,,,,,,,,,,,
0.5556341648101807,1.3087620735168457,2.7118397203521495e-05,3.661315380631797,14140,,,,,,,,,,,
0.5422767639160156,1.1648738384246826,2.7086030554117038e-05,3.6664940445365097,14160,,,,,,,,,,,
0.5302931785583496,0.9916160702705383,2.7053663904712584e-05,3.671672708441222,14180,,,,,,,,,,,
0.5442945480346679,1.0249989032745361,2.702129725530813e-05,3.6768513723459346,14200,,,,,,,,,,,
0.5535660743713379,1.0260813236236572,2.6988930605903677e-05,3.682030036250647,14220,,,,,,,,,,,
0.569547176361084,0.9659370183944702,2.6956563956499224e-05,3.68720870015536,14240,,,,,,,,,,,
0.5803505897521972,0.9506067037582397,2.6924197307094774e-05,3.6923873640600724,14260,,,,,,,,,,,
0.5362740516662597,0.8696770668029785,2.6891830657690314e-05,3.6975660279647853,14280,,,,,,,,,,,
0.5551619529724121,1.0042871236801147,2.6859464008285863e-05,3.7027446918694977,14300,,,,,,,,,,,
0.5418978214263916,1.0682765245437622,2.682709735888141e-05,3.70792335577421,14320,,,,,,,,,,,
0.5889582157135009,1.1036795377731323,2.6794730709476956e-05,3.7131020196789226,14340,,,,,,,,,,,
0.5614502906799317,1.0583909749984741,2.6762364060072503e-05,3.7182806835836355,14360,,,,,,,,,,,
0.5645857810974121,1.0053998231887817,2.672999741066805e-05,3.723459347488348,14380,,,,,,,,,,,
0.543088722229004,0.9268169403076172,2.66976307612636e-05,3.728638011393061,14400,,,,,,,,,,,
0.5604765892028809,1.074540376663208,2.666526411185914e-05,3.7338166752977733,14420,,,,,,,,,,,
0.5474344730377197,1.069583535194397,2.6632897462454685e-05,3.7389953392024857,14440,,,,,,,,,,,
0.5670348644256592,1.108870506286621,2.6600530813050235e-05,3.744174003107198,14460,,,,,,,,,,,
0.5484275817871094,0.9456261396408081,2.6568164163645782e-05,3.749352667011911,14480,,,,,,,,,,,
0.5782976627349854,1.196875810623169,2.653579751424133e-05,3.7545313309166235,14500,,,,,,,,,,,
0.5649693965911865,1.0711803436279297,2.6503430864836875e-05,3.759709994821336,14520,,,,,,,,,,,
0.5229895114898682,0.9559974074363708,2.6471064215432418e-05,3.764888658726049,14540,,,,,,,,,,,
0.5400998592376709,0.947952389717102,2.6438697566027964e-05,3.7700673226307613,14560,,,,,,,,,,,
0.5409611701965332,0.9845951199531555,2.640633091662351e-05,3.7752459865354737,14580,,,,,,,,,,,
0.5539991378784179,1.1586636304855347,2.6373964267219057e-05,3.780424650440186,14600,,,,,,,,,,,
0.5465378284454345,0.9563707709312439,2.6341597617814607e-05,3.785603314344899,14620,,,,,,,,,,,
0.5350117206573486,1.044944167137146,2.6309230968410154e-05,3.7907819782496115,14640,,,,,,,,,,,
0.5430158138275146,1.0959804058074951,2.6276864319005694e-05,3.7959606421543244,14660,,,,,,,,,,,
0.5004421710968018,1.0396819114685059,2.6244497669601243e-05,3.801139306059037,14680,,,,,,,,,,,
0.5404280185699463,0.991265058517456,2.621213102019679e-05,3.8063179699637493,14700,,,,,,,,,,,
0.538280725479126,0.9235774278640747,2.6179764370792336e-05,3.8114966338684617,14720,,,,,,,,,,,
0.5277487277984619,1.124948501586914,2.6147397721387883e-05,3.8166752977731746,14740,,,,,,,,,,,
0.5300539970397949,1.1318233013153076,2.6115031071983433e-05,3.821853961677887,14760,,,,,,,,,,,
0.5442649841308593,1.0708016157150269,2.608266442257898e-05,3.8270326255826,14780,,,,,,,,,,,
0.5608360767364502,1.2490535974502563,2.605029777317452e-05,3.8322112894873124,14800,,,,,,,,,,,
0.5482754230499267,1.1087149381637573,2.601793112377007e-05,3.837389953392025,14820,,,,,,,,,,,
0.5135061264038085,1.0828367471694946,2.5985564474365615e-05,3.8425686172967373,14840,,,,,,,,,,,
0.5567339420318603,1.0729650259017944,2.5953197824961162e-05,3.84774728120145,14860,,,,,,,,,,,
0.5271097183227539,1.1677778959274292,2.592083117555671e-05,3.8529259451061626,14880,,,,,,,,,,,
0.5350691795349121,1.0770385265350342,2.5888464526152255e-05,3.858104609010875,14900,,,,,,,,,,,
0.5494834899902343,1.055915117263794,2.5856097876747798e-05,3.863283272915588,14920,,,,,,,,,,,
0.506888484954834,0.9934370517730713,2.5823731227343344e-05,3.8684619368203004,14940,,,,,,,,,,,
0.5371236324310302,1.0322511196136475,2.579136457793889e-05,3.873640600725013,14960,,,,,,,,,,,
0.5491275787353516,1.0691196918487549,2.575899792853444e-05,3.8788192646297253,14980,,,,,,,,,,,
0.5438809871673584,1.035861849784851,2.5726631279129987e-05,3.883997928534438,15000,,,,,,,,,,,
0.5534473419189453,1.0153999328613281,2.5694264629725534e-05,3.8891765924391506,15020,,,,,,,,,,,
0.5331213474273682,1.1152722835540771,2.5661897980321077e-05,3.8943552563438635,15040,,,,,,,,,,,
0.49856224060058596,0.9824102520942688,2.5629531330916623e-05,3.899533920248576,15060,,,,,,,,,,,
0.5462541103363037,1.0413968563079834,2.559716468151217e-05,3.9047125841532884,15080,,,,,,,,,,,
0.5454806327819824,1.0592315196990967,2.5564798032107716e-05,3.909891248058001,15100,,,,,,,,,,,
0.5493834495544434,1.0883605480194092,2.5532431382703266e-05,3.9150699119627137,15120,,,,,,,,,,,
0.5235372066497803,1.0022920370101929,2.5500064733298813e-05,3.920248575867426,15140,,,,,,,,,,,
0.524324893951416,1.1199582815170288,2.546769808389436e-05,3.925427239772139,15160,,,,,,,,,,,
0.5458049297332763,1.0237092971801758,2.5435331434489902e-05,3.9306059036768515,15180,,,,,,,,,,,
0.5402348041534424,1.029584288597107,2.540296478508545e-05,3.935784567581564,15200,,,,,,,,,,,
0.5297347068786621,1.0452994108200073,2.5370598135680995e-05,3.9409632314862764,15220,,,,,,,,,,,
0.5475287437438965,1.1137281656265259,2.5338231486276542e-05,3.9461418953909893,15240,,,,,,,,,,,
0.5745280265808106,1.008741855621338,2.530586483687209e-05,3.9513205592957017,15260,,,,,,,,,,,
0.5458833694458007,1.1568022966384888,2.5273498187467638e-05,3.956499223200414,15280,,,,,,,,,,,
0.522339153289795,1.0573867559432983,2.5241131538063178e-05,3.961677887105127,15300,,,,,,,,,,,
0.5366241931915283,1.1001570224761963,2.5208764888658724e-05,3.9668565510098395,15320,,,,,,,,,,,
0.5066086769104003,1.0247139930725098,2.5176398239254274e-05,3.972035214914552,15340,,,,,,,,,,,
0.5183201789855957,1.0288370847702026,2.514403158984982e-05,3.9772138788192644,15360,,,,,,,,,,,
0.5217673778533936,1.073697805404663,2.5111664940445367e-05,3.9823925427239772,15380,,,,,,,,,,,
0.510159683227539,0.879402756690979,2.5079298291040914e-05,3.9875712066286897,15400,,,,,,,,,,,
0.5261355876922608,1.1198982000350952,2.5046931641636457e-05,3.9927498705334026,15420,,,,,,,,,,,
0.5663155555725098,1.2525333166122437,2.5014564992232003e-05,3.997928534438115,15440,,,,,,,,,,,
,,,4.0,15448,1.299359679222107,32.21611705929667,53.17034216034882,209.5896,16.246,1.016,,,,,
0.4947201251983643,1.1419371366500854,2.498219834282755e-05,4.0031071983428275,15460,,,,,,,,,,,
0.4845601558685303,1.0175728797912598,2.4949831693423096e-05,4.00828586224754,15480,,,,,,,,,,,
0.5135288238525391,0.92771315574646,2.4917465044018646e-05,4.013464526152252,15500,,,,,,,,,,,
0.48950972557067873,1.0239604711532593,2.488509839461419e-05,4.018643190056966,15520,,,,,,,,,,,
0.517784595489502,1.011885404586792,2.4852731745209736e-05,4.023821853961678,15540,,,,,,,,,,,
0.4901944637298584,0.8958601951599121,2.4820365095805286e-05,4.029000517866391,15560,,,,,,,,,,,
0.4773111343383789,1.049031138420105,2.478799844640083e-05,4.034179181771103,15580,,,,,,,,,,,
0.5129362583160401,1.0825743675231934,2.4755631796996375e-05,4.0393578456758155,15600,,,,,,,,,,,
0.5409782886505127,1.1511038541793823,2.4723265147591922e-05,4.044536509580528,15620,,,,,,,,,,,
0.48572497367858886,1.0146970748901367,2.469089849818747e-05,4.049715173485241,15640,,,,,,,,,,,
0.4935713291168213,1.1460859775543213,2.4658531848783015e-05,4.054893837389954,15660,,,,,,,,,,,
0.5276509761810303,0.9350183606147766,2.462616519937856e-05,4.060072501294666,15680,,,,,,,,,,,
0.49645371437072755,1.144527554512024,2.4593798549974108e-05,4.065251165199379,15700,,,,,,,,,,,
0.48812365531921387,0.9846081733703613,2.4561431900569654e-05,4.070429829104091,15720,,,,,,,,,,,
0.4789228916168213,1.0932774543762207,2.45290652511652e-05,4.0756084930088035,15740,,,,,,,,,,,
0.4909809112548828,0.9975622296333313,2.4496698601760747e-05,4.080787156913516,15760,,,,,,,,,,,
0.5136897563934326,1.237928032875061,2.4464331952356294e-05,4.085965820818229,15780,,,,,,,,,,,
0.5068238735198974,1.088428020477295,2.443196530295184e-05,4.091144484722942,15800,,,,,,,,,,,
0.4869994163513184,0.8964002132415771,2.4399598653547387e-05,4.096323148627654,15820,,,,,,,,,,,
0.5077862739562988,1.1264203786849976,2.436723200414293e-05,4.101501812532367,15840,,,,,,,,,,,
0.4779232978820801,0.939873456954956,2.433486535473848e-05,4.106680476437079,15860,,,,,,,,,,,
0.4648734569549561,0.9897817969322205,2.4302498705334026e-05,4.1118591403417915,15880,,,,,,,,,,,
0.48030681610107423,0.9305945634841919,2.427013205592957e-05,4.117037804246505,15900,,,,,,,,,,,
0.4555360317230225,1.0890800952911377,2.4237765406525116e-05,4.122216468151217,15920,,,,,,,,,,,
0.49238948822021483,1.208095669746399,2.4205398757120666e-05,4.12739513205593,15940,,,,,,,,,,,
0.46088156700134275,0.9201850295066833,2.417303210771621e-05,4.132573795960642,15960,,,,,,,,,,,
0.48619465827941893,1.0406495332717896,2.4140665458311755e-05,4.137752459865355,15980,,,,,,,,,,,
0.5086441040039062,1.1047537326812744,2.4108298808907305e-05,4.142931123770067,16000,,,,,,,,,,,
0.5023045063018798,1.0506786108016968,2.407593215950285e-05,4.14810978767478,16020,,,,,,,,,,,
0.4761191368103027,0.9486097693443298,2.4043565510098395e-05,4.153288451579493,16040,,,,,,,,,,,
0.4956665515899658,1.091444969177246,2.401119886069394e-05,4.158467115484205,16060,,,,,,,,,,,
0.4844158172607422,0.9906029105186462,2.397883221128949e-05,4.163645779388918,16080,,,,,,,,,,,
0.4872631549835205,1.0320274829864502,2.3946465561885034e-05,4.16882444329363,16100,,,,,,,,,,,
0.5203771591186523,1.0658169984817505,2.391409891248058e-05,4.1740031071983426,16120,,,,,,,,,,,
0.4985515117645264,0.9810068011283875,2.3881732263076127e-05,4.179181771103055,16140,,,,,,,,,,,
0.4639586925506592,1.1541765928268433,2.3849365613671674e-05,4.184360435007768,16160,,,,,,,,,,,
0.5117449283599853,1.0431272983551025,2.381699896426722e-05,4.189539098912481,16180,,,,,,,,,,,
0.4888296604156494,1.0634667873382568,2.3784632314862767e-05,4.194717762817193,16200,,,,,,,,,,,
0.4444462299346924,1.0768184661865234,2.3752265665458313e-05,4.199896426721906,16220,,,,,,,,,,,
0.49585914611816406,1.0288982391357422,2.371989901605386e-05,4.205075090626618,16240,,,,,,,,,,,
0.5027340888977051,0.9981192946434021,2.3687532366649406e-05,4.2102537545313306,16260,,,,,,,,,,,
0.4936704635620117,1.07082200050354,2.365516571724495e-05,4.215432418436044,16280,,,,,,,,,,,
0.48231019973754885,1.0672439336776733,2.36227990678405e-05,4.220611082340756,16300,,,,,,,,,,,
0.46414690017700194,1.0924121141433716,2.3590432418436046e-05,4.225789746245469,16320,,,,,,,,,,,
0.46312694549560546,1.0606329441070557,2.355806576903159e-05,4.230968410150181,16340,,,,,,,,,,,
0.49969329833984377,1.0294172763824463,2.3525699119627135e-05,4.236147074054894,16360,,,,,,,,,,,
0.45825490951538084,1.0978304147720337,2.3493332470222685e-05,4.241325737959606,16380,,,,,,,,,,,
0.4845278263092041,1.0855573415756226,2.346096582081823e-05,4.246504401864319,16400,,,,,,,,,,,
0.4760874271392822,0.9525450468063354,2.3428599171413775e-05,4.251683065769032,16420,,,,,,,,,,,
0.47296481132507323,1.0101641416549683,2.3396232522009325e-05,4.256861729673744,16440,,,,,,,,,,,
0.48244218826293944,1.0475090742111206,2.336386587260487e-05,4.262040393578457,16460,,,,,,,,,,,
0.45843825340270994,1.0068879127502441,2.3331499223200414e-05,4.267219057483169,16480,,,,,,,,,,,
0.4794961452484131,1.130427360534668,2.329913257379596e-05,4.272397721387882,16500,,,,,,,,,,,
0.48127522468566897,1.1797196865081787,2.326676592439151e-05,4.277576385292594,16520,,,,,,,,,,,
0.49457149505615233,0.9561668634414673,2.3234399274987054e-05,4.282755049197307,16540,,,,,,,,,,,
0.48212766647338867,0.977684497833252,2.32020326255826e-05,4.28793371310202,16560,,,,,,,,,,,
0.4826196670532227,1.0064053535461426,2.3169665976178147e-05,4.293112377006732,16580,,,,,,,,,,,
0.4693446636199951,1.0816489458084106,2.3137299326773693e-05,4.298291040911445,16600,,,,,,,,,,,
0.4866593837738037,0.9456299543380737,2.310493267736924e-05,4.303469704816157,16620,,,,,,,,,,,
0.47254281044006347,0.9511064887046814,2.3072566027964786e-05,4.30864836872087,16640,,,,,,,,,,,
0.4742623805999756,0.8761698603630066,2.3040199378560333e-05,4.313827032625583,16660,,,,,,,,,,,
0.481095027923584,0.837253212928772,2.300783272915588e-05,4.319005696530295,16680,,,,,,,,,,,
0.45286874771118163,0.9922914505004883,2.2975466079751426e-05,4.324184360435008,16700,,,,,,,,,,,
0.4598876476287842,1.119134545326233,2.294309943034697e-05,4.32936302433972,16720,,,,,,,,,,,
0.46829614639282224,1.0213080644607544,2.291073278094252e-05,4.334541688244433,16740,,,,,,,,,,,
0.5022631168365479,1.0156968832015991,2.2878366131538065e-05,4.339720352149145,16760,,,,,,,,,,,
0.43146071434020994,1.057235836982727,2.284599948213361e-05,4.3448990160538585,16780,,,,,,,,,,,
0.45329813957214354,1.1749078035354614,2.2813632832729155e-05,4.350077679958571,16800,,,,,,,,,,,
0.47032699584960935,1.034093976020813,2.2781266183324705e-05,4.355256343863283,16820,,,,,,,,,,,
0.4740435600280762,0.9689739942550659,2.274889953392025e-05,4.360435007767996,16840,,,,,,,,,,,
0.43576951026916505,1.0701931715011597,2.2716532884515794e-05,4.365613671672708,16860,,,,,,,,,,,
0.4569069862365723,0.9641366600990295,2.2684166235111344e-05,4.370792335577421,16880,,,,,,,,,,,
0.4724415302276611,1.2345267534255981,2.265179958570689e-05,4.375970999482133,16900,,,,,,,,,,,
0.47441859245300294,0.9384793639183044,2.2619432936302434e-05,4.3811496633868465,16920,,,,,,,,,,,
0.4716529846191406,1.0977632999420166,2.258706628689798e-05,4.386328327291559,16940,,,,,,,,,,,
0.5003089904785156,0.9865219593048096,2.255469963749353e-05,4.391506991196271,16960,,,,,,,,,,,
0.45199785232543943,1.0398452281951904,2.2522332988089073e-05,4.396685655100984,16980,,,,,,,,,,,
0.4491011619567871,1.0537986755371094,2.248996633868462e-05,4.401864319005696,17000,,,,,,,,,,,
0.4551483154296875,1.109081506729126,2.2457599689280166e-05,4.407042982910409,17020,,,,,,,,,,,
0.4454258918762207,1.0364819765090942,2.2425233039875713e-05,4.412221646815122,17040,,,,,,,,,,,
0.4762850761413574,1.0433868169784546,2.239286639047126e-05,4.4174003107198345,17060,,,,,,,,,,,
0.481387996673584,0.9360199570655823,2.2360499741066806e-05,4.422578974624547,17080,,,,,,,,,,,
0.46651253700256345,1.1108675003051758,2.2328133091662352e-05,4.427757638529259,17100,,,,,,,,,,,
0.4619779109954834,1.0525915622711182,2.22957664422579e-05,4.432936302433972,17120,,,,,,,,,,,
0.4797180652618408,0.992733359336853,2.2263399792853445e-05,4.438114966338684,17140,,,,,,,,,,,
0.44915337562561036,0.9810967445373535,2.223103314344899e-05,4.443293630243398,17160,,,,,,,,,,,
0.47182345390319824,1.0151286125183105,2.2198666494044538e-05,4.44847229414811,17180,,,,,,,,,,,
0.4660484790802002,1.1761513948440552,2.2166299844640085e-05,4.4536509580528225,17200,,,,,,,,,,,
0.4906276226043701,1.221327304840088,2.213393319523563e-05,4.458829621957535,17220,,,,,,,,,,,
0.4723949432373047,1.1530301570892334,2.2101566545831178e-05,4.464008285862247,17240,,,,,,,,,,,
0.4543929576873779,1.0052825212478638,2.2069199896426724e-05,4.46918694976696,17260,,,,,,,,,,,
0.5067150592803955,1.1334296464920044,2.203683324702227e-05,4.474365613671672,17280,,,,,,,,,,,
0.45380797386169436,1.002146601676941,2.2004466597617814e-05,4.479544277576386,17300,,,,,,,,,,,
0.4549508571624756,1.0136655569076538,2.1972099948213364e-05,4.484722941481098,17320,,,,,,,,,,,
0.4751269340515137,0.9989675879478455,2.193973329880891e-05,4.4899016053858105,17340,,,,,,,,,,,
0.4460747718811035,1.0811944007873535,2.1907366649404453e-05,4.495080269290523,17360,,,,,,,,,,,
0.42947802543640134,1.134642481803894,2.1875e-05,4.500258933195235,17380,,,,,,,,,,,
0.4534915924072266,0.9542836546897888,2.184263335059555e-05,4.505437597099948,17400,,,,,,,,,,,
0.4528805732727051,0.9865124821662903,2.1810266701191093e-05,4.510616261004661,17420,,,,,,,,,,,
0.43732504844665526,1.0142745971679688,2.177790005178664e-05,4.515794924909374,17440,,,,,,,,,,,
0.45041933059692385,1.1446419954299927,2.1745533402382186e-05,4.520973588814086,17460,,,,,,,,,,,
0.48432073593139646,0.9137275815010071,2.1713166752977732e-05,4.5261522527187985,17480,,,,,,,,,,,
0.4590438365936279,0.8943204283714294,2.168080010357328e-05,4.531330916623511,17500,,,,,,,,,,,
0.46750969886779786,1.010022521018982,2.1648433454168825e-05,4.536509580528223,17520,,,,,,,,,,,
0.4736192226409912,0.9961410760879517,2.1616066804764372e-05,4.541688244432937,17540,,,,,,,,,,,
0.4685551166534424,1.0524299144744873,2.1583700155359918e-05,4.546866908337649,17560,,,,,,,,,,,
0.45396785736083983,0.9732124209403992,2.1551333505955465e-05,4.552045572242362,17580,,,,,,,,,,,
0.4557955265045166,0.9539065957069397,2.151896685655101e-05,4.557224236147074,17600,,,,,,,,,,,
0.4954496383666992,1.194337010383606,2.1486600207146558e-05,4.5624029000517865,17620,,,,,,,,,,,
0.475539493560791,0.9795815944671631,2.1454233557742104e-05,4.567581563956499,17640,,,,,,,,,,,
0.45430550575256345,1.164188265800476,2.142186690833765e-05,4.572760227861211,17660,,,,,,,,,,,
0.45860934257507324,1.0165584087371826,2.1389500258933197e-05,4.577938891765925,17680,,,,,,,,,,,
0.44700913429260253,1.543630838394165,2.1357133609528744e-05,4.583117555670637,17700,,,,,,,,,,,
0.4460773944854736,1.0067315101623535,2.132476696012429e-05,4.58829621957535,17720,,,,,,,,,,,
0.42561845779418944,0.9276449084281921,2.1292400310719833e-05,4.593474883480062,17740,,,,,,,,,,,
0.45589337348937986,0.9655876755714417,2.1260033661315383e-05,4.5986535473847745,17760,,,,,,,,,,,
0.48273420333862305,1.0371322631835938,2.122766701191093e-05,4.603832211289487,17780,,,,,,,,,,,
0.44672198295593263,1.0604065656661987,2.1195300362506473e-05,4.6090108751942,17800,,,,,,,,,,,
0.43024439811706544,1.045994758605957,2.116293371310202e-05,4.614189539098913,17820,,,,,,,,,,,
0.4198923110961914,1.0164493322372437,2.113056706369757e-05,4.619368203003625,17840,,,,,,,,,,,
0.44469738006591797,1.1833124160766602,2.1098200414293112e-05,4.624546866908338,17860,,,,,,,,,,,
0.46769022941589355,1.0408368110656738,2.106583376488866e-05,4.62972553081305,17880,,,,,,,,,,,
0.42816753387451173,0.9612181186676025,2.1033467115484205e-05,4.6349041947177625,17900,,,,,,,,,,,
0.4475367546081543,1.0459109544754028,2.1001100466079752e-05,4.640082858622476,17920,,,,,,,,,,,
0.431824254989624,1.1324735879898071,2.0968733816675298e-05,4.645261522527188,17940,,,,,,,,,,,
0.44129228591918945,0.9560433626174927,2.0936367167270845e-05,4.650440186431901,17960,,,,,,,,,,,
0.46116209030151367,0.9515627026557922,2.090400051786639e-05,4.655618850336613,17980,,,,,,,,,,,
0.4727444648742676,1.128991961479187,2.0871633868461938e-05,4.660797514241326,18000,,,,,,,,,,,
0.45098581314086916,1.0443928241729736,2.0839267219057484e-05,4.665976178146038,18020,,,,,,,,,,,
0.45210862159729004,1.1163349151611328,2.080690056965303e-05,4.6711548420507505,18040,,,,,,,,,,,
0.46875905990600586,0.8880201578140259,2.0774533920248577e-05,4.676333505955464,18060,,,,,,,,,,,
0.4484623908996582,1.0155786275863647,2.0742167270844124e-05,4.681512169860176,18080,,,,,,,,,,,
0.4592400074005127,0.9619797468185425,2.070980062143967e-05,4.686690833764889,18100,,,,,,,,,,,
0.43920135498046875,1.1570944786071777,2.0677433972035217e-05,4.691869497669601,18120,,,,,,,,,,,
0.44663004875183104,1.0116075277328491,2.0645067322630763e-05,4.697048161574314,18140,,,,,,,,,,,
0.47565064430236814,1.1069426536560059,2.061270067322631e-05,4.702226825479026,18160,,,,,,,,,,,
0.4546226501464844,0.9782505035400391,2.0580334023821853e-05,4.707405489383739,18180,,,,,,,,,,,
0.4204814910888672,1.1391466856002808,2.0547967374417403e-05,4.712584153288452,18200,,,,,,,,,,,
0.45313382148742676,1.0216138362884521,2.051560072501295e-05,4.717762817193164,18220,,,,,,,,,,,
0.4106892108917236,0.9505795240402222,2.0483234075608492e-05,4.722941481097877,18240,,,,,,,,,,,
0.42166690826416015,1.075121521949768,2.045086742620404e-05,4.728120145002589,18260,,,,,,,,,,,
0.4513590335845947,1.0162568092346191,2.041850077679959e-05,4.733298808907302,18280,,,,,,,,,,,
0.42879400253295896,1.0963836908340454,2.0386134127395132e-05,4.738477472812015,18300,,,,,,,,,,,
0.44233999252319334,1.0419954061508179,2.0353767477990678e-05,4.743656136716727,18320,,,,,,,,,,,
0.41961917877197263,1.1282821893692017,2.0321400828586225e-05,4.74883480062144,18340,,,,,,,,,,,
0.4474925518035889,1.0941169261932373,2.0289034179181775e-05,4.754013464526152,18360,,,,,,,,,,,
0.4321033477783203,1.0097930431365967,2.0256667529777318e-05,4.759192128430865,18380,,,,,,,,,,,
0.42978410720825194,0.916283905506134,2.0224300880372864e-05,4.764370792335577,18400,,,,,,,,,,,
0.4382322311401367,0.9859288334846497,2.019193423096841e-05,4.76954945624029,18420,,,,,,,,,,,
0.4346957206726074,0.9665129780769348,2.0159567581563957e-05,4.774728120145003,18440,,,,,,,,,,,
0.42209415435791015,1.0290641784667969,2.0127200932159504e-05,4.779906784049715,18460,,,,,,,,,,,
0.4736902713775635,0.9954359531402588,2.009483428275505e-05,4.785085447954428,18480,,,,,,,,,,,
0.434065580368042,1.0314723253250122,2.0062467633350597e-05,4.79026411185914,18500,,,,,,,,,,,
0.45027523040771483,1.0482127666473389,2.0030100983946143e-05,4.795442775763853,18520,,,,,,,,,,,
0.42744460105896,1.2072817087173462,1.999773433454169e-05,4.800621439668565,18540,,,,,,,,,,,
0.4243484973907471,0.9885134100914001,1.9965367685137236e-05,4.8058001035732785,18560,,,,,,,,,,,
0.4505580425262451,1.04468834400177,1.9933001035732783e-05,4.810978767477991,18580,,,,,,,,,,,
0.4285431385040283,1.0060689449310303,1.990063438632833e-05,4.816157431382703,18600,,,,,,,,,,,
0.45199198722839357,0.9532716870307922,1.9868267736923872e-05,4.821336095287416,18620,,,,,,,,,,,
0.43508219718933105,1.0576988458633423,1.9835901087519422e-05,4.826514759192128,18640,,,,,,,,,,,
0.4368309020996094,0.9708291292190552,1.980353443811497e-05,4.831693423096841,18660,,,,,,,,,,,
0.4280742645263672,0.9888640642166138,1.9771167788710512e-05,4.836872087001554,18680,,,,,,,,,,,
0.40793414115905763,0.8575125932693481,1.9738801139306058e-05,4.8420507509062665,18700,,,,,,,,,,,
0.42754364013671875,1.074316382408142,1.9706434489901608e-05,4.847229414810979,18720,,,,,,,,,,,
0.4337874412536621,0.9987879991531372,1.9674067840497155e-05,4.852408078715691,18740,,,,,,,,,,,
0.4423541069030762,0.9270628690719604,1.9641701191092698e-05,4.857586742620404,18760,,,,,,,,,,,
0.44426422119140624,1.019368052482605,1.9609334541688244e-05,4.862765406525116,18780,,,,,,,,,,,
0.44112772941589357,1.026746153831482,1.9576967892283794e-05,4.867944070429829,18800,,,,,,,,,,,
0.4370546817779541,0.9849614500999451,1.9544601242879337e-05,4.873122734334542,18820,,,,,,,,,,,
0.4381190299987793,1.094702124595642,1.9512234593474884e-05,4.8783013982392545,18840,,,,,,,,,,,
0.432237434387207,1.2048417329788208,1.947986794407043e-05,4.883480062143967,18860,,,,,,,,,,,
0.43219332695007323,0.9106563329696655,1.9447501294665977e-05,4.888658726048679,18880,,,,,,,,,,,
0.4135589122772217,0.9660317897796631,1.9415134645261523e-05,4.893837389953392,18900,,,,,,,,,,,
0.42412419319152833,1.0987954139709473,1.938276799585707e-05,4.899016053858104,18920,,,,,,,,,,,
0.43321638107299804,0.8741750121116638,1.9350401346452616e-05,4.904194717762818,18940,,,,,,,,,,,
0.4431520938873291,1.0424425601959229,1.9318034697048163e-05,4.90937338166753,18960,,,,,,,,,,,
0.4031205177307129,1.068225622177124,1.928566804764371e-05,4.9145520455722425,18980,,,,,,,,,,,
0.45628018379211427,1.0802421569824219,1.9253301398239256e-05,4.919730709476955,19000,,,,,,,,,,,
0.4375178337097168,1.0711158514022827,1.9220934748834802e-05,4.924909373381667,19020,,,,,,,,,,,
0.42171339988708495,0.8432071805000305,1.918856809943035e-05,4.93008803728638,19040,,,,,,,,,,,
0.4113356590270996,1.1464900970458984,1.9156201450025892e-05,4.935266701191093,19060,,,,,,,,,,,
0.4221516132354736,1.0743623971939087,1.912383480062144e-05,4.940445365095806,19080,,,,,,,,,,,
0.43767242431640624,1.1569085121154785,1.9091468151216988e-05,4.945624029000518,19100,,,,,,,,,,,
0.42133231163024903,1.0407923460006714,1.9059101501812535e-05,4.9508026929052305,19120,,,,,,,,,,,
0.41820316314697265,0.8720313310623169,1.9026734852408078e-05,4.955981356809943,19140,,,,,,,,,,,
0.4349018096923828,1.2481533288955688,1.8994368203003628e-05,4.961160020714655,19160,,,,,,,,,,,
0.42308669090270995,1.0473626852035522,1.8962001553599174e-05,4.966338684619368,19180,,,,,,,,,,,
0.4213277339935303,1.0533757209777832,1.8929634904194717e-05,4.971517348524081,19200,,,,,,,,,,,
0.4068873882293701,1.0072780847549438,1.8897268254790264e-05,4.976696012428794,19220,,,,,,,,,,,
0.4446110725402832,0.9209513664245605,1.8864901605385814e-05,4.981874676333506,19240,,,,,,,,,,,
0.39582226276397703,0.9112913012504578,1.8832534955981357e-05,4.9870533402382184,19260,,,,,,,,,,,
0.4252601623535156,1.0832738876342773,1.8800168306576903e-05,4.992232004142931,19280,,,,,,,,,,,
0.39040658473968504,1.0711644887924194,1.876780165717245e-05,4.997410668047643,19300,,,,,,,,,,,
,,,5.0,19310,1.3251322507858276,34.29402749158044,54.837336691645724,208.9195,16.298,1.02,,,,,
0.40990629196166994,0.8890554308891296,1.8735435007767996e-05,5.002589331952357,19320,,,,,,,,,,,
0.40348196029663086,0.9985038638114929,1.8703068358363543e-05,5.007767995857069,19340,,,,,,,,,,,
0.399552321434021,0.8861572742462158,1.867070170895909e-05,5.0129466597617816,19360,,,,,,,,,,,
0.3849745273590088,1.0197815895080566,1.8638335059554636e-05,5.018125323666494,19380,,,,,,,,,,,
0.3963145732879639,0.9198108911514282,1.8605968410150182e-05,5.023303987571206,19400,,,,,,,,,,,
0.3810954332351685,0.9240731596946716,1.857360176074573e-05,5.028482651475919,19420,,,,,,,,,,,
0.39934866428375243,0.9676080346107483,1.8541235111341275e-05,5.033661315380632,19440,,,,,,,,,,,
0.4156352043151855,1.0208388566970825,1.850886846193682e-05,5.038839979285345,19460,,,,,,,,,,,
0.40547194480896,0.9165504574775696,1.8476501812532368e-05,5.044018643190057,19480,,,,,,,,,,,
0.38985745906829833,0.9363353848457336,1.8444135163127915e-05,5.0491973070947695,19500,,,,,,,,,,,
0.4149612903594971,1.1311204433441162,1.841176851372346e-05,5.054375970999482,19520,,,,,,,,,,,
0.39181740283966066,1.0490028858184814,1.8379401864319008e-05,5.059554634904194,19540,,,,,,,,,,,
0.38051881790161135,0.9339808225631714,1.8347035214914554e-05,5.064733298808907,19560,,,,,,,,,,,
0.39169909954071047,0.9344916939735413,1.8314668565510097e-05,5.06991196271362,19580,,,,,,,,,,,
0.3928904294967651,0.9875901937484741,1.8282301916105647e-05,5.075090626618333,19600,,,,,,,,,,,
0.4035891056060791,1.0469155311584473,1.8249935266701194e-05,5.080269290523045,19620,,,,,,,,,,,
0.4138933658599854,0.8905759453773499,1.8217568617296737e-05,5.0854479544277575,19640,,,,,,,,,,,
0.3971930742263794,0.8120788931846619,1.8185201967892283e-05,5.09062661833247,19660,,,,,,,,,,,
0.405816650390625,1.0327762365341187,1.8152835318487833e-05,5.095805282237182,19680,,,,,,,,,,,
0.3969022512435913,0.9762017130851746,1.8120468669083376e-05,5.100983946141896,19700,,,,,,,,,,,
0.39628493785858154,0.966835081577301,1.8088102019678923e-05,5.106162610046608,19720,,,,,,,,,,,
0.38533682823181153,1.0514308214187622,1.805573537027447e-05,5.111341273951321,19740,,,,,,,,,,,
0.4159846782684326,0.9407511949539185,1.8023368720870016e-05,5.116519937856033,19760,,,,,,,,,,,
0.3941129922866821,0.9758985042572021,1.7991002071465562e-05,5.1216986017607455,19780,,,,,,,,,,,
0.40738983154296876,1.0348000526428223,1.795863542206111e-05,5.126877265665458,19800,,,,,,,,,,,
0.3973999977111816,1.1053398847579956,1.7926268772656655e-05,5.132055929570171,19820,,,,,,,,,,,
0.37517104148864744,1.0241916179656982,1.78939021232522e-05,5.137234593474884,19840,,,,,,,,,,,
0.39069333076477053,1.0182067155838013,1.7861535473847748e-05,5.142413257379596,19860,,,,,,,,,,,
0.405975866317749,1.0277645587921143,1.7829168824443295e-05,5.147591921284309,19880,,,,,,,,,,,
0.42049851417541506,1.05634605884552,1.779680217503884e-05,5.152770585189021,19900,,,,,,,,,,,
0.40152535438537595,0.9744049906730652,1.7764435525634388e-05,5.1579492490937335,19920,,,,,,,,,,,
0.39011282920837403,0.999125599861145,1.7732068876229934e-05,5.163127912998446,19940,,,,,,,,,,,
0.39370853900909425,0.9069615006446838,1.769970222682548e-05,5.168306576903159,19960,,,,,,,,,,,
0.3871600866317749,1.0772963762283325,1.7667335577421027e-05,5.173485240807872,19980,,,,,,,,,,,
0.38150839805603026,1.1104557514190674,1.7634968928016574e-05,5.178663904712584,20000,,,,,,,,,,,
0.3915026426315308,1.005051612854004,1.7602602278612117e-05,5.183842568617297,20020,,,,,,,,,,,
0.3945927619934082,1.0465198755264282,1.7570235629207667e-05,5.189021232522009,20040,,,,,,,,,,,
0.38705499172210694,0.9490326046943665,1.7537868979803213e-05,5.1941998964267215,20060,,,,,,,,,,,
0.41449613571166993,1.0960596799850464,1.7505502330398756e-05,5.199378560331435,20080,,,,,,,,,,,
0.3861170053482056,1.0931442975997925,1.7473135680994303e-05,5.204557224236147,20100,,,,,,,,,,,
0.37050273418426516,0.9774993062019348,1.7440769031589853e-05,5.20973588814086,20120,,,,,,,,,,,
0.3831947326660156,0.8619322180747986,1.7408402382185396e-05,5.214914552045572,20140,,,,,,,,,,,
0.39237227439880373,1.0595159530639648,1.7376035732780942e-05,5.220093215950285,20160,,,,,,,,,,,
0.39290151596069334,1.0108692646026611,1.7343669083376492e-05,5.225271879854997,20180,,,,,,,,,,,
0.3906261444091797,1.0160598754882812,1.7311302433972035e-05,5.23045054375971,20200,,,,,,,,,,,
0.40935497283935546,1.0931212902069092,1.727893578456758e-05,5.235629207664423,20220,,,,,,,,,,,
0.4013479232788086,0.9054465293884277,1.7246569135163128e-05,5.240807871569135,20240,,,,,,,,,,,
0.4008474826812744,1.0515217781066895,1.7214202485758678e-05,5.245986535473848,20260,,,,,,,,,,,
0.39993407726287844,0.9727448225021362,1.718183583635422e-05,5.25116519937856,20280,,,,,,,,,,,
0.385573673248291,0.9363970160484314,1.7149469186949768e-05,5.256343863283273,20300,,,,,,,,,,,
0.40113048553466796,1.0679668188095093,1.7117102537545314e-05,5.261522527187985,20320,,,,,,,,,,,
0.41295461654663085,0.9460390210151672,1.708473588814086e-05,5.266701191092698,20340,,,,,,,,,,,
0.37996370792388917,0.9664559364318848,1.7052369238736407e-05,5.271879854997411,20360,,,,,,,,,,,
0.3888728380203247,1.0376503467559814,1.7020002589331954e-05,5.277058518902123,20380,,,,,,,,,,,
0.38104963302612305,1.0005658864974976,1.69876359399275e-05,5.282237182806836,20400,,,,,,,,,,,
0.39419419765472413,0.9339981079101562,1.6955269290523047e-05,5.287415846711548,20420,,,,,,,,,,,
0.39409327507019043,0.9542995691299438,1.6922902641118593e-05,5.292594510616261,20440,,,,,,,,,,,
0.37743804454803465,1.0404891967773438,1.6890535991714136e-05,5.297773174520974,20460,,,,,,,,,,,
0.3848073959350586,1.0253576040267944,1.6858169342309686e-05,5.302951838425686,20480,,,,,,,,,,,
0.41136460304260253,0.9277228116989136,1.6825802692905233e-05,5.308130502330399,20500,,,,,,,,,,,
0.3873139381408691,1.1431974172592163,1.6793436043500776e-05,5.313309166235111,20520,,,,,,,,,,,
0.3819089889526367,1.0464831590652466,1.6761069394096322e-05,5.318487830139824,20540,,,,,,,,,,,
0.39041924476623535,1.0526241064071655,1.6728702744691872e-05,5.323666494044536,20560,,,,,,,,,,,
0.41802277565002444,1.1079175472259521,1.6696336095287415e-05,5.3288451579492495,20580,,,,,,,,,,,
0.4015449047088623,1.1763805150985718,1.666396944588296e-05,5.334023821853962,20600,,,,,,,,,,,
0.37750720977783203,0.9712055921554565,1.663160279647851e-05,5.339202485758674,20620,,,,,,,,,,,
0.3842444896697998,1.1111035346984863,1.6599236147074058e-05,5.344381149663387,20640,,,,,,,,,,,
0.3638485908508301,1.00846529006958,1.65668694976696e-05,5.349559813568099,20660,,,,,,,,,,,
0.3915080547332764,0.9253377318382263,1.6534502848265148e-05,5.354738477472812,20680,,,,,,,,,,,
0.36197850704193113,0.8282983899116516,1.6502136198860697e-05,5.359917141377524,20700,,,,,,,,,,,
0.3816124439239502,1.1178901195526123,1.646976954945624e-05,5.3650958052822375,20720,,,,,,,,,,,
0.4036302089691162,1.0519393682479858,1.6437402900051787e-05,5.37027446918695,20740,,,,,,,,,,,
0.408995246887207,1.130302906036377,1.6405036250647334e-05,5.375453133091662,20760,,,,,,,,,,,
0.3686504602432251,0.9522525072097778,1.637266960124288e-05,5.380631796996375,20780,,,,,,,,,,,
0.3856335639953613,1.0641170740127563,1.6340302951838427e-05,5.385810460901087,20800,,,,,,,,,,,
0.4039791107177734,0.9310579299926758,1.6307936302433973e-05,5.3909891248058,20820,,,,,,,,,,,
0.398574686050415,1.0605744123458862,1.627556965302952e-05,5.396167788710513,20840,,,,,,,,,,,
0.3997518539428711,1.1198146343231201,1.6243203003625066e-05,5.4013464526152255,20860,,,,,,,,,,,
0.3609594821929932,0.9174531698226929,1.6210836354220613e-05,5.406525116519938,20880,,,,,,,,,,,
0.3739920616149902,1.0698904991149902,1.6178469704816156e-05,5.41170378042465,20900,,,,,,,,,,,
0.4016410350799561,1.0147486925125122,1.6146103055411705e-05,5.416882444329363,20920,,,,,,,,,,,
0.3928044557571411,1.0804463624954224,1.6113736406007252e-05,5.422061108234075,20940,,,,,,,,,,,
0.37044787406921387,0.861328661441803,1.6081369756602795e-05,5.427239772138789,20960,,,,,,,,,,,
0.39988956451416013,0.9491900205612183,1.604900310719834e-05,5.432418436043501,20980,,,,,,,,,,,
0.3791431188583374,0.9952249526977539,1.601663645779389e-05,5.4375970999482135,21000,,,,,,,,,,,
0.3753412485122681,0.9812042117118835,1.5984269808389438e-05,5.442775763852926,21020,,,,,,,,,,,
0.38356082439422606,1.0429588556289673,1.595190315898498e-05,5.447954427757638,21040,,,,,,,,,,,
0.38955140113830566,0.9936263561248779,1.591953650958053e-05,5.453133091662351,21060,,,,,,,,,,,
0.38194899559020995,0.8985213041305542,1.5887169860176077e-05,5.458311755567063,21080,,,,,,,,,,,
0.40773305892944334,0.9719805717468262,1.585480321077162e-05,5.463490419471777,21100,,,,,,,,,,,
0.3768089056015015,1.141524076461792,1.5822436561367167e-05,5.468669083376489,21120,,,,,,,,,,,
0.3801166534423828,1.1764086484909058,1.5790069911962717e-05,5.4738477472812015,21140,,,,,,,,,,,
0.37671194076538084,1.0011978149414062,1.575770326255826e-05,5.479026411185914,21160,,,,,,,,,,,
0.40494823455810547,0.8857821822166443,1.5725336613153807e-05,5.484205075090626,21180,,,,,,,,,,,
0.3522279500961304,0.9539018869400024,1.5692969963749353e-05,5.489383738995339,21200,,,,,,,,,,,
0.38026039600372313,1.107635736465454,1.56606033143449e-05,5.494562402900052,21220,,,,,,,,,,,
0.399701189994812,1.108547329902649,1.5628236664940446e-05,5.499741066804765,21240,,,,,,,,,,,
0.360220742225647,0.8882225751876831,1.5595870015535993e-05,5.504919730709477,21260,,,,,,,,,,,
0.357119083404541,1.0243611335754395,1.556350336613154e-05,5.5100983946141895,21280,,,,,,,,,,,
0.37153282165527346,1.0375964641571045,1.5531136716727085e-05,5.515277058518902,21300,,,,,,,,,,,
0.3860644817352295,1.0286693572998047,1.5498770067322632e-05,5.520455722423614,21320,,,,,,,,,,,
0.36764614582061766,0.924412190914154,1.5466403417918175e-05,5.525634386328328,21340,,,,,,,,,,,
0.3585988998413086,1.0897407531738281,1.5434036768513725e-05,5.53081305023304,21360,,,,,,,,,,,
0.3713384628295898,0.86275315284729,1.540167011910927e-05,5.535991714137753,21380,,,,,,,,,,,
0.37289652824401853,0.8874047994613647,1.5369303469704818e-05,5.541170378042465,21400,,,,,,,,,,,
0.3689659595489502,0.9287704825401306,1.533693682030036e-05,5.5463490419471775,21420,,,,,,,,,,,
0.3575507879257202,1.1130037307739258,1.530457017089591e-05,5.55152770585189,21440,,,,,,,,,,,
0.3761690616607666,0.9474896788597107,1.5272203521491457e-05,5.556706369756602,21460,,,,,,,,,,,
0.3874547004699707,0.9023334980010986,1.5239836872087002e-05,5.561885033661316,21480,,,,,,,,,,,
0.39955575466156007,0.9758759140968323,1.5207470222682549e-05,5.567063697566028,21500,,,,,,,,,,,
0.36808388233184813,1.119038701057434,1.5175103573278095e-05,5.572242361470741,21520,,,,,,,,,,,
0.3675638914108276,1.0053812265396118,1.514273692387364e-05,5.577421025375453,21540,,,,,,,,,,,
0.3533545255661011,1.294637680053711,1.5110370274469188e-05,5.5825996892801655,21560,,,,,,,,,,,
0.3608311414718628,0.9159963130950928,1.5078003625064735e-05,5.587778353184878,21580,,,,,,,,,,,
0.4021152973175049,1.1618908643722534,1.504563697566028e-05,5.592957017089591,21600,,,,,,,,,,,
0.38774566650390624,1.031479835510254,1.5013270326255826e-05,5.598135680994304,21620,,,,,,,,,,,
0.3855842351913452,0.9039651155471802,1.4980903676851374e-05,5.603314344899016,21640,,,,,,,,,,,
0.3926579236984253,0.9366127252578735,1.4948537027446919e-05,5.608493008803729,21660,,,,,,,,,,,
0.35961968898773194,0.9969515204429626,1.4916170378042465e-05,5.613671672708441,21680,,,,,,,,,,,
0.3681765079498291,1.0315666198730469,1.4883803728638012e-05,5.6188503366131535,21700,,,,,,,,,,,
0.36193664073944093,1.0298140048980713,1.4851437079233557e-05,5.624029000517867,21720,,,,,,,,,,,
0.38457603454589845,1.0176774263381958,1.4819070429829105e-05,5.629207664422579,21740,,,,,,,,,,,
0.364520788192749,0.9878520369529724,1.4786703780424651e-05,5.634386328327292,21760,,,,,,,,,,,
0.3677231788635254,0.9897934794425964,1.47543371310202e-05,5.639564992232004,21780,,,,,,,,,,,
0.36141197681427,0.969622790813446,1.4721970481615743e-05,5.644743656136717,21800,,,,,,,,,,,
0.3811031341552734,0.8694168925285339,1.4689603832211291e-05,5.649922320041429,21820,,,,,,,,,,,
0.3723543643951416,1.0125668048858643,1.4657237182806837e-05,5.6551009839461415,21840,,,,,,,,,,,
0.3835711717605591,1.0684869289398193,1.4624870533402382e-05,5.660279647850855,21860,,,,,,,,,,,
0.36844143867492674,1.1104081869125366,1.4592503883997929e-05,5.665458311755567,21880,,,,,,,,,,,
0.38781061172485354,0.9998226761817932,1.4560137234593477e-05,5.67063697566028,21900,,,,,,,,,,,
0.3854391574859619,1.0899285078048706,1.4527770585189022e-05,5.675815639564992,21920,,,,,,,,,,,
0.37758963108062743,1.0906461477279663,1.4495403935784568e-05,5.680994303469705,21940,,,,,,,,,,,
0.37319648265838623,0.9640105962753296,1.4463037286380116e-05,5.686172967374417,21960,,,,,,,,,,,
0.36498854160308836,0.9654367566108704,1.443067063697566e-05,5.69135163127913,21980,,,,,,,,,,,
0.3733888864517212,0.9408077597618103,1.4398303987571208e-05,5.696530295183843,22000,,,,,,,,,,,
0.36689443588256837,1.0660454034805298,1.4365937338166754e-05,5.701708959088555,22020,,,,,,,,,,,
0.36415891647338866,1.0306549072265625,1.4333570688762299e-05,5.706887622993268,22040,,,,,,,,,,,
0.3827272176742554,1.189613699913025,1.4301204039357845e-05,5.71206628689798,22060,,,,,,,,,,,
0.3428293228149414,0.9153366684913635,1.4268837389953394e-05,5.717244950802693,22080,,,,,,,,,,,
0.3521134614944458,0.9769315123558044,1.4236470740548938e-05,5.722423614707406,22100,,,,,,,,,,,
0.3630775690078735,1.0650161504745483,1.4204104091144485e-05,5.727602278612118,22120,,,,,,,,,,,
0.3574190378189087,0.9775087833404541,1.4171737441740031e-05,5.732780942516831,22140,,,,,,,,,,,
0.3815597057342529,1.1057566404342651,1.413937079233558e-05,5.737959606421543,22160,,,,,,,,,,,
0.3858108758926392,1.0480302572250366,1.4107004142931124e-05,5.743138270326256,22180,,,,,,,,,,,
0.38536341190338136,1.068738579750061,1.4074637493526671e-05,5.748316934230968,22200,,,,,,,,,,,
0.36415235996246337,0.8630572557449341,1.4042270844122219e-05,5.753495598135681,22220,,,,,,,,,,,
0.35425193309783937,1.036739706993103,1.4009904194717762e-05,5.758674262040394,22240,,,,,,,,,,,
0.3418914318084717,0.9059181213378906,1.397753754531331e-05,5.763852925945106,22260,,,,,,,,,,,
0.3624120235443115,1.149335503578186,1.3945170895908857e-05,5.769031589849819,22280,,,,,,,,,,,
0.3493673324584961,0.9802426695823669,1.3912804246504402e-05,5.774210253754531,22300,,,,,,,,,,,
0.34906516075134275,1.072400450706482,1.3880437597099948e-05,5.779388917659244,22320,,,,,,,,,,,
0.3904754638671875,0.875420093536377,1.3848070947695496e-05,5.784567581563956,22340,,,,,,,,,,,
0.3572345495223999,1.0161395072937012,1.3815704298291041e-05,5.7897462454686694,22360,,,,,,,,,,,
0.3610909700393677,0.9961016774177551,1.3783337648886588e-05,5.794924909373382,22380,,,,,,,,,,,
0.3333211183547974,0.9194603562355042,1.3750970999482136e-05,5.800103573278094,22400,,,,,,,,,,,
0.3814574718475342,1.0139113664627075,1.3718604350077679e-05,5.805282237182807,22420,,,,,,,,,,,
0.36739561557769773,1.018140196800232,1.3686237700673227e-05,5.810460901087519,22440,,,,,,,,,,,
0.35360136032104494,1.1108262538909912,1.3653871051268774e-05,5.815639564992232,22460,,,,,,,,,,,
0.35396618843078614,1.0570635795593262,1.3621504401864318e-05,5.820818228896945,22480,,,,,,,,,,,
0.3551130533218384,0.9933311939239502,1.3589137752459865e-05,5.8259968928016574,22500,,,,,,,,,,,
0.35844056606292723,0.9006093144416809,1.3556771103055413e-05,5.83117555670637,22520,,,,,,,,,,,
0.36220550537109375,0.8110462427139282,1.3524404453650958e-05,5.836354220611082,22540,,,,,,,,,,,
0.3473472833633423,0.8841884136199951,1.3492037804246504e-05,5.841532884515795,22560,,,,,,,,,,,
0.37041008472442627,0.8713433146476746,1.3459671154842051e-05,5.846711548420507,22580,,,,,,,,,,,
0.3649772644042969,1.0589125156402588,1.3427304505437599e-05,5.85189021232522,22600,,,,,,,,,,,
0.35136773586273196,1.015628695487976,1.3394937856033144e-05,5.857068876229933,22620,,,,,,,,,,,
0.36527228355407715,0.9917916059494019,1.336257120662869e-05,5.862247540134645,22640,,,,,,,,,,,
0.3505635023117065,1.0823322534561157,1.3330204557224239e-05,5.867426204039358,22660,,,,,,,,,,,
0.3620572805404663,0.8808614015579224,1.3297837907819782e-05,5.87260486794407,22680,,,,,,,,,,,
0.36712801456451416,0.8913847208023071,1.326547125841533e-05,5.877783531848783,22700,,,,,,,,,,,
0.36407716274261476,1.070854902267456,1.3233104609010876e-05,5.882962195753495,22720,,,,,,,,,,,
0.364459490776062,1.0761319398880005,1.3200737959606421e-05,5.8881408596582085,22740,,,,,,,,,,,
0.3572804927825928,1.098876953125,1.3168371310201968e-05,5.893319523562921,22760,,,,,,,,,,,
0.36257879734039306,0.9527684450149536,1.3136004660797516e-05,5.898498187467633,22780,,,,,,,,,,,
0.3562803030014038,0.9778448939323425,1.310363801139306e-05,5.903676851372346,22800,,,,,,,,,,,
0.3705165147781372,1.0493595600128174,1.3071271361988607e-05,5.908855515277058,22820,,,,,,,,,,,
0.34433023929595946,0.9632396697998047,1.3038904712584155e-05,5.914034179181771,22840,,,,,,,,,,,
0.3598442077636719,0.9351053237915039,1.3006538063179698e-05,5.919212843086484,22860,,,,,,,,,,,
0.37542970180511476,0.9938877820968628,1.2974171413775247e-05,5.9243915069911965,22880,,,,,,,,,,,
0.33074369430541994,0.9095280170440674,1.2941804764370793e-05,5.929570170895909,22900,,,,,,,,,,,
0.32287728786468506,0.9692249894142151,1.2909438114966338e-05,5.934748834800621,22920,,,,,,,,,,,
0.3569727897644043,1.0601531267166138,1.2877071465561884e-05,5.939927498705334,22940,,,,,,,,,,,
0.36094841957092283,1.1797528266906738,1.2844704816157433e-05,5.945106162610046,22960,,,,,,,,,,,
0.3334944248199463,0.9239064455032349,1.2812338166752979e-05,5.950284826514759,22980,,,,,,,,,,,
0.3400958299636841,0.917731761932373,1.2779971517348524e-05,5.955463490419472,23000,,,,,,,,,,,
0.3776834964752197,1.1234471797943115,1.274760486794407e-05,5.9606421543241845,23020,,,,,,,,,,,
0.36322650909423826,1.0166873931884766,1.2715238218539619e-05,5.965820818228897,23040,,,,,,,,,,,
0.337990403175354,1.0494660139083862,1.2682871569135163e-05,5.970999482133609,23060,,,,,,,,,,,
0.37670102119445803,1.099570393562317,1.265050491973071e-05,5.976178146038322,23080,,,,,,,,,,,
0.35897986888885497,1.0198031663894653,1.2618138270326258e-05,5.981356809943034,23100,,,,,,,,,,,
0.3732492685317993,0.997774064540863,1.2585771620921801e-05,5.986535473847748,23120,,,,,,,,,,,
0.36824798583984375,0.9692280888557434,1.255340497151735e-05,5.99171413775246,23140,,,,,,,,,,,
0.36793253421783445,1.0234662294387817,1.2521038322112896e-05,5.9968928016571725,23160,,,,,,,,,,,
,,,6.0,23172,1.3452693223953247,36.015835160108594,55.986433120303694,207.6221,16.4,1.026,,,,,
0.35484652519226073,0.9332248568534851,1.2488671672708442e-05,6.002071465561885,23180,,,,,,,,,,,
0.3145548582077026,0.909541666507721,1.2456305023303987e-05,6.007250129466597,23200,,,,,,,,,,,
0.3314530849456787,1.029137134552002,1.2423938373899535e-05,6.01242879337131,23220,,,,,,,,,,,
0.32815842628479003,0.8945840001106262,1.2391571724495082e-05,6.017607457276023,23240,,,,,,,,,,,
0.34446988105773924,1.0585048198699951,1.2359205075090627e-05,6.022786121180736,23260,,,,,,,,,,,
0.3329437255859375,0.926116943359375,1.2326838425686175e-05,6.027964785085448,23280,,,,,,,,,,,
0.34411728382110596,1.0026185512542725,1.229447177628172e-05,6.0331434489901605,23300,,,,,,,,,,,
0.34648852348327636,0.8476893305778503,1.2262105126877266e-05,6.038322112894873,23320,,,,,,,,,,,
0.3312441110610962,0.9124700427055359,1.2229738477472813e-05,6.043500776799585,23340,,,,,,,,,,,
0.3372882127761841,0.932125449180603,1.2197371828068359e-05,6.048679440704298,23360,,,,,,,,,,,
0.33667070865631105,1.031446933746338,1.2165005178663904e-05,6.053858104609011,23380,,,,,,,,,,,
0.3539021730422974,0.8163394331932068,1.2132638529259452e-05,6.059036768513724,23400,,,,,,,,,,,
0.3355019330978394,0.9866182208061218,1.2100271879854997e-05,6.064215432418436,23420,,,,,,,,,,,
0.3390127897262573,0.8635594248771667,1.2067905230450545e-05,6.0693940963231485,23440,,,,,,,,,,,
0.3312969207763672,0.8162279725074768,1.2035538581046092e-05,6.074572760227861,23460,,,,,,,,,,,
0.34108881950378417,1.0851749181747437,1.2003171931641636e-05,6.079751424132573,23480,,,,,,,,,,,
0.3374856233596802,1.048561930656433,1.1970805282237185e-05,6.084930088037287,23500,,,,,,,,,,,
0.34795613288879396,0.9416608214378357,1.193843863283273e-05,6.090108751941999,23520,,,,,,,,,,,
0.3366457223892212,0.9861071705818176,1.1906071983428276e-05,6.095287415846712,23540,,,,,,,,,,,
0.3181959629058838,0.9442122578620911,1.1873705334023822e-05,6.100466079751424,23560,,,,,,,,,,,
0.34748656749725343,0.8949988484382629,1.1841338684619369e-05,6.1056447436561365,23580,,,,,,,,,,,
0.33184013366699217,0.9482990503311157,1.1808972035214915e-05,6.110823407560849,23600,,,,,,,,,,,
0.32059359550476074,0.9569945335388184,1.1776605385810462e-05,6.116002071465562,23620,,,,,,,,,,,
0.34104228019714355,1.0083235502243042,1.1744238736406007e-05,6.121180735370275,23640,,,,,,,,,,,
0.32537744045257566,0.9755479693412781,1.1711872087001555e-05,6.126359399274987,23660,,,,,,,,,,,
0.33535735607147216,1.0018588304519653,1.1679505437597101e-05,6.1315380631797,23680,,,,,,,,,,,
0.3502275705337524,1.0949914455413818,1.1647138788192646e-05,6.136716727084412,23700,,,,,,,,,,,
0.32882843017578123,0.9940057992935181,1.1614772138788194e-05,6.1418953909891245,23720,,,,,,,,,,,
0.3543082237243652,1.099863886833191,1.1582405489383739e-05,6.147074054893837,23740,,,,,,,,,,,
0.32943723201751707,0.8924289345741272,1.1550038839979286e-05,6.15225271879855,23760,,,,,,,,,,,
0.34281861782073975,0.9633498191833496,1.1517672190574832e-05,6.157431382703263,23780,,,,,,,,,,,
0.3432727098464966,1.028489351272583,1.1485305541170379e-05,6.162610046607975,23800,,,,,,,,,,,
0.3425260305404663,1.0011286735534668,1.1452938891765925e-05,6.167788710512688,23820,,,,,,,,,,,
0.32561349868774414,1.04837965965271,1.1420572242361472e-05,6.1729673744174,23840,,,,,,,,,,,
0.3296458005905151,0.9660840034484863,1.1388205592957016e-05,6.1781460383221125,23860,,,,,,,,,,,
0.334915828704834,1.1752599477767944,1.1355838943552565e-05,6.183324702226826,23880,,,,,,,,,,,
0.3465206384658813,0.954602062702179,1.1323472294148111e-05,6.188503366131538,23900,,,,,,,,,,,
0.32722361087799073,0.9658903479576111,1.1291105644743656e-05,6.193682030036251,23920,,,,,,,,,,,
0.3332406282424927,0.9613854289054871,1.1258738995339204e-05,6.198860693940963,23940,,,,,,,,,,,
0.33208279609680175,0.929168701171875,1.1226372345934749e-05,6.204039357845676,23960,,,,,,,,,,,
0.3299624681472778,0.9226903915405273,1.1194005696530297e-05,6.209218021750388,23980,,,,,,,,,,,
0.33505663871765134,1.0704014301300049,1.1161639047125842e-05,6.214396685655101,24000,,,,,,,,,,,
0.3453864097595215,0.9498825669288635,1.1129272397721388e-05,6.219575349559814,24020,,,,,,,,,,,
0.35307633876800537,0.9959551692008972,1.1096905748316935e-05,6.224754013464526,24040,,,,,,,,,,,
0.3479215383529663,0.9616339802742004,1.1064539098912481e-05,6.229932677369239,24060,,,,,,,,,,,
0.33445351123809813,0.8730540871620178,1.1032172449508026e-05,6.235111341273951,24080,,,,,,,,,,,
0.3218568801879883,0.8821269273757935,1.0999805800103574e-05,6.240290005178664,24100,,,,,,,,,,,
0.34539749622344973,0.8554360270500183,1.096743915069912e-05,6.245468669083376,24120,,,,,,,,,,,
0.36955602169036866,0.9349119663238525,1.0935072501294666e-05,6.250647332988089,24140,,,,,,,,,,,
0.32096219062805176,0.9324397444725037,1.0902705851890214e-05,6.255825996892802,24160,,,,,,,,,,,
0.32935595512390137,0.9856589436531067,1.0870339202485759e-05,6.261004660797514,24180,,,,,,,,,,,
0.3341652870178223,0.9598591923713684,1.0837972553081307e-05,6.266183324702227,24200,,,,,,,,,,,
0.3282320499420166,1.0754308700561523,1.0805605903676852e-05,6.271361988606939,24220,,,,,,,,,,,
0.3327068567276001,1.0185974836349487,1.0773239254272398e-05,6.276540652511652,24240,,,,,,,,,,,
0.33739874362945554,1.056875467300415,1.0740872604867945e-05,6.281719316416365,24260,,,,,,,,,,,
0.3346931219100952,1.0326435565948486,1.0708505955463491e-05,6.286897980321077,24280,,,,,,,,,,,
0.33701701164245607,0.9822158813476562,1.0676139306059038e-05,6.29207664422579,24300,,,,,,,,,,,
0.34168057441711425,1.063002586364746,1.0643772656654584e-05,6.297255308130502,24320,,,,,,,,,,,
0.32378926277160647,0.9593753218650818,1.061140600725013e-05,6.302433972035215,24340,,,,,,,,,,,
0.3391608238220215,0.9417621493339539,1.0579039357845677e-05,6.307612635939927,24360,,,,,,,,,,,
0.3516117572784424,1.066996693611145,1.0546672708441224e-05,6.3127912998446405,24380,,,,,,,,,,,
0.3286505460739136,1.0978947877883911,1.0514306059036768e-05,6.317969963749353,24400,,,,,,,,,,,
0.3430300712585449,1.0464240312576294,1.0481939409632317e-05,6.323148627654065,24420,,,,,,,,,,,
0.3447685956954956,0.9668638706207275,1.0449572760227861e-05,6.328327291558778,24440,,,,,,,,,,,
0.32576498985290525,1.0037243366241455,1.0417206110823408e-05,6.33350595546349,24460,,,,,,,,,,,
0.32790968418121336,1.1613712310791016,1.0384839461418954e-05,6.338684619368203,24480,,,,,,,,,,,
0.32790369987487794,1.0253896713256836,1.03524728120145e-05,6.343863283272915,24500,,,,,,,,,,,
0.34525632858276367,1.0389761924743652,1.0320106162610047e-05,6.3490419471776285,24520,,,,,,,,,,,
0.3131270885467529,0.9535727500915527,1.0287739513205594e-05,6.354220611082341,24540,,,,,,,,,,,
0.3391337156295776,0.9453505277633667,1.025537286380114e-05,6.359399274987053,24560,,,,,,,,,,,
0.32412526607513426,1.1542431116104126,1.0223006214396687e-05,6.364577938891766,24580,,,,,,,,,,,
0.328143310546875,1.1115894317626953,1.0190639564992233e-05,6.369756602796478,24600,,,,,,,,,,,
0.34056763648986815,1.0676960945129395,1.0158272915587778e-05,6.374935266701191,24620,,,,,,,,,,,
0.3507362127304077,0.9994985461235046,1.0125906266183326e-05,6.380113930605904,24640,,,,,,,,,,,
0.3535797119140625,1.050812005996704,1.0093539616778871e-05,6.3852925945106165,24660,,,,,,,,,,,
0.3315915822982788,0.998299777507782,1.0061172967374418e-05,6.390471258415329,24680,,,,,,,,,,,
0.32515180110931396,0.8824395537376404,1.0028806317969964e-05,6.395649922320041,24700,,,,,,,,,,,
0.3470125198364258,1.0633307695388794,9.99643966856551e-06,6.400828586224754,24720,,,,,,,,,,,
0.3306036710739136,1.1213809251785278,9.964073019161057e-06,6.406007250129466,24740,,,,,,,,,,,
0.3340508460998535,0.9745066165924072,9.931706369756604e-06,6.41118591403418,24760,,,,,,,,,,,
0.31579976081848143,1.021982192993164,9.89933972035215e-06,6.416364577938892,24780,,,,,,,,,,,
0.33044865131378176,0.9140404462814331,9.866973070947697e-06,6.4215432418436045,24800,,,,,,,,,,,
0.34075121879577636,1.1130061149597168,9.834606421543243e-06,6.426721905748317,24820,,,,,,,,,,,
0.3333734035491943,1.1082497835159302,9.802239772138788e-06,6.431900569653029,24840,,,,,,,,,,,
0.3148331642150879,0.9005563855171204,9.769873122734336e-06,6.437079233557742,24860,,,,,,,,,,,
0.35658438205718995,0.9831154942512512,9.73750647332988e-06,6.442257897462454,24880,,,,,,,,,,,
0.35216622352600097,0.982081413269043,9.705139823925427e-06,6.447436561367168,24900,,,,,,,,,,,
0.3159482002258301,0.9288091659545898,9.672773174520974e-06,6.45261522527188,24920,,,,,,,,,,,
0.30695786476135256,1.0219988822937012,9.64040652511652e-06,6.4577938891765925,24940,,,,,,,,,,,
0.33346309661865237,0.8946008682250977,9.608039875712067e-06,6.462972553081305,24960,,,,,,,,,,,
0.34021868705749514,0.9622578024864197,9.575673226307613e-06,6.468151216986017,24980,,,,,,,,,,,
0.31814696788787844,1.0708593130111694,9.54330657690316e-06,6.47332988089073,25000,,,,,,,,,,,
0.3451911449432373,1.0068230628967285,9.510939927498706e-06,6.478508544795443,25020,,,,,,,,,,,
0.33642895221710206,0.9317918419837952,9.478573278094253e-06,6.483687208700156,25040,,,,,,,,,,,
0.340238618850708,1.0777924060821533,9.446206628689798e-06,6.488865872604868,25060,,,,,,,,,,,
0.3250034093856812,1.081835150718689,9.413839979285346e-06,6.4940445365095805,25080,,,,,,,,,,,
0.3343332052230835,1.0627384185791016,9.38147332988089e-06,6.499223200414293,25100,,,,,,,,,,,
0.3286935091018677,0.9827699661254883,9.349106680476437e-06,6.504401864319005,25120,,,,,,,,,,,
0.31161391735076904,1.0660443305969238,9.316740031071984e-06,6.509580528223719,25140,,,,,,,,,,,
0.3363712072372437,0.9934699535369873,9.28437338166753e-06,6.514759192128431,25160,,,,,,,,,,,
0.31359105110168456,0.8605715036392212,9.252006732263077e-06,6.519937856033144,25180,,,,,,,,,,,
0.32007906436920164,0.8299705386161804,9.219640082858623e-06,6.525116519937856,25200,,,,,,,,,,,
0.3335635900497437,0.8897643089294434,9.18727343345417e-06,6.5302951838425685,25220,,,,,,,,,,,
0.3374384641647339,1.113480806350708,9.154906784049716e-06,6.535473847747281,25240,,,,,,,,,,,
0.30924620628356936,0.8809457421302795,9.122540134645263e-06,6.540652511651993,25260,,,,,,,,,,,
0.3208744049072266,0.9555397033691406,9.090173485240807e-06,6.545831175556707,25280,,,,,,,,,,,
0.32292053699493406,1.005859136581421,9.057806835836355e-06,6.551009839461419,25300,,,,,,,,,,,
0.31823067665100097,0.9157946109771729,9.0254401864319e-06,6.556188503366132,25320,,,,,,,,,,,
0.33198037147521975,0.8944777250289917,8.993073537027448e-06,6.561367167270844,25340,,,,,,,,,,,
0.3349039554595947,1.101110816001892,8.960706887622993e-06,6.5665458311755565,25360,,,,,,,,,,,
0.32837567329406736,0.931337296962738,8.92834023821854e-06,6.57172449508027,25380,,,,,,,,,,,
0.3223144054412842,1.0757222175598145,8.895973588814086e-06,6.576903158984982,25400,,,,,,,,,,,
0.3291978120803833,1.102806568145752,8.863606939409633e-06,6.582081822889695,25420,,,,,,,,,,,
0.33002989292144774,0.9632024765014648,8.83124029000518e-06,6.587260486794407,25440,,,,,,,,,,,
0.32190372943878176,0.7958695292472839,8.798873640600726e-06,6.59243915069912,25460,,,,,,,,,,,
0.3170368194580078,1.0611854791641235,8.766506991196272e-06,6.597617814603832,25480,,,,,,,,,,,
0.3348840236663818,1.0117380619049072,8.734140341791817e-06,6.6027964785085445,25500,,,,,,,,,,,
0.3281355857849121,1.0534603595733643,8.701773692387365e-06,6.607975142413258,25520,,,,,,,,,,,
0.3193426370620728,0.9683809280395508,8.66940704298291e-06,6.61315380631797,25540,,,,,,,,,,,
0.32703986167907717,1.0682358741760254,8.637040393578458e-06,6.618332470222683,25560,,,,,,,,,,,
0.3106890439987183,0.9113552570343018,8.604673744174003e-06,6.623511134127395,25580,,,,,,,,,,,
0.3328410148620605,0.9213966131210327,8.57230709476955e-06,6.628689798032108,25600,,,,,,,,,,,
0.32216682434082033,0.9897666573524475,8.539940445365096e-06,6.63386846193682,25620,,,,,,,,,,,
0.3349821329116821,1.0181002616882324,8.507573795960643e-06,6.6390471258415324,25640,,,,,,,,,,,
0.3382175207138062,0.8492218255996704,8.475207146556189e-06,6.644225789746246,25660,,,,,,,,,,,
0.33117141723632815,0.9503528475761414,8.442840497151735e-06,6.649404453650958,25680,,,,,,,,,,,
0.3198951005935669,0.9625200033187866,8.410473847747282e-06,6.654583117555671,25700,,,,,,,,,,,
0.33836851119995115,1.0370053052902222,8.378107198342828e-06,6.659761781460383,25720,,,,,,,,,,,
0.29921584129333495,0.9395266771316528,8.345740548938375e-06,6.664940445365096,25740,,,,,,,,,,,
0.3204303026199341,1.0631844997406006,8.31337389953392e-06,6.670119109269809,25760,,,,,,,,,,,
0.3170743227005005,0.8567880988121033,8.281007250129468e-06,6.675297773174521,25780,,,,,,,,,,,
0.30882868766784666,0.7951676249504089,8.248640600725013e-06,6.680476437079234,25800,,,,,,,,,,,
0.31725482940673827,1.086911916732788,8.21627395132056e-06,6.685655100983946,25820,,,,,,,,,,,
0.3184890985488892,0.956315815448761,8.183907301916106e-06,6.690833764888659,25840,,,,,,,,,,,
0.3305238962173462,0.995640754699707,8.151540652511652e-06,6.696012428793371,25860,,,,,,,,,,,
0.30604233741760256,0.9749377369880676,8.119174003107199e-06,6.7011910926980836,25880,,,,,,,,,,,
0.3370340824127197,0.9519301056861877,8.086807353702745e-06,6.706369756602797,25900,,,,,,,,,,,
0.3311337471008301,1.0435612201690674,8.054440704298292e-06,6.711548420507509,25920,,,,,,,,,,,
0.35386617183685304,1.0991625785827637,8.022074054893838e-06,6.716727084412222,25940,,,,,,,,,,,
0.3441474199295044,0.8688045144081116,7.989707405489385e-06,6.721905748316934,25960,,,,,,,,,,,
0.32268831729888914,0.9664394855499268,7.95734075608493e-06,6.727084412221647,25980,,,,,,,,,,,
0.31090617179870605,0.8933807611465454,7.924974106680478e-06,6.732263076126359,26000,,,,,,,,,,,
0.3104332208633423,1.0555880069732666,7.892607457276023e-06,6.7374417400310715,26020,,,,,,,,,,,
0.31825234889984133,0.928801417350769,7.860240807871569e-06,6.742620403935785,26040,,,,,,,,,,,
0.31724891662597654,1.0410208702087402,7.827874158467115e-06,6.747799067840497,26060,,,,,,,,,,,
0.33187241554260255,1.1364054679870605,7.795507509062662e-06,6.75297773174521,26080,,,,,,,,,,,
0.32109661102294923,1.1077333688735962,7.763140859658208e-06,6.758156395649922,26100,,,,,,,,,,,
0.3465012550354004,0.9619138836860657,7.730774210253755e-06,6.763335059554635,26120,,,,,,,,,,,
0.3066211223602295,1.110014796257019,7.698407560849301e-06,6.768513723459348,26140,,,,,,,,,,,
0.30881834030151367,0.940191388130188,7.666040911444848e-06,6.77369238736406,26160,,,,,,,,,,,
0.30172317028045653,0.8577777743339539,7.633674262040394e-06,6.778871051268773,26180,,,,,,,,,,,
0.3234807252883911,1.0549112558364868,7.60130761263594e-06,6.784049715173485,26200,,,,,,,,,,,
0.33394131660461424,1.1287596225738525,7.568940963231487e-06,6.789228379078198,26220,,,,,,,,,,,
0.3133011102676392,1.0067834854125977,7.536574313827033e-06,6.79440704298291,26240,,,,,,,,,,,
0.313572096824646,1.0517003536224365,7.504207664422579e-06,6.799585706887623,26260,,,,,,,,,,,
0.3228719234466553,0.9345494508743286,7.471841015018126e-06,6.804764370792336,26280,,,,,,,,,,,
0.3204640865325928,1.0163209438323975,7.439474365613672e-06,6.809943034697048,26300,,,,,,,,,,,
0.3160667896270752,0.9220855236053467,7.407107716209219e-06,6.815121698601761,26320,,,,,,,,,,,
0.31022915840148924,0.9247902631759644,7.374741066804765e-06,6.820300362506473,26340,,,,,,,,,,,
0.3114980459213257,0.8263660669326782,7.34237441740031e-06,6.825479026411186,26360,,,,,,,,,,,
0.31182684898376467,0.875983476638794,7.310007767995858e-06,6.830657690315898,26380,,,,,,,,,,,
0.31997976303100584,0.9145180583000183,7.277641118591403e-06,6.835836354220611,26400,,,,,,,,,,,
0.3172691822052002,0.9945160746574402,7.24527446918695e-06,6.841015018125324,26420,,,,,,,,,,,
0.3134162902832031,1.0014866590499878,7.212907819782496e-06,6.846193682030036,26440,,,,,,,,,,,
0.31283154487609866,0.9514679312705994,7.180541170378043e-06,6.851372345934749,26460,,,,,,,,,,,
0.3122338533401489,0.8680457472801208,7.14817452097359e-06,6.856551009839461,26480,,,,,,,,,,,
0.32143805027008054,1.1202383041381836,7.115807871569136e-06,6.861729673744174,26500,,,,,,,,,,,
0.33210651874542235,0.9366005659103394,7.0834412221646815e-06,6.866908337648887,26520,,,,,,,,,,,
0.3104314565658569,0.8922840356826782,7.051074572760229e-06,6.8720870015535995,26540,,,,,,,,,,,
0.3285714626312256,1.0769681930541992,7.0187079233557745e-06,6.877265665458312,26560,,,,,,,,,,,
0.3189996242523193,0.9875359535217285,6.98634127395132e-06,6.882444329363024,26580,,,,,,,,,,,
0.3107616662979126,0.8869739174842834,6.9539746245468674e-06,6.887622993267737,26600,,,,,,,,,,,
0.31034843921661376,0.9876714944839478,6.921607975142413e-06,6.892801657172449,26620,,,,,,,,,,,
0.32248835563659667,0.9858776926994324,6.88924132573796e-06,6.897980321077162,26640,,,,,,,,,,,
0.3191502809524536,1.0608550310134888,6.856874676333506e-06,6.903158984981875,26660,,,,,,,,,,,
0.30607945919036866,0.9331974387168884,6.8245080269290526e-06,6.9083376488865875,26680,,,,,,,,,,,
0.3161992788314819,0.9871447086334229,6.7921413775246e-06,6.9135163127913,26700,,,,,,,,,,,
0.3103283405303955,0.895125687122345,6.7597747281201456e-06,6.918694976696012,26720,,,,,,,,,,,
0.3025759220123291,1.0050759315490723,6.727408078715691e-06,6.923873640600725,26740,,,,,,,,,,,
0.3285248279571533,0.9185333251953125,6.6950414293112385e-06,6.929052304505437,26760,,,,,,,,,,,
0.32314343452453614,0.9682912230491638,6.662674779906784e-06,6.93423096841015,26780,,,,,,,,,,,
0.3027043342590332,0.9397203922271729,6.63030813050233e-06,6.939409632314863,26800,,,,,,,,,,,
0.320252513885498,0.9385687708854675,6.597941481097877e-06,6.9445882962195755,26820,,,,,,,,,,,
0.3220749139785767,0.9217272400856018,6.565574831693423e-06,6.949766960124288,26840,,,,,,,,,,,
0.31794617176055906,0.9858014583587646,6.53320818228897e-06,6.954945624029,26860,,,,,,,,,,,
0.31975574493408204,0.9533804655075073,6.500841532884517e-06,6.960124287933713,26880,,,,,,,,,,,
0.30886521339416506,1.1900451183319092,6.468474883480062e-06,6.965302951838426,26900,,,,,,,,,,,
0.32141144275665284,0.9156239628791809,6.43610823407561e-06,6.970481615743139,26920,,,,,,,,,,,
0.2995446681976318,0.8780103325843811,6.403741584671155e-06,6.975660279647851,26940,,,,,,,,,,,
0.31139872074127195,0.9363416433334351,6.371374935266701e-06,6.9808389435525635,26960,,,,,,,,,,,
0.31554837226867677,1.0357348918914795,6.339008285862248e-06,6.986017607457276,26980,,,,,,,,,,,
0.3195443868637085,1.0435025691986084,6.306641636457794e-06,6.991196271361988,27000,,,,,,,,,,,
0.32436156272888184,0.96547931432724,6.27427498705334e-06,6.996374935266701,27020,,,,,,,,,,,
,,,7.0,27034,1.3653019666671753,37.20305992828372,56.43222166781145,205.0845,16.603,1.039,,,,,
0.3089221239089966,0.8781691193580627,6.241908337648887e-06,7.001553599171414,27040,,,,,,,,,,,
0.3121726274490356,1.0072895288467407,6.2095416882444326e-06,7.006732263076127,27060,,,,,,,,,,,
0.311152720451355,1.0738459825515747,6.177175038839979e-06,7.011910926980839,27080,,,,,,,,,,,
0.28300180435180666,0.8575589060783386,6.144808389435526e-06,7.0170895908855515,27100,,,,,,,,,,,
0.3020447015762329,1.064721703529358,6.112441740031073e-06,7.022268254790264,27120,,,,,,,,,,,
0.30959324836730956,0.8859028816223145,6.0800750906266185e-06,7.027446918694976,27140,,,,,,,,,,,
0.31362864971160886,0.9216026067733765,6.047708441222165e-06,7.032625582599689,27160,,,,,,,,,,,
0.2956294298171997,0.9051963090896606,6.0153417918177115e-06,7.037804246504402,27180,,,,,,,,,,,
0.3218595266342163,1.1866419315338135,5.982975142413258e-06,7.042982910409115,27200,,,,,,,,,,,
0.3014061689376831,0.9123778939247131,5.950608493008804e-06,7.048161574313827,27220,,,,,,,,,,,
0.3212609767913818,0.9989355206489563,5.91824184360435e-06,7.0533402382185395,27240,,,,,,,,,,,
0.29140806198120117,0.8488630056381226,5.885875194199897e-06,7.058518902123252,27260,,,,,,,,,,,
0.3072408437728882,0.9922292232513428,5.853508544795443e-06,7.063697566027964,27280,,,,,,,,,,,
0.31748993396759034,0.9156146049499512,5.821141895390989e-06,7.068876229932678,27300,,,,,,,,,,,
0.2948150634765625,0.9598661065101624,5.788775245986536e-06,7.07405489383739,27320,,,,,,,,,,,
0.3032283544540405,1.055828332901001,5.756408596582083e-06,7.079233557742103,27340,,,,,,,,,,,
0.2870096921920776,0.8797880411148071,5.724041947177628e-06,7.084412221646815,27360,,,,,,,,,,,
0.3191654205322266,1.0501854419708252,5.691675297773175e-06,7.0895908855515275,27380,,,,,,,,,,,
0.308133602142334,1.0799808502197266,5.659308648368721e-06,7.09476954945624,27400,,,,,,,,,,,
0.30483217239379884,0.8947561979293823,5.626941998964268e-06,7.099948213360953,27420,,,,,,,,,,,
0.31461381912231445,0.9841067790985107,5.594575349559813e-06,7.105126877265666,27440,,,,,,,,,,,
0.3063750028610229,1.0012859106063843,5.56220870015536e-06,7.110305541170378,27460,,,,,,,,,,,
0.3079557418823242,0.9461795091629028,5.529842050750906e-06,7.115484205075091,27480,,,,,,,,,,,
0.3115142822265625,1.0369646549224854,5.497475401346453e-06,7.120662868979803,27500,,,,,,,,,,,
0.30184996128082275,0.941864013671875,5.465108751941999e-06,7.1258415328845155,27520,,,,,,,,,,,
0.31913821697235106,0.9936991333961487,5.432742102537546e-06,7.131020196789228,27540,,,,,,,,,,,
0.31664514541625977,0.9609651565551758,5.400375453133092e-06,7.136198860693941,27560,,,,,,,,,,,
0.2963660001754761,0.9446762800216675,5.368008803728639e-06,7.141377524598654,27580,,,,,,,,,,,
0.29178290367126464,0.9531304240226746,5.3356421543241845e-06,7.146556188503366,27600,,,,,,,,,,,
0.29640223979949953,0.8346942067146301,5.303275504919731e-06,7.151734852408079,27620,,,,,,,,,,,
0.30467679500579836,0.9773989319801331,5.2709088555152775e-06,7.156913516312791,27640,,,,,,,,,,,
0.3053021192550659,0.9325017333030701,5.238542206110824e-06,7.1620921802175035,27660,,,,,,,,,,,
0.3055610418319702,1.2569963932037354,5.20617555670637e-06,7.167270844122217,27680,,,,,,,,,,,
0.31012420654296874,0.9027577042579651,5.173808907301916e-06,7.172449508026929,27700,,,,,,,,,,,
0.30069544315338137,1.1078200340270996,5.141442257897463e-06,7.177628171931642,27720,,,,,,,,,,,
0.3171994686126709,0.9444311857223511,5.109075608493009e-06,7.182806835836354,27740,,,,,,,,,,,
0.3021268606185913,0.9940087795257568,5.076708959088556e-06,7.187985499741067,27760,,,,,,,,,,,
0.30077447891235354,0.9085443615913391,5.044342309684102e-06,7.193164163645779,27780,,,,,,,,,,,
0.30935261249542234,1.0296276807785034,5.011975660279649e-06,7.198342827550492,27800,,,,,,,,,,,
0.30898663997650144,0.8717055320739746,4.979609010875194e-06,7.203521491455205,27820,,,,,,,,,,,
0.2696397304534912,0.9938783645629883,4.947242361470741e-06,7.208700155359917,27840,,,,,,,,,,,
0.31705217361450194,0.977745532989502,4.914875712066287e-06,7.21387881926463,27860,,,,,,,,,,,
0.2975293159484863,1.0190091133117676,4.882509062661834e-06,7.219057483169342,27880,,,,,,,,,,,
0.3190842866897583,1.3069050312042236,4.850142413257379e-06,7.224236147074055,27900,,,,,,,,,,,
0.3292475461959839,1.0025392770767212,4.817775763852926e-06,7.229414810978767,27920,,,,,,,,,,,
0.3014855861663818,0.9847992062568665,4.785409114448472e-06,7.23459347488348,27940,,,,,,,,,,,
0.2920401573181152,1.0272213220596313,4.753042465044019e-06,7.239772138788193,27960,,,,,,,,,,,
0.2827579498291016,0.755624532699585,4.720675815639565e-06,7.244950802692905,27980,,,,,,,,,,,
0.28999037742614747,0.984095573425293,4.688309166235112e-06,7.250129466597618,28000,,,,,,,,,,,
0.30949079990386963,1.030169129371643,4.655942516830658e-06,7.25530813050233,28020,,,,,,,,,,,
0.30303239822387695,1.008195161819458,4.623575867426205e-06,7.260486794407043,28040,,,,,,,,,,,
0.29647345542907716,0.9471904635429382,4.5912092180217505e-06,7.265665458311756,28060,,,,,,,,,,,
0.3106128692626953,0.9793559908866882,4.558842568617297e-06,7.270844122216468,28080,,,,,,,,,,,
0.30110416412353513,1.1053599119186401,4.5264759192128435e-06,7.276022786121181,28100,,,,,,,,,,,
0.2798898696899414,0.9833117127418518,4.494109269808389e-06,7.281201450025893,28120,,,,,,,,,,,
0.3057273864746094,0.8872982263565063,4.461742620403936e-06,7.286380113930606,28140,,,,,,,,,,,
0.2988534212112427,0.9634986519813538,4.429375970999482e-06,7.291558777835318,28160,,,,,,,,,,,
0.29874253273010254,0.9120092988014221,4.397009321595029e-06,7.2967374417400315,28180,,,,,,,,,,,
0.295796799659729,1.0046756267547607,4.364642672190575e-06,7.301916105644744,28200,,,,,,,,,,,
0.31024622917175293,1.1623085737228394,4.332276022786122e-06,7.307094769549456,28220,,,,,,,,,,,
0.30935373306274416,0.9209790825843811,4.299909373381668e-06,7.312273433454169,28240,,,,,,,,,,,
0.3004525899887085,0.9075758457183838,4.267542723977215e-06,7.317452097358881,28260,,,,,,,,,,,
0.30948772430419924,1.0896098613739014,4.23517607457276e-06,7.322630761263594,28280,,,,,,,,,,,
0.33940825462341306,1.0952547788619995,4.202809425168307e-06,7.327809425168306,28300,,,,,,,,,,,
0.2805893659591675,0.9634337425231934,4.170442775763853e-06,7.3329880890730195,28320,,,,,,,,,,,
0.2969057559967041,0.8269748091697693,4.1380761263594e-06,7.338166752977732,28340,,,,,,,,,,,
0.3200758218765259,1.040674090385437,4.105709476954945e-06,7.343345416882444,28360,,,,,,,,,,,
0.2855087757110596,0.9107194542884827,4.073342827550492e-06,7.348524080787157,28380,,,,,,,,,,,
0.2951784610748291,0.8498890995979309,4.040976178146038e-06,7.353702744691869,28400,,,,,,,,,,,
0.3050690650939941,0.8204925060272217,4.008609528741585e-06,7.358881408596582,28420,,,,,,,,,,,
0.30586981773376465,0.9726683497428894,3.976242879337131e-06,7.364060072501295,28440,,,,,,,,,,,
0.3099243640899658,1.070601224899292,3.943876229932678e-06,7.3692387364060075,28460,,,,,,,,,,,
0.2977234125137329,0.8487710356712341,3.911509580528224e-06,7.37441740031072,28480,,,,,,,,,,,
0.29575304985046386,0.9258255958557129,3.87914293112377e-06,7.379596064215432,28500,,,,,,,,,,,
0.29772047996520995,0.859440803527832,3.8467762817193165e-06,7.384774728120145,28520,,,,,,,,,,,
0.2954434633255005,1.008114218711853,3.814409632314863e-06,7.389953392024857,28540,,,,,,,,,,,
0.30433638095855714,0.9837695360183716,3.7820429829104095e-06,7.395132055929571,28560,,,,,,,,,,,
0.3098243951797485,0.975088894367218,3.7496763335059555e-06,7.400310719834283,28580,,,,,,,,,,,
0.3010405540466309,0.9387525320053101,3.717309684101502e-06,7.4054893837389955,28600,,,,,,,,,,,
0.2954809904098511,1.0284535884857178,3.6849430346970485e-06,7.410668047643708,28620,,,,,,,,,,,
0.31087708473205566,1.1368904113769531,3.652576385292595e-06,7.41584671154842,28640,,,,,,,,,,,
0.3055630922317505,0.9989271759986877,3.6202097358881407e-06,7.421025375453133,28660,,,,,,,,,,,
0.2934816837310791,0.9118653535842896,3.587843086483687e-06,7.426204039357845,28680,,,,,,,,,,,
0.30735642910003663,1.066144585609436,3.555476437079234e-06,7.431382703262559,28700,,,,,,,,,,,
0.29464106559753417,0.9611006379127502,3.5231097876747806e-06,7.436561367167271,28720,,,,,,,,,,,
0.31248061656951903,0.9754570126533508,3.490743138270326e-06,7.4417400310719835,28740,,,,,,,,,,,
0.27663111686706543,1.039115309715271,3.4583764888658727e-06,7.446918694976696,28760,,,,,,,,,,,
0.3031010627746582,0.9985523819923401,3.426009839461419e-06,7.452097358881408,28780,,,,,,,,,,,
0.2801384687423706,0.919427216053009,3.3936431900569653e-06,7.457276022786121,28800,,,,,,,,,,,
0.29873659610748293,0.9662915468215942,3.3612765406525118e-06,7.462454686690834,28820,,,,,,,,,,,
0.30389971733093263,0.9514294862747192,3.3289098912480583e-06,7.467633350595547,28840,,,,,,,,,,,
0.304422402381897,0.990888774394989,3.2965432418436047e-06,7.472812014500259,28860,,,,,,,,,,,
0.2910371065139771,1.040627360343933,3.2641765924391504e-06,7.4779906784049714,28880,,,,,,,,,,,
0.3039128541946411,1.110695719718933,3.231809943034697e-06,7.483169342309684,28900,,,,,,,,,,,
0.302433443069458,1.0494883060455322,3.199443293630244e-06,7.488348006214396,28920,,,,,,,,,,,
0.2970125198364258,0.9551652073860168,3.1670766442257903e-06,7.49352667011911,28940,,,,,,,,,,,
0.31074354648590086,1.1044236421585083,3.134709994821336e-06,7.498705334023822,28960,,,,,,,,,,,
0.29989573955535886,0.9499211311340332,3.1023433454168824e-06,7.5038839979285346,28980,,,,,,,,,,,
0.3055036783218384,1.0094630718231201,3.069976696012429e-06,7.509062661833247,29000,,,,,,,,,,,
0.31020441055297854,1.0905771255493164,3.0376100466079754e-06,7.514241325737959,29020,,,,,,,,,,,
0.2889853000640869,0.9072572588920593,3.005243397203522e-06,7.519419989642672,29040,,,,,,,,,,,
0.30435068607330323,0.9357544779777527,2.972876747799068e-06,7.524598653547384,29060,,,,,,,,,,,
0.30655698776245116,1.0235222578048706,2.9405100983946145e-06,7.529777317452098,29080,,,,,,,,,,,
0.293129563331604,1.0589067935943604,2.9081434489901606e-06,7.53495598135681,29100,,,,,,,,,,,
0.2880500316619873,1.0641937255859375,2.875776799585707e-06,7.5401346452615226,29120,,,,,,,,,,,
0.3149991750717163,1.0996536016464233,2.8434101501812535e-06,7.545313309166235,29140,,,,,,,,,,,
0.2968689203262329,0.8875488042831421,2.8110435007767996e-06,7.550491973070947,29160,,,,,,,,,,,
0.30584399700164794,0.9639552235603333,2.778676851372346e-06,7.555670636975661,29180,,,,,,,,,,,
0.30831236839294435,1.0213656425476074,2.746310201967892e-06,7.560849300880373,29200,,,,,,,,,,,
0.3024334669113159,0.9170681834220886,2.7139435525634387e-06,7.566027964785086,29220,,,,,,,,,,,
0.3121485233306885,0.8266364932060242,2.681576903158985e-06,7.571206628689798,29240,,,,,,,,,,,
0.29591615200042726,0.8513094186782837,2.6492102537545317e-06,7.5763852925945105,29260,,,,,,,,,,,
0.3101067543029785,1.0639822483062744,2.6168436043500777e-06,7.581563956499223,29280,,,,,,,,,,,
0.28574361801147463,0.8923688530921936,2.5844769549456242e-06,7.586742620403935,29300,,,,,,,,,,,
0.30214974880218504,1.0061070919036865,2.5521103055411703e-06,7.591921284308649,29320,,,,,,,,,,,
0.28851590156555174,0.9896435737609863,2.519743656136717e-06,7.597099948213361,29340,,,,,,,,,,,
0.29270496368408205,0.9032894372940063,2.4873770067322633e-06,7.602278612118074,29360,,,,,,,,,,,
0.2881819486618042,0.9773483276367188,2.4550103573278098e-06,7.607457276022786,29380,,,,,,,,,,,
0.31266930103302004,1.003523349761963,2.422643707923356e-06,7.6126359399274985,29400,,,,,,,,,,,
0.31177411079406736,0.9595329761505127,2.3902770585189023e-06,7.617814603832211,29420,,,,,,,,,,,
0.29891917705535886,0.7903581857681274,2.3579104091144484e-06,7.622993267736923,29440,,,,,,,,,,,
0.30389297008514404,0.915147602558136,2.325543759709995e-06,7.628171931641637,29460,,,,,,,,,,,
0.296343469619751,0.8311790227890015,2.2931771103055414e-06,7.633350595546349,29480,,,,,,,,,,,
0.2961337804794312,0.9080479741096497,2.260810460901088e-06,7.638529259451062,29500,,,,,,,,,,,
0.3000329971313477,0.916522741317749,2.228443811496634e-06,7.643707923355774,29520,,,,,,,,,,,
0.29220046997070315,0.9692409634590149,2.19607716209218e-06,7.6488865872604865,29540,,,,,,,,,,,
0.29936168193817136,0.9117382168769836,2.1637105126877265e-06,7.6540652511652,29560,,,,,,,,,,,
0.2959528207778931,0.9910250306129456,2.131343863283273e-06,7.659243915069912,29580,,,,,,,,,,,
0.2855777978897095,1.0304888486862183,2.0989772138788195e-06,7.664422578974625,29600,,,,,,,,,,,
0.3078299522399902,1.076224684715271,2.0666105644743656e-06,7.669601242879337,29620,,,,,,,,,,,
0.29881465435028076,0.9222459197044373,2.034243915069912e-06,7.67477990678405,29640,,,,,,,,,,,
0.3157536029815674,0.9337971806526184,2.001877265665458e-06,7.679958570688762,29660,,,,,,,,,,,
0.3049915790557861,0.8491089344024658,1.9695106162610046e-06,7.6851372345934745,29680,,,,,,,,,,,
0.29767189025878904,0.8555523157119751,1.937143966856551e-06,7.690315898498188,29700,,,,,,,,,,,
0.3060922145843506,1.027209997177124,1.9047773174520976e-06,7.6954945624029,29720,,,,,,,,,,,
0.3006512880325317,0.89980548620224,1.8724106680476437e-06,7.700673226307613,29740,,,,,,,,,,,
0.2976327657699585,0.9030366539955139,1.8400440186431902e-06,7.705851890212325,29760,,,,,,,,,,,
0.301432728767395,0.8716267347335815,1.8076773692387365e-06,7.711030554117038,29780,,,,,,,,,,,
0.29309194087982177,1.1282987594604492,1.775310719834283e-06,7.71620921802175,29800,,,,,,,,,,,
0.2975821256637573,0.8818375468254089,1.7429440704298293e-06,7.7213878819264625,29820,,,,,,,,,,,
0.28951373100280764,0.9746871590614319,1.7105774210253758e-06,7.726566545831176,29840,,,,,,,,,,,
0.29027657508850097,0.8481590151786804,1.6782107716209218e-06,7.731745209735888,29860,,,,,,,,,,,
0.3057248592376709,1.0265016555786133,1.6458441222164683e-06,7.736923873640601,29880,,,,,,,,,,,
0.2978849411010742,1.0187108516693115,1.6134774728120146e-06,7.742102537545313,29900,,,,,,,,,,,
0.2946938037872314,1.0603934526443481,1.5811108234075607e-06,7.747281201450026,29920,,,,,,,,,,,
0.3032464742660522,0.9282109141349792,1.5487441740031074e-06,7.752459865354739,29940,,,,,,,,,,,
0.31211955547332765,0.9052896499633789,1.5163775245986537e-06,7.757638529259451,29960,,,,,,,,,,,
0.2985285758972168,0.8075218796730042,1.4840108751942e-06,7.762817193164164,29980,,,,,,,,,,,
0.28702602386474607,0.9518174529075623,1.4516442257897464e-06,7.767995857068876,30000,,,,,,,,,,,
0.281975245475769,1.0144096612930298,1.4192775763852927e-06,7.773174520973589,30020,,,,,,,,,,,
0.28641657829284667,1.0412369966506958,1.386910926980839e-06,7.778353184878301,30040,,,,,,,,,,,
0.3080739498138428,1.0838441848754883,1.3545442775763855e-06,7.783531848783014,30060,,,,,,,,,,,
0.3084567546844482,0.924670398235321,1.3221776281719316e-06,7.788710512687727,30080,,,,,,,,,,,
0.2967111110687256,0.7314448952674866,1.289810978767478e-06,7.793889176592439,30100,,,,,,,,,,,
0.30971877574920653,1.14014732837677,1.2574443293630243e-06,7.799067840497152,30120,,,,,,,,,,,
0.29657936096191406,1.1769434213638306,1.2250776799585706e-06,7.804246504401864,30140,,,,,,,,,,,
0.2996945381164551,1.0642883777618408,1.1927110305541171e-06,7.809425168306577,30160,,,,,,,,,,,
0.30646395683288574,0.9891073107719421,1.1603443811496634e-06,7.814603832211289,30180,,,,,,,,,,,
0.3016510486602783,0.9689318537712097,1.1279777317452097e-06,7.819782496116002,30200,,,,,,,,,,,
0.3046968221664429,0.9018600583076477,1.0956110823407562e-06,7.824961160020715,30220,,,,,,,,,,,
0.30784997940063474,0.9160580635070801,1.0632444329363025e-06,7.830139823925427,30240,,,,,,,,,,,
0.28789942264556884,1.0184433460235596,1.0308777835318487e-06,7.83531848783014,30260,,,,,,,,,,,
0.2958448648452759,0.9021480083465576,9.985111341273952e-07,7.840497151734852,30280,,,,,,,,,,,
0.2972965478897095,1.013213872909546,9.661444847229415e-07,7.845675815639565,30300,,,,,,,,,,,
0.30374596118927,0.9316667318344116,9.337778353184879e-07,7.850854479544278,30320,,,,,,,,,,,
0.29039103984832765,1.0703045129776,9.014111859140343e-07,7.8560331434489905,30340,,,,,,,,,,,
0.29150269031524656,0.8899034857749939,8.690445365095806e-07,7.861211807353703,30360,,,,,,,,,,,
0.304795241355896,0.9523828029632568,8.36677887105127e-07,7.866390471258415,30380,,,,,,,,,,,
0.2942637920379639,1.0510499477386475,8.043112377006734e-07,7.871569135163128,30400,,,,,,,,,,,
0.297631573677063,0.9194082617759705,7.719445882962196e-07,7.87674779906784,30420,,,,,,,,,,,
0.2959979295730591,0.9613610506057739,7.395779388917659e-07,7.881926462972553,30440,,,,,,,,,,,
0.299088716506958,1.0506019592285156,7.072112894873123e-07,7.887105126877266,30460,,,,,,,,,,,
0.3047077417373657,0.8829365372657776,6.748446400828587e-07,7.8922837907819785,30480,,,,,,,,,,,
0.3143031597137451,1.0155665874481201,6.424779906784051e-07,7.897462454686691,30500,,,,,,,,,,,
0.2923841953277588,1.0696289539337158,6.101113412739514e-07,7.902641118591403,30520,,,,,,,,,,,
0.30457608699798583,1.0614218711853027,5.777446918694976e-07,7.907819782496116,30540,,,,,,,,,,,
0.289072847366333,0.9271798729896545,5.45378042465044e-07,7.912998446400828,30560,,,,,,,,,,,
0.29717066287994387,1.1047943830490112,5.130113930605904e-07,7.918177110305541,30580,,,,,,,,,,,
0.28851053714752195,0.9681682586669922,4.806447436561367e-07,7.923355774210254,30600,,,,,,,,,,,
0.3055407047271729,0.8734801411628723,4.482780942516831e-07,7.9285344381149665,30620,,,,,,,,,,,
0.2875763654708862,0.9396530389785767,4.159114448472294e-07,7.933713102019679,30640,,,,,,,,,,,
0.2903812646865845,0.8929829001426697,3.835447954427758e-07,7.938891765924391,30660,,,,,,,,,,,
0.2877192974090576,0.9483354687690735,3.511781460383221e-07,7.944070429829104,30680,,,,,,,,,,,
0.3061037063598633,0.9851673245429993,3.188114966338685e-07,7.949249093733817,30700,,,,,,,,,,,
0.29001266956329347,0.8841639757156372,2.864448472294148e-07,7.95442775763853,30720,,,,,,,,,,,
0.29319603443145753,0.9988821148872375,2.540781978249612e-07,7.959606421543242,30740,,,,,,,,,,,
0.29870431423187255,0.9531517624855042,2.217115484205075e-07,7.9647850854479545,30760,,,,,,,,,,,
0.29669575691223143,0.907524585723877,1.8934489901605388e-07,7.969963749352667,30780,,,,,,,,,,,
0.29034762382507323,0.8269528150558472,1.5697824961160021e-07,7.975142413257379,30800,,,,,,,,,,,
0.2797684907913208,0.9158718585968018,1.2461160020714658e-07,7.980321077162092,30820,,,,,,,,,,,
0.3021920442581177,0.991615891456604,9.224495080269291e-08,7.985499741066805,30840,,,,,,,,,,,
0.29580016136169435,0.8581118583679199,5.987830139823926e-08,7.990678404971518,30860,,,,,,,,,,,
0.3066860198974609,0.9208675026893616,2.75116519937856e-08,7.99585706887623,30880,,,,,,,,,,,
,,,8.0,30896,1.3708624839782715,37.65236067686056,56.93088984197864,206.1964,16.513,1.033,,,,,
,,,8.0,30896,,,,,,,6629.0486,149.123,4.661,1.3058684513746944e+17,0.7133014704327951
