loss,grad_norm,learning_rate,epoch,step,eval_loss,eval_bleu,eval_chrf2pp,eval_runtime,eval_samples_per_second,eval_steps_per_second,train_runtime,train_samples_per_second,train_steps_per_second,total_flos,train_loss
3.751239013671875,0.41608163714408875,4.99769372693727e-05,0.0038842493688094775,20,,,,,,,,,,,
3.6911605834960937,0.3962760269641876,4.995266071081764e-05,0.007768498737618955,40,,,,,,,,,,,
3.5577114105224608,0.4260489046573639,4.992838415226257e-05,0.011652748106428433,60,,,,,,,,,,,
3.506048583984375,0.43382400274276733,4.990410759370752e-05,0.01553699747523791,80,,,,,,,,,,,
3.5112232208251952,0.37628212571144104,4.987983103515246e-05,0.019421246844047387,100,,,,,,,,,,,
3.4425621032714844,0.41824594140052795,4.98555544765974e-05,0.023305496212856866,120,,,,,,,,,,,
3.383298873901367,0.5756179690361023,4.9831277918042344e-05,0.02718974558166634,140,,,,,,,,,,,
3.333750915527344,0.4349195063114166,4.980700135948728e-05,0.03107399495047582,160,,,,,,,,,,,
3.3404991149902346,0.3563798666000366,4.978272480093222e-05,0.0349582443192853,180,,,,,,,,,,,
3.245003890991211,0.3483869731426239,4.975844824237716e-05,0.038842493688094774,200,,,,,,,,,,,
3.2126895904541017,0.4262238144874573,4.973417168382211e-05,0.04272674305690426,220,,,,,,,,,,,
3.1937091827392576,0.40860921144485474,4.970989512526704e-05,0.04661099242571373,240,,,,,,,,,,,
3.2128536224365236,0.3747549057006836,4.968561856671198e-05,0.05049524179452321,260,,,,,,,,,,,
3.2259700775146483,0.3631545901298523,4.966134200815693e-05,0.05437949116333268,280,,,,,,,,,,,
3.1764026641845704,0.3557189106941223,4.963706544960187e-05,0.058263740532142165,300,,,,,,,,,,,
3.1568254470825194,0.40454208850860596,4.9612788891046806e-05,0.06214798990095164,320,,,,,,,,,,,
3.160829544067383,0.46868693828582764,4.9588512332491746e-05,0.06603223926976112,340,,,,,,,,,,,
3.0879213333129885,0.3859045207500458,4.956423577393669e-05,0.0699164886385706,360,,,,,,,,,,,
3.112201118469238,0.38247033953666687,4.953995921538163e-05,0.07380073800738007,380,,,,,,,,,,,
3.1272262573242187,0.5345660448074341,4.951568265682657e-05,0.07768498737618955,400,,,,,,,,,,,
3.099422836303711,0.38750410079956055,4.949140609827151e-05,0.08156923674499902,420,,,,,,,,,,,
3.0519317626953124,0.403192937374115,4.946712953971645e-05,0.08545348611380851,440,,,,,,,,,,,
2.991468811035156,0.4020872116088867,4.944285298116139e-05,0.08933773548261799,460,,,,,,,,,,,
3.0600587844848635,0.42228206992149353,4.9418576422606336e-05,0.09322198485142746,480,,,,,,,,,,,
3.019228935241699,0.41671237349510193,4.9394299864051275e-05,0.09710623422023694,500,,,,,,,,,,,
3.0259092330932615,0.40473151206970215,4.9370023305496215e-05,0.10099048358904641,520,,,,,,,,,,,
2.987135124206543,0.43519094586372375,4.9345746746941154e-05,0.10487473295785589,540,,,,,,,,,,,
3.006024932861328,0.391004741191864,4.93214701883861e-05,0.10875898232666537,560,,,,,,,,,,,
2.9608930587768554,0.39136573672294617,4.929719362983104e-05,0.11264323169547485,580,,,,,,,,,,,
2.9889095306396483,0.40788179636001587,4.927291707127597e-05,0.11652748106428433,600,,,,,,,,,,,
2.9314870834350586,0.4675137400627136,4.924864051272092e-05,0.1204117304330938,620,,,,,,,,,,,
2.9623075485229493,0.41207730770111084,4.922436395416586e-05,0.12429597980190328,640,,,,,,,,,,,
2.9228338241577148,0.4421824514865875,4.92000873956108e-05,0.12818022917071276,660,,,,,,,,,,,
2.92248649597168,2.6065726280212402,4.9175810837055745e-05,0.13206447853952225,680,,,,,,,,,,,
2.9193233489990233,0.46309584379196167,4.9151534278500684e-05,0.1359487279083317,700,,,,,,,,,,,
2.904146194458008,0.4718691110610962,4.9127257719945624e-05,0.1398329772771412,720,,,,,,,,,,,
2.968144989013672,0.44914329051971436,4.910298116139056e-05,0.14371722664595066,740,,,,,,,,,,,
2.9444244384765623,0.4755761921405792,4.907870460283551e-05,0.14760147601476015,760,,,,,,,,,,,
2.9147924423217773,0.49672433733940125,4.905442804428044e-05,0.15148572538356964,780,,,,,,,,,,,
2.919377326965332,0.8692899346351624,4.903015148572538e-05,0.1553699747523791,800,,,,,,,,,,,
2.910080146789551,0.4491491913795471,4.900587492717033e-05,0.1592542241211886,820,,,,,,,,,,,
2.8933765411376955,0.452879399061203,4.898159836861527e-05,0.16313847348999805,840,,,,,,,,,,,
2.9083532333374023,0.46030184626579285,4.895732181006021e-05,0.16702272285880754,860,,,,,,,,,,,
2.879543495178223,0.43833106756210327,4.8933045251505146e-05,0.17090697222761703,880,,,,,,,,,,,
2.8131011962890624,0.4446534812450409,4.890876869295009e-05,0.1747912215964265,900,,,,,,,,,,,
2.8717859268188475,0.4932306706905365,4.888449213439503e-05,0.17867547096523598,920,,,,,,,,,,,
2.8478981018066407,0.46920785307884216,4.886021557583997e-05,0.18255972033404544,940,,,,,,,,,,,
2.8436622619628906,0.4783986508846283,4.883593901728491e-05,0.18644396970285493,960,,,,,,,,,,,
2.7921884536743162,0.45582258701324463,4.881166245872985e-05,0.1903282190716644,980,,,,,,,,,,,
2.8586254119873047,0.5370040535926819,4.878738590017479e-05,0.19421246844047388,1000,,,,,,,,,,,
2.787464141845703,0.44515302777290344,4.8763109341619737e-05,0.19809671780928337,1020,,,,,,,,,,,
2.7398488998413084,0.4765978455543518,4.8738832783064676e-05,0.20198096717809283,1040,,,,,,,,,,,
2.7851634979248048,0.4880383014678955,4.8714556224509616e-05,0.20586521654690232,1060,,,,,,,,,,,
2.8109817504882812,0.46815139055252075,4.8690279665954555e-05,0.20974946591571178,1080,,,,,,,,,,,
2.785053253173828,0.5155438184738159,4.86660031073995e-05,0.21363371528452127,1100,,,,,,,,,,,
2.7485389709472656,0.5080652832984924,4.864172654884444e-05,0.21751796465333073,1120,,,,,,,,,,,
2.7581981658935546,0.5009760856628418,4.8617449990289374e-05,0.22140221402214022,1140,,,,,,,,,,,
2.6758609771728517,0.4543139338493347,4.859317343173432e-05,0.2252864633909497,1160,,,,,,,,,,,
2.733322334289551,0.5188435316085815,4.856889687317926e-05,0.22917071275975917,1180,,,,,,,,,,,
2.7122142791748045,0.5016372799873352,4.85446203146242e-05,0.23305496212856866,1200,,,,,,,,,,,
2.6877618789672852,0.5130699276924133,4.8520343756069145e-05,0.23693921149737812,1220,,,,,,,,,,,
2.8130126953125,0.5769628286361694,4.8496067197514085e-05,0.2408234608661876,1240,,,,,,,,,,,
2.709596061706543,0.4977094233036041,4.8471790638959024e-05,0.2447077102349971,1260,,,,,,,,,,,
2.7900867462158203,0.4679301679134369,4.8447514080403964e-05,0.24859195960380656,1280,,,,,,,,,,,
2.7548898696899413,0.47197225689888,4.842323752184891e-05,0.252476208972616,1300,,,,,,,,,,,
2.657552146911621,0.583040714263916,4.839896096329384e-05,0.2563604583414255,1320,,,,,,,,,,,
2.7373836517333983,0.5100235342979431,4.837468440473878e-05,0.260244707710235,1340,,,,,,,,,,,
2.6907379150390627,0.463340163230896,4.835040784618373e-05,0.2641289570790445,1360,,,,,,,,,,,
2.701206016540527,0.594090461730957,4.832613128762867e-05,0.268013206447854,1380,,,,,,,,,,,
2.7316659927368163,0.5027745962142944,4.830185472907361e-05,0.2718974558166634,1400,,,,,,,,,,,
2.6736902236938476,0.4860933721065521,4.827757817051855e-05,0.2757817051854729,1420,,,,,,,,,,,
2.594639778137207,0.555903971195221,4.825330161196349e-05,0.2796659545542824,1440,,,,,,,,,,,
2.647086524963379,0.5322883129119873,4.822902505340843e-05,0.2835502039230919,1460,,,,,,,,,,,
2.6341087341308596,0.4643729329109192,4.820474849485337e-05,0.2874344532919013,1480,,,,,,,,,,,
2.612493324279785,0.5574010610580444,4.818047193629831e-05,0.2913187026607108,1500,,,,,,,,,,,
2.6092456817626952,0.5475288033485413,4.815619537774325e-05,0.2952029520295203,1520,,,,,,,,,,,
2.7040431976318358,0.525490939617157,4.813191881918819e-05,0.2990872013983298,1540,,,,,,,,,,,
2.6707155227661135,0.575714647769928,4.810764226063314e-05,0.30297145076713927,1560,,,,,,,,,,,
2.5702817916870115,0.5533793568611145,4.808336570207808e-05,0.3068557001359487,1580,,,,,,,,,,,
2.615900421142578,0.5517964959144592,4.8059089143523016e-05,0.3107399495047582,1600,,,,,,,,,,,
2.6375219345092775,0.5730476975440979,4.8034812584967956e-05,0.3146241988735677,1620,,,,,,,,,,,
2.645255279541016,0.554492175579071,4.80105360264129e-05,0.3185084482423772,1640,,,,,,,,,,,
2.6258865356445313,0.5346569418907166,4.798625946785784e-05,0.32239269761118666,1660,,,,,,,,,,,
2.600931167602539,0.5039461255073547,4.7961982909302774e-05,0.3262769469799961,1680,,,,,,,,,,,
2.692028617858887,0.5979507565498352,4.793770635074772e-05,0.3301611963488056,1700,,,,,,,,,,,
2.5954105377197267,0.593909502029419,4.791342979219266e-05,0.3340454457176151,1720,,,,,,,,,,,
2.6800769805908202,0.5139299035072327,4.78891532336376e-05,0.33792969508642456,1740,,,,,,,,,,,
2.6409561157226564,0.49422702193260193,4.7864876675082546e-05,0.34181394445523405,1760,,,,,,,,,,,
2.666422653198242,0.6023784875869751,4.7840600116527485e-05,0.3456981938240435,1780,,,,,,,,,,,
2.6055578231811523,0.6369124054908752,4.7816323557972425e-05,0.349582443192853,1800,,,,,,,,,,,
2.673412895202637,0.5589177012443542,4.7792046999417364e-05,0.35346669256166247,1820,,,,,,,,,,,
2.5808778762817384,0.600395679473877,4.776777044086231e-05,0.35735094193047195,1840,,,,,,,,,,,
2.655155563354492,0.5653265714645386,4.7743493882307243e-05,0.3612351912992814,1860,,,,,,,,,,,
2.560146713256836,0.5982258319854736,4.771921732375218e-05,0.3651194406680909,1880,,,,,,,,,,,
2.5909852981567383,0.5842636227607727,4.769494076519713e-05,0.36900369003690037,1900,,,,,,,,,,,
2.5822074890136717,0.5916351675987244,4.767066420664207e-05,0.37288793940570986,1920,,,,,,,,,,,
2.6132013320922853,0.5441054105758667,4.764638764808701e-05,0.37677218877451935,1940,,,,,,,,,,,
2.6111076354980467,0.5874273777008057,4.762211108953195e-05,0.3806564381433288,1960,,,,,,,,,,,
2.5622369766235353,0.5693767666816711,4.7597834530976894e-05,0.38454068751213827,1980,,,,,,,,,,,
2.5584266662597654,0.5655863881111145,4.7573557972421834e-05,0.38842493688094776,2000,,,,,,,,,,,
2.5576141357421873,0.5870676040649414,4.754928141386677e-05,0.39230918624975725,2020,,,,,,,,,,,
2.5593584060668944,0.5856221318244934,4.752500485531171e-05,0.39619343561856674,2040,,,,,,,,,,,
2.6215702056884767,0.5841383934020996,4.750072829675665e-05,0.40007768498737617,2060,,,,,,,,,,,
2.5745876312255858,0.5616748929023743,4.747645173820159e-05,0.40396193435618566,2080,,,,,,,,,,,
2.5202598571777344,0.5900420546531677,4.745217517964654e-05,0.40784618372499515,2100,,,,,,,,,,,
2.5628808975219726,0.5523821115493774,4.742789862109148e-05,0.41173043309380464,2120,,,,,,,,,,,
2.538308525085449,0.9582138061523438,4.740362206253642e-05,0.4156146824626141,2140,,,,,,,,,,,
2.5227981567382813,0.5200059413909912,4.7379345503981356e-05,0.41949893183142356,2160,,,,,,,,,,,
2.5227096557617186,0.5661926865577698,4.73550689454263e-05,0.42338318120023305,2180,,,,,,,,,,,
2.5045127868652344,0.5437309741973877,4.733079238687124e-05,0.42726743056904254,2200,,,,,,,,,,,
2.5676401138305662,0.5711429715156555,4.7306515828316175e-05,0.43115167993785203,2220,,,,,,,,,,,
2.5204435348510743,0.6521908640861511,4.728223926976112e-05,0.43503592930666146,2240,,,,,,,,,,,
2.5464300155639648,0.5855587720870972,4.725796271120606e-05,0.43892017867547095,2260,,,,,,,,,,,
2.57299690246582,0.6050081253051758,4.7233686152651e-05,0.44280442804428044,2280,,,,,,,,,,,
2.4989147186279297,0.6400319933891296,4.7209409594095947e-05,0.44668867741308993,2300,,,,,,,,,,,
2.6252779006958007,0.5700638294219971,4.7185133035540886e-05,0.4505729267818994,2320,,,,,,,,,,,
2.5025415420532227,0.6609635353088379,4.7160856476985826e-05,0.45445717615070885,2340,,,,,,,,,,,
2.587776947021484,0.5790882110595703,4.7136579918430765e-05,0.45834142551951834,2360,,,,,,,,,,,
2.53674373626709,0.5832681059837341,4.7112303359875705e-05,0.46222567488832783,2380,,,,,,,,,,,
2.5570938110351564,0.6265004277229309,4.7088026801320644e-05,0.4661099242571373,2400,,,,,,,,,,,
2.486171340942383,0.5624228119850159,4.7063750242765584e-05,0.4699941736259468,2420,,,,,,,,,,,
2.4808887481689452,0.5987241864204407,4.703947368421053e-05,0.47387842299475624,2440,,,,,,,,,,,
2.5361040115356444,0.6130601167678833,4.701519712565547e-05,0.47776267236356573,2460,,,,,,,,,,,
2.497452163696289,0.6010313034057617,4.699092056710041e-05,0.4816469217323752,2480,,,,,,,,,,,
2.5093111038208007,0.6449017524719238,4.6966644008545355e-05,0.4855311711011847,2500,,,,,,,,,,,
2.549060249328613,0.57798832654953,4.6942367449990295e-05,0.4894154204699942,2520,,,,,,,,,,,
2.4989112854003905,0.5985667705535889,4.6918090891435234e-05,0.49329966983880363,2540,,,,,,,,,,,
2.521159362792969,0.5685605406761169,4.6893814332880174e-05,0.4971839192076131,2560,,,,,,,,,,,
2.5006872177124024,0.5689682364463806,4.686953777432511e-05,0.5010681685764226,2580,,,,,,,,,,,
2.4419979095458983,0.5591227412223816,4.684526121577005e-05,0.504952417945232,2600,,,,,,,,,,,
2.4662853240966798,0.5893967151641846,4.682098465721499e-05,0.5088366673140415,2620,,,,,,,,,,,
2.5062456130981445,0.6281420588493347,4.679670809865994e-05,0.512720916682851,2640,,,,,,,,,,,
2.478293228149414,0.5971878170967102,4.677243154010488e-05,0.5166051660516605,2660,,,,,,,,,,,
2.519009590148926,0.619090735912323,4.674815498154982e-05,0.52048941542047,2680,,,,,,,,,,,
2.487436294555664,0.5805973410606384,4.672387842299476e-05,0.5243736647892795,2700,,,,,,,,,,,
2.468091583251953,0.6748347878456116,4.66996018644397e-05,0.528257914158089,2720,,,,,,,,,,,
2.4987165451049806,0.6125032305717468,4.6675325305884636e-05,0.5321421635268985,2740,,,,,,,,,,,
2.484776496887207,0.6100571751594543,4.6651048747329576e-05,0.536026412895708,2760,,,,,,,,,,,
2.4574810028076173,0.6113710999488831,4.662677218877452e-05,0.5399106622645173,2780,,,,,,,,,,,
2.409896659851074,0.5522395372390747,4.660249563021946e-05,0.5437949116333268,2800,,,,,,,,,,,
2.4281232833862303,0.6066420674324036,4.65782190716644e-05,0.5476791610021363,2820,,,,,,,,,,,
2.440464973449707,0.5781367421150208,4.655394251310935e-05,0.5515634103709458,2840,,,,,,,,,,,
2.4972585678100585,0.6917245388031006,4.652966595455429e-05,0.5554476597397553,2860,,,,,,,,,,,
2.4684457778930664,0.5547382235527039,4.6505389395999226e-05,0.5593319091085648,2880,,,,,,,,,,,
2.40830078125,0.597471296787262,4.6481112837444166e-05,0.5632161584773743,2900,,,,,,,,,,,
2.4571901321411134,0.6460997462272644,4.6456836278889105e-05,0.5671004078461838,2920,,,,,,,,,,,
2.465652084350586,0.6176354289054871,4.6432559720334045e-05,0.5709846572149933,2940,,,,,,,,,,,
2.435068130493164,0.6369207501411438,4.6408283161778984e-05,0.5748689065838026,2960,,,,,,,,,,,
2.4098438262939452,0.6507206559181213,4.638400660322393e-05,0.5787531559526121,2980,,,,,,,,,,,
2.4474653244018554,0.6371424198150635,4.635973004466887e-05,0.5826374053214216,3000,,,,,,,,,,,
2.4159662246704103,0.6148626208305359,4.633545348611381e-05,0.5865216546902311,3020,,,,,,,,,,,
2.5264410018920898,0.5660900473594666,4.6311176927558756e-05,0.5904059040590406,3040,,,,,,,,,,,
2.4304113388061523,0.6454805135726929,4.6286900369003695e-05,0.5942901534278501,3060,,,,,,,,,,,
2.4271373748779297,0.6281205415725708,4.6262623810448635e-05,0.5981744027966596,3080,,,,,,,,,,,
2.4765897750854493,0.7285310626029968,4.6238347251893574e-05,0.602058652165469,3100,,,,,,,,,,,
2.435682487487793,0.5878224968910217,4.6214070693338514e-05,0.6059429015342785,3120,,,,,,,,,,,
2.427128219604492,0.5880518555641174,4.6189794134783453e-05,0.609827150903088,3140,,,,,,,,,,,
2.409758186340332,0.5676265954971313,4.616551757622839e-05,0.6137114002718974,3160,,,,,,,,,,,
2.4309261322021483,0.6487234234809875,4.614124101767334e-05,0.6175956496407069,3180,,,,,,,,,,,
2.413035774230957,0.6480837464332581,4.611696445911828e-05,0.6214798990095164,3200,,,,,,,,,,,
2.379677581787109,0.5993360877037048,4.609268790056322e-05,0.6253641483783259,3220,,,,,,,,,,,
2.42532901763916,0.6385795474052429,4.606841134200816e-05,0.6292483977471354,3240,,,,,,,,,,,
2.430811309814453,0.5950002074241638,4.6044134783453104e-05,0.6331326471159449,3260,,,,,,,,,,,
2.3942813873291016,0.6580270528793335,4.601985822489804e-05,0.6370168964847543,3280,,,,,,,,,,,
2.4587677001953123,0.6471567749977112,4.5995581666342976e-05,0.6409011458535638,3300,,,,,,,,,,,
2.3962017059326173,0.6490063071250916,4.597130510778792e-05,0.6447853952223733,3320,,,,,,,,,,,
2.3779342651367186,0.6783362627029419,4.594702854923286e-05,0.6486696445911827,3340,,,,,,,,,,,
2.468394660949707,0.6269063949584961,4.59227519906778e-05,0.6525538939599922,3360,,,,,,,,,,,
2.4836637496948244,0.653532087802887,4.589847543212275e-05,0.6564381433288017,3380,,,,,,,,,,,
2.4329507827758787,0.6054831743240356,4.587419887356769e-05,0.6603223926976112,3400,,,,,,,,,,,
2.4136695861816406,0.7058888673782349,4.584992231501263e-05,0.6642066420664207,3420,,,,,,,,,,,
2.426628303527832,0.6071197986602783,4.5825645756457566e-05,0.6680908914352301,3440,,,,,,,,,,,
2.402901268005371,0.5940887331962585,4.5801369197902506e-05,0.6719751408040396,3460,,,,,,,,,,,
2.3644023895263673,0.6923205256462097,4.5777092639347445e-05,0.6758593901728491,3480,,,,,,,,,,,
2.398059844970703,0.6044164299964905,4.5752816080792385e-05,0.6797436395416586,3500,,,,,,,,,,,
2.3597604751586916,0.6580013632774353,4.572853952223733e-05,0.6836278889104681,3520,,,,,,,,,,,
2.3654672622680666,0.6633033752441406,4.570426296368227e-05,0.6875121382792775,3540,,,,,,,,,,,
2.3555774688720703,0.7473527789115906,4.567998640512721e-05,0.691396387648087,3560,,,,,,,,,,,
2.407680130004883,0.8478240370750427,4.5655709846572157e-05,0.6952806370168965,3580,,,,,,,,,,,
2.3613311767578127,0.5502796173095703,4.5631433288017096e-05,0.699164886385706,3600,,,,,,,,,,,
2.3978435516357424,0.6473541855812073,4.5607156729462036e-05,0.7030491357545154,3620,,,,,,,,,,,
2.410195541381836,0.6433943510055542,4.5582880170906975e-05,0.7069333851233249,3640,,,,,,,,,,,
2.3519737243652346,0.6629106998443604,4.5558603612351915e-05,0.7108176344921344,3660,,,,,,,,,,,
2.3818117141723634,0.6115936636924744,4.5534327053796854e-05,0.7147018838609439,3680,,,,,,,,,,,
2.4183429718017577,0.6369267106056213,4.5510050495241794e-05,0.7185861332297534,3700,,,,,,,,,,,
2.3934696197509764,0.6543919444084167,4.548577393668674e-05,0.7224703825985628,3720,,,,,,,,,,,
2.3473173141479493,0.6914434432983398,4.546149737813168e-05,0.7263546319673723,3740,,,,,,,,,,,
2.3626285552978517,0.7218696475028992,4.543722081957662e-05,0.7302388813361818,3760,,,,,,,,,,,
2.3793928146362306,0.6145016551017761,4.541294426102156e-05,0.7341231307049912,3780,,,,,,,,,,,
2.329331970214844,0.7204012870788574,4.5388667702466505e-05,0.7380073800738007,3800,,,,,,,,,,,
2.361383819580078,0.6176002025604248,4.536439114391144e-05,0.7418916294426102,3820,,,,,,,,,,,
2.379966926574707,0.6226882338523865,4.534011458535638e-05,0.7457758788114197,3840,,,,,,,,,,,
2.3526254653930665,0.6055375337600708,4.531583802680132e-05,0.7496601281802292,3860,,,,,,,,,,,
2.362639236450195,0.6203171610832214,4.529156146824626e-05,0.7535443775490387,3880,,,,,,,,,,,
2.3574920654296876,0.6097634434700012,4.52672849096912e-05,0.7574286269178482,3900,,,,,,,,,,,
2.3660772323608397,0.6915748119354248,4.524300835113615e-05,0.7613128762866576,3920,,,,,,,,,,,
2.3381118774414062,0.6818066239356995,4.521873179258109e-05,0.765197125655467,3940,,,,,,,,,,,
2.3289941787719726,0.5893377065658569,4.519445523402603e-05,0.7690813750242765,3960,,,,,,,,,,,
2.309335136413574,0.6654956340789795,4.517017867547097e-05,0.772965624393086,3980,,,,,,,,,,,
2.338123321533203,0.6314349174499512,4.5145902116915907e-05,0.7768498737618955,4000,,,,,,,,,,,
2.350457763671875,0.6582944393157959,4.5121625558360846e-05,0.780734123130705,4020,,,,,,,,,,,
2.3340076446533202,0.710788369178772,4.5097348999805786e-05,0.7846183724995145,4040,,,,,,,,,,,
2.308815765380859,0.6468977928161621,4.507307244125073e-05,0.788502621868324,4060,,,,,,,,,,,
2.3263776779174803,0.6074328422546387,4.504879588269567e-05,0.7923868712371335,4080,,,,,,,,,,,
2.3469900131225585,0.6042169332504272,4.502451932414061e-05,0.7962711206059429,4100,,,,,,,,,,,
2.3401065826416017,0.6733044385910034,4.500024276558556e-05,0.8001553699747523,4120,,,,,,,,,,,
2.3310861587524414,0.6002228260040283,4.49759662070305e-05,0.8040396193435618,4140,,,,,,,,,,,
2.301401138305664,0.6733302474021912,4.4951689648475436e-05,0.8079238687123713,4160,,,,,,,,,,,
2.407843589782715,0.5823050141334534,4.4927413089920376e-05,0.8118081180811808,4180,,,,,,,,,,,
2.2737728118896485,0.5931578874588013,4.4903136531365315e-05,0.8156923674499903,4200,,,,,,,,,,,
2.3272048950195314,0.6973593235015869,4.4878859972810255e-05,0.8195766168187998,4220,,,,,,,,,,,
2.3509231567382813,0.6250342726707458,4.4854583414255194e-05,0.8234608661876093,4240,,,,,,,,,,,
2.2845226287841798,0.6530354022979736,4.483030685570014e-05,0.8273451155564188,4260,,,,,,,,,,,
2.351976776123047,0.593562126159668,4.480603029714508e-05,0.8312293649252283,4280,,,,,,,,,,,
2.375102996826172,0.6530258655548096,4.478175373859002e-05,0.8351136142940376,4300,,,,,,,,,,,
2.32706356048584,0.6838645339012146,4.475747718003496e-05,0.8389978636628471,4320,,,,,,,,,,,
2.327502632141113,0.6833223700523376,4.4733200621479905e-05,0.8428821130316566,4340,,,,,,,,,,,
2.3978248596191407,0.6578766107559204,4.470892406292484e-05,0.8467663624004661,4360,,,,,,,,,,,
2.272062873840332,0.6664160490036011,4.4684647504369784e-05,0.8506506117692756,4380,,,,,,,,,,,
2.359130859375,0.6272915601730347,4.4660370945814724e-05,0.8545348611380851,4400,,,,,,,,,,,
2.3277393341064454,0.6390913128852844,4.463609438725966e-05,0.8584191105068946,4420,,,,,,,,,,,
2.2598220825195314,0.6564103960990906,4.46118178287046e-05,0.8623033598757041,4440,,,,,,,,,,,
2.2822711944580076,0.6547842621803284,4.458754127014955e-05,0.8661876092445135,4460,,,,,,,,,,,
2.290364456176758,0.6428957581520081,4.456326471159449e-05,0.8700718586133229,4480,,,,,,,,,,,
2.247530937194824,0.6172516942024231,4.453898815303943e-05,0.8739561079821324,4500,,,,,,,,,,,
2.2908824920654296,0.5910664796829224,4.451471159448437e-05,0.8778403573509419,4520,,,,,,,,,,,
2.3108325958251954,0.6822608113288879,4.449043503592931e-05,0.8817246067197514,4540,,,,,,,,,,,
2.335403251647949,0.6683938503265381,4.446615847737425e-05,0.8856088560885609,4560,,,,,,,,,,,
2.350573921203613,0.5441510677337646,4.4441881918819186e-05,0.8894931054573704,4580,,,,,,,,,,,
2.310042953491211,0.7264445424079895,4.441760536026413e-05,0.8933773548261799,4600,,,,,,,,,,,
2.243548774719238,0.6318098902702332,4.439332880170907e-05,0.8972616041949893,4620,,,,,,,,,,,
2.277975082397461,0.6508105397224426,4.436905224315401e-05,0.9011458535637988,4640,,,,,,,,,,,
2.3324462890625,0.6298112869262695,4.434477568459896e-05,0.9050301029326083,4660,,,,,,,,,,,
2.3144689559936524,0.6573769450187683,4.43204991260439e-05,0.9089143523014177,4680,,,,,,,,,,,
2.2800714492797853,0.6101375222206116,4.429622256748884e-05,0.9127986016702272,4700,,,,,,,,,,,
2.30916690826416,0.721564531326294,4.4271946008933776e-05,0.9166828510390367,4720,,,,,,,,,,,
2.314469909667969,0.6837603449821472,4.4247669450378716e-05,0.9205671004078462,4740,,,,,,,,,,,
2.297761154174805,0.6783706545829773,4.4223392891823655e-05,0.9244513497766557,4760,,,,,,,,,,,
2.2947826385498047,0.7281991243362427,4.4199116333268595e-05,0.9283355991454652,4780,,,,,,,,,,,
2.2725942611694334,0.693229615688324,4.417483977471354e-05,0.9322198485142746,4800,,,,,,,,,,,
2.3136497497558595,0.657736599445343,4.415056321615848e-05,0.9361040978830841,4820,,,,,,,,,,,
2.280862808227539,0.6695749759674072,4.412628665760342e-05,0.9399883472518936,4840,,,,,,,,,,,
2.291666030883789,0.6805356740951538,4.4102010099048366e-05,0.943872596620703,4860,,,,,,,,,,,
2.2833728790283203,0.7052905559539795,4.4077733540493306e-05,0.9477568459895125,4880,,,,,,,,,,,
2.2523147583007814,0.6860625743865967,4.405345698193824e-05,0.951641095358322,4900,,,,,,,,,,,
2.2642114639282225,0.6509839296340942,4.4029180423383185e-05,0.9555253447271315,4920,,,,,,,,,,,
2.2876983642578126,0.6501155495643616,4.4004903864828125e-05,0.959409594095941,4940,,,,,,,,,,,
2.3219268798828123,0.660260796546936,4.3980627306273064e-05,0.9632938434647504,4960,,,,,,,,,,,
2.3096885681152344,0.637994647026062,4.3956350747718004e-05,0.9671780928335599,4980,,,,,,,,,,,
2.3488155364990235,0.6299840211868286,4.393207418916295e-05,0.9710623422023694,5000,,,,,,,,,,,
2.259403038024902,0.7072749137878418,4.390779763060789e-05,0.9749465915711789,5020,,,,,,,,,,,
2.22744197845459,0.5945691466331482,4.388352107205283e-05,0.9788308409399884,5040,,,,,,,,,,,
2.302239418029785,0.6567481756210327,4.385924451349777e-05,0.9827150903087978,5060,,,,,,,,,,,
2.2118534088134765,0.6514490842819214,4.383496795494271e-05,0.9865993396776073,5080,,,,,,,,,,,
2.302476501464844,0.6488198637962341,4.381069139638765e-05,0.9904835890464168,5100,,,,,,,,,,,
2.302996826171875,0.621570885181427,4.378641483783259e-05,0.9943678384152262,5120,,,,,,,,,,,
2.299183654785156,0.5885083675384521,4.376213827927753e-05,0.9982520877840357,5140,,,,,,,,,,,
,,,1.0,5149,2.2818374633789062,9.606127980008834,32.89731531155047,284.5492,11.966,0.749,,,,,
2.2631452560424803,0.6972014307975769,4.373786172072247e-05,1.0021363371528451,5160,,,,,,,,,,,
2.284103012084961,0.654735803604126,4.371358516216741e-05,1.0060205865216547,5180,,,,,,,,,,,
2.235916328430176,0.7199374437332153,4.368930860361236e-05,1.009904835890464,5200,,,,,,,,,,,
2.2669506072998047,0.6712504625320435,4.36650320450573e-05,1.0137890852592737,5220,,,,,,,,,,,
2.1708147048950197,0.7319883108139038,4.364075548650223e-05,1.017673334628083,5240,,,,,,,,,,,
2.260233497619629,0.7237489223480225,4.361647892794718e-05,1.0215575839968927,5260,,,,,,,,,,,
2.238171195983887,0.6498811841011047,4.3592202369392117e-05,1.025441833365702,5280,,,,,,,,,,,
2.2698598861694337,0.6192303895950317,4.3567925810837056e-05,1.0293260827345116,5300,,,,,,,,,,,
2.296590042114258,0.6060871481895447,4.3543649252281996e-05,1.033210332103321,5320,,,,,,,,,,,
2.2966068267822264,0.7119250893592834,4.351937269372694e-05,1.0370945814721304,5340,,,,,,,,,,,
2.2716745376586913,0.6795843839645386,4.349509613517188e-05,1.04097883084094,5360,,,,,,,,,,,
2.2621984481811523,0.6560876965522766,4.347081957661682e-05,1.0448630802097494,5380,,,,,,,,,,,
2.245735740661621,0.6330112814903259,4.344654301806177e-05,1.048747329578559,5400,,,,,,,,,,,
2.226971244812012,0.6893032193183899,4.34222664595067e-05,1.0526315789473684,5420,,,,,,,,,,,
2.2293968200683594,0.6575473546981812,4.339798990095164e-05,1.056515828316178,5440,,,,,,,,,,,
2.2934064865112305,0.9571524262428284,4.3373713342396586e-05,1.0604000776849873,5460,,,,,,,,,,,
2.2766345977783202,0.6367382407188416,4.3349436783841525e-05,1.064284327053797,5480,,,,,,,,,,,
2.278814506530762,0.7010573148727417,4.3325160225286465e-05,1.0681685764226063,5500,,,,,,,,,,,
2.2212909698486327,0.6512166261672974,4.3300883666731404e-05,1.072052825791416,5520,,,,,,,,,,,
2.279354286193848,0.6788988709449768,4.327660710817635e-05,1.0759370751602253,5540,,,,,,,,,,,
2.2625598907470703,0.7021690011024475,4.325233054962129e-05,1.0798213245290347,5560,,,,,,,,,,,
2.2056140899658203,0.7076511979103088,4.322805399106623e-05,1.0837055738978443,5580,,,,,,,,,,,
2.2551498413085938,0.6604548096656799,4.320377743251117e-05,1.0875898232666537,5600,,,,,,,,,,,
2.1938989639282225,0.6434981822967529,4.317950087395611e-05,1.0914740726354633,5620,,,,,,,,,,,
2.1563173294067384,0.7224923968315125,4.315522431540105e-05,1.0953583220042726,5640,,,,,,,,,,,
2.1931169509887694,0.6254851818084717,4.313094775684599e-05,1.0992425713730822,5660,,,,,,,,,,,
2.2095674514770507,0.8486055135726929,4.3106671198290934e-05,1.1031268207418916,5680,,,,,,,,,,,
2.25750846862793,0.7185525894165039,4.308239463973587e-05,1.1070110701107012,5700,,,,,,,,,,,
2.209238624572754,0.6746228337287903,4.305811808118081e-05,1.1108953194795106,5720,,,,,,,,,,,
2.205512046813965,0.7764031887054443,4.303384152262576e-05,1.11477956884832,5740,,,,,,,,,,,
2.1772087097167967,0.6687924861907959,4.30095649640707e-05,1.1186638182171296,5760,,,,,,,,,,,
2.2444154739379885,0.6401469707489014,4.298528840551563e-05,1.122548067585939,5780,,,,,,,,,,,
2.193802070617676,0.6515001654624939,4.296101184696058e-05,1.1264323169547485,5800,,,,,,,,,,,
2.2320905685424806,0.6066290140151978,4.293673528840552e-05,1.130316566323558,5820,,,,,,,,,,,
2.2204072952270506,0.5790898203849792,4.291245872985046e-05,1.1342008156923675,5840,,,,,,,,,,,
2.2144235610961913,0.6740682125091553,4.2888182171295396e-05,1.138085065061177,5860,,,,,,,,,,,
2.242411422729492,0.649017333984375,4.286390561274034e-05,1.1419693144299865,5880,,,,,,,,,,,
2.262109565734863,0.6359575390815735,4.283962905418528e-05,1.1458535637987959,5900,,,,,,,,,,,
2.2955923080444336,0.6114641427993774,4.281535249563022e-05,1.1497378131676053,5920,,,,,,,,,,,
2.1881431579589843,0.7487269043922424,4.279107593707517e-05,1.1536220625364149,5940,,,,,,,,,,,
2.240362548828125,0.6728050708770752,4.27667993785201e-05,1.1575063119052242,5960,,,,,,,,,,,
2.193232536315918,0.727027177810669,4.274252281996504e-05,1.1613905612740338,5980,,,,,,,,,,,
2.187155914306641,1.1753249168395996,4.2718246261409986e-05,1.1652748106428432,6000,,,,,,,,,,,
2.237326812744141,0.6673241853713989,4.2693969702854926e-05,1.1691590600116528,6020,,,,,,,,,,,
2.257196235656738,0.6896588206291199,4.2669693144299865e-05,1.1730433093804622,6040,,,,,,,,,,,
2.1692808151245115,0.6652955412864685,4.2645416585744805e-05,1.1769275587492718,6060,,,,,,,,,,,
2.22381534576416,0.6741597056388855,4.262114002718975e-05,1.1808118081180812,6080,,,,,,,,,,,
2.2348751068115233,0.7150551080703735,4.259686346863469e-05,1.1846960574868906,6100,,,,,,,,,,,
2.246144104003906,0.6363890767097473,4.257258691007963e-05,1.1885803068557002,6120,,,,,,,,,,,
2.204767417907715,0.6052805185317993,4.254831035152457e-05,1.1924645562245095,6140,,,,,,,,,,,
2.203731155395508,0.7041900753974915,4.252403379296951e-05,1.1963488055933191,6160,,,,,,,,,,,
2.2207942962646485,0.7529708743095398,4.249975723441445e-05,1.2002330549621285,6180,,,,,,,,,,,
2.201430892944336,0.6851638555526733,4.247548067585939e-05,1.204117304330938,6200,,,,,,,,,,,
2.2601924896240235,0.6928281784057617,4.2451204117304335e-05,1.2080015536997475,6220,,,,,,,,,,,
2.2248559951782227,0.6225273609161377,4.2426927558749274e-05,1.211885803068557,6240,,,,,,,,,,,
2.2014562606811525,0.7080639004707336,4.2402651000194214e-05,1.2157700524373665,6260,,,,,,,,,,,
2.145420265197754,0.6849086284637451,4.237837444163916e-05,1.2196543018061758,6280,,,,,,,,,,,
2.2503631591796873,0.6426490545272827,4.23540978830841e-05,1.2235385511749854,6300,,,,,,,,,,,
2.2116981506347657,0.6279388070106506,4.232982132452903e-05,1.2274228005437948,6320,,,,,,,,,,,
2.166312599182129,0.7343895435333252,4.230554476597398e-05,1.2313070499126044,6340,,,,,,,,,,,
2.202010154724121,0.7175214290618896,4.228126820741892e-05,1.2351912992814138,6360,,,,,,,,,,,
2.1875471115112304,0.7037248611450195,4.225699164886386e-05,1.2390755486502234,6380,,,,,,,,,,,
2.1771366119384767,0.5683965682983398,4.22327150903088e-05,1.2429597980190328,6400,,,,,,,,,,,
2.202419471740723,0.6179090738296509,4.220843853175374e-05,1.2468440473878424,6420,,,,,,,,,,,
2.1623573303222656,0.7020861506462097,4.218416197319868e-05,1.2507282967566518,6440,,,,,,,,,,,
2.209714889526367,0.7236500978469849,4.215988541464362e-05,1.2546125461254611,6460,,,,,,,,,,,
2.181956481933594,0.6472437977790833,4.213560885608857e-05,1.2584967954942707,6480,,,,,,,,,,,
2.1897342681884764,0.5969565510749817,4.21113322975335e-05,1.2623810448630803,6500,,,,,,,,,,,
2.172435760498047,0.630181610584259,4.208705573897844e-05,1.2662652942318897,6520,,,,,,,,,,,
2.1867534637451174,0.7160509824752808,4.206277918042339e-05,1.270149543600699,6540,,,,,,,,,,,
2.194940185546875,0.6630940437316895,4.2038502621868327e-05,1.2740337929695087,6560,,,,,,,,,,,
2.2089469909667967,0.645351231098175,4.2014226063313266e-05,1.277918042338318,6580,,,,,,,,,,,
2.181106948852539,0.7063994407653809,4.1989949504758206e-05,1.2818022917071277,6600,,,,,,,,,,,
2.1956144332885743,0.6457029581069946,4.196567294620315e-05,1.285686541075937,6620,,,,,,,,,,,
2.1529285430908205,0.664799153804779,4.194139638764809e-05,1.2895707904447464,6640,,,,,,,,,,,
2.1477418899536134,0.7390334010124207,4.191711982909303e-05,1.293455039813556,6660,,,,,,,,,,,
2.200291061401367,0.7036703824996948,4.189284327053797e-05,1.2973392891823656,6680,,,,,,,,,,,
2.209530067443848,0.6295297741889954,4.186856671198291e-05,1.301223538551175,6700,,,,,,,,,,,
2.171978759765625,0.676817774772644,4.184429015342785e-05,1.3051077879199844,6720,,,,,,,,,,,
2.1336830139160154,0.6811729073524475,4.182001359487279e-05,1.308992037288794,6740,,,,,,,,,,,
2.170572853088379,0.6049519181251526,4.1795737036317735e-05,1.3128762866576034,6760,,,,,,,,,,,
2.2278440475463865,0.6718341708183289,4.1771460477762675e-05,1.316760536026413,6780,,,,,,,,,,,
2.1309846878051757,0.6222324967384338,4.1747183919207614e-05,1.3206447853952223,6800,,,,,,,,,,,
2.115121841430664,0.6485806107521057,4.172290736065256e-05,1.3245290347640317,6820,,,,,,,,,,,
2.1406063079833983,0.6457672119140625,4.16986308020975e-05,1.3284132841328413,6840,,,,,,,,,,,
2.153602409362793,0.6377694010734558,4.167435424354243e-05,1.332297533501651,6860,,,,,,,,,,,
2.1200387954711912,0.7671733498573303,4.165007768498738e-05,1.3361817828704603,6880,,,,,,,,,,,
2.1440048217773438,0.7002008557319641,4.162580112643232e-05,1.3400660322392697,6900,,,,,,,,,,,
2.2015918731689452,0.6283506155014038,4.160152456787726e-05,1.3439502816080793,6920,,,,,,,,,,,
2.1521537780761717,0.6986408233642578,4.15772480093222e-05,1.3478345309768887,6940,,,,,,,,,,,
2.1854251861572265,0.6768132448196411,4.1552971450767144e-05,1.3517187803456983,6960,,,,,,,,,,,
2.1729248046875,0.7667400240898132,4.152869489221208e-05,1.3556030297145076,6980,,,,,,,,,,,
2.174711990356445,0.6344476938247681,4.150441833365702e-05,1.359487279083317,7000,,,,,,,,,,,
2.166343116760254,0.7276375889778137,4.148014177510197e-05,1.3633715284521266,7020,,,,,,,,,,,
2.1712434768676756,0.7039724588394165,4.14558652165469e-05,1.3672557778209362,7040,,,,,,,,,,,
2.168984794616699,0.7490043044090271,4.143158865799184e-05,1.3711400271897456,7060,,,,,,,,,,,
2.2062261581420897,0.6971670389175415,4.140731209943679e-05,1.375024276558555,7080,,,,,,,,,,,
2.1529937744140626,0.6287128329277039,4.138303554088173e-05,1.3789085259273646,7100,,,,,,,,,,,
2.1620655059814453,0.6958548426628113,4.135875898232667e-05,1.382792775296174,7120,,,,,,,,,,,
2.1627439498901366,0.667447566986084,4.1334482423771606e-05,1.3866770246649835,7140,,,,,,,,,,,
2.164214324951172,0.7082948684692383,4.131020586521655e-05,1.390561274033793,7160,,,,,,,,,,,
2.0838254928588866,0.6561359167098999,4.128592930666149e-05,1.3944455234026025,7180,,,,,,,,,,,
2.1228214263916017,0.6359934210777283,4.126165274810643e-05,1.398329772771412,7200,,,,,,,,,,,
2.131113815307617,0.7241657972335815,4.123737618955137e-05,1.4022140221402215,7220,,,,,,,,,,,
2.155800628662109,0.6744503378868103,4.121309963099631e-05,1.4060982715090309,7240,,,,,,,,,,,
2.124261474609375,0.7195602655410767,4.118882307244125e-05,1.4099825208778403,7260,,,,,,,,,,,
2.1597400665283204,0.7422872185707092,4.1164546513886196e-05,1.4138667702466499,7280,,,,,,,,,,,
2.1848554611206055,0.6781728863716125,4.1140269955331136e-05,1.4177510196154592,7300,,,,,,,,,,,
2.1214679718017577,0.7567894458770752,4.1115993396776075e-05,1.4216352689842688,7320,,,,,,,,,,,
2.180034637451172,0.6970124244689941,4.1091716838221015e-05,1.4255195183530782,7340,,,,,,,,,,,
2.1573274612426756,0.673039972782135,4.106744027966596e-05,1.4294037677218878,7360,,,,,,,,,,,
2.1463153839111326,0.6934725642204285,4.10431637211109e-05,1.4332880170906972,7380,,,,,,,,,,,
2.0725704193115235,0.6767520904541016,4.1018887162555833e-05,1.4371722664595068,7400,,,,,,,,,,,
2.2195934295654296,0.7247631549835205,4.099461060400078e-05,1.4410565158283162,7420,,,,,,,,,,,
2.162509536743164,0.7315820455551147,4.097033404544572e-05,1.4449407651971256,7440,,,,,,,,,,,
2.135183334350586,0.6614901423454285,4.094605748689066e-05,1.4488250145659352,7460,,,,,,,,,,,
2.130147361755371,0.7789364457130432,4.09217809283356e-05,1.4527092639347445,7480,,,,,,,,,,,
2.0952072143554688,0.6957431435585022,4.0897504369780545e-05,1.4565935133035541,7500,,,,,,,,,,,
2.1094486236572267,0.6097768545150757,4.0873227811225484e-05,1.4604777626723635,7520,,,,,,,,,,,
2.1825845718383787,0.7342392206192017,4.0848951252670424e-05,1.4643620120411731,7540,,,,,,,,,,,
2.1272809982299803,0.7003985047340393,4.082467469411537e-05,1.4682462614099825,7560,,,,,,,,,,,
2.10870304107666,0.7009321451187134,4.08003981355603e-05,1.472130510778792,7580,,,,,,,,,,,
2.1404741287231444,0.608115017414093,4.077612157700524e-05,1.4760147601476015,7600,,,,,,,,,,,
2.134541320800781,0.676926851272583,4.075184501845019e-05,1.4798990095164108,7620,,,,,,,,,,,
2.1618062973022463,0.6826356649398804,4.072756845989513e-05,1.4837832588852204,7640,,,,,,,,,,,
2.1783222198486327,0.7654188871383667,4.070329190134007e-05,1.48766750825403,7660,,,,,,,,,,,
2.1218862533569336,0.6653116345405579,4.067901534278501e-05,1.4915517576228394,7680,,,,,,,,,,,
2.1134723663330077,0.7100533843040466,4.065473878422995e-05,1.4954360069916488,7700,,,,,,,,,,,
2.1522897720336913,0.7129055261611938,4.063046222567489e-05,1.4993202563604584,7720,,,,,,,,,,,
2.137226104736328,0.68930584192276,4.060618566711983e-05,1.5032045057292678,7740,,,,,,,,,,,
2.158324432373047,0.7085000872612,4.058190910856477e-05,1.5070887550980774,7760,,,,,,,,,,,
2.15453987121582,0.6593565940856934,4.055763255000971e-05,1.5109730044668868,7780,,,,,,,,,,,
2.1724241256713865,0.6719847321510315,4.053335599145465e-05,1.5148572538356961,7800,,,,,,,,,,,
2.151755142211914,0.6517120599746704,4.05090794328996e-05,1.5187415032045057,7820,,,,,,,,,,,
2.134586143493652,0.6336371898651123,4.0484802874344537e-05,1.5226257525733153,7840,,,,,,,,,,,
2.1724462509155273,0.6721806526184082,4.0460526315789476e-05,1.5265100019421247,7860,,,,,,,,,,,
2.1255413055419923,0.7054286599159241,4.0436249757234416e-05,1.530394251310934,7880,,,,,,,,,,,
2.1428058624267576,0.6823076605796814,4.041197319867936e-05,1.5342785006797435,7900,,,,,,,,,,,
2.102413368225098,0.7635288834571838,4.03876966401243e-05,1.538162750048553,7920,,,,,,,,,,,
2.138190269470215,0.7782169580459595,4.0363420081569234e-05,1.5420469994173627,7940,,,,,,,,,,,
2.1586259841918944,0.736293375492096,4.033914352301418e-05,1.545931248786172,7960,,,,,,,,,,,
2.1674287796020506,0.6883428692817688,4.031486696445912e-05,1.5498154981549814,7980,,,,,,,,,,,
2.0905279159545898,0.6893572807312012,4.029059040590406e-05,1.553699747523791,8000,,,,,,,,,,,
2.0771240234375,0.7375496625900269,4.0266313847349e-05,1.5575839968926006,8020,,,,,,,,,,,
2.1373981475830077,0.7281890511512756,4.0242037288793945e-05,1.56146824626141,8040,,,,,,,,,,,
2.1287946701049805,0.657433032989502,4.0217760730238885e-05,1.5653524956302194,8060,,,,,,,,,,,
2.1442502975463866,0.713674008846283,4.0193484171683824e-05,1.569236744999029,8080,,,,,,,,,,,
2.073999214172363,0.6922608613967896,4.0169207613128764e-05,1.5731209943678384,8100,,,,,,,,,,,
2.1617055892944337,0.6961804628372192,4.01449310545737e-05,1.577005243736648,8120,,,,,,,,,,,
2.069717216491699,0.7328688502311707,4.012065449601864e-05,1.5808894931054573,8140,,,,,,,,,,,
2.1454147338867187,0.6739917993545532,4.009637793746359e-05,1.5847737424742667,8160,,,,,,,,,,,
2.1413034439086913,0.6717895865440369,4.007210137890853e-05,1.5886579918430763,8180,,,,,,,,,,,
2.1329978942871093,0.6326507925987244,4.004782482035347e-05,1.592542241211886,8200,,,,,,,,,,,
2.091549110412598,0.7053326368331909,4.002354826179841e-05,1.5964264905806953,8220,,,,,,,,,,,
2.1363672256469726,0.7013793587684631,3.9999271703243354e-05,1.6003107399495047,8240,,,,,,,,,,,
2.144969367980957,0.6445722579956055,3.997499514468829e-05,1.6041949893183143,8260,,,,,,,,,,,
2.130045509338379,0.6307724118232727,3.9950718586133226e-05,1.6080792386871239,8280,,,,,,,,,,,
2.0609540939331055,0.7066503167152405,3.992644202757817e-05,1.6119634880559333,8300,,,,,,,,,,,
2.126861572265625,0.6754276156425476,3.990216546902311e-05,1.6158477374247426,8320,,,,,,,,,,,
2.0808408737182615,0.6099945902824402,3.987788891046805e-05,1.619731986793552,8340,,,,,,,,,,,
2.123652458190918,0.7651014924049377,3.9853612351913e-05,1.6236162361623616,8360,,,,,,,,,,,
2.109742546081543,0.6932433843612671,3.982933579335794e-05,1.6275004855311712,8380,,,,,,,,,,,
2.107862091064453,0.7392111420631409,3.980505923480288e-05,1.6313847348999806,8400,,,,,,,,,,,
2.1280555725097656,0.7194464802742004,3.9780782676247816e-05,1.63526898426879,8420,,,,,,,,,,,
2.1131893157958985,0.7075820565223694,3.975650611769276e-05,1.6391532336375996,8440,,,,,,,,,,,
2.1041515350341795,0.7605917453765869,3.9732229559137695e-05,1.6430374830064092,8460,,,,,,,,,,,
2.117340087890625,0.6384000182151794,3.9707953000582635e-05,1.6469217323752186,8480,,,,,,,,,,,
2.138263130187988,0.679093599319458,3.968367644202758e-05,1.650805981744028,8500,,,,,,,,,,,
2.114486312866211,0.6545817852020264,3.965939988347252e-05,1.6546902311128373,8520,,,,,,,,,,,
2.048017692565918,0.6256515383720398,3.963512332491746e-05,1.658574480481647,8540,,,,,,,,,,,
2.1440008163452147,0.6961060762405396,3.96108467663624e-05,1.6624587298504565,8560,,,,,,,,,,,
2.059385299682617,0.7127062678337097,3.9586570207807346e-05,1.6663429792192659,8580,,,,,,,,,,,
2.0630260467529298,0.6496527791023254,3.9562293649252285e-05,1.6702272285880753,8600,,,,,,,,,,,
2.0561538696289063,0.7318479418754578,3.9538017090697225e-05,1.6741114779568849,8620,,,,,,,,,,,
2.111012649536133,0.7322435975074768,3.9513740532142164e-05,1.6779957273256945,8640,,,,,,,,,,,
2.11535701751709,0.7264560461044312,3.9489463973587104e-05,1.6818799766945038,8660,,,,,,,,,,,
2.1353355407714845,0.6733572483062744,3.9465187415032043e-05,1.6857642260633132,8680,,,,,,,,,,,
2.1052501678466795,0.6804383993148804,3.944091085647699e-05,1.6896484754321226,8700,,,,,,,,,,,
2.1358360290527343,0.7323521375656128,3.941663429792193e-05,1.6935327248009322,8720,,,,,,,,,,,
2.083567237854004,0.760449230670929,3.939235773936687e-05,1.6974169741697418,8740,,,,,,,,,,,
2.10501766204834,0.6753443479537964,3.936808118081181e-05,1.7013012235385512,8760,,,,,,,,,,,
2.0227909088134766,0.6323906183242798,3.9343804622256754e-05,1.7051854729073606,8780,,,,,,,,,,,
2.1279571533203123,0.7006585001945496,3.9319528063701694e-05,1.7090697222761702,8800,,,,,,,,,,,
2.0756160736083986,0.6281583905220032,3.929525150514663e-05,1.7129539716449798,8820,,,,,,,,,,,
2.1344573974609373,0.7806620597839355,3.927097494659157e-05,1.7168382210137891,8840,,,,,,,,,,,
2.145460319519043,0.7595708966255188,3.924669838803651e-05,1.7207224703825985,8860,,,,,,,,,,,
2.111480712890625,0.6517418026924133,3.922242182948145e-05,1.724606719751408,8880,,,,,,,,,,,
2.0870588302612303,0.7523435950279236,3.91981452709264e-05,1.7284909691202175,8900,,,,,,,,,,,
2.0543310165405275,0.7063718438148499,3.917386871237134e-05,1.732375218489027,8920,,,,,,,,,,,
2.1080295562744142,0.6762670874595642,3.914959215381628e-05,1.7362594678578365,8940,,,,,,,,,,,
2.1127248764038087,0.6428593397140503,3.912531559526122e-05,1.7401437172266458,8960,,,,,,,,,,,
2.0662773132324217,0.7065833806991577,3.910103903670616e-05,1.7440279665954554,8980,,,,,,,,,,,
2.09493350982666,0.6741362810134888,3.9076762478151096e-05,1.747912215964265,9000,,,,,,,,,,,
2.072704315185547,0.6813956499099731,3.9052485919596035e-05,1.7517964653330744,9020,,,,,,,,,,,
2.130548858642578,0.680746853351593,3.902820936104098e-05,1.7556807147018838,9040,,,,,,,,,,,
2.1115133285522463,0.6978266835212708,3.900393280248592e-05,1.7595649640706932,9060,,,,,,,,,,,
2.03153018951416,0.7252744436264038,3.897965624393086e-05,1.7634492134395028,9080,,,,,,,,,,,
2.0626911163330077,0.650103747844696,3.89553796853758e-05,1.7673334628083124,9100,,,,,,,,,,,
2.0547786712646485,0.7287496328353882,3.8931103126820747e-05,1.7712177121771218,9120,,,,,,,,,,,
2.05694465637207,0.7201849818229675,3.8906826568265686e-05,1.7751019615459311,9140,,,,,,,,,,,
2.0534456253051756,0.7259085774421692,3.8882550009710626e-05,1.7789862109147407,9160,,,,,,,,,,,
2.0575321197509764,0.6786413788795471,3.8858273451155565e-05,1.7828704602835503,9180,,,,,,,,,,,
2.0447824478149412,0.6757493615150452,3.8833996892600505e-05,1.7867547096523597,9200,,,,,,,,,,,
2.074052619934082,0.6637025475502014,3.8809720334045444e-05,1.790638959021169,9220,,,,,,,,,,,
2.10170955657959,0.6717084646224976,3.878544377549039e-05,1.7945232083899785,9240,,,,,,,,,,,
2.1411203384399413,0.6469783186912537,3.876116721693533e-05,1.798407457758788,9260,,,,,,,,,,,
2.006667709350586,0.7206721901893616,3.873689065838027e-05,1.8022917071275977,9280,,,,,,,,,,,
2.0529212951660156,0.7162172794342041,3.871261409982521e-05,1.806175956496407,9300,,,,,,,,,,,
2.1359674453735353,0.7734768986701965,3.8688337541270155e-05,1.8100602058652164,9320,,,,,,,,,,,
2.0686594009399415,0.6405220627784729,3.8664060982715095e-05,1.813944455234026,9340,,,,,,,,,,,
2.0715545654296874,0.7448664307594299,3.863978442416003e-05,1.8178287046028356,9360,,,,,,,,,,,
2.0287046432495117,0.6588000059127808,3.8615507865604974e-05,1.821712953971645,9380,,,,,,,,,,,
2.0932733535766603,0.6571359634399414,3.859123130704991e-05,1.8255972033404544,9400,,,,,,,,,,,
2.073088264465332,0.7498304843902588,3.856695474849485e-05,1.829481452709264,9420,,,,,,,,,,,
2.1198596954345703,0.677918016910553,3.85426781899398e-05,1.8333657020780734,9440,,,,,,,,,,,
2.122665786743164,0.6381589770317078,3.851840163138474e-05,1.837249951446883,9460,,,,,,,,,,,
2.096356201171875,0.647596538066864,3.849412507282968e-05,1.8411342008156923,9480,,,,,,,,,,,
2.015293312072754,0.7406594753265381,3.846984851427462e-05,1.8450184501845017,9500,,,,,,,,,,,
2.0730104446411133,0.6934037804603577,3.8445571955719564e-05,1.8489026995533113,9520,,,,,,,,,,,
2.0961700439453126,0.6321816444396973,3.8421295397164497e-05,1.852786948922121,9540,,,,,,,,,,,
2.0538824081420897,0.7233631014823914,3.8397018838609436e-05,1.8566711982909303,9560,,,,,,,,,,,
2.0068338394165037,0.6797125935554504,3.837274228005438e-05,1.8605554476597397,9580,,,,,,,,,,,
2.071198272705078,0.6332087516784668,3.834846572149932e-05,1.8644396970285493,9600,,,,,,,,,,,
2.08143310546875,0.6732311844825745,3.832418916294426e-05,1.8683239463973587,9620,,,,,,,,,,,
2.0411731719970705,0.7322278618812561,3.82999126043892e-05,1.8722081957661683,9640,,,,,,,,,,,
2.065999412536621,0.62739098072052,3.827563604583415e-05,1.8760924451349776,9660,,,,,,,,,,,
2.096039962768555,0.6945892572402954,3.825135948727909e-05,1.879976694503787,9680,,,,,,,,,,,
2.031629943847656,0.6480189561843872,3.8227082928724026e-05,1.8838609438725966,9700,,,,,,,,,,,
2.0843719482421874,0.6539608240127563,3.8202806370168966e-05,1.8877451932414062,9720,,,,,,,,,,,
2.125532341003418,0.7500131726264954,3.8178529811613905e-05,1.8916294426102156,9740,,,,,,,,,,,
2.063625144958496,0.6975904107093811,3.8154253253058845e-05,1.895513691979025,9760,,,,,,,,,,,
2.0685136795043944,0.6565608978271484,3.812997669450379e-05,1.8993979413478346,9780,,,,,,,,,,,
2.0842874526977537,0.74436354637146,3.810570013594873e-05,1.9032821907166442,9800,,,,,,,,,,,
2.1050928115844725,0.7958404421806335,3.808142357739367e-05,1.9071664400854536,9820,,,,,,,,,,,
2.0955230712890627,0.6951141357421875,3.805714701883861e-05,1.911050689454263,9840,,,,,,,,,,,
2.025381851196289,0.6536296010017395,3.8032870460283556e-05,1.9149349388230723,9860,,,,,,,,,,,
2.063390922546387,0.6977145671844482,3.8008593901728495e-05,1.918819188191882,9880,,,,,,,,,,,
2.0535030364990234,0.6379817724227905,3.798431734317343e-05,1.9227034375606915,9900,,,,,,,,,,,
2.0695571899414062,0.7150295376777649,3.7960040784618374e-05,1.9265876869295009,9920,,,,,,,,,,,
2.0150754928588865,0.6798892021179199,3.7935764226063314e-05,1.9304719362983103,9940,,,,,,,,,,,
2.0831621170043944,0.6241053342819214,3.791148766750825e-05,1.9343561856671199,9960,,,,,,,,,,,
2.069762420654297,0.7267373204231262,3.78872111089532e-05,1.9382404350359295,9980,,,,,,,,,,,
2.0227155685424805,0.6895608305931091,3.786293455039814e-05,1.9421246844047388,10000,,,,,,,,,,,
2.116004753112793,0.6128326654434204,3.783865799184308e-05,1.9460089337735482,10020,,,,,,,,,,,
2.0488399505615233,0.8478391766548157,3.781438143328802e-05,1.9498931831423576,10040,,,,,,,,,,,
2.0356950759887695,0.6473490595817566,3.7790104874732964e-05,1.9537774325111672,10060,,,,,,,,,,,
2.0678127288818358,0.7546856999397278,3.77658283161779e-05,1.9576616818799768,10080,,,,,,,,,,,
2.041920280456543,0.6256739497184753,3.774155175762284e-05,1.9615459312487862,10100,,,,,,,,,,,
2.052199363708496,0.7240750193595886,3.771727519906778e-05,1.9654301806175956,10120,,,,,,,,,,,
2.0303504943847654,0.6856586933135986,3.769299864051272e-05,1.9693144299864052,10140,,,,,,,,,,,
2.0679658889770507,0.7085784673690796,3.766872208195766e-05,1.9731986793552148,10160,,,,,,,,,,,
2.028324317932129,0.655436098575592,3.764444552340261e-05,1.9770829287240241,10180,,,,,,,,,,,
2.0133077621459963,0.7073978781700134,3.762016896484755e-05,1.9809671780928335,10200,,,,,,,,,,,
2.0823184967041017,0.7963208556175232,3.759589240629249e-05,1.984851427461643,10220,,,,,,,,,,,
2.0646284103393553,0.6026934385299683,3.757161584773743e-05,1.9887356768304525,10240,,,,,,,,,,,
2.0884689331054687,0.6895756721496582,3.7547339289182366e-05,1.992619926199262,10260,,,,,,,,,,,
2.0696861267089846,0.6779899597167969,3.7523062730627306e-05,1.9965041755680715,10280,,,,,,,,,,,
,,,2.0,10298,2.038775682449341,11.605959998674708,36.00120662920838,272.5549,12.493,0.781,,,,,
2.065678596496582,0.7066255807876587,3.7498786172072245e-05,2.000388424936881,10300,,,,,,,,,,,
2.0049566268920898,0.6508824825286865,3.747450961351719e-05,2.0042726743056902,10320,,,,,,,,,,,
2.0423145294189453,0.6900178790092468,3.745023305496213e-05,2.0081569236745,10340,,,,,,,,,,,
2.066890907287598,0.6808229684829712,3.742595649640707e-05,2.0120411730433094,10360,,,,,,,,,,,
2.0987871170043944,0.6463595628738403,3.740167993785201e-05,2.015925422412119,10380,,,,,,,,,,,
2.038189506530762,0.6965079307556152,3.7377403379296956e-05,2.019809671780928,10400,,,,,,,,,,,
2.058400535583496,0.6975838541984558,3.7353126820741896e-05,2.023693921149738,10420,,,,,,,,,,,
2.0200653076171875,0.7059358358383179,3.732885026218683e-05,2.0275781705185474,10440,,,,,,,,,,,
2.060663604736328,0.723268985748291,3.7304573703631775e-05,2.0314624198873568,10460,,,,,,,,,,,
1.984919548034668,0.7310342192649841,3.7280297145076715e-05,2.035346669256166,10480,,,,,,,,,,,
2.1065813064575196,0.899246335029602,3.7256020586521654e-05,2.0392309186249755,10500,,,,,,,,,,,
2.0534408569335936,0.7196100354194641,3.72317440279666e-05,2.0431151679937853,10520,,,,,,,,,,,
2.054299545288086,0.6987144351005554,3.720746746941154e-05,2.0469994173625947,10540,,,,,,,,,,,
2.091200256347656,0.7146726846694946,3.718319091085648e-05,2.050883666731404,10560,,,,,,,,,,,
2.025624084472656,0.7319645285606384,3.715891435230142e-05,2.0547679161002135,10580,,,,,,,,,,,
2.01654167175293,0.7649756073951721,3.7134637793746365e-05,2.0586521654690233,10600,,,,,,,,,,,
1.9846088409423828,0.7674890160560608,3.71103612351913e-05,2.0625364148378327,10620,,,,,,,,,,,
2.014788055419922,0.6910402774810791,3.708608467663624e-05,2.066420664206642,10640,,,,,,,,,,,
1.958778190612793,0.7197449803352356,3.7061808118081184e-05,2.0703049135754514,10660,,,,,,,,,,,
2.034248161315918,0.8059263825416565,3.703753155952612e-05,2.074189162944261,10680,,,,,,,,,,,
2.051069641113281,0.699100911617279,3.701325500097106e-05,2.0780734123130706,10700,,,,,,,,,,,
2.0078678131103516,0.8321253657341003,3.698897844241601e-05,2.08195766168188,10720,,,,,,,,,,,
2.062312698364258,0.7203265428543091,3.696470188386095e-05,2.0858419110506894,10740,,,,,,,,,,,
2.0085681915283202,0.7532108426094055,3.694042532530589e-05,2.0897261604194988,10760,,,,,,,,,,,
2.0136032104492188,0.7300524115562439,3.691614876675083e-05,2.0936104097883086,10780,,,,,,,,,,,
1.997064971923828,0.7614042162895203,3.689187220819577e-05,2.097494659157118,10800,,,,,,,,,,,
2.01843147277832,0.666251540184021,3.6867595649640707e-05,2.1013789085259273,10820,,,,,,,,,,,
1.9788331985473633,0.7154497504234314,3.6843319091085646e-05,2.1052631578947367,10840,,,,,,,,,,,
2.100308418273926,0.7192755341529846,3.681904253253059e-05,2.1091474072635465,10860,,,,,,,,,,,
2.0854238510131835,0.6630983352661133,3.679476597397553e-05,2.113031656632356,10880,,,,,,,,,,,
2.00738582611084,0.6744560599327087,3.677048941542047e-05,2.1169159060011653,10900,,,,,,,,,,,
2.037045478820801,0.7374851703643799,3.674621285686541e-05,2.1208001553699747,10920,,,,,,,,,,,
2.0611492156982423,0.7116279006004333,3.672193629831036e-05,2.124684404738784,10940,,,,,,,,,,,
1.9950607299804688,0.7421914935112,3.66976597397553e-05,2.128568654107594,10960,,,,,,,,,,,
2.0878269195556642,0.8097811341285706,3.667338318120023e-05,2.1324529034764033,10980,,,,,,,,,,,
2.0131114959716796,0.6758700013160706,3.6649106622645176e-05,2.1363371528452126,11000,,,,,,,,,,,
1.9991310119628907,0.6560658812522888,3.6624830064090115e-05,2.140221402214022,11020,,,,,,,,,,,
2.0645801544189455,0.7315267324447632,3.6600553505535055e-05,2.144105651582832,11040,,,,,,,,,,,
1.999700164794922,0.8304687738418579,3.657627694698e-05,2.147989900951641,11060,,,,,,,,,,,
2.0009912490844726,0.7041405439376831,3.655200038842494e-05,2.1518741503204506,11080,,,,,,,,,,,
2.0323776245117187,0.7360708117485046,3.652772382986988e-05,2.15575839968926,11100,,,,,,,,,,,
2.019802284240723,1.5428632497787476,3.650344727131482e-05,2.1596426490580694,11120,,,,,,,,,,,
1.9843198776245117,0.7003941535949707,3.647917071275976e-05,2.163526898426879,11140,,,,,,,,,,,
1.9818944931030273,0.7882050275802612,3.64548941542047e-05,2.1674111477956886,11160,,,,,,,,,,,
2.0293771743774416,0.7273650169372559,3.643061759564964e-05,2.171295397164498,11180,,,,,,,,,,,
2.0327892303466797,0.6134992241859436,3.6406341037094584e-05,2.1751796465333073,11200,,,,,,,,,,,
2.0197099685668944,0.6697414517402649,3.6382064478539524e-05,2.179063895902117,11220,,,,,,,,,,,
2.054146957397461,0.6526235342025757,3.635778791998446e-05,2.1829481452709265,11240,,,,,,,,,,,
2.0293689727783204,0.7456724643707275,3.633351136142941e-05,2.186832394639736,11260,,,,,,,,,,,
2.006729507446289,0.7140618562698364,3.630923480287435e-05,2.1907166440085453,11280,,,,,,,,,,,
2.0096715927124023,0.7093159556388855,3.628495824431929e-05,2.1946008933773546,11300,,,,,,,,,,,
2.0292999267578127,0.7564941048622131,3.626068168576423e-05,2.1984851427461645,11320,,,,,,,,,,,
1.9930454254150392,0.7197322845458984,3.623640512720917e-05,2.202369392114974,11340,,,,,,,,,,,
1.9843303680419921,0.7810186147689819,3.621212856865411e-05,2.2062536414837832,11360,,,,,,,,,,,
1.9330110549926758,0.7184269428253174,3.618785201009905e-05,2.2101378908525926,11380,,,,,,,,,,,
1.981363868713379,0.6973921656608582,3.616357545154399e-05,2.2140221402214024,11400,,,,,,,,,,,
1.9924760818481446,0.6772568821907043,3.613929889298893e-05,2.217906389590212,11420,,,,,,,,,,,
2.019130897521973,0.8054445385932922,3.611502233443387e-05,2.221790638959021,11440,,,,,,,,,,,
2.050124931335449,0.7092772126197815,3.609074577587881e-05,2.2256748883278306,11460,,,,,,,,,,,
1.9689199447631835,0.7310220003128052,3.606646921732376e-05,2.22955913769664,11480,,,,,,,,,,,
1.9599414825439454,0.6689214706420898,3.604219265876869e-05,2.2334433870654498,11500,,,,,,,,,,,
2.0335655212402344,0.7677738666534424,3.601791610021363e-05,2.237327636434259,11520,,,,,,,,,,,
2.030828094482422,0.6795244812965393,3.5993639541658576e-05,2.2412118858030685,11540,,,,,,,,,,,
2.019965934753418,0.7466952204704285,3.5969362983103516e-05,2.245096135171878,11560,,,,,,,,,,,
1.9904338836669921,0.7253172397613525,3.5945086424548455e-05,2.2489803845406877,11580,,,,,,,,,,,
2.024636459350586,0.8651512265205383,3.59208098659934e-05,2.252864633909497,11600,,,,,,,,,,,
2.036159896850586,0.7169000506401062,3.589653330743834e-05,2.2567488832783065,11620,,,,,,,,,,,
1.9699188232421876,0.8200682997703552,3.587225674888328e-05,2.260633132647116,11640,,,,,,,,,,,
2.0390933990478515,0.6751278042793274,3.584798019032822e-05,2.2645173820159252,11660,,,,,,,,,,,
2.0322120666503904,0.6652364134788513,3.582370363177316e-05,2.268401631384735,11680,,,,,,,,,,,
1.975320816040039,0.7629725933074951,3.57994270732181e-05,2.2722858807535444,11700,,,,,,,,,,,
2.048121452331543,0.7216058373451233,3.577515051466304e-05,2.276170130122354,11720,,,,,,,,,,,
2.053123664855957,0.6746300458908081,3.5750873956107985e-05,2.280054379491163,11740,,,,,,,,,,,
1.9960199356079102,0.7082718014717102,3.5726597397552925e-05,2.283938628859973,11760,,,,,,,,,,,
1.9950061798095704,0.693636953830719,3.5702320838997864e-05,2.2878228782287824,11780,,,,,,,,,,,
2.040534782409668,0.641923725605011,3.567804428044281e-05,2.2917071275975918,11800,,,,,,,,,,,
2.0195184707641602,0.6394813656806946,3.565376772188775e-05,2.295591376966401,11820,,,,,,,,,,,
1.985905075073242,0.7153358459472656,3.562949116333269e-05,2.2994756263352105,11840,,,,,,,,,,,
2.019784164428711,0.6389745473861694,3.560521460477763e-05,2.3033598757040203,11860,,,,,,,,,,,
2.0148956298828127,0.7656146287918091,3.558093804622257e-05,2.3072441250728297,11880,,,,,,,,,,,
1.988987922668457,0.6864292025566101,3.555666148766751e-05,2.311128374441639,11900,,,,,,,,,,,
1.9945016860961915,0.7543236017227173,3.553238492911245e-05,2.3150126238104485,11920,,,,,,,,,,,
1.9767501831054688,0.6967293620109558,3.5508108370557394e-05,2.3188968731792583,11940,,,,,,,,,,,
1.9790683746337892,0.7325667142868042,3.548383181200233e-05,2.3227811225480677,11960,,,,,,,,,,,
1.9823209762573242,0.672151505947113,3.545955525344727e-05,2.326665371916877,11980,,,,,,,,,,,
2.0243473052978516,0.7794567942619324,3.543527869489221e-05,2.3305496212856864,12000,,,,,,,,,,,
1.9634443283081056,0.6044712066650391,3.541100213633716e-05,2.334433870654496,12020,,,,,,,,,,,
1.9516778945922852,0.8381320834159851,3.538672557778209e-05,2.3383181200233056,12040,,,,,,,,,,,
1.9998973846435546,0.7681037187576294,3.536244901922704e-05,2.342202369392115,12060,,,,,,,,,,,
2.0124496459960937,0.7718887329101562,3.533817246067198e-05,2.3460866187609244,12080,,,,,,,,,,,
1.9901206970214844,0.8850181698799133,3.5313895902116917e-05,2.3499708681297338,12100,,,,,,,,,,,
2.0073333740234376,0.775917112827301,3.5289619343561856e-05,2.3538551174985436,12120,,,,,,,,,,,
1.9798036575317384,0.7135064601898193,3.52653427850068e-05,2.357739366867353,12140,,,,,,,,,,,
1.9545637130737306,0.6578819751739502,3.524106622645174e-05,2.3616236162361623,12160,,,,,,,,,,,
2.023054313659668,0.752829372882843,3.521678966789668e-05,2.3655078656049717,12180,,,,,,,,,,,
1.9936420440673828,0.6854544878005981,3.519251310934162e-05,2.369392114973781,12200,,,,,,,,,,,
1.9779449462890626,0.7064184546470642,3.516823655078656e-05,2.373276364342591,12220,,,,,,,,,,,
1.988339614868164,0.655064046382904,3.51439599922315e-05,2.3771606137114003,12240,,,,,,,,,,,
1.9828027725219726,0.6848272085189819,3.511968343367644e-05,2.3810448630802097,12260,,,,,,,,,,,
2.039559173583984,0.6074140071868896,3.5095406875121386e-05,2.384929112449019,12280,,,,,,,,,,,
2.015792465209961,0.6560205221176147,3.5071130316566325e-05,2.388813361817829,12300,,,,,,,,,,,
1.9867546081542968,0.7518946528434753,3.5046853758011265e-05,2.3926976111866383,12320,,,,,,,,,,,
2.0215192794799806,0.6308003664016724,3.502257719945621e-05,2.3965818605554476,12340,,,,,,,,,,,
1.985989761352539,0.6939499378204346,3.499830064090115e-05,2.400466109924257,12360,,,,,,,,,,,
1.9975500106811523,0.7319281101226807,3.497402408234609e-05,2.4043503592930664,12380,,,,,,,,,,,
1.9801753997802733,0.6889306902885437,3.494974752379103e-05,2.408234608661876,12400,,,,,,,,,,,
1.965848731994629,0.7766426205635071,3.492547096523597e-05,2.4121188580306856,12420,,,,,,,,,,,
1.9936439514160156,0.7225051522254944,3.490119440668091e-05,2.416003107399495,12440,,,,,,,,,,,
1.9736215591430664,0.7718393206596375,3.487691784812585e-05,2.4198873567683044,12460,,,,,,,,,,,
1.9592199325561523,0.7405122518539429,3.4852641289570794e-05,2.423771606137114,12480,,,,,,,,,,,
1.9988874435424804,0.823049783706665,3.4828364731015734e-05,2.4276558555059236,12500,,,,,,,,,,,
1.950770378112793,0.748132586479187,3.480408817246067e-05,2.431540104874733,12520,,,,,,,,,,,
1.9517406463623046,0.6697005033493042,3.477981161390562e-05,2.4354243542435423,12540,,,,,,,,,,,
2.0502141952514648,0.7908069491386414,3.475553505535056e-05,2.4393086036123517,12560,,,,,,,,,,,
2.0101118087768555,0.651992678642273,3.473125849679549e-05,2.4431928529811615,12580,,,,,,,,,,,
2.0076045989990234,0.5843751430511475,3.470698193824044e-05,2.447077102349971,12600,,,,,,,,,,,
1.962833786010742,0.6922876834869385,3.468270537968538e-05,2.4509613517187803,12620,,,,,,,,,,,
2.0223833084106446,0.6512726545333862,3.465842882113032e-05,2.4548456010875896,12640,,,,,,,,,,,
1.9541601181030273,0.6882937550544739,3.463415226257526e-05,2.4587298504563995,12660,,,,,,,,,,,
1.988204002380371,0.7140892744064331,3.46098757040202e-05,2.462614099825209,12680,,,,,,,,,,,
1.9878250122070313,0.7321253418922424,3.458559914546514e-05,2.4664983491940182,12700,,,,,,,,,,,
1.922479248046875,0.6459647417068481,3.456132258691008e-05,2.4703825985628276,12720,,,,,,,,,,,
2.0242246627807616,0.7153850793838501,3.453704602835502e-05,2.474266847931637,12740,,,,,,,,,,,
1.9867698669433593,0.7466245889663696,3.451276946979996e-05,2.478151097300447,12760,,,,,,,,,,,
1.9149028778076171,0.6936144232749939,3.44884929112449e-05,2.482035346669256,12780,,,,,,,,,,,
2.0125802993774413,0.7065780758857727,3.446421635268984e-05,2.4859195960380656,12800,,,,,,,,,,,
1.9564062118530274,0.7187724113464355,3.4439939794134786e-05,2.489803845406875,12820,,,,,,,,,,,
2.0185005187988283,0.644184947013855,3.4415663235579726e-05,2.4936880947756848,12840,,,,,,,,,,,
1.9995485305786134,0.6677833199501038,3.4391386677024665e-05,2.497572344144494,12860,,,,,,,,,,,
1.9828563690185548,0.7066888213157654,3.436711011846961e-05,2.5014565935133035,12880,,,,,,,,,,,
1.9858083724975586,0.6668018102645874,3.434283355991455e-05,2.505340842882113,12900,,,,,,,,,,,
1.9851650238037108,0.6480556130409241,3.431855700135949e-05,2.5092250922509223,12920,,,,,,,,,,,
2.0066484451293944,0.7408758401870728,3.429428044280443e-05,2.513109341619732,12940,,,,,,,,,,,
1.967926597595215,0.6771557331085205,3.427000388424937e-05,2.5169935909885415,12960,,,,,,,,,,,
1.9979198455810547,0.7000724077224731,3.424572732569431e-05,2.520877840357351,12980,,,,,,,,,,,
1.956344223022461,0.838666558265686,3.422145076713925e-05,2.5247620897261607,13000,,,,,,,,,,,
2.0373767852783202,0.7154622673988342,3.4197174208584195e-05,2.52864633909497,13020,,,,,,,,,,,
1.9765594482421875,0.7786794900894165,3.4172897650029135e-05,2.5325305884637794,13040,,,,,,,,,,,
1.9980695724487305,0.762582004070282,3.4148621091474074e-05,2.536414837832589,13060,,,,,,,,,,,
1.9250768661499023,0.6583186388015747,3.412434453291902e-05,2.540299087201398,13080,,,,,,,,,,,
1.9380758285522461,0.6349296569824219,3.410006797436396e-05,2.5441833365702076,13100,,,,,,,,,,,
2.005393218994141,0.7574726939201355,3.407579141580889e-05,2.5480675859390174,13120,,,,,,,,,,,
1.9153764724731446,0.6217242479324341,3.405151485725384e-05,2.5519518353078268,13140,,,,,,,,,,,
2.0113595962524413,0.7666988968849182,3.402723829869878e-05,2.555836084676636,13160,,,,,,,,,,,
1.9812431335449219,0.7373884916305542,3.400296174014372e-05,2.559720334045446,13180,,,,,,,,,,,
1.9439102172851563,0.7152349352836609,3.397868518158866e-05,2.5636045834142553,13200,,,,,,,,,,,
1.9148048400878905,0.7459604144096375,3.3954408623033604e-05,2.5674888327830647,13220,,,,,,,,,,,
1.9594293594360352,0.7206444144248962,3.393013206447854e-05,2.571373082151874,13240,,,,,,,,,,,
1.9514354705810546,0.6564476490020752,3.390585550592348e-05,2.5752573315206835,13260,,,,,,,,,,,
1.9346279144287108,0.7564759254455566,3.388157894736842e-05,2.579141580889493,13280,,,,,,,,,,,
1.975954818725586,0.7029228210449219,3.385730238881336e-05,2.5830258302583027,13300,,,,,,,,,,,
1.9321901321411132,0.6864761114120483,3.38330258302583e-05,2.586910079627112,13320,,,,,,,,,,,
1.9965805053710937,0.7249051332473755,3.380874927170324e-05,2.5907943289959214,13340,,,,,,,,,,,
1.9273611068725587,0.7183136940002441,3.378447271314819e-05,2.5946785783647313,13360,,,,,,,,,,,
2.004073715209961,0.7168191075325012,3.3760196154593127e-05,2.5985628277335406,13380,,,,,,,,,,,
1.9954658508300782,0.7219671010971069,3.3735919596038066e-05,2.60244707710235,13400,,,,,,,,,,,
1.9776603698730468,0.7722868323326111,3.371164303748301e-05,2.6063313264711594,13420,,,,,,,,,,,
1.8940446853637696,0.6884037256240845,3.368736647892795e-05,2.6102155758399688,13440,,,,,,,,,,,
1.948644256591797,0.6369587182998657,3.366308992037289e-05,2.614099825208778,13460,,,,,,,,,,,
1.977048110961914,0.7184701561927795,3.363881336181783e-05,2.617984074577588,13480,,,,,,,,,,,
1.9352201461791991,0.7482561469078064,3.361453680326277e-05,2.6218683239463973,13500,,,,,,,,,,,
1.9136932373046875,0.6132383942604065,3.359026024470771e-05,2.6257525733152067,13520,,,,,,,,,,,
1.9059303283691407,0.7559221386909485,3.356598368615265e-05,2.6296368226840166,13540,,,,,,,,,,,
1.8974031448364257,0.7005180716514587,3.3541707127597596e-05,2.633521072052826,13560,,,,,,,,,,,
1.9645233154296875,0.65388423204422,3.3517430569042535e-05,2.6374053214216353,13580,,,,,,,,,,,
1.976734733581543,0.7757900357246399,3.3493154010487475e-05,2.6412895707904447,13600,,,,,,,,,,,
1.9449247360229491,0.7313289046287537,3.346887745193242e-05,2.645173820159254,13620,,,,,,,,,,,
2.027890205383301,0.7141833305358887,3.344460089337736e-05,2.6490580695280634,13640,,,,,,,,,,,
1.970428466796875,0.7974240779876709,3.342032433482229e-05,2.6529423188968733,13660,,,,,,,,,,,
1.9311325073242187,0.7548388838768005,3.339604777626724e-05,2.6568265682656826,13680,,,,,,,,,,,
1.9646442413330079,0.666470468044281,3.337177121771218e-05,2.660710817634492,13700,,,,,,,,,,,
1.9398674011230468,0.6698080897331238,3.334749465915712e-05,2.664595067003302,13720,,,,,,,,,,,
1.9786470413208008,0.6692709922790527,3.332321810060206e-05,2.668479316372111,13740,,,,,,,,,,,
1.947403907775879,0.7264387011528015,3.3298941542047004e-05,2.6723635657409206,13760,,,,,,,,,,,
1.9013763427734376,0.6949396133422852,3.3274664983491944e-05,2.67624781510973,13780,,,,,,,,,,,
1.9776929855346679,0.6167976260185242,3.325038842493688e-05,2.6801320644785394,13800,,,,,,,,,,,
1.990157699584961,0.710218071937561,3.322611186638182e-05,2.6840163138473487,13820,,,,,,,,,,,
1.9752220153808593,0.821248471736908,3.320183530782676e-05,2.6879005632161586,13840,,,,,,,,,,,
1.983637237548828,0.6432814598083496,3.31775587492717e-05,2.691784812584968,13860,,,,,,,,,,,
1.9969493865966796,0.7325263619422913,3.315328219071664e-05,2.6956690619537773,13880,,,,,,,,,,,
1.9447061538696289,0.7493377327919006,3.312900563216159e-05,2.699553311322587,13900,,,,,,,,,,,
1.9424018859863281,0.7190335988998413,3.310472907360653e-05,2.7034375606913965,13920,,,,,,,,,,,
1.9482250213623047,0.7253174185752869,3.308045251505147e-05,2.707321810060206,13940,,,,,,,,,,,
1.9296186447143555,0.6909390091896057,3.305617595649641e-05,2.7112060594290153,13960,,,,,,,,,,,
1.9612117767333985,0.6957301497459412,3.303189939794135e-05,2.7150903087978246,13980,,,,,,,,,,,
1.964348030090332,0.6885178685188293,3.3007622839386285e-05,2.718974558166634,14000,,,,,,,,,,,
1.942435073852539,0.6955839395523071,3.298334628083123e-05,2.722858807535444,14020,,,,,,,,,,,
1.972886085510254,0.6993898153305054,3.295906972227617e-05,2.7267430569042532,14040,,,,,,,,,,,
1.9449098587036133,0.7153695225715637,3.293479316372111e-05,2.7306273062730626,14060,,,,,,,,,,,
1.954995346069336,0.7229058146476746,3.291051660516605e-05,2.7345115556418724,14080,,,,,,,,,,,
1.9594905853271485,0.7138903737068176,3.2886240046610996e-05,2.738395805010682,14100,,,,,,,,,,,
1.9347171783447266,0.6394556760787964,3.2861963488055936e-05,2.742280054379491,14120,,,,,,,,,,,
1.9429927825927735,0.7629861831665039,3.2837686929500875e-05,2.7461643037483006,14140,,,,,,,,,,,
1.9601112365722657,0.6792187690734863,3.281341037094582e-05,2.75004855311711,14160,,,,,,,,,,,
1.931622314453125,0.6220864653587341,3.2789133812390754e-05,2.7539328024859198,14180,,,,,,,,,,,
1.9561986923217773,0.736943781375885,3.2764857253835694e-05,2.757817051854729,14200,,,,,,,,,,,
1.9047275543212892,0.7820490002632141,3.274058069528064e-05,2.7617013012235385,14220,,,,,,,,,,,
1.9448413848876953,0.7264602184295654,3.271630413672558e-05,2.765585550592348,14240,,,,,,,,,,,
1.9625978469848633,0.7410071492195129,3.269202757817052e-05,2.7694697999611577,14260,,,,,,,,,,,
1.992143440246582,0.6803252100944519,3.266775101961546e-05,2.773354049329967,14280,,,,,,,,,,,
1.949021339416504,0.7084176540374756,3.2643474461060405e-05,2.7772382986987765,14300,,,,,,,,,,,
1.9964704513549805,0.8272368311882019,3.2619197902505344e-05,2.781122548067586,14320,,,,,,,,,,,
1.9378368377685546,0.7356376051902771,3.2594921343950284e-05,2.7850067974363952,14340,,,,,,,,,,,
1.9558305740356445,0.680744469165802,3.2570644785395224e-05,2.788891046805205,14360,,,,,,,,,,,
1.921043586730957,0.6963292360305786,3.254636822684016e-05,2.7927752961740144,14380,,,,,,,,,,,
1.9278039932250977,0.7841079831123352,3.25220916682851e-05,2.796659545542824,14400,,,,,,,,,,,
1.9030099868774415,0.7384092807769775,3.249781510973004e-05,2.800543794911633,14420,,,,,,,,,,,
1.9258092880249023,0.7417447566986084,3.247353855117499e-05,2.804428044280443,14440,,,,,,,,,,,
1.952130126953125,0.690521240234375,3.244926199261993e-05,2.8083122936492524,14460,,,,,,,,,,,
1.9487876892089844,0.7741333842277527,3.242498543406487e-05,2.8121965430180618,14480,,,,,,,,,,,
1.9117984771728516,0.6954959034919739,3.2400708875509814e-05,2.816080792386871,14500,,,,,,,,,,,
2.0016069412231445,0.6822518110275269,3.237643231695475e-05,2.8199650417556805,14520,,,,,,,,,,,
1.942349624633789,0.7206826210021973,3.2352155758399686e-05,2.8238492911244903,14540,,,,,,,,,,,
1.9475954055786133,0.8018558025360107,3.232787919984463e-05,2.8277335404932997,14560,,,,,,,,,,,
1.9654811859130858,0.785284698009491,3.230360264128957e-05,2.831617789862109,14580,,,,,,,,,,,
1.9549287796020507,0.7407891154289246,3.227932608273451e-05,2.8355020392309185,14600,,,,,,,,,,,
1.8897916793823242,0.7282838225364685,3.225504952417945e-05,2.8393862885997283,14620,,,,,,,,,,,
1.9235692977905274,0.6754236221313477,3.22307729656244e-05,2.8432705379685377,14640,,,,,,,,,,,
1.9209161758422852,0.6359828114509583,3.2206496407069337e-05,2.847154787337347,14660,,,,,,,,,,,
1.9187854766845702,0.6954328417778015,3.2182219848514276e-05,2.8510390367061564,14680,,,,,,,,,,,
1.9001651763916017,0.6702941060066223,3.215794328995922e-05,2.854923286074966,14700,,,,,,,,,,,
1.9552974700927734,0.7736074328422546,3.2133666731404155e-05,2.8588075354437756,14720,,,,,,,,,,,
1.9299266815185547,1.6842098236083984,3.2109390172849095e-05,2.862691784812585,14740,,,,,,,,,,,
1.923293685913086,0.7391541004180908,3.208511361429404e-05,2.8665760341813944,14760,,,,,,,,,,,
1.9288320541381836,0.6903467774391174,3.206083705573898e-05,2.8704602835502038,14780,,,,,,,,,,,
1.9220287322998046,0.6845964789390564,3.203656049718392e-05,2.8743445329190136,14800,,,,,,,,,,,
1.9769407272338868,0.7374784350395203,3.201228393862886e-05,2.878228782287823,14820,,,,,,,,,,,
1.9618644714355469,0.6832346320152283,3.1988007380073806e-05,2.8821130316566324,14840,,,,,,,,,,,
1.9338685989379882,0.8403385281562805,3.1963730821518745e-05,2.8859972810254417,14860,,,,,,,,,,,
1.939683723449707,1.0094937086105347,3.1939454262963685e-05,2.889881530394251,14880,,,,,,,,,,,
1.9814817428588867,0.7365643978118896,3.1915177704408624e-05,2.893765779763061,14900,,,,,,,,,,,
1.9130025863647462,0.6236253976821899,3.1890901145853564e-05,2.8976500291318703,14920,,,,,,,,,,,
1.9291069030761718,0.7551904320716858,3.18666245872985e-05,2.9015342785006797,14940,,,,,,,,,,,
1.926129150390625,0.679492175579071,3.184234802874345e-05,2.905418527869489,14960,,,,,,,,,,,
1.9357639312744142,0.6096820831298828,3.181807147018839e-05,2.909302777238299,14980,,,,,,,,,,,
1.9261898040771483,0.6543910503387451,3.179379491163333e-05,2.9131870266071083,15000,,,,,,,,,,,
1.917116928100586,0.7171541452407837,3.176951835307827e-05,2.9170712759759176,15020,,,,,,,,,,,
1.961052703857422,0.8064126372337341,3.1745241794523214e-05,2.920955525344727,15040,,,,,,,,,,,
1.902918815612793,0.7506948113441467,3.1720965235968154e-05,2.9248397747135364,15060,,,,,,,,,,,
1.9229927062988281,0.663253128528595,3.1696688677413087e-05,2.9287240240823462,15080,,,,,,,,,,,
1.970250129699707,0.763120710849762,3.167241211885803e-05,2.9326082734511556,15100,,,,,,,,,,,
1.9502609252929688,0.7715955972671509,3.164813556030297e-05,2.936492522819965,15120,,,,,,,,,,,
1.935045051574707,0.7491993308067322,3.162385900174791e-05,2.9403767721887744,15140,,,,,,,,,,,
1.9483816146850585,0.7041433453559875,3.159958244319285e-05,2.944261021557584,15160,,,,,,,,,,,
1.9354171752929688,0.6829187273979187,3.15753058846378e-05,2.9481452709263936,15180,,,,,,,,,,,
1.8900100708007812,0.744501531124115,3.155102932608274e-05,2.952029520295203,15200,,,,,,,,,,,
1.9344751358032226,0.7321730256080627,3.152675276752768e-05,2.9559137696640123,15220,,,,,,,,,,,
1.9511579513549804,0.7077275514602661,3.150247620897262e-05,2.9597980190328217,15240,,,,,,,,,,,
1.958028793334961,0.7698454856872559,3.1478199650417556e-05,2.9636822684016315,15260,,,,,,,,,,,
1.9186819076538086,0.7039622664451599,3.1453923091862495e-05,2.967566517770441,15280,,,,,,,,,,,
1.9175685882568358,0.809112548828125,3.142964653330744e-05,2.9714507671392503,15300,,,,,,,,,,,
1.9244062423706054,0.6432850360870361,3.140536997475238e-05,2.97533501650806,15320,,,,,,,,,,,
1.9664125442504883,0.6922661066055298,3.138109341619732e-05,2.9792192658768695,15340,,,,,,,,,,,
1.9890985488891602,0.6390039324760437,3.135681685764226e-05,2.983103515245679,15360,,,,,,,,,,,
1.8936027526855468,0.7490822672843933,3.1332540299087206e-05,2.9869877646144882,15380,,,,,,,,,,,
1.8785654067993165,0.6416832804679871,3.1308263740532146e-05,2.9908720139832976,15400,,,,,,,,,,,
1.8742502212524415,0.6935384273529053,3.1283987181977085e-05,2.994756263352107,15420,,,,,,,,,,,
1.8744590759277344,0.7195921540260315,3.1259710623422025e-05,2.998640512720917,15440,,,,,,,,,,,
,,,3.0,15447,1.9139310121536255,13.03529695330088,37.73363615150694,273.8684,12.433,0.778,,,,,
1.906252098083496,0.7042688727378845,3.1235434064866964e-05,3.002524762089726,15460,,,,,,,,,,,
1.9133682250976562,0.7037094831466675,3.1211157506311904e-05,3.0064090114585356,15480,,,,,,,,,,,
1.923626708984375,0.6732276678085327,3.118688094775685e-05,3.010293260827345,15500,,,,,,,,,,,
1.9519760131835937,0.6668046116828918,3.116260438920179e-05,3.0141775101961548,15520,,,,,,,,,,,
1.90466251373291,0.6103140115737915,3.113832783064673e-05,3.018061759564964,15540,,,,,,,,,,,
1.9389060974121093,0.7984974980354309,3.111405127209167e-05,3.0219460089337735,15560,,,,,,,,,,,
1.9259864807128906,0.6669619083404541,3.1089774713536615e-05,3.025830258302583,15580,,,,,,,,,,,
1.8937871932983399,0.6830179691314697,3.1065498154981554e-05,3.0297145076713927,15600,,,,,,,,,,,
1.9073720932006837,1.095902919769287,3.104122159642649e-05,3.033598757040202,15620,,,,,,,,,,,
1.923475456237793,0.7409674525260925,3.1016945037871434e-05,3.0374830064090115,15640,,,,,,,,,,,
1.8730026245117188,0.7607479095458984,3.099266847931637e-05,3.041367255777821,15660,,,,,,,,,,,
1.9125625610351562,0.7409217953681946,3.096839192076131e-05,3.0452515051466302,15680,,,,,,,,,,,
1.8758440017700195,0.6573702692985535,3.094411536220625e-05,3.04913575451544,15700,,,,,,,,,,,
1.8935436248779296,0.73602294921875,3.09198388036512e-05,3.0530200038842494,15720,,,,,,,,,,,
1.8860424041748047,0.7549415230751038,3.089556224509614e-05,3.056904253253059,15740,,,,,,,,,,,
1.9208192825317383,0.7492212653160095,3.087128568654108e-05,3.060788502621868,15760,,,,,,,,,,,
1.908878707885742,0.7009913921356201,3.0847009127986024e-05,3.064672751990678,15780,,,,,,,,,,,
1.902886199951172,0.6109329462051392,3.0822732569430956e-05,3.0685570013594874,15800,,,,,,,,,,,
1.9272800445556642,0.687502920627594,3.0798456010875896e-05,3.0724412507282968,15820,,,,,,,,,,,
1.9412269592285156,0.6975238919258118,3.077417945232084e-05,3.076325500097106,15840,,,,,,,,,,,
1.9489444732666015,0.7007052302360535,3.074990289376578e-05,3.0802097494659155,15860,,,,,,,,,,,
1.9266895294189452,0.6823977828025818,3.072562633521072e-05,3.0840939988347253,15880,,,,,,,,,,,
1.8946163177490234,0.6972710490226746,3.070134977665566e-05,3.0879782482035347,15900,,,,,,,,,,,
1.9195491790771484,0.6707442402839661,3.067707321810061e-05,3.091862497572344,15920,,,,,,,,,,,
1.8291313171386718,0.7460881471633911,3.0652796659545546e-05,3.0957467469411535,15940,,,,,,,,,,,
1.9429132461547851,0.7219559550285339,3.0628520100990486e-05,3.0996309963099633,15960,,,,,,,,,,,
1.8683032989501953,0.6547385454177856,3.0604243542435426e-05,3.1035152456787727,15980,,,,,,,,,,,
1.9032171249389649,0.649044930934906,3.0579966983880365e-05,3.107399495047582,16000,,,,,,,,,,,
1.9092277526855468,0.7299047112464905,3.0555690425325305e-05,3.1112837444163914,16020,,,,,,,,,,,
1.934654426574707,0.7318310141563416,3.053141386677025e-05,3.115167993785201,16040,,,,,,,,,,,
1.96365966796875,0.7157816886901855,3.050713730821519e-05,3.1190522431540106,16060,,,,,,,,,,,
1.8361751556396484,0.7520604729652405,3.048286074966013e-05,3.12293649252282,16080,,,,,,,,,,,
1.8802892684936523,0.7263005375862122,3.0458584191105073e-05,3.1268207418916294,16100,,,,,,,,,,,
1.8657569885253906,0.6966974139213562,3.0434307632550012e-05,3.1307049912604388,16120,,,,,,,,,,,
1.8708423614501952,0.6447631120681763,3.0410031073994955e-05,3.1345892406292486,16140,,,,,,,,,,,
1.8890039443969726,0.71416175365448,3.038575451543989e-05,3.138473489998058,16160,,,,,,,,,,,
1.9251653671264648,0.6737032532691956,3.036147795688483e-05,3.1423577393668674,16180,,,,,,,,,,,
1.956370735168457,0.6743229031562805,3.0337201398329774e-05,3.1462419887356767,16200,,,,,,,,,,,
1.8630630493164062,0.7306177616119385,3.0312924839774713e-05,3.150126238104486,16220,,,,,,,,,,,
1.9133148193359375,0.84061199426651,3.0288648281219656e-05,3.154010487473296,16240,,,,,,,,,,,
1.9175052642822266,0.7421600222587585,3.02643717226646e-05,3.1578947368421053,16260,,,,,,,,,,,
1.903269386291504,0.7107356786727905,3.024009516410954e-05,3.1617789862109147,16280,,,,,,,,,,,
1.8356531143188477,0.6694101095199585,3.021581860555448e-05,3.165663235579724,16300,,,,,,,,,,,
1.9748645782470704,0.6519857048988342,3.019154204699942e-05,3.169547484948534,16320,,,,,,,,,,,
1.9176746368408204,0.7746440172195435,3.0167265488444357e-05,3.1734317343173433,16340,,,,,,,,,,,
1.852707862854004,0.723301112651825,3.01429889298893e-05,3.1773159836861526,16360,,,,,,,,,,,
1.8648746490478516,0.7751979827880859,3.011871237133424e-05,3.181200233054962,16380,,,,,,,,,,,
1.9419801712036133,0.7284976243972778,3.0094435812779182e-05,3.1850844824237714,16400,,,,,,,,,,,
1.907221794128418,0.7585048675537109,3.0070159254224122e-05,3.1889687317925812,16420,,,,,,,,,,,
1.9256368637084962,0.903645396232605,3.0045882695669065e-05,3.1928529811613906,16440,,,,,,,,,,,
1.9207351684570313,0.7565428018569946,3.0021606137114004e-05,3.1967372305302,16460,,,,,,,,,,,
1.8851804733276367,0.7139140963554382,2.9997329578558947e-05,3.2006214798990094,16480,,,,,,,,,,,
1.8659156799316405,0.7558043599128723,2.997305302000389e-05,3.204505729267819,16500,,,,,,,,,,,
1.8734230041503905,0.782148540019989,2.9948776461448823e-05,3.2083899786366286,16520,,,,,,,,,,,
1.9305381774902344,0.7621288299560547,2.9924499902893766e-05,3.212274228005438,16540,,,,,,,,,,,
1.9030265808105469,0.6949653625488281,2.990022334433871e-05,3.2161584773742473,16560,,,,,,,,,,,
1.8518815994262696,0.7809523344039917,2.9875946785783648e-05,3.220042726743057,16580,,,,,,,,,,,
1.867093276977539,0.6439244151115417,2.985167022722859e-05,3.2239269761118665,16600,,,,,,,,,,,
1.9166746139526367,0.7178023457527161,2.982739366867353e-05,3.227811225480676,16620,,,,,,,,,,,
1.9114641189575194,0.7446604371070862,2.9803117110118473e-05,3.2316954748494853,16640,,,,,,,,,,,
1.9589611053466798,0.7831553220748901,2.9778840551563413e-05,3.2355797242182947,16660,,,,,,,,,,,
1.8733554840087892,0.7458429932594299,2.9754563993008356e-05,3.2394639735871045,16680,,,,,,,,,,,
1.9515220642089843,0.7616977095603943,2.9730287434453292e-05,3.243348222955914,16700,,,,,,,,,,,
1.916971778869629,0.6656686663627625,2.970601087589823e-05,3.2472324723247232,16720,,,,,,,,,,,
1.9009157180786134,0.66032475233078,2.9681734317343174e-05,3.2511167216935326,16740,,,,,,,,,,,
1.8779563903808594,0.6959880590438843,2.9657457758788114e-05,3.2550009710623424,16760,,,,,,,,,,,
1.8326141357421875,0.737541913986206,2.9633181200233057e-05,3.258885220431152,16780,,,,,,,,,,,
1.9083494186401366,3.3745803833007812,2.9608904641678e-05,3.262769469799961,16800,,,,,,,,,,,
1.8400936126708984,0.6746753454208374,2.958462808312294e-05,3.2666537191687706,16820,,,,,,,,,,,
1.8948143005371094,0.7925346493721008,2.9560351524567882e-05,3.27053796853758,16840,,,,,,,,,,,
1.9174301147460937,0.7644920349121094,2.953607496601282e-05,3.2744222179063898,16860,,,,,,,,,,,
1.9519296646118165,0.6676993370056152,2.9511798407457758e-05,3.278306467275199,16880,,,,,,,,,,,
1.865565299987793,0.6702555418014526,2.94875218489027e-05,3.2821907166440085,16900,,,,,,,,,,,
1.9387969970703125,0.7453778982162476,2.946324529034764e-05,3.286074966012818,16920,,,,,,,,,,,
1.8820219039916992,0.6659302115440369,2.9438968731792583e-05,3.2899592153816277,16940,,,,,,,,,,,
1.9091686248779296,0.6929603219032288,2.9414692173237523e-05,3.293843464750437,16960,,,,,,,,,,,
1.8654266357421876,0.7231944799423218,2.9390415614682465e-05,3.2977277141192465,16980,,,,,,,,,,,
1.8566644668579102,0.6539967060089111,2.9366139056127405e-05,3.301611963488056,17000,,,,,,,,,,,
1.9192258834838867,0.7335513830184937,2.9341862497572348e-05,3.3054962128568652,17020,,,,,,,,,,,
1.8741910934448243,0.7463672161102295,2.9317585939017284e-05,3.309380462225675,17040,,,,,,,,,,,
1.8692634582519532,0.6746072173118591,2.9293309380462223e-05,3.3132647115944844,17060,,,,,,,,,,,
1.8442672729492187,0.7152495384216309,2.9269032821907166e-05,3.317148960963294,17080,,,,,,,,,,,
1.9134963989257812,0.7472555637359619,2.924475626335211e-05,3.321033210332103,17100,,,,,,,,,,,
1.879446029663086,0.7327255010604858,2.922047970479705e-05,3.324917459700913,17120,,,,,,,,,,,
1.8841539382934571,0.7934809327125549,2.919620314624199e-05,3.3288017090697224,17140,,,,,,,,,,,
1.927108383178711,0.7364096641540527,2.917192658768693e-05,3.3326859584385318,17160,,,,,,,,,,,
1.8984046936035157,0.7291210293769836,2.9147650029131874e-05,3.336570207807341,17180,,,,,,,,,,,
1.922562599182129,0.7388221025466919,2.9123373470576814e-05,3.3404544571761505,17200,,,,,,,,,,,
1.8679887771606445,0.6578285694122314,2.909909691202175e-05,3.3443387065449603,17220,,,,,,,,,,,
1.945729637145996,0.6822332143783569,2.9074820353466693e-05,3.3482229559137697,17240,,,,,,,,,,,
1.8779321670532227,0.7331547737121582,2.9050543794911632e-05,3.352107205282579,17260,,,,,,,,,,,
1.8872020721435547,0.6660120487213135,2.9026267236356575e-05,3.3559914546513885,17280,,,,,,,,,,,
1.8892021179199219,0.7236328721046448,2.9001990677801515e-05,3.3598757040201983,17300,,,,,,,,,,,
1.9078371047973632,0.7917319536209106,2.8977714119246457e-05,3.3637599533890077,17320,,,,,,,,,,,
1.8379375457763671,0.6232969760894775,2.89534375606914e-05,3.367644202757817,17340,,,,,,,,,,,
1.8840812683105468,0.7154063582420349,2.892916100213634e-05,3.3715284521266264,17360,,,,,,,,,,,
1.8604633331298828,0.6840304732322693,2.8904884443581283e-05,3.375412701495436,17380,,,,,,,,,,,
1.8756475448608398,0.762256383895874,2.888060788502622e-05,3.3792969508642456,17400,,,,,,,,,,,
1.8575382232666016,0.768596887588501,2.885633132647116e-05,3.383181200233055,17420,,,,,,,,,,,
1.8837936401367188,0.6142688393592834,2.88320547679161e-05,3.3870654496018644,17440,,,,,,,,,,,
1.8852142333984374,0.76621413230896,2.880777820936104e-05,3.3909496989706738,17460,,,,,,,,,,,
1.8857023239135742,1.2496994733810425,2.8783501650805984e-05,3.3948339483394836,17480,,,,,,,,,,,
1.8839651107788087,0.6443268060684204,2.8759225092250923e-05,3.398718197708293,17500,,,,,,,,,,,
1.85992431640625,0.7020147442817688,2.8734948533695866e-05,3.4026024470771024,17520,,,,,,,,,,,
1.8644807815551758,0.7306149005889893,2.8710671975140806e-05,3.4064866964459117,17540,,,,,,,,,,,
1.8848352432250977,0.7160578966140747,2.868639541658575e-05,3.410370945814721,17560,,,,,,,,,,,
1.8556280136108398,0.7256172299385071,2.8662118858030685e-05,3.414255195183531,17580,,,,,,,,,,,
1.8955163955688477,0.7538131475448608,2.8637842299475624e-05,3.4181394445523403,17600,,,,,,,,,,,
1.884663963317871,0.6637974381446838,2.8613565740920567e-05,3.4220236939211497,17620,,,,,,,,,,,
1.8622737884521485,0.7005518674850464,2.858928918236551e-05,3.425907943289959,17640,,,,,,,,,,,
1.8686578750610352,0.7747283577919006,2.856501262381045e-05,3.429792192658769,17660,,,,,,,,,,,
1.8856435775756837,0.7690303325653076,2.8540736065255392e-05,3.4336764420275783,17680,,,,,,,,,,,
1.8658775329589843,0.6941140294075012,2.8516459506700332e-05,3.4375606913963876,17700,,,,,,,,,,,
1.8628599166870117,0.7401089072227478,2.8492182948145275e-05,3.441444940765197,17720,,,,,,,,,,,
1.8903064727783203,0.7311767339706421,2.8467906389590214e-05,3.4453291901340064,17740,,,,,,,,,,,
1.8478193283081055,0.7839615345001221,2.844362983103515e-05,3.4492134395028162,17760,,,,,,,,,,,
1.8366044998168944,0.7198087573051453,2.8419353272480093e-05,3.4530976888716256,17780,,,,,,,,,,,
1.8755216598510742,0.6619850993156433,2.8395076713925033e-05,3.456981938240435,17800,,,,,,,,,,,
1.8628684997558593,0.6158885359764099,2.8370800155369976e-05,3.4608661876092444,17820,,,,,,,,,,,
1.906538200378418,0.6334816813468933,2.8346523596814915e-05,3.464750436978054,17840,,,,,,,,,,,
1.8466053009033203,0.7511446475982666,2.8322247038259858e-05,3.4686346863468636,17860,,,,,,,,,,,
1.8182510375976562,0.7367548942565918,2.82979704797048e-05,3.472518935715673,17880,,,,,,,,,,,
1.9014055252075195,0.6819507479667664,2.827369392114974e-05,3.4764031850844823,17900,,,,,,,,,,,
1.9101606369018556,0.7240752577781677,2.8249417362594683e-05,3.4802874344532917,17920,,,,,,,,,,,
1.873061752319336,0.7722347378730774,2.822514080403962e-05,3.4841716838221015,17940,,,,,,,,,,,
1.8974338531494142,0.7548784613609314,2.820086424548456e-05,3.488055933190911,17960,,,,,,,,,,,
1.837308692932129,0.6930946707725525,2.8176587686929502e-05,3.4919401825597203,17980,,,,,,,,,,,
1.899655532836914,0.6684044003486633,2.815231112837444e-05,3.4958244319285297,18000,,,,,,,,,,,
1.9199556350708007,0.8006436228752136,2.8128034569819384e-05,3.4997086812973395,18020,,,,,,,,,,,
1.9058172225952148,0.6639962196350098,2.8103758011264324e-05,3.503592930666149,18040,,,,,,,,,,,
1.8837202072143555,0.6856867671012878,2.8079481452709267e-05,3.5074771800349582,18060,,,,,,,,,,,
1.8712833404541016,0.7263455390930176,2.8055204894154206e-05,3.5113614294037676,18080,,,,,,,,,,,
1.8704959869384765,0.7304646968841553,2.803092833559915e-05,3.515245678772577,18100,,,,,,,,,,,
1.8614351272583007,0.7588561177253723,2.8006651777044085e-05,3.519129928141387,18120,,,,,,,,,,,
1.9391471862792968,0.6993322372436523,2.7982375218489025e-05,3.523014177510196,18140,,,,,,,,,,,
1.8020584106445312,0.7839378714561462,2.7958098659933968e-05,3.5268984268790056,18160,,,,,,,,,,,
1.9427133560180665,0.6536643505096436,2.793382210137891e-05,3.530782676247815,18180,,,,,,,,,,,
1.8777936935424804,0.7239431142807007,2.790954554282385e-05,3.5346669256166248,18200,,,,,,,,,,,
1.866044807434082,0.6066063046455383,2.7885268984268793e-05,3.538551174985434,18220,,,,,,,,,,,
1.8466405868530273,0.785923957824707,2.7860992425713733e-05,3.5424354243542435,18240,,,,,,,,,,,
1.8801414489746093,0.709823727607727,2.7836715867158675e-05,3.546319673723053,18260,,,,,,,,,,,
1.8319843292236329,0.6665913462638855,2.7812439308603615e-05,3.5502039230918623,18280,,,,,,,,,,,
1.8755109786987305,0.683299720287323,2.778816275004855e-05,3.554088172460672,18300,,,,,,,,,,,
1.845347785949707,0.6620950102806091,2.7763886191493494e-05,3.5579724218294815,18320,,,,,,,,,,,
1.8473119735717773,0.7459242343902588,2.7739609632938433e-05,3.561856671198291,18340,,,,,,,,,,,
1.9206758499145509,0.7640327215194702,2.7715333074383376e-05,3.5657409205671007,18360,,,,,,,,,,,
1.889846420288086,0.6826891303062439,2.7691056515828316e-05,3.56962516993591,18380,,,,,,,,,,,
1.8981517791748046,0.6817957758903503,2.766677995727326e-05,3.5735094193047194,18400,,,,,,,,,,,
1.9120128631591797,0.7261980772018433,2.76425033987182e-05,3.577393668673529,18420,,,,,,,,,,,
1.8406457901000977,0.7506726980209351,2.761822684016314e-05,3.581277918042338,18440,,,,,,,,,,,
1.9199810028076172,0.7683292627334595,2.7593950281608084e-05,3.5851621674111476,18460,,,,,,,,,,,
1.8507823944091797,0.6655659079551697,2.756967372305302e-05,3.5890464167799574,18480,,,,,,,,,,,
1.8820837020874024,0.749477207660675,2.754539716449796e-05,3.5929306661487668,18500,,,,,,,,,,,
1.9182018280029296,0.8835535645484924,2.7521120605942903e-05,3.596814915517576,18520,,,,,,,,,,,
1.9487665176391602,0.7585421204566956,2.7496844047387842e-05,3.600699164886386,18540,,,,,,,,,,,
1.9041269302368165,0.7190097570419312,2.7472567488832785e-05,3.6045834142551954,18560,,,,,,,,,,,
1.8729560852050782,0.6891622543334961,2.7448290930277725e-05,3.6084676636240047,18580,,,,,,,,,,,
1.8575037002563477,0.7637040019035339,2.7424014371722667e-05,3.612351912992814,18600,,,,,,,,,,,
1.8843690872192382,0.757993221282959,2.7399737813167607e-05,3.6162361623616235,18620,,,,,,,,,,,
1.8584810256958009,0.7201346158981323,2.737546125461255e-05,3.620120411730433,18640,,,,,,,,,,,
1.9378423690795898,0.7298815250396729,2.7351184696057486e-05,3.6240046610992427,18660,,,,,,,,,,,
1.8646621704101562,0.7006641626358032,2.732690813750243e-05,3.627888910468052,18680,,,,,,,,,,,
1.8838386535644531,0.7441010475158691,2.730263157894737e-05,3.6317731598368614,18700,,,,,,,,,,,
1.839085578918457,0.6540387272834778,2.727835502039231e-05,3.6356574092056713,18720,,,,,,,,,,,
1.8650962829589843,0.7069113254547119,2.725407846183725e-05,3.6395416585744806,18740,,,,,,,,,,,
1.8962257385253907,0.6631616353988647,2.7229801903282194e-05,3.64342590794329,18760,,,,,,,,,,,
1.8879915237426759,0.6877989768981934,2.7205525344727133e-05,3.6473101573120994,18780,,,,,,,,,,,
1.9303495407104492,0.6885920166969299,2.7181248786172076e-05,3.6511944066809088,18800,,,,,,,,,,,
1.8766353607177735,0.6669812202453613,2.7156972227617016e-05,3.655078656049718,18820,,,,,,,,,,,
1.885755729675293,0.7573916912078857,2.7132695669061952e-05,3.658962905418528,18840,,,,,,,,,,,
1.8851657867431642,0.6900677680969238,2.7108419110506895e-05,3.6628471547873374,18860,,,,,,,,,,,
1.8161161422729493,0.7500390410423279,2.7084142551951834e-05,3.6667314041561467,18880,,,,,,,,,,,
1.8256895065307617,0.674822986125946,2.7059865993396777e-05,3.6706156535249566,18900,,,,,,,,,,,
1.9302179336547851,0.7165637016296387,2.703558943484172e-05,3.674499902893766,18920,,,,,,,,,,,
1.8397371292114257,0.6958757042884827,2.701131287628666e-05,3.6783841522625753,18940,,,,,,,,,,,
1.8454334259033203,0.6620981693267822,2.6987036317731602e-05,3.6822684016313847,18960,,,,,,,,,,,
1.8458173751831055,0.7036451101303101,2.6962759759176542e-05,3.686152651000194,18980,,,,,,,,,,,
1.8410972595214843,0.73172527551651,2.6938483200621485e-05,3.6900369003690034,19000,,,,,,,,,,,
1.9082094192504884,0.6445711255073547,2.691420664206642e-05,3.6939211497378133,19020,,,,,,,,,,,
1.9077762603759765,0.6879193782806396,2.688993008351136e-05,3.6978053991066226,19040,,,,,,,,,,,
1.8762407302856445,0.7465571165084839,2.6865653524956303e-05,3.701689648475432,19060,,,,,,,,,,,
1.958835983276367,0.7044814825057983,2.6841376966401243e-05,3.705573897844242,19080,,,,,,,,,,,
1.8652570724487305,0.6966937184333801,2.6817100407846186e-05,3.7094581472130512,19100,,,,,,,,,,,
1.9252840042114259,0.7031554579734802,2.6792823849291125e-05,3.7133423965818606,19120,,,,,,,,,,,
1.8635015487670898,0.6513554453849792,2.6768547290736068e-05,3.71722664595067,19140,,,,,,,,,,,
1.8995656967163086,0.7239957451820374,2.674427073218101e-05,3.7211108953194794,19160,,,,,,,,,,,
1.8476024627685548,0.7355838418006897,2.671999417362595e-05,3.7249951446882887,19180,,,,,,,,,,,
1.904637336730957,0.7062423825263977,2.6695717615070887e-05,3.7288793940570986,19200,,,,,,,,,,,
1.8908214569091797,0.7431071400642395,2.667144105651583e-05,3.732763643425908,19220,,,,,,,,,,,
1.836695671081543,0.7349079847335815,2.664716449796077e-05,3.7366478927947173,19240,,,,,,,,,,,
1.8695383071899414,0.8037682771682739,2.6622887939405712e-05,3.740532142163527,19260,,,,,,,,,,,
1.9036767959594727,0.7548023462295532,2.659861138085065e-05,3.7444163915323365,19280,,,,,,,,,,,
1.8668624877929687,1.124429702758789,2.6574334822295594e-05,3.748300640901146,19300,,,,,,,,,,,
1.8620214462280273,0.6650329828262329,2.6550058263740534e-05,3.7521848902699553,19320,,,,,,,,,,,
1.8755023956298829,0.7333999872207642,2.6525781705185477e-05,3.7560691396387647,19340,,,,,,,,,,,
1.8844039916992188,0.7416526675224304,2.6501505146630416e-05,3.759953389007574,19360,,,,,,,,,,,
1.8686479568481444,0.7669517397880554,2.6477228588075352e-05,3.763837638376384,19380,,,,,,,,,,,
1.8963682174682617,0.7064263820648193,2.6452952029520295e-05,3.7677218877451932,19400,,,,,,,,,,,
1.7900524139404297,0.7149648070335388,2.6428675470965235e-05,3.7716061371140026,19420,,,,,,,,,,,
1.874528694152832,0.6308127641677856,2.6404398912410178e-05,3.7754903864828124,19440,,,,,,,,,,,
1.8607427597045898,0.7296668291091919,2.638012235385512e-05,3.779374635851622,19460,,,,,,,,,,,
1.8771806716918946,0.7506065368652344,2.635584579530006e-05,3.783258885220431,19480,,,,,,,,,,,
1.8294645309448243,0.6555103659629822,2.6331569236745003e-05,3.7871431345892406,19500,,,,,,,,,,,
1.8292722702026367,0.7052207589149475,2.6307292678189942e-05,3.79102738395805,19520,,,,,,,,,,,
1.8964199066162108,0.6842366456985474,2.6283016119634885e-05,3.7949116333268593,19540,,,,,,,,,,,
1.870879554748535,0.7293793559074402,2.625873956107982e-05,3.798795882695669,19560,,,,,,,,,,,
1.8860240936279298,0.7562094330787659,2.623446300252476e-05,3.8026801320644785,19580,,,,,,,,,,,
1.832560920715332,0.7558286786079407,2.6210186443969704e-05,3.806564381433288,19600,,,,,,,,,,,
1.8466901779174805,0.7432222366333008,2.6185909885414643e-05,3.8104486308020977,19620,,,,,,,,,,,
1.8006647109985352,0.738183856010437,2.6161633326859586e-05,3.814332880170907,19640,,,,,,,,,,,
1.8471179962158204,1.9423432350158691,2.6137356768304526e-05,3.8182171295397165,19660,,,,,,,,,,,
1.8726974487304688,0.7310173511505127,2.611308020974947e-05,3.822101378908526,19680,,,,,,,,,,,
1.8827056884765625,0.6973766684532166,2.608880365119441e-05,3.8259856282773352,19700,,,,,,,,,,,
1.8694995880126952,0.8147643804550171,2.606452709263935e-05,3.8298698776461446,19720,,,,,,,,,,,
1.8415632247924805,0.7225468754768372,2.6040250534084287e-05,3.8337541270149544,19740,,,,,,,,,,,
1.8758712768554688,0.6857297420501709,2.601597397552923e-05,3.837638376383764,19760,,,,,,,,,,,
1.870694351196289,0.6518690586090088,2.599169741697417e-05,3.841522625752573,19780,,,,,,,,,,,
1.8102510452270508,0.7086573243141174,2.5967420858419113e-05,3.845406875121383,19800,,,,,,,,,,,
1.8583034515380858,0.7051713466644287,2.5943144299864052e-05,3.8492911244901924,19820,,,,,,,,,,,
1.8763908386230468,0.7681876420974731,2.5918867741308995e-05,3.8531753738590018,19840,,,,,,,,,,,
1.831190299987793,0.6942079067230225,2.5894591182753934e-05,3.857059623227811,19860,,,,,,,,,,,
1.8618513107299806,0.6968811750411987,2.5870314624198877e-05,3.8609438725966205,19880,,,,,,,,,,,
1.8284406661987305,2.175534725189209,2.5846038065643814e-05,3.86482812196543,19900,,,,,,,,,,,
1.8641803741455079,0.7356393337249756,2.5821761507088753e-05,3.8687123713342397,19920,,,,,,,,,,,
1.8826581954956054,0.6483221054077148,2.5797484948533696e-05,3.872596620703049,19940,,,,,,,,,,,
1.8239709854125976,0.6260595917701721,2.5773208389978635e-05,3.8764808700718585,19960,,,,,,,,,,,
1.872807502746582,0.6583471894264221,2.574893183142358e-05,3.8803651194406683,19980,,,,,,,,,,,
1.857802391052246,0.6975472569465637,2.572465527286852e-05,3.8842493688094777,20000,,,,,,,,,,,
1.8414482116699218,0.6405306458473206,2.570037871431346e-05,3.888133618178287,20020,,,,,,,,,,,
1.8741231918334962,0.624509334564209,2.5676102155758404e-05,3.8920178675470964,20040,,,,,,,,,,,
1.8750843048095702,0.7658241391181946,2.5651825597203343e-05,3.895902116915906,20060,,,,,,,,,,,
1.801807975769043,0.7434342503547668,2.562754903864828e-05,3.8997863662847156,20080,,,,,,,,,,,
1.8213537216186524,0.6400182247161865,2.5603272480093222e-05,3.903670615653525,20100,,,,,,,,,,,
1.8315694808959961,0.7715770602226257,2.557899592153816e-05,3.9075548650223344,20120,,,,,,,,,,,
1.854745101928711,0.7355543971061707,2.5554719362983105e-05,3.911439114391144,20140,,,,,,,,,,,
1.8890771865844727,0.7155138850212097,2.5530442804428044e-05,3.9153233637599536,20160,,,,,,,,,,,
1.8796581268310546,0.7381618618965149,2.5506166245872987e-05,3.919207613128763,20180,,,,,,,,,,,
1.8783859252929687,0.6656519174575806,2.5481889687317927e-05,3.9230918624975724,20200,,,,,,,,,,,
1.8190793991088867,0.7014356851577759,2.545761312876287e-05,3.9269761118663817,20220,,,,,,,,,,,
1.8170507431030274,0.7041588425636292,2.5433336570207812e-05,3.930860361235191,20240,,,,,,,,,,,
1.8674686431884766,0.7483134865760803,2.5409060011652745e-05,3.934744610604001,20260,,,,,,,,,,,
1.8759637832641602,0.769635021686554,2.5384783453097688e-05,3.9386288599728103,20280,,,,,,,,,,,
1.8425853729248047,0.9316141605377197,2.536050689454263e-05,3.9425131093416197,20300,,,,,,,,,,,
1.7852069854736328,0.6187293529510498,2.533623033598757e-05,3.946397358710429,20320,,,,,,,,,,,
1.7629615783691406,0.7644550800323486,2.5311953777432513e-05,3.950281608079239,20340,,,,,,,,,,,
1.8881706237792968,0.775292158126831,2.5287677218877453e-05,3.9541658574480483,20360,,,,,,,,,,,
1.7974336624145508,0.6709609627723694,2.5263400660322396e-05,3.9580501068168576,20380,,,,,,,,,,,
1.8284683227539062,0.715417742729187,2.5239124101767335e-05,3.961934356185667,20400,,,,,,,,,,,
1.8263532638549804,0.768286406993866,2.5214847543212278e-05,3.9658186055544764,20420,,,,,,,,,,,
1.8324993133544922,0.721066951751709,2.5190570984657214e-05,3.9697028549232862,20440,,,,,,,,,,,
1.863606071472168,0.8059179186820984,2.5166294426102154e-05,3.9735871042920956,20460,,,,,,,,,,,
1.8608659744262694,0.7525785565376282,2.5142017867547097e-05,3.977471353660905,20480,,,,,,,,,,,
1.79599609375,0.7408798933029175,2.5117741308992036e-05,3.9813556030297144,20500,,,,,,,,,,,
1.8406835556030274,0.6468504667282104,2.509346475043698e-05,3.985239852398524,20520,,,,,,,,,,,
1.854356575012207,0.667043924331665,2.5069188191881922e-05,3.9891241017673336,20540,,,,,,,,,,,
1.8235504150390625,0.6601601243019104,2.504491163332686e-05,3.993008351136143,20560,,,,,,,,,,,
1.910211944580078,0.7429463267326355,2.5020635074771804e-05,3.9968926005049523,20580,,,,,,,,,,,
,,,4.0,20596,1.8345171213150024,13.504627045710468,38.26785104416096,276.8835,12.298,0.769,,,,,
1.8442144393920898,0.6844437718391418,2.499635851621674e-05,4.000776849873762,20600,,,,,,,,,,,
1.8621183395385743,0.8976317644119263,2.4972081957661683e-05,4.004661099242571,20620,,,,,,,,,,,
1.8272130966186524,0.7595807313919067,2.4947805399106626e-05,4.0085453486113805,20640,,,,,,,,,,,
1.8532144546508789,0.7228245735168457,2.4923528840551562e-05,4.012429597980191,20660,,,,,,,,,,,
1.8447080612182618,0.6638489961624146,2.4899252281996505e-05,4.016313847349,20680,,,,,,,,,,,
1.8538970947265625,0.6942041516304016,2.4874975723441445e-05,4.0201980967178095,20700,,,,,,,,,,,
1.8605829238891602,0.7038317322731018,2.4850699164886388e-05,4.024082346086619,20720,,,,,,,,,,,
1.8309648513793946,0.7990109324455261,2.4826422606331327e-05,4.027966595455428,20740,,,,,,,,,,,
1.900527000427246,0.8051867485046387,2.4802146047776267e-05,4.031850844824238,20760,,,,,,,,,,,
1.766115951538086,0.6706143021583557,2.477786948922121e-05,4.035735094193047,20780,,,,,,,,,,,
1.8331087112426758,0.6593281030654907,2.475359293066615e-05,4.039619343561856,20800,,,,,,,,,,,
1.902043342590332,0.7252893447875977,2.4729316372111092e-05,4.043503592930666,20820,,,,,,,,,,,
1.7691265106201173,0.7497720122337341,2.470503981355603e-05,4.047387842299476,20840,,,,,,,,,,,
1.8331426620483398,0.7653138637542725,2.468076325500097e-05,4.051272091668285,20860,,,,,,,,,,,
1.8790468215942382,0.8054837584495544,2.4656486696445914e-05,4.055156341037095,20880,,,,,,,,,,,
1.8457860946655273,0.8095077872276306,2.4632210137890853e-05,4.059040590405904,20900,,,,,,,,,,,
1.8223085403442383,0.7274695038795471,2.4607933579335796e-05,4.0629248397747135,20920,,,,,,,,,,,
1.8345722198486327,0.6217154860496521,2.4583657020780736e-05,4.066809089143523,20940,,,,,,,,,,,
1.8362203598022462,0.7335334420204163,2.4559380462225675e-05,4.070693338512332,20960,,,,,,,,,,,
1.7879957199096679,1.2020726203918457,2.4535103903670618e-05,4.074577587881142,20980,,,,,,,,,,,
1.8406646728515625,0.6808407306671143,2.4510827345115558e-05,4.078461837249951,21000,,,,,,,,,,,
1.8367902755737304,0.6704996228218079,2.4486550786560497e-05,4.082346086618761,21020,,,,,,,,,,,
1.8597898483276367,0.7045673131942749,2.4462274228005437e-05,4.086230335987571,21040,,,,,,,,,,,
1.8588985443115233,0.7932626008987427,2.443799766945038e-05,4.09011458535638,21060,,,,,,,,,,,
1.840805435180664,0.7398502826690674,2.4413721110895323e-05,4.093998834725189,21080,,,,,,,,,,,
1.9278806686401366,0.7180728316307068,2.4389444552340262e-05,4.097883084093999,21100,,,,,,,,,,,
1.868178367614746,0.7576843500137329,2.43651679937852e-05,4.101767333462808,21120,,,,,,,,,,,
1.8562963485717774,0.8007510304450989,2.434089143523014e-05,4.105651582831618,21140,,,,,,,,,,,
1.808164405822754,0.6637165546417236,2.4316614876675084e-05,4.109535832200427,21160,,,,,,,,,,,
1.8413698196411132,0.7295841574668884,2.4292338318120027e-05,4.113420081569236,21180,,,,,,,,,,,
1.8530994415283204,0.6778692603111267,2.4268061759564963e-05,4.117304330938047,21200,,,,,,,,,,,
1.8634000778198243,0.6749656200408936,2.4243785201009906e-05,4.121188580306856,21220,,,,,,,,,,,
1.849520492553711,0.774137556552887,2.4219508642454845e-05,4.125072829675665,21240,,,,,,,,,,,
1.8172353744506835,0.6843441128730774,2.419523208389979e-05,4.128957079044475,21260,,,,,,,,,,,
1.7926576614379883,0.751449704170227,2.4170955525344728e-05,4.132841328413284,21280,,,,,,,,,,,
1.8434247970581055,0.7421696186065674,2.4146678966789667e-05,4.1367255777820935,21300,,,,,,,,,,,
1.8129806518554688,0.7751754522323608,2.412240240823461e-05,4.140609827150903,21320,,,,,,,,,,,
1.8856964111328125,0.7999867796897888,2.409812584967955e-05,4.144494076519712,21340,,,,,,,,,,,
1.8024188995361328,0.7995007038116455,2.4073849291124493e-05,4.148378325888522,21360,,,,,,,,,,,
1.792179489135742,0.6781336069107056,2.4049572732569432e-05,4.152262575257332,21380,,,,,,,,,,,
1.8507051467895508,0.7334579229354858,2.402529617401437e-05,4.156146824626141,21400,,,,,,,,,,,
1.8839897155761718,0.6691229939460754,2.4001019615459315e-05,4.160031073994951,21420,,,,,,,,,,,
1.822160530090332,0.7566410303115845,2.3976743056904254e-05,4.16391532336376,21440,,,,,,,,,,,
1.8414804458618164,0.7418876886367798,2.3952466498349197e-05,4.167799572732569,21460,,,,,,,,,,,
1.823155975341797,0.618748128414154,2.3928189939794136e-05,4.171683822101379,21480,,,,,,,,,,,
1.8017505645751952,0.7114933729171753,2.3903913381239076e-05,4.175568071470188,21500,,,,,,,,,,,
1.7691823959350585,0.6539316773414612,2.387963682268402e-05,4.1794523208389975,21520,,,,,,,,,,,
1.8021909713745117,0.8373628258705139,2.385536026412896e-05,4.183336570207807,21540,,,,,,,,,,,
1.8477401733398438,0.7880949974060059,2.3831083705573898e-05,4.187220819576617,21560,,,,,,,,,,,
1.8529434204101562,0.7102257609367371,2.380680714701884e-05,4.191105068945427,21580,,,,,,,,,,,
1.8683507919311524,0.6320787072181702,2.378253058846378e-05,4.194989318314236,21600,,,,,,,,,,,
1.8380722045898437,0.709556519985199,2.3758254029908723e-05,4.198873567683045,21620,,,,,,,,,,,
1.818351936340332,0.7329536080360413,2.3733977471353663e-05,4.202757817051855,21640,,,,,,,,,,,
1.83946533203125,0.799472451210022,2.3709700912798602e-05,4.206642066420664,21660,,,,,,,,,,,
1.8473867416381835,0.7650893330574036,2.3685424354243542e-05,4.2105263157894735,21680,,,,,,,,,,,
1.8337614059448242,0.633304238319397,2.3661147795688485e-05,4.214410565158283,21700,,,,,,,,,,,
1.7903429031372071,0.664077639579773,2.3636871237133428e-05,4.218294814527093,21720,,,,,,,,,,,
1.8288261413574218,0.6366301774978638,2.3612594678578364e-05,4.2221790638959025,21740,,,,,,,,,,,
1.8048616409301759,0.7195398211479187,2.3588318120023307e-05,4.226063313264712,21760,,,,,,,,,,,
1.8013786315917968,0.9934863448143005,2.3564041561468246e-05,4.229947562633521,21780,,,,,,,,,,,
1.8485048294067383,0.7380642890930176,2.353976500291319e-05,4.233831812002331,21800,,,,,,,,,,,
1.8536985397338868,0.7064668536186218,2.3515488444358132e-05,4.23771606137114,21820,,,,,,,,,,,
1.7958185195922851,0.7007829546928406,2.3491211885803068e-05,4.241600310739949,21840,,,,,,,,,,,
1.810321044921875,0.7316001653671265,2.346693532724801e-05,4.245484560108759,21860,,,,,,,,,,,
1.8689207077026366,0.7345921397209167,2.344265876869295e-05,4.249368809477568,21880,,,,,,,,,,,
1.8823612213134766,0.7872149348258972,2.3418382210137893e-05,4.2532530588463775,21900,,,,,,,,,,,
1.8390392303466796,0.686295211315155,2.3394105651582833e-05,4.257137308215188,21920,,,,,,,,,,,
1.86905517578125,0.6835559606552124,2.3369829093027772e-05,4.261021557583997,21940,,,,,,,,,,,
1.8430219650268556,0.6670054793357849,2.3345552534472715e-05,4.2649058069528065,21960,,,,,,,,,,,
1.7746978759765626,0.9885122776031494,2.3321275975917655e-05,4.268790056321616,21980,,,,,,,,,,,
1.8265899658203124,0.654895007610321,2.3296999417362598e-05,4.272674305690425,22000,,,,,,,,,,,
1.7979507446289062,0.6690693497657776,2.3272722858807537e-05,4.276558555059235,22020,,,,,,,,,,,
1.8178316116333009,0.6629273295402527,2.3248446300252477e-05,4.280442804428044,22040,,,,,,,,,,,
1.8401884078979491,0.7611692547798157,2.322416974169742e-05,4.284327053796853,22060,,,,,,,,,,,
1.8643726348876952,0.8345590233802795,2.319989318314236e-05,4.288211303165664,22080,,,,,,,,,,,
1.8316646575927735,0.7479237914085388,2.31756166245873e-05,4.292095552534473,22100,,,,,,,,,,,
1.8212526321411133,0.8379760980606079,2.315134006603224e-05,4.295979801903282,22120,,,,,,,,,,,
1.8632349014282226,0.7491160035133362,2.312706350747718e-05,4.299864051272092,22140,,,,,,,,,,,
1.8126771926879883,0.8890331983566284,2.3102786948922124e-05,4.303748300640901,22160,,,,,,,,,,,
1.8207841873168946,0.6793838143348694,2.307851039036706e-05,4.307632550009711,22180,,,,,,,,,,,
1.8201486587524414,0.774087131023407,2.3054233831812003e-05,4.31151679937852,22200,,,,,,,,,,,
1.8791891098022462,0.6592050194740295,2.3029957273256942e-05,4.315401048747329,22220,,,,,,,,,,,
1.8401485443115235,0.6874092221260071,2.3005680714701885e-05,4.319285298116139,22240,,,,,,,,,,,
1.8647581100463868,0.7396366596221924,2.2981404156146828e-05,4.323169547484948,22260,,,,,,,,,,,
1.8053243637084961,0.7704772353172302,2.2957127597591764e-05,4.327053796853758,22280,,,,,,,,,,,
1.8608928680419923,0.7372633218765259,2.2932851039036707e-05,4.330938046222568,22300,,,,,,,,,,,
1.7990570068359375,0.7229567170143127,2.2908574480481647e-05,4.334822295591377,22320,,,,,,,,,,,
1.8175352096557618,0.7963617444038391,2.288429792192659e-05,4.3387065449601865,22340,,,,,,,,,,,
1.8365480422973632,0.7658000588417053,2.286002136337153e-05,4.342590794328996,22360,,,,,,,,,,,
1.8097810745239258,0.7984372973442078,2.283574480481647e-05,4.346475043697805,22380,,,,,,,,,,,
1.8238460540771484,0.7080140709877014,2.281146824626141e-05,4.350359293066615,22400,,,,,,,,,,,
1.7916534423828125,0.899203896522522,2.278719168770635e-05,4.354243542435424,22420,,,,,,,,,,,
1.8190258026123047,0.6749391555786133,2.2762915129151294e-05,4.358127791804234,22440,,,,,,,,,,,
1.830315399169922,0.6872156858444214,2.2738638570596233e-05,4.362012041173044,22460,,,,,,,,,,,
1.8297407150268554,0.7257334589958191,2.2714362012041173e-05,4.365896290541853,22480,,,,,,,,,,,
1.7779779434204102,0.8029404878616333,2.2690085453486116e-05,4.369780539910662,22500,,,,,,,,,,,
1.8254547119140625,0.7333491444587708,2.2665808894931055e-05,4.373664789279472,22520,,,,,,,,,,,
1.7911815643310547,0.7460955381393433,2.2641532336375995e-05,4.377549038648281,22540,,,,,,,,,,,
1.849411964416504,0.7026973366737366,2.2617255777820938e-05,4.3814332880170905,22560,,,,,,,,,,,
1.7771474838256835,0.7348152995109558,2.2592979219265877e-05,4.3853175373859,22580,,,,,,,,,,,
1.8178228378295898,0.7135116457939148,2.256870266071082e-05,4.389201786754709,22600,,,,,,,,,,,
1.8221250534057618,0.7774245738983154,2.254442610215576e-05,4.393086036123519,22620,,,,,,,,,,,
1.760808563232422,0.8201878070831299,2.25201495436007e-05,4.396970285492329,22640,,,,,,,,,,,
1.7468887329101563,0.7323147654533386,2.2495872985045642e-05,4.400854534861138,22660,,,,,,,,,,,
1.7904541015625,0.6766161918640137,2.247159642649058e-05,4.404738784229948,22680,,,,,,,,,,,
1.807065773010254,0.7834967374801636,2.2447319867935525e-05,4.408623033598757,22700,,,,,,,,,,,
1.850449562072754,0.7396218180656433,2.242304330938046e-05,4.4125072829675664,22720,,,,,,,,,,,
1.8412120819091797,0.6982198357582092,2.2398766750825404e-05,4.416391532336376,22740,,,,,,,,,,,
1.8559099197387696,0.8663656115531921,2.2374490192270346e-05,4.420275781705185,22760,,,,,,,,,,,
1.8242530822753906,0.7851038575172424,2.2350213633715286e-05,4.424160031073995,22780,,,,,,,,,,,
1.845265769958496,0.7461446523666382,2.232593707516023e-05,4.428044280442805,22800,,,,,,,,,,,
1.7907461166381835,0.7295773029327393,2.2301660516605165e-05,4.431928529811614,22820,,,,,,,,,,,
1.7968061447143555,0.7376921772956848,2.2277383958050108e-05,4.435812779180424,22840,,,,,,,,,,,
1.8172735214233398,0.8480489253997803,2.2253107399495047e-05,4.439697028549233,22860,,,,,,,,,,,
1.8250566482543946,0.6869637370109558,2.222883084093999e-05,4.443581277918042,22880,,,,,,,,,,,
1.8710134506225586,0.7150251865386963,2.220455428238493e-05,4.447465527286852,22900,,,,,,,,,,,
1.838104820251465,0.7293762564659119,2.218027772382987e-05,4.451349776655661,22920,,,,,,,,,,,
1.8153255462646485,0.763713538646698,2.2156001165274812e-05,4.4552340260244705,22940,,,,,,,,,,,
1.7700315475463868,0.7152316570281982,2.2131724606719752e-05,4.45911827539328,22960,,,,,,,,,,,
1.844703483581543,0.6767047643661499,2.2107448048164695e-05,4.46300252476209,22980,,,,,,,,,,,
1.871894073486328,0.8114701509475708,2.2083171489609634e-05,4.4668867741308995,23000,,,,,,,,,,,
1.8174814224243163,0.7600857019424438,2.2058894931054574e-05,4.470771023499709,23020,,,,,,,,,,,
1.7876129150390625,0.6496549248695374,2.2034618372499517e-05,4.474655272868518,23040,,,,,,,,,,,
1.7691947937011718,0.6983254551887512,2.2010341813944456e-05,4.478539522237328,23060,,,,,,,,,,,
1.810623550415039,0.7227675318717957,2.1986065255389396e-05,4.482423771606137,23080,,,,,,,,,,,
1.8387149810791015,0.681891918182373,2.196178869683434e-05,4.486308020974946,23100,,,,,,,,,,,
1.8239101409912108,0.7239392399787903,2.1937512138279278e-05,4.490192270343756,23120,,,,,,,,,,,
1.824365234375,0.9137365221977234,2.191323557972422e-05,4.494076519712565,23140,,,,,,,,,,,
1.7642730712890624,0.7764649987220764,2.188895902116916e-05,4.497960769081375,23160,,,,,,,,,,,
1.761438751220703,0.6744626760482788,2.18646824626141e-05,4.501845018450185,23180,,,,,,,,,,,
1.837620162963867,0.6782934665679932,2.1840405904059043e-05,4.505729267818994,23200,,,,,,,,,,,
1.8056772232055665,0.690346896648407,2.1816129345503982e-05,4.509613517187804,23220,,,,,,,,,,,
1.7809413909912108,0.7193138003349304,2.1791852786948925e-05,4.513497766556613,23240,,,,,,,,,,,
1.8061655044555665,0.7122132182121277,2.176757622839386e-05,4.517382015925422,23260,,,,,,,,,,,
1.7496393203735352,0.7640421986579895,2.1743299669838804e-05,4.521266265294232,23280,,,,,,,,,,,
1.779303741455078,0.7022963762283325,2.1719023111283747e-05,4.525150514663041,23300,,,,,,,,,,,
1.8005823135375976,0.6937466263771057,2.1694746552728687e-05,4.5290347640318505,23320,,,,,,,,,,,
1.8152509689331056,0.6418641209602356,2.167046999417363e-05,4.53291901340066,23340,,,,,,,,,,,
1.8145055770874023,0.7829837203025818,2.1646193435618566e-05,4.53680326276947,23360,,,,,,,,,,,
1.8015380859375,0.7631700038909912,2.162191687706351e-05,4.5406875121382795,23380,,,,,,,,,,,
1.8250955581665038,0.6734312772750854,2.1597640318508448e-05,4.544571761507089,23400,,,,,,,,,,,
1.8242059707641602,0.7591724395751953,2.157336375995339e-05,4.548456010875898,23420,,,,,,,,,,,
1.8181316375732421,0.6746742725372314,2.154908720139833e-05,4.552340260244708,23440,,,,,,,,,,,
1.7582584381103517,0.667874813079834,2.152481064284327e-05,4.556224509613517,23460,,,,,,,,,,,
1.8419097900390624,0.7206663489341736,2.1500534084288213e-05,4.560108758982326,23480,,,,,,,,,,,
1.7915246963500977,0.7247387766838074,2.1476257525733152e-05,4.563993008351137,23500,,,,,,,,,,,
1.8676231384277344,0.7740264534950256,2.1451980967178095e-05,4.567877257719946,23520,,,,,,,,,,,
1.7794673919677735,0.7108568549156189,2.1427704408623035e-05,4.571761507088755,23540,,,,,,,,,,,
1.7992107391357421,0.7110372185707092,2.1403427850067974e-05,4.575645756457565,23560,,,,,,,,,,,
1.8021223068237304,0.8295453786849976,2.1379151291512917e-05,4.579530005826374,23580,,,,,,,,,,,
1.8331060409545898,0.6983916759490967,2.1354874732957857e-05,4.5834142551951835,23600,,,,,,,,,,,
1.7996496200561523,0.7738338708877563,2.1330598174402796e-05,4.587298504563993,23620,,,,,,,,,,,
1.800424575805664,0.7618799209594727,2.130632161584774e-05,4.591182753932802,23640,,,,,,,,,,,
1.8764078140258789,1.2541449069976807,2.128204505729268e-05,4.595067003301612,23660,,,,,,,,,,,
1.8160388946533204,0.8746293187141418,2.125776849873762e-05,4.598951252670421,23680,,,,,,,,,,,
1.8200037002563476,0.6964563727378845,2.123349194018256e-05,4.60283550203923,23700,,,,,,,,,,,
1.8232927322387695,0.768107533454895,2.12092153816275e-05,4.606719751408041,23720,,,,,,,,,,,
1.7939714431762694,0.6867231130599976,2.1184938823072443e-05,4.61060400077685,23740,,,,,,,,,,,
1.8126436233520509,0.7640885710716248,2.1160662264517383e-05,4.614488250145659,23760,,,,,,,,,,,
1.838775634765625,0.6996226906776428,2.1136385705962326e-05,4.618372499514469,23780,,,,,,,,,,,
1.7906774520874023,0.8194500207901001,2.1112109147407262e-05,4.622256748883278,23800,,,,,,,,,,,
1.8256875991821289,0.6707421541213989,2.1087832588852205e-05,4.626140998252088,23820,,,,,,,,,,,
1.7760160446166993,0.6664202213287354,2.1063556030297148e-05,4.630025247620897,23840,,,,,,,,,,,
1.7698404312133789,0.7921072244644165,2.1039279471742087e-05,4.633909496989707,23860,,,,,,,,,,,
1.883992576599121,0.7544045448303223,2.1015002913187027e-05,4.637793746358517,23880,,,,,,,,,,,
1.7779071807861329,0.6390182375907898,2.0990726354631966e-05,4.641677995727326,23900,,,,,,,,,,,
1.7177555084228515,0.705782949924469,2.096644979607691e-05,4.645562245096135,23920,,,,,,,,,,,
1.8120723724365235,0.7618534564971924,2.0942173237521852e-05,4.649446494464945,23940,,,,,,,,,,,
1.8534906387329102,0.7721300721168518,2.091789667896679e-05,4.653330743833754,23960,,,,,,,,,,,
1.806562614440918,0.6384398937225342,2.089362012041173e-05,4.6572149932025635,23980,,,,,,,,,,,
1.7565580368041993,0.7259153723716736,2.086934356185667e-05,4.661099242571373,24000,,,,,,,,,,,
1.8577743530273438,0.6919695734977722,2.0845067003301614e-05,4.664983491940182,24020,,,,,,,,,,,
1.7995105743408204,0.7391800284385681,2.0820790444746553e-05,4.668867741308992,24040,,,,,,,,,,,
1.7785268783569337,0.6935828328132629,2.0796513886191493e-05,4.672751990677802,24060,,,,,,,,,,,
1.831365966796875,0.7184671759605408,2.0772237327636435e-05,4.676636240046611,24080,,,,,,,,,,,
1.7684555053710938,0.6403273344039917,2.0747960769081375e-05,4.680520489415421,24100,,,,,,,,,,,
1.8236913681030273,0.6924702525138855,2.0723684210526318e-05,4.68440473878423,24120,,,,,,,,,,,
1.7388233184814452,0.750873863697052,2.0699407651971257e-05,4.688288988153039,24140,,,,,,,,,,,
1.8132932662963868,0.6980724930763245,2.0675131093416197e-05,4.692173237521849,24160,,,,,,,,,,,
1.8206350326538085,0.7052009701728821,2.065085453486114e-05,4.696057486890658,24180,,,,,,,,,,,
1.8136701583862305,0.756874680519104,2.062657797630608e-05,4.6999417362594675,24200,,,,,,,,,,,
1.7484516143798827,0.6269534230232239,2.0602301417751022e-05,4.703825985628278,24220,,,,,,,,,,,
1.810849952697754,0.7696457505226135,2.0578024859195962e-05,4.707710234997087,24240,,,,,,,,,,,
1.7448612213134767,0.6876111030578613,2.05537483006409e-05,4.711594484365897,24260,,,,,,,,,,,
1.8501237869262694,0.7519423961639404,2.0529471742085844e-05,4.715478733734706,24280,,,,,,,,,,,
1.8422792434692383,0.70069819688797,2.0505195183530784e-05,4.719362983103515,24300,,,,,,,,,,,
1.7563247680664062,0.7293742895126343,2.0480918624975727e-05,4.723247232472325,24320,,,,,,,,,,,
1.8080430984497071,0.6663104891777039,2.0456642066420663e-05,4.727131481841134,24340,,,,,,,,,,,
1.7601657867431642,1.6663774251937866,2.0432365507865606e-05,4.7310157312099435,24360,,,,,,,,,,,
1.8005130767822266,0.6388949751853943,2.040808894931055e-05,4.734899980578753,24380,,,,,,,,,,,
1.7825603485107422,0.6312942504882812,2.0383812390755488e-05,4.738784229947562,24400,,,,,,,,,,,
1.7973276138305665,0.6830903887748718,2.0359535832200427e-05,4.7426684793163725,24420,,,,,,,,,,,
1.784446907043457,0.6788934469223022,2.0335259273645367e-05,4.746552728685182,24440,,,,,,,,,,,
1.7573892593383789,0.6984175443649292,2.031098271509031e-05,4.750436978053991,24460,,,,,,,,,,,
1.7851945877075195,0.7615220546722412,2.0286706156535253e-05,4.754321227422801,24480,,,,,,,,,,,
1.867236328125,0.7065834403038025,2.0262429597980192e-05,4.75820547679161,24500,,,,,,,,,,,
1.8244882583618165,0.7012941241264343,2.0238153039425132e-05,4.762089726160419,24520,,,,,,,,,,,
1.7818927764892578,0.8070823550224304,2.021387648087007e-05,4.765973975529229,24540,,,,,,,,,,,
1.818350601196289,0.7271851897239685,2.0189599922315014e-05,4.769858224898038,24560,,,,,,,,,,,
1.7838382720947266,0.7539520859718323,2.0165323363759954e-05,4.773742474266848,24580,,,,,,,,,,,
1.8147174835205078,0.74830561876297,2.0141046805204893e-05,4.777626723635658,24600,,,,,,,,,,,
1.7705101013183593,0.7515180706977844,2.0116770246649836e-05,4.781510973004467,24620,,,,,,,,,,,
1.8400150299072267,0.6520147919654846,2.0092493688094776e-05,4.7853952223732765,24640,,,,,,,,,,,
1.7811918258666992,0.930400013923645,2.006821712953972e-05,4.789279471742086,24660,,,,,,,,,,,
1.8307811737060546,0.738660991191864,2.0043940570984658e-05,4.793163721110895,24680,,,,,,,,,,,
1.8018659591674804,0.8422329425811768,2.0019664012429598e-05,4.797047970479705,24700,,,,,,,,,,,
1.8762422561645509,0.6824187636375427,1.999538745387454e-05,4.800932219848514,24720,,,,,,,,,,,
1.7544294357299806,0.7144716382026672,1.997111089531948e-05,4.804816469217323,24740,,,,,,,,,,,
1.7748836517333983,0.7118883728981018,1.9946834336764423e-05,4.808700718586133,24760,,,,,,,,,,,
1.7838758468627929,0.7468907237052917,1.9922557778209362e-05,4.812584967954943,24780,,,,,,,,,,,
1.781987190246582,0.7324168086051941,1.9898281219654302e-05,4.816469217323752,24800,,,,,,,,,,,
1.7834630966186524,0.7900124192237854,1.9874004661099245e-05,4.820353466692562,24820,,,,,,,,,,,
1.8031700134277344,0.8027600049972534,1.9849728102544184e-05,4.824237716061371,24840,,,,,,,,,,,
1.817610740661621,0.7100107669830322,1.9825451543989127e-05,4.828121965430181,24860,,,,,,,,,,,
1.7730375289916993,0.7405472993850708,1.9801174985434063e-05,4.83200621479899,24880,,,,,,,,,,,
1.7874364852905273,0.7909536957740784,1.9776898426879006e-05,4.835890464167799,24900,,,,,,,,,,,
1.764634895324707,0.6872128844261169,1.975262186832395e-05,4.839774713536609,24920,,,,,,,,,,,
1.7875097274780274,0.6833624243736267,1.972834530976889e-05,4.843658962905419,24940,,,,,,,,,,,
1.824928092956543,0.8376646637916565,1.9704068751213828e-05,4.847543212274228,24960,,,,,,,,,,,
1.7934148788452149,0.7608447670936584,1.9679792192658768e-05,4.851427461643038,24980,,,,,,,,,,,
1.7978471755981444,0.6768698692321777,1.965551563410371e-05,4.855311711011847,25000,,,,,,,,,,,
1.7903152465820313,0.7549319863319397,1.9631239075548653e-05,4.8591959603806565,25020,,,,,,,,,,,
1.8391162872314453,0.7269890308380127,1.960696251699359e-05,4.863080209749466,25040,,,,,,,,,,,
1.8298051834106446,0.7642940878868103,1.9582685958438532e-05,4.866964459118275,25060,,,,,,,,,,,
1.8036483764648437,0.7309576869010925,1.9558409399883472e-05,4.870848708487085,25080,,,,,,,,,,,
1.8140298843383789,0.7603843212127686,1.9534132841328415e-05,4.874732957855894,25100,,,,,,,,,,,
1.8430793762207032,0.802282452583313,1.9509856282773354e-05,4.878617207224703,25120,,,,,,,,,,,
1.77758731842041,0.662270724773407,1.9485579724218294e-05,4.882501456593514,25140,,,,,,,,,,,
1.7863773345947265,0.6926395297050476,1.9461303165663237e-05,4.886385705962323,25160,,,,,,,,,,,
1.74981689453125,0.7177164554595947,1.9437026607108176e-05,4.890269955331132,25180,,,,,,,,,,,
1.7677497863769531,0.7210298180580139,1.941275004855312e-05,4.894154204699942,25200,,,,,,,,,,,
1.8284685134887695,0.7040534019470215,1.938847348999806e-05,4.898038454068751,25220,,,,,,,,,,,
1.7464616775512696,0.7458073496818542,1.9364196931442998e-05,4.9019227034375605,25240,,,,,,,,,,,
1.8082677841186523,0.7045804858207703,1.933992037288794e-05,4.90580695280637,25260,,,,,,,,,,,
1.819614791870117,0.7118422985076904,1.931564381433288e-05,4.909691202175179,25280,,,,,,,,,,,
1.771561622619629,0.7318444848060608,1.9291367255777824e-05,4.91357545154399,25300,,,,,,,,,,,
1.8169685363769532,0.7258973717689514,1.9267090697222763e-05,4.917459700912799,25320,,,,,,,,,,,
1.8291921615600586,0.7118393778800964,1.9242814138667703e-05,4.921343950281608,25340,,,,,,,,,,,
1.7642892837524413,0.660294234752655,1.9218537580112645e-05,4.925228199650418,25360,,,,,,,,,,,
1.8232995986938476,0.7703999876976013,1.9194261021557585e-05,4.929112449019227,25380,,,,,,,,,,,
1.8197797775268554,0.8674924969673157,1.9169984463002524e-05,4.9329966983880364,25400,,,,,,,,,,,
1.7463939666748047,0.7901424765586853,1.9145707904447467e-05,4.936880947756846,25420,,,,,,,,,,,
1.824977493286133,0.8267424702644348,1.9121431345892407e-05,4.940765197125655,25440,,,,,,,,,,,
1.7541568756103516,0.7445887327194214,1.909715478733735e-05,4.944649446494465,25460,,,,,,,,,,,
1.7738311767578125,0.6630509495735168,1.907287822878229e-05,4.948533695863274,25480,,,,,,,,,,,
1.807698631286621,0.7616422176361084,1.904860167022723e-05,4.952417945232084,25500,,,,,,,,,,,
1.7522945404052734,0.6649981141090393,1.902432511167217e-05,4.956302194600894,25520,,,,,,,,,,,
1.7735658645629884,0.7637622356414795,1.900004855311711e-05,4.960186443969703,25540,,,,,,,,,,,
1.7867734909057618,0.7870348691940308,1.8975771994562054e-05,4.964070693338512,25560,,,,,,,,,,,
1.7942968368530274,0.725643515586853,1.895149543600699e-05,4.967954942707322,25580,,,,,,,,,,,
1.8202226638793946,0.7101075649261475,1.8927218877451933e-05,4.971839192076131,25600,,,,,,,,,,,
1.7487363815307617,0.7945353388786316,1.8902942318896873e-05,4.9757234414449405,25620,,,,,,,,,,,
1.8120891571044921,0.634329617023468,1.8878665760341816e-05,4.97960769081375,25640,,,,,,,,,,,
1.7462848663330077,0.826913058757782,1.885438920178676e-05,4.98349194018256,25660,,,,,,,,,,,
1.7764215469360352,0.6544972062110901,1.8830112643231695e-05,4.9873761895513695,25680,,,,,,,,,,,
1.7269699096679687,0.8389313220977783,1.8805836084676637e-05,4.991260438920179,25700,,,,,,,,,,,
1.7321468353271485,0.6502022743225098,1.8781559526121577e-05,4.995144688288988,25720,,,,,,,,,,,
1.8075468063354492,0.8008584976196289,1.875728296756652e-05,4.999028937657798,25740,,,,,,,,,,,
,,,5.0,25745,1.789162278175354,14.67903827213599,39.48358631080096,273.2834,12.46,0.779,,,,,
1.7888595581054687,0.7320303916931152,1.873300640901146e-05,5.002913187026607,25760,,,,,,,,,,,
1.7728456497192382,0.7560410499572754,1.87087298504564e-05,5.006797436395416,25780,,,,,,,,,,,
1.8051050186157227,0.7288477420806885,1.8684453291901342e-05,5.010681685764226,25800,,,,,,,,,,,
1.7631759643554688,0.6533710360527039,1.866017673334628e-05,5.014565935133035,25820,,,,,,,,,,,
1.7961210250854491,0.6660943031311035,1.8635900174791224e-05,5.018450184501845,25840,,,,,,,,,,,
1.8422687530517579,0.6834549307823181,1.8611623616236164e-05,5.022334433870655,25860,,,,,,,,,,,
1.7638500213623047,0.7613921165466309,1.8587347057681103e-05,5.026218683239464,25880,,,,,,,,,,,
1.7854175567626953,0.8067658543586731,1.8563070499126046e-05,5.030102932608274,25900,,,,,,,,,,,
1.7366012573242187,0.7255779504776001,1.8538793940570986e-05,5.033987181977083,25920,,,,,,,,,,,
1.770102310180664,0.7798875570297241,1.8514517382015925e-05,5.037871431345892,25940,,,,,,,,,,,
1.8081844329833985,0.668302059173584,1.8490240823460868e-05,5.041755680714702,25960,,,,,,,,,,,
1.8615425109863282,0.7094411253929138,1.8465964264905808e-05,5.045639930083511,25980,,,,,,,,,,,
1.836090660095215,0.7964057922363281,1.844168770635075e-05,5.0495241794523205,26000,,,,,,,,,,,
1.8177570343017577,0.7604045867919922,1.841741114779569e-05,5.053408428821131,26020,,,,,,,,,,,
1.8278337478637696,0.6911078095436096,1.839313458924063e-05,5.05729267818994,26040,,,,,,,,,,,
1.7525352478027343,0.7520081400871277,1.836885803068557e-05,5.0611769275587495,26060,,,,,,,,,,,
1.7513723373413086,0.6505739688873291,1.8344581472130512e-05,5.065061176927559,26080,,,,,,,,,,,
1.76043758392334,0.7255218625068665,1.8320304913575455e-05,5.068945426296368,26100,,,,,,,,,,,
1.7949928283691405,0.7438230514526367,1.829602835502039e-05,5.072829675665178,26120,,,,,,,,,,,
1.8007606506347655,0.6669687032699585,1.8271751796465334e-05,5.076713925033987,26140,,,,,,,,,,,
1.7687179565429687,0.7220526337623596,1.8247475237910273e-05,5.080598174402796,26160,,,,,,,,,,,
1.7707218170166015,0.716336190700531,1.8223198679355216e-05,5.084482423771606,26180,,,,,,,,,,,
1.7764520645141602,0.7218072414398193,1.819892212080016e-05,5.088366673140416,26200,,,,,,,,,,,
1.731171226501465,0.7527136206626892,1.8174645562245095e-05,5.092250922509225,26220,,,,,,,,,,,
1.8055261611938476,0.7239962220191956,1.8150369003690038e-05,5.096135171878035,26240,,,,,,,,,,,
1.784316062927246,0.7370629906654358,1.8126092445134978e-05,5.100019421246844,26260,,,,,,,,,,,
1.8151216506958008,0.7451043725013733,1.810181588657992e-05,5.1039036706156535,26280,,,,,,,,,,,
1.722608757019043,0.7459908723831177,1.807753932802486e-05,5.107787919984463,26300,,,,,,,,,,,
1.8215217590332031,0.6713012456893921,1.80532627694698e-05,5.111672169353272,26320,,,,,,,,,,,
1.7824295043945313,0.770476758480072,1.8028986210914742e-05,5.115556418722082,26340,,,,,,,,,,,
1.794866943359375,0.6707546710968018,1.8004709652359682e-05,5.119440668090891,26360,,,,,,,,,,,
1.7553035736083984,0.8143426179885864,1.7980433093804625e-05,5.123324917459701,26380,,,,,,,,,,,
1.8057317733764648,0.7495030760765076,1.7956156535249564e-05,5.127209166828511,26400,,,,,,,,,,,
1.7983245849609375,0.7381334900856018,1.7931879976694504e-05,5.13109341619732,26420,,,,,,,,,,,
1.802630615234375,0.7515090703964233,1.7907603418139447e-05,5.1349776655661294,26440,,,,,,,,,,,
1.8129465103149414,0.7726863622665405,1.7883326859584386e-05,5.138861914934939,26460,,,,,,,,,,,
1.7645584106445313,0.7403151988983154,1.7859050301029326e-05,5.142746164303748,26480,,,,,,,,,,,
1.7892189025878906,0.7084807753562927,1.783477374247427e-05,5.146630413672558,26500,,,,,,,,,,,
1.7895730972290038,0.7959586977958679,1.7810497183919208e-05,5.150514663041367,26520,,,,,,,,,,,
1.7867340087890624,0.7275577187538147,1.778622062536415e-05,5.154398912410176,26540,,,,,,,,,,,
1.8097074508666993,0.7402852177619934,1.7761944066809087e-05,5.158283161778987,26560,,,,,,,,,,,
1.794638442993164,0.7775447368621826,1.773766750825403e-05,5.162167411147796,26580,,,,,,,,,,,
1.744123649597168,0.6794239282608032,1.7713390949698973e-05,5.166051660516605,26600,,,,,,,,,,,
1.7512994766235352,0.7301211357116699,1.7689114391143913e-05,5.169935909885415,26620,,,,,,,,,,,
1.8434688568115234,0.707338809967041,1.7664837832588855e-05,5.173820159254224,26640,,,,,,,,,,,
1.7730379104614258,0.7299936413764954,1.764056127403379e-05,5.1777044086230335,26660,,,,,,,,,,,
1.7652395248413086,0.6685131192207336,1.7616284715478734e-05,5.181588657991843,26680,,,,,,,,,,,
1.815272903442383,0.6547523736953735,1.7592008156923674e-05,5.185472907360652,26700,,,,,,,,,,,
1.742955207824707,0.6581901907920837,1.7567731598368617e-05,5.189357156729462,26720,,,,,,,,,,,
1.8121213912963867,0.7156597375869751,1.7543455039813556e-05,5.193241406098272,26740,,,,,,,,,,,
1.7920196533203125,0.7376824617385864,1.7519178481258496e-05,5.197125655467081,26760,,,,,,,,,,,
1.785130500793457,0.8330548405647278,1.749490192270344e-05,5.201009904835891,26780,,,,,,,,,,,
1.766359519958496,0.754189670085907,1.747062536414838e-05,5.2048941542047,26800,,,,,,,,,,,
1.7594457626342774,0.6820865869522095,1.744634880559332e-05,5.208778403573509,26820,,,,,,,,,,,
1.7665206909179687,0.8626300096511841,1.742207224703826e-05,5.212662652942319,26840,,,,,,,,,,,
1.771022415161133,0.6971396803855896,1.73977956884832e-05,5.216546902311128,26860,,,,,,,,,,,
1.7249887466430665,0.6772958040237427,1.7373519129928143e-05,5.2204311516799375,26880,,,,,,,,,,,
1.8478670120239258,0.6813910603523254,1.7349242571373083e-05,5.224315401048747,26900,,,,,,,,,,,
1.8140689849853515,0.7451075315475464,1.7324966012818022e-05,5.228199650417557,26920,,,,,,,,,,,
1.794914436340332,0.799568235874176,1.7300689454262965e-05,5.232083899786367,26940,,,,,,,,,,,
1.746683120727539,0.5981559157371521,1.7276412895707905e-05,5.235968149155176,26960,,,,,,,,,,,
1.7980779647827148,0.7519615292549133,1.7252136337152847e-05,5.239852398523985,26980,,,,,,,,,,,
1.836429977416992,0.7756061553955078,1.7227859778597787e-05,5.243736647892795,27000,,,,,,,,,,,
1.8183837890625,0.6870930194854736,1.7203583220042726e-05,5.247620897261604,27020,,,,,,,,,,,
1.8031314849853515,0.7053272724151611,1.717930666148767e-05,5.2515051466304135,27040,,,,,,,,,,,
1.8013835906982423,0.6840638518333435,1.715503010293261e-05,5.255389395999223,27060,,,,,,,,,,,
1.7623603820800782,0.722922682762146,1.7130753544377552e-05,5.259273645368032,27080,,,,,,,,,,,
1.7347837448120118,0.7154918909072876,1.7106476985822488e-05,5.2631578947368425,27100,,,,,,,,,,,
1.7601078033447266,0.7192350625991821,1.708220042726743e-05,5.267042144105652,27120,,,,,,,,,,,
1.7567039489746095,0.7236379384994507,1.7057923868712374e-05,5.270926393474461,27140,,,,,,,,,,,
1.8414670944213867,0.7773880958557129,1.7033647310157313e-05,5.274810642843271,27160,,,,,,,,,,,
1.756178855895996,0.7358543276786804,1.7009370751602256e-05,5.27869489221208,27180,,,,,,,,,,,
1.7768566131591796,0.6881515979766846,1.6985094193047192e-05,5.282579141580889,27200,,,,,,,,,,,
1.8414005279541015,0.6310723423957825,1.6960817634492135e-05,5.286463390949699,27220,,,,,,,,,,,
1.761494255065918,0.7764360904693604,1.6936541075937075e-05,5.290347640318508,27240,,,,,,,,,,,
1.7393688201904296,0.7219387888908386,1.6912264517382018e-05,5.2942318896873175,27260,,,,,,,,,,,
1.84735164642334,0.7693488001823425,1.6887987958826957e-05,5.298116139056128,27280,,,,,,,,,,,
1.7329484939575195,0.6644185185432434,1.6863711400271897e-05,5.302000388424937,27300,,,,,,,,,,,
1.7482591629028321,0.7510609030723572,1.683943484171684e-05,5.3058846377937465,27320,,,,,,,,,,,
1.7469961166381835,0.6931163668632507,1.681515828316178e-05,5.309768887162556,27340,,,,,,,,,,,
1.7484569549560547,0.6315484046936035,1.6790881724606722e-05,5.313653136531365,27360,,,,,,,,,,,
1.78646240234375,0.7606263756752014,1.676660516605166e-05,5.317537385900175,27380,,,,,,,,,,,
1.7372013092041017,0.643102765083313,1.67423286074966e-05,5.321421635268984,27400,,,,,,,,,,,
1.81072998046875,0.6956241130828857,1.6718052048941544e-05,5.325305884637793,27420,,,,,,,,,,,
1.7822847366333008,0.7525404691696167,1.6693775490386483e-05,5.329190134006604,27440,,,,,,,,,,,
1.7721139907836914,0.7448110580444336,1.6669498931831423e-05,5.333074383375413,27460,,,,,,,,,,,
1.8746608734130858,0.6658442616462708,1.6645222373276366e-05,5.336958632744222,27480,,,,,,,,,,,
1.7482440948486329,0.8832231760025024,1.6620945814721305e-05,5.340842882113032,27500,,,,,,,,,,,
1.7836801528930664,0.6830590963363647,1.6596669256166248e-05,5.344727131481841,27520,,,,,,,,,,,
1.7489601135253907,0.6896100640296936,1.6572392697611188e-05,5.348611380850651,27540,,,,,,,,,,,
1.7941465377807617,0.7709131240844727,1.6548116139056127e-05,5.35249563021946,27560,,,,,,,,,,,
1.774886703491211,0.8500088453292847,1.652383958050107e-05,5.356379879588269,27580,,,,,,,,,,,
1.7486864089965821,0.7274089455604553,1.649956302194601e-05,5.360264128957079,27600,,,,,,,,,,,
1.7302959442138672,0.76117342710495,1.6475286463390952e-05,5.364148378325888,27620,,,,,,,,,,,
1.7770120620727539,0.7720959782600403,1.645100990483589e-05,5.368032627694698,27640,,,,,,,,,,,
1.7528566360473632,0.7253054976463318,1.642673334628083e-05,5.371916877063508,27660,,,,,,,,,,,
1.7835678100585937,0.7194313406944275,1.6402456787725774e-05,5.375801126432317,27680,,,,,,,,,,,
1.7541046142578125,0.6301866769790649,1.6378180229170714e-05,5.3796853758011265,27700,,,,,,,,,,,
1.7803073883056642,0.8286089897155762,1.6353903670615657e-05,5.383569625169936,27720,,,,,,,,,,,
1.7395902633666993,0.6590986847877502,1.6329627112060593e-05,5.387453874538745,27740,,,,,,,,,,,
1.7628883361816405,0.6701456904411316,1.6305350553505536e-05,5.391338123907555,27760,,,,,,,,,,,
1.7642541885375977,0.7087771892547607,1.628107399495048e-05,5.395222373276364,27780,,,,,,,,,,,
1.7783622741699219,0.8222198486328125,1.6256797436395418e-05,5.399106622645174,27800,,,,,,,,,,,
1.7421924591064453,0.6836211085319519,1.6232520877840358e-05,5.402990872013984,27820,,,,,,,,,,,
1.7751279830932618,0.7163943648338318,1.6208244319285297e-05,5.406875121382793,27840,,,,,,,,,,,
1.7896230697631836,0.6978434324264526,1.618396776073024e-05,5.410759370751602,27860,,,,,,,,,,,
1.7260171890258789,0.6733104586601257,1.615969120217518e-05,5.414643620120412,27880,,,,,,,,,,,
1.7681337356567384,0.590080738067627,1.6135414643620123e-05,5.418527869489221,27900,,,,,,,,,,,
1.7285655975341796,0.7968152165412903,1.6111138085065062e-05,5.4224121188580305,27920,,,,,,,,,,,
1.8258922576904297,0.8985488414764404,1.608686152651e-05,5.42629636822684,27940,,,,,,,,,,,
1.8072965621948243,0.7087336182594299,1.6062584967954944e-05,5.430180617595649,27960,,,,,,,,,,,
1.7666988372802734,0.7610747814178467,1.6038308409399884e-05,5.434064866964459,27980,,,,,,,,,,,
1.7295469284057616,0.6839815378189087,1.6014031850844823e-05,5.437949116333269,28000,,,,,,,,,,,
1.7520862579345704,0.7042645215988159,1.5989755292289766e-05,5.441833365702078,28020,,,,,,,,,,,
1.7718246459960938,0.6361372470855713,1.5965478733734706e-05,5.445717615070888,28040,,,,,,,,,,,
1.8135211944580079,0.723962664604187,1.594120217517965e-05,5.449601864439697,28060,,,,,,,,,,,
1.7701255798339843,0.7219338417053223,1.591692561662459e-05,5.4534861138085065,28080,,,,,,,,,,,
1.81011962890625,0.6993435621261597,1.5892649058069528e-05,5.457370363177316,28100,,,,,,,,,,,
1.749443244934082,0.7183830142021179,1.586837249951447e-05,5.461254612546125,28120,,,,,,,,,,,
1.789659309387207,0.6909713745117188,1.584409594095941e-05,5.465138861914935,28140,,,,,,,,,,,
1.7145854949951171,0.6832636594772339,1.5819819382404353e-05,5.469023111283745,28160,,,,,,,,,,,
1.8074541091918945,0.7562676072120667,1.579554282384929e-05,5.472907360652554,28180,,,,,,,,,,,
1.7715961456298828,0.8583747148513794,1.5771266265294232e-05,5.476791610021364,28200,,,,,,,,,,,
1.750218391418457,0.6422353982925415,1.5746989706739175e-05,5.480675859390173,28220,,,,,,,,,,,
1.7885175704956056,0.7952463030815125,1.5722713148184115e-05,5.484560108758982,28240,,,,,,,,,,,
1.7538421630859375,0.7373595237731934,1.5698436589629054e-05,5.488444358127792,28260,,,,,,,,,,,
1.8296966552734375,0.7501159310340881,1.5674160031073994e-05,5.492328607496601,28280,,,,,,,,,,,
1.782465934753418,0.7204859256744385,1.5649883472518936e-05,5.4962128568654105,28300,,,,,,,,,,,
1.7717603683471679,0.6792495250701904,1.562560691396388e-05,5.50009710623422,28320,,,,,,,,,,,
1.776192855834961,0.7335262894630432,1.560133035540882e-05,5.503981355603029,28340,,,,,,,,,,,
1.785710906982422,0.8232596516609192,1.557705379685376e-05,5.5078656049718395,28360,,,,,,,,,,,
1.7643455505371093,0.6552781462669373,1.5552777238298698e-05,5.511749854340649,28380,,,,,,,,,,,
1.7920764923095702,0.6959879994392395,1.552850067974364e-05,5.515634103709458,28400,,,,,,,,,,,
1.7233428955078125,0.7676483392715454,1.550422412118858e-05,5.519518353078268,28420,,,,,,,,,,,
1.7244672775268555,0.6931450963020325,1.547994756263352e-05,5.523402602447077,28440,,,,,,,,,,,
1.7027553558349608,0.817784309387207,1.5455671004078463e-05,5.527286851815886,28460,,,,,,,,,,,
1.7287406921386719,0.771085262298584,1.5431394445523402e-05,5.531171101184696,28480,,,,,,,,,,,
1.7515325546264648,0.7510436773300171,1.5407117886968345e-05,5.535055350553505,28500,,,,,,,,,,,
1.8039926528930663,0.6719052791595459,1.5382841328413285e-05,5.538939599922315,28520,,,,,,,,,,,
1.7694835662841797,0.7544833421707153,1.5358564769858224e-05,5.542823849291125,28540,,,,,,,,,,,
1.7695646286010742,0.6837062835693359,1.5334288211303167e-05,5.546708098659934,28560,,,,,,,,,,,
1.7659420013427733,0.6691631078720093,1.5310011652748107e-05,5.550592348028744,28580,,,,,,,,,,,
1.7221761703491212,0.7736433148384094,1.528573509419305e-05,5.554476597397553,28600,,,,,,,,,,,
1.7066862106323242,0.7114848494529724,1.526145853563799e-05,5.558360846766362,28620,,,,,,,,,,,
1.775766372680664,0.7232678532600403,1.5237181977082928e-05,5.562245096135172,28640,,,,,,,,,,,
1.7910030364990235,0.7386115193367004,1.521290541852787e-05,5.566129345503981,28660,,,,,,,,,,,
1.765573501586914,0.756344735622406,1.5188628859972811e-05,5.5700135948727905,28680,,,,,,,,,,,
1.7265363693237306,0.7803990244865417,1.5164352301417754e-05,5.5738978442416,28700,,,,,,,,,,,
1.7308032989501954,0.8384012579917908,1.5140075742862692e-05,5.57778209361041,28720,,,,,,,,,,,
1.7828367233276368,0.8345029950141907,1.5115799184307633e-05,5.5816663429792195,28740,,,,,,,,,,,
1.780889892578125,1.0355373620986938,1.5091522625752574e-05,5.585550592348029,28760,,,,,,,,,,,
1.7960704803466796,0.6765901446342468,1.5067246067197515e-05,5.589434841716838,28780,,,,,,,,,,,
1.7510400772094727,0.7326648831367493,1.5042969508642455e-05,5.593319091085648,28800,,,,,,,,,,,
1.7051763534545898,0.7203401327133179,1.5018692950087396e-05,5.597203340454457,28820,,,,,,,,,,,
1.7830717086791992,0.6848503351211548,1.4994416391532337e-05,5.601087589823266,28840,,,,,,,,,,,
1.800499153137207,0.7901123762130737,1.4970139832977278e-05,5.604971839192076,28860,,,,,,,,,,,
1.723291778564453,0.6741120219230652,1.494586327442222e-05,5.608856088560886,28880,,,,,,,,,,,
1.7687810897827148,0.7020424008369446,1.4921586715867159e-05,5.612740337929695,28900,,,,,,,,,,,
1.7774099349975585,0.7432981729507446,1.48973101573121e-05,5.616624587298505,28920,,,,,,,,,,,
1.7103452682495117,0.9155081510543823,1.4873033598757041e-05,5.620508836667314,28940,,,,,,,,,,,
1.784022903442383,0.7671825885772705,1.4848757040201983e-05,5.6243930860361235,28960,,,,,,,,,,,
1.7734392166137696,0.8288736343383789,1.482448048164692e-05,5.628277335404933,28980,,,,,,,,,,,
1.808119773864746,0.7463246583938599,1.4800203923091863e-05,5.632161584773742,29000,,,,,,,,,,,
1.735076904296875,0.8184812068939209,1.4775927364536805e-05,5.636045834142552,29020,,,,,,,,,,,
1.7669736862182617,0.8273505568504333,1.4751650805981746e-05,5.639930083511361,29040,,,,,,,,,,,
1.7731304168701172,0.7453254461288452,1.4727374247426687e-05,5.64381433288017,29060,,,,,,,,,,,
1.7045299530029296,0.6895043253898621,1.4703097688871625e-05,5.647698582248981,29080,,,,,,,,,,,
1.8156778335571289,0.788861870765686,1.4678821130316566e-05,5.65158283161779,29100,,,,,,,,,,,
1.7715110778808594,0.6848494410514832,1.4654544571761509e-05,5.6554670809865994,29120,,,,,,,,,,,
1.7923643112182617,0.7319188714027405,1.463026801320645e-05,5.659351330355409,29140,,,,,,,,,,,
1.7561203002929688,0.9013531804084778,1.4605991454651388e-05,5.663235579724218,29160,,,,,,,,,,,
1.767369842529297,0.740088701248169,1.4581714896096329e-05,5.667119829093028,29180,,,,,,,,,,,
1.7887235641479493,0.7260302901268005,1.455743833754127e-05,5.671004078461837,29200,,,,,,,,,,,
1.7495746612548828,0.7724053263664246,1.4533161778986212e-05,5.674888327830646,29220,,,,,,,,,,,
1.762542152404785,0.7066195607185364,1.4508885220431154e-05,5.678772577199457,29240,,,,,,,,,,,
1.778879165649414,0.8444347381591797,1.4484608661876092e-05,5.682656826568266,29260,,,,,,,,,,,
1.762082290649414,0.705027163028717,1.4460332103321033e-05,5.686541075937075,29280,,,,,,,,,,,
1.7340330123901366,0.7208366990089417,1.4436055544765975e-05,5.690425325305885,29300,,,,,,,,,,,
1.7133470535278321,0.6033809781074524,1.4411778986210916e-05,5.694309574674694,29320,,,,,,,,,,,
1.7472698211669921,0.6490605473518372,1.4387502427655855e-05,5.6981938240435035,29340,,,,,,,,,,,
1.7349111557006835,0.7267308831214905,1.4363225869100797e-05,5.702078073412313,29360,,,,,,,,,,,
1.8112276077270508,0.6949591636657715,1.4338949310545738e-05,5.705962322781122,29380,,,,,,,,,,,
1.7863330841064453,0.7052586078643799,1.4314672751990679e-05,5.709846572149932,29400,,,,,,,,,,,
1.8161529541015624,0.7245834469795227,1.429039619343562e-05,5.713730821518741,29420,,,,,,,,,,,
1.751485252380371,0.7739939093589783,1.426611963488056e-05,5.717615070887551,29440,,,,,,,,,,,
1.7430709838867187,0.6641625165939331,1.4241843076325501e-05,5.721499320256361,29460,,,,,,,,,,,
1.7486211776733398,0.7107990980148315,1.4217566517770442e-05,5.72538356962517,29480,,,,,,,,,,,
1.8235153198242187,0.7064012885093689,1.4193289959215383e-05,5.729267818993979,29500,,,,,,,,,,,
1.7838821411132812,0.6946930885314941,1.4169013400660323e-05,5.733152068362789,29520,,,,,,,,,,,
1.707529067993164,0.8792529702186584,1.4144736842105264e-05,5.737036317731598,29540,,,,,,,,,,,
1.7976011276245116,0.6514725089073181,1.4120460283550205e-05,5.7409205671004075,29560,,,,,,,,,,,
1.816615676879883,0.7818086743354797,1.4096183724995146e-05,5.744804816469218,29580,,,,,,,,,,,
1.7696771621704102,0.7194033265113831,1.4071907166440084e-05,5.748689065838027,29600,,,,,,,,,,,
1.7534097671508788,0.7530413269996643,1.4047630607885025e-05,5.752573315206837,29620,,,,,,,,,,,
1.841280746459961,0.6323983669281006,1.4023354049329968e-05,5.756457564575646,29640,,,,,,,,,,,
1.7090045928955078,0.696710467338562,1.399907749077491e-05,5.760341813944455,29660,,,,,,,,,,,
1.7409122467041016,0.653208315372467,1.397480093221985e-05,5.764226063313265,29680,,,,,,,,,,,
1.6891494750976563,0.7615697383880615,1.3950524373664789e-05,5.768110312682074,29700,,,,,,,,,,,
1.7506244659423829,0.7323840856552124,1.392624781510973e-05,5.7719945620508835,29720,,,,,,,,,,,
1.7909704208374024,0.8171817660331726,1.3901971256554671e-05,5.775878811419693,29740,,,,,,,,,,,
1.7453140258789062,0.6995841860771179,1.3877694697999614e-05,5.779763060788502,29760,,,,,,,,,,,
1.777449607849121,0.7661744356155396,1.3853418139444552e-05,5.7836473101573125,29780,,,,,,,,,,,
1.8202362060546875,0.8052414655685425,1.3829141580889493e-05,5.787531559526122,29800,,,,,,,,,,,
1.7637670516967774,0.7364553809165955,1.3804865022334434e-05,5.791415808894931,29820,,,,,,,,,,,
1.7588226318359375,0.7558030486106873,1.3780588463779375e-05,5.795300058263741,29840,,,,,,,,,,,
1.7336172103881835,0.6979847550392151,1.3756311905224317e-05,5.79918430763255,29860,,,,,,,,,,,
1.735305404663086,0.7433827519416809,1.3732035346669256e-05,5.803068557001359,29880,,,,,,,,,,,
1.768050765991211,0.7114260196685791,1.3707758788114197e-05,5.806952806370169,29900,,,,,,,,,,,
1.712621307373047,0.7649126648902893,1.3683482229559138e-05,5.810837055738978,29920,,,,,,,,,,,
1.7230543136596679,0.6656971573829651,1.365920567100408e-05,5.814721305107788,29940,,,,,,,,,,,
1.7468563079833985,0.6518429517745972,1.363492911244902e-05,5.818605554476598,29960,,,,,,,,,,,
1.717829704284668,0.9448675513267517,1.361065255389396e-05,5.822489803845407,29980,,,,,,,,,,,
1.7527544021606445,0.7247238755226135,1.3586375995338902e-05,5.8263740532142165,30000,,,,,,,,,,,
1.7574403762817383,0.7332484126091003,1.3562099436783843e-05,5.830258302583026,30020,,,,,,,,,,,
1.7693496704101563,0.7223602533340454,1.3537822878228784e-05,5.834142551951835,30040,,,,,,,,,,,
1.7700353622436524,0.7694197297096252,1.3513546319673724e-05,5.838026801320645,30060,,,,,,,,,,,
1.778555679321289,0.8116745352745056,1.3489269761118665e-05,5.841911050689454,30080,,,,,,,,,,,
1.764558982849121,0.7130401134490967,1.3464993202563606e-05,5.845795300058263,30100,,,,,,,,,,,
1.7310646057128907,0.812015175819397,1.3440716644008547e-05,5.849679549427073,30120,,,,,,,,,,,
1.7658456802368163,0.7315478324890137,1.3416440085453485e-05,5.853563798795883,30140,,,,,,,,,,,
1.739042091369629,0.6982777118682861,1.3392163526898426e-05,5.8574480481646924,30160,,,,,,,,,,,
1.7683671951293944,0.764508843421936,1.3367886968343369e-05,5.861332297533502,30180,,,,,,,,,,,
1.7781064987182618,0.6919181942939758,1.334361040978831e-05,5.865216546902311,30200,,,,,,,,,,,
1.7551469802856445,0.768919050693512,1.3319333851233251e-05,5.869100796271121,30220,,,,,,,,,,,
1.7036483764648438,0.8373062610626221,1.329505729267819e-05,5.87298504563993,30240,,,,,,,,,,,
1.7562406539916993,0.6030237078666687,1.327078073412313e-05,5.876869295008739,30260,,,,,,,,,,,
1.776641273498535,0.65871262550354,1.3246504175568072e-05,5.880753544377549,30280,,,,,,,,,,,
1.7864038467407226,0.699304461479187,1.3222227617013015e-05,5.884637793746359,30300,,,,,,,,,,,
1.7260450363159179,0.7766320109367371,1.3197951058457952e-05,5.888522043115168,30320,,,,,,,,,,,
1.739633560180664,0.7494515180587769,1.3173674499902894e-05,5.892406292483978,30340,,,,,,,,,,,
1.7630157470703125,0.6355939507484436,1.3149397941347835e-05,5.896290541852787,30360,,,,,,,,,,,
1.7780614852905274,0.7590097784996033,1.3125121382792776e-05,5.9001747912215965,30380,,,,,,,,,,,
1.7873382568359375,0.7157207727432251,1.3100844824237717e-05,5.904059040590406,30400,,,,,,,,,,,
1.7866914749145508,0.8125709891319275,1.3076568265682657e-05,5.907943289959215,30420,,,,,,,,,,,
1.7874820709228516,0.7704315185546875,1.3052291707127598e-05,5.911827539328025,30440,,,,,,,,,,,
1.7423091888427735,0.784807026386261,1.3028015148572539e-05,5.915711788696834,30460,,,,,,,,,,,
1.7749011993408204,0.7371136546134949,1.300373859001748e-05,5.919596038065643,30480,,,,,,,,,,,
1.7908374786376953,0.7756006717681885,1.297946203146242e-05,5.923480287434454,30500,,,,,,,,,,,
1.8009035110473632,0.7060311436653137,1.2955185472907361e-05,5.927364536803263,30520,,,,,,,,,,,
1.7282354354858398,0.7831649780273438,1.2930908914352302e-05,5.931248786172072,30540,,,,,,,,,,,
1.7168218612670898,1.9584964513778687,1.2906632355797243e-05,5.935133035540882,30560,,,,,,,,,,,
1.757887077331543,0.7069785594940186,1.2882355797242185e-05,5.939017284909691,30580,,,,,,,,,,,
1.762141799926758,0.627758800983429,1.2858079238687124e-05,5.9429015342785005,30600,,,,,,,,,,,
1.7508817672729493,0.7299241423606873,1.2833802680132065e-05,5.94678578364731,30620,,,,,,,,,,,
1.7146009445190429,0.7796990275382996,1.2809526121577007e-05,5.950670033016119,30640,,,,,,,,,,,
1.7910354614257813,3.855605125427246,1.2785249563021948e-05,5.95455428238493,30660,,,,,,,,,,,
1.7818851470947266,0.7011256217956543,1.2760973004466886e-05,5.958438531753739,30680,,,,,,,,,,,
1.8230712890625,0.6835982203483582,1.2736696445911827e-05,5.962322781122548,30700,,,,,,,,,,,
1.7152942657470702,0.7423547506332397,1.271241988735677e-05,5.966207030491358,30720,,,,,,,,,,,
1.7090204238891602,0.662176251411438,1.2688143328801711e-05,5.970091279860167,30740,,,,,,,,,,,
1.7484975814819337,0.8793323636054993,1.2663866770246652e-05,5.9739755292289765,30760,,,,,,,,,,,
1.776316261291504,0.6963509321212769,1.263959021169159e-05,5.977859778597786,30780,,,,,,,,,,,
1.7809396743774415,0.6800434589385986,1.2615313653136531e-05,5.981744027966595,30800,,,,,,,,,,,
1.7510313034057616,0.7323687076568604,1.2591037094581472e-05,5.985628277335405,30820,,,,,,,,,,,
1.7260482788085938,0.7427930235862732,1.2566760536026415e-05,5.989512526704214,30840,,,,,,,,,,,
1.742366409301758,0.7227340936660767,1.2542483977471353e-05,5.993396776073024,30860,,,,,,,,,,,
1.6910877227783203,0.8075158596038818,1.2518207418916294e-05,5.997281025441834,30880,,,,,,,,,,,
,,,6.0,30894,1.7593520879745483,15.221409140822148,40.052390186984546,271.1753,12.556,0.785,,,,,
1.764181900024414,0.7066649794578552,1.2493930860361235e-05,6.001165274810643,30900,,,,,,,,,,,
1.751058578491211,0.8365664482116699,1.2469654301806177e-05,6.005049524179452,30920,,,,,,,,,,,
1.7594806671142578,0.7179585695266724,1.2445377743251118e-05,6.008933773548262,30940,,,,,,,,,,,
1.7455684661865234,0.735822856426239,1.2421101184696059e-05,6.012818022917071,30960,,,,,,,,,,,
1.7485017776489258,0.7269011735916138,1.2396824626140999e-05,6.0167022722858805,30980,,,,,,,,,,,
1.8052791595458983,0.7729027271270752,1.237254806758594e-05,6.02058652165469,31000,,,,,,,,,,,
1.7417427062988282,0.7773380279541016,1.234827150903088e-05,6.0244707710235,31020,,,,,,,,,,,
1.7561737060546876,0.70815509557724,1.2323994950475822e-05,6.0283550203923095,31040,,,,,,,,,,,
1.7239873886108399,0.8020887970924377,1.2299718391920762e-05,6.032239269761119,31060,,,,,,,,,,,
1.7733474731445313,0.8059914112091064,1.2275441833365703e-05,6.036123519129928,31080,,,,,,,,,,,
1.716827392578125,0.7568912506103516,1.2251165274810642e-05,6.040007768498738,31100,,,,,,,,,,,
1.737567138671875,0.7377151250839233,1.2226888716255584e-05,6.043892017867547,31120,,,,,,,,,,,
1.7376516342163086,0.6659984588623047,1.2202612157700525e-05,6.047776267236356,31140,,,,,,,,,,,
1.7378114700317382,0.723201334476471,1.2178335599145466e-05,6.051660516605166,31160,,,,,,,,,,,
1.8397682189941407,0.7188029885292053,1.2154059040590407e-05,6.055544765973975,31180,,,,,,,,,,,
1.7645854949951172,0.7313910126686096,1.2129782482035347e-05,6.059429015342785,31200,,,,,,,,,,,
1.7283401489257812,0.6643776893615723,1.2105505923480288e-05,6.063313264711595,31220,,,,,,,,,,,
1.7210994720458985,0.7421853542327881,1.208122936492523e-05,6.067197514080404,31240,,,,,,,,,,,
1.7500452041625976,0.6415811777114868,1.205695280637017e-05,6.071081763449214,31260,,,,,,,,,,,
1.721302604675293,0.8857035636901855,1.203267624781511e-05,6.074966012818023,31280,,,,,,,,,,,
1.751258659362793,0.7079196572303772,1.2008399689260051e-05,6.078850262186832,31300,,,,,,,,,,,
1.7411895751953126,0.6506779789924622,1.198412313070499e-05,6.082734511555642,31320,,,,,,,,,,,
1.8319221496582032,0.7394556403160095,1.1959846572149932e-05,6.086618760924451,31340,,,,,,,,,,,
1.7215003967285156,0.7472274899482727,1.1935570013594875e-05,6.0905030102932605,31360,,,,,,,,,,,
1.7148797988891602,0.7038304805755615,1.1911293455039814e-05,6.094387259662071,31380,,,,,,,,,,,
1.7891098022460938,0.6674812436103821,1.1887016896484755e-05,6.09827150903088,31400,,,,,,,,,,,
1.7800134658813476,0.6669461727142334,1.1862740337929695e-05,6.1021557583996895,31420,,,,,,,,,,,
1.7176054000854493,0.7148100733757019,1.1838463779374636e-05,6.106040007768499,31440,,,,,,,,,,,
1.7254037857055664,0.8109835386276245,1.1814187220819577e-05,6.109924257137308,31460,,,,,,,,,,,
1.783472442626953,0.6995860934257507,1.1789910662264519e-05,6.113808506506118,31480,,,,,,,,,,,
1.7663612365722656,0.7060106992721558,1.1765634103709458e-05,6.117692755874927,31500,,,,,,,,,,,
1.7501056671142579,0.7913168668746948,1.17413575451544e-05,6.121577005243736,31520,,,,,,,,,,,
1.7929168701171876,0.7860097289085388,1.171708098659934e-05,6.125461254612546,31540,,,,,,,,,,,
1.7805065155029296,0.7032053470611572,1.1692804428044282e-05,6.129345503981356,31560,,,,,,,,,,,
1.7636064529418944,0.6884913444519043,1.1668527869489223e-05,6.133229753350165,31580,,,,,,,,,,,
1.7524850845336915,0.738801896572113,1.1644251310934162e-05,6.137114002718975,31600,,,,,,,,,,,
1.7380582809448242,0.7169831991195679,1.1619974752379104e-05,6.140998252087784,31620,,,,,,,,,,,
1.7407779693603516,0.732151210308075,1.1595698193824043e-05,6.1448825014565935,31640,,,,,,,,,,,
1.7206150054931642,0.6739503145217896,1.1571421635268984e-05,6.148766750825403,31660,,,,,,,,,,,
1.7972703933715821,0.6802569627761841,1.1547145076713926e-05,6.152651000194212,31680,,,,,,,,,,,
1.7556493759155274,0.7054791450500488,1.1522868518158867e-05,6.156535249563022,31700,,,,,,,,,,,
1.738896369934082,0.7039148211479187,1.1498591959603808e-05,6.160419498931831,31720,,,,,,,,,,,
1.7211950302124024,0.734573483467102,1.1474315401048747e-05,6.164303748300641,31740,,,,,,,,,,,
1.7071535110473632,0.6885775923728943,1.1450038842493689e-05,6.168187997669451,31760,,,,,,,,,,,
1.7211597442626954,0.7291439771652222,1.142576228393863e-05,6.17207224703826,31780,,,,,,,,,,,
1.7803255081176759,0.726467490196228,1.1401485725383571e-05,6.1759564964070695,31800,,,,,,,,,,,
1.6996425628662108,0.6892368197441101,1.137720916682851e-05,6.179840745775879,31820,,,,,,,,,,,
1.7264604568481445,0.7394129037857056,1.1352932608273452e-05,6.183724995144688,31840,,,,,,,,,,,
1.7834360122680664,0.6968194842338562,1.1328656049718391e-05,6.187609244513498,31860,,,,,,,,,,,
1.7209602355957032,0.7336695194244385,1.1304379491163332e-05,6.191493493882307,31880,,,,,,,,,,,
1.7826408386230468,0.7136780619621277,1.1280102932608275e-05,6.195377743251116,31900,,,,,,,,,,,
1.76312313079834,0.797675371170044,1.1255826374053215e-05,6.199261992619927,31920,,,,,,,,,,,
1.8012210845947265,0.72788006067276,1.1231549815498156e-05,6.203146241988736,31940,,,,,,,,,,,
1.6850358963012695,0.9790350198745728,1.1207273256943096e-05,6.207030491357545,31960,,,,,,,,,,,
1.7812843322753906,0.7075254321098328,1.1182996698388037e-05,6.210914740726355,31980,,,,,,,,,,,
1.7967937469482422,0.7331832647323608,1.1158720139832978e-05,6.214798990095164,32000,,,,,,,,,,,
1.7172813415527344,0.7335268259048462,1.113444358127792e-05,6.2186832394639735,32020,,,,,,,,,,,
1.765437698364258,0.7155320644378662,1.1110167022722859e-05,6.222567488832783,32040,,,,,,,,,,,
1.716074562072754,0.6855782866477966,1.10858904641678e-05,6.226451738201592,32060,,,,,,,,,,,
1.8231380462646485,0.6964812874794006,1.106161390561274e-05,6.230335987570402,32080,,,,,,,,,,,
1.7149698257446289,0.6802806854248047,1.1037337347057682e-05,6.234220236939212,32100,,,,,,,,,,,
1.733546829223633,0.6767131686210632,1.1013060788502624e-05,6.238104486308021,32120,,,,,,,,,,,
1.7511959075927734,0.7332761883735657,1.0988784229947563e-05,6.241988735676831,32140,,,,,,,,,,,
1.7657140731811523,0.8224337100982666,1.0964507671392504e-05,6.24587298504564,32160,,,,,,,,,,,
1.7308883666992188,0.7798406481742859,1.0940231112837444e-05,6.249757234414449,32180,,,,,,,,,,,
1.7679746627807618,0.6683011054992676,1.0915954554282385e-05,6.253641483783259,32200,,,,,,,,,,,
1.7374753952026367,0.7380766868591309,1.0891677995727326e-05,6.257525733152068,32220,,,,,,,,,,,
1.7308691024780274,0.7973634600639343,1.0867401437172267e-05,6.2614099825208775,32240,,,,,,,,,,,
1.7647672653198243,0.7636327147483826,1.0843124878617207e-05,6.265294231889687,32260,,,,,,,,,,,
1.7555105209350585,0.7849209308624268,1.0818848320062148e-05,6.269178481258497,32280,,,,,,,,,,,
1.7094806671142577,0.7222114205360413,1.079457176150709e-05,6.273062730627307,32300,,,,,,,,,,,
1.7513853073120118,0.7729180455207825,1.077029520295203e-05,6.276946979996116,32320,,,,,,,,,,,
1.7661827087402344,0.6970312595367432,1.0746018644396972e-05,6.280831229364925,32340,,,,,,,,,,,
1.7368587493896483,0.8699538111686707,1.0721742085841911e-05,6.284715478733735,32360,,,,,,,,,,,
1.77376708984375,0.7239118814468384,1.0697465527286852e-05,6.288599728102544,32380,,,,,,,,,,,
1.7065914154052735,0.6919991374015808,1.0673188968731792e-05,6.2924839774713535,32400,,,,,,,,,,,
1.7783708572387695,0.7278408408164978,1.0648912410176735e-05,6.296368226840163,32420,,,,,,,,,,,
1.758357620239258,0.7638496160507202,1.0624635851621674e-05,6.300252476208972,32440,,,,,,,,,,,
1.728045654296875,0.7148568630218506,1.0600359293066616e-05,6.3041367255777825,32460,,,,,,,,,,,
1.7791513442993163,0.7690107226371765,1.0576082734511557e-05,6.308020974946592,32480,,,,,,,,,,,
1.7634681701660155,0.7526208758354187,1.0551806175956496e-05,6.311905224315401,32500,,,,,,,,,,,
1.6872364044189454,0.6960440874099731,1.0527529617401437e-05,6.315789473684211,32520,,,,,,,,,,,
1.7849882125854493,0.6701006293296814,1.0503253058846379e-05,6.31967372305302,32540,,,,,,,,,,,
1.7111202239990235,0.7205526232719421,1.047897650029132e-05,6.323557972421829,32560,,,,,,,,,,,
1.7289085388183594,0.7155990600585938,1.045469994173626e-05,6.327442221790639,32580,,,,,,,,,,,
1.7428909301757813,0.6872720122337341,1.04304233831812e-05,6.331326471159448,32600,,,,,,,,,,,
1.7112564086914062,0.7182185649871826,1.040614682462614e-05,6.3352107205282575,32620,,,,,,,,,,,
1.7179794311523438,0.7024325132369995,1.0381870266071083e-05,6.339094969897068,32640,,,,,,,,,,,
1.7759716033935546,0.634292483329773,1.0357593707516024e-05,6.342979219265877,32660,,,,,,,,,,,
1.7734800338745118,0.7164835929870605,1.0333317148960964e-05,6.3468634686346865,32680,,,,,,,,,,,
1.7320655822753905,0.7640103697776794,1.0309040590405905e-05,6.350747718003496,32700,,,,,,,,,,,
1.796541976928711,0.7578666806221008,1.0284764031850844e-05,6.354631967372305,32720,,,,,,,,,,,
1.7425426483154296,0.7630140781402588,1.0260487473295786e-05,6.358516216741115,32740,,,,,,,,,,,
1.7633413314819335,0.675366997718811,1.0236210914740727e-05,6.362400466109924,32760,,,,,,,,,,,
1.7365102767944336,0.6974620223045349,1.0211934356185668e-05,6.366284715478733,32780,,,,,,,,,,,
1.722406005859375,0.6984018683433533,1.0187657797630608e-05,6.370168964847543,32800,,,,,,,,,,,
1.7681241989135743,0.7239595651626587,1.0163381239075549e-05,6.374053214216353,32820,,,,,,,,,,,
1.721552276611328,0.7418737411499023,1.013910468052049e-05,6.3779374635851624,32840,,,,,,,,,,,
1.7288175582885743,0.7119448781013489,1.0114828121965431e-05,6.381821712953972,32860,,,,,,,,,,,
1.761153221130371,0.603068470954895,1.0090551563410372e-05,6.385705962322781,32880,,,,,,,,,,,
1.7787555694580077,0.7453632950782776,1.0066275004855312e-05,6.389590211691591,32900,,,,,,,,,,,
1.731694221496582,0.6735286712646484,1.0041998446300253e-05,6.3934744610604,32920,,,,,,,,,,,
1.7353330612182618,0.8483863472938538,1.0017721887745193e-05,6.397358710429209,32940,,,,,,,,,,,
1.7537668228149415,0.7390187382698059,9.993445329190136e-06,6.401242959798019,32960,,,,,,,,,,,
1.7592119216918944,0.680992066860199,9.969168770635075e-06,6.405127209166828,32980,,,,,,,,,,,
1.7015867233276367,0.7790325880050659,9.944892212080016e-06,6.409011458535638,33000,,,,,,,,,,,
1.7725852966308593,0.7457455396652222,9.920615653524956e-06,6.412895707904448,33020,,,,,,,,,,,
1.770787811279297,0.8089544177055359,9.896339094969897e-06,6.416779957273257,33040,,,,,,,,,,,
1.732579803466797,0.703690767288208,9.872062536414838e-06,6.4206642066420665,33060,,,,,,,,,,,
1.7581377029418945,0.7690721750259399,9.84778597785978e-06,6.424548456010876,33080,,,,,,,,,,,
1.6998172760009767,0.7737563252449036,9.82350941930472e-06,6.428432705379685,33100,,,,,,,,,,,
1.7583423614501954,0.7102196216583252,9.79923286074966e-06,6.432316954748495,33120,,,,,,,,,,,
1.7525215148925781,0.8002732992172241,9.774956302194601e-06,6.436201204117304,33140,,,,,,,,,,,
1.7139528274536133,0.6411970853805542,9.750679743639542e-06,6.440085453486114,33160,,,,,,,,,,,
1.7448507308959962,0.7085038423538208,9.726403185084484e-06,6.443969702854924,33180,,,,,,,,,,,
1.7263689041137695,0.7781503796577454,9.702126626529423e-06,6.447853952223733,33200,,,,,,,,,,,
1.6747169494628906,0.6941080689430237,9.677850067974364e-06,6.451738201592542,33220,,,,,,,,,,,
1.7074407577514648,0.7979815602302551,9.653573509419306e-06,6.455622450961352,33240,,,,,,,,,,,
1.717311477661133,0.713728666305542,9.629296950864245e-06,6.459506700330161,33260,,,,,,,,,,,
1.6995838165283204,0.7498838305473328,9.605020392309188e-06,6.4633909496989705,33280,,,,,,,,,,,
1.7128450393676757,0.7492629885673523,9.580743833754128e-06,6.46727519906778,33300,,,,,,,,,,,
1.7376100540161132,0.7107478976249695,9.556467275199069e-06,6.471159448436589,33320,,,,,,,,,,,
1.752761459350586,0.705958902835846,9.532190716644008e-06,6.475043697805399,33340,,,,,,,,,,,
1.7174827575683593,0.8193728923797607,9.50791415808895e-06,6.478927947174209,33360,,,,,,,,,,,
1.7365690231323243,0.6989206671714783,9.48363759953389e-06,6.482812196543018,33380,,,,,,,,,,,
1.7462858200073241,0.7202078700065613,9.459361040978832e-06,6.486696445911828,33400,,,,,,,,,,,
1.7275169372558594,0.8383201956748962,9.435084482423773e-06,6.490580695280637,33420,,,,,,,,,,,
1.7704116821289062,0.7328050136566162,9.410807923868713e-06,6.4944649446494465,33440,,,,,,,,,,,
1.7360347747802733,0.6675854921340942,9.386531365313654e-06,6.498349194018256,33460,,,,,,,,,,,
1.7594959259033203,0.746368944644928,9.362254806758595e-06,6.502233443387065,33480,,,,,,,,,,,
1.7382728576660156,0.7513301372528076,9.337978248203536e-06,6.506117692755875,33500,,,,,,,,,,,
1.7289066314697266,0.9328472018241882,9.313701689648476e-06,6.510001942124685,33520,,,,,,,,,,,
1.7823156356811523,0.7426325082778931,9.289425131093417e-06,6.513886191493494,33540,,,,,,,,,,,
1.7243314743041993,0.7986352443695068,9.265148572538356e-06,6.517770440862304,33560,,,,,,,,,,,
1.7071943283081055,0.8225253224372864,9.240872013983298e-06,6.521654690231113,33580,,,,,,,,,,,
1.7168563842773437,0.6198394298553467,9.216595455428239e-06,6.525538939599922,33600,,,,,,,,,,,
1.7853195190429687,0.7223137617111206,9.19231889687318e-06,6.529423188968732,33620,,,,,,,,,,,
1.7696878433227539,0.752835750579834,9.168042338318121e-06,6.533307438337541,33640,,,,,,,,,,,
1.7481986999511718,0.6262775659561157,9.14376577976306e-06,6.5371916877063505,33660,,,,,,,,,,,
1.7481765747070312,0.8037764430046082,9.119489221208002e-06,6.54107593707516,33680,,,,,,,,,,,
1.6891769409179687,0.8573035597801208,9.095212662652943e-06,6.544960186443969,33700,,,,,,,,,,,
1.712578582763672,0.7236292958259583,9.070936104097884e-06,6.5488444358127795,33720,,,,,,,,,,,
1.7742727279663086,0.8079484105110168,9.046659545542824e-06,6.552728685181589,33740,,,,,,,,,,,
1.7899934768676757,0.7276059985160828,9.022382986987765e-06,6.556612934550398,33760,,,,,,,,,,,
1.7236196517944335,0.7163957357406616,8.998106428432705e-06,6.560497183919208,33780,,,,,,,,,,,
1.7197135925292968,0.6828033924102783,8.973829869877646e-06,6.564381433288017,33800,,,,,,,,,,,
1.7450315475463867,0.749968409538269,8.949553311322589e-06,6.568265682656826,33820,,,,,,,,,,,
1.708258819580078,0.714056670665741,8.925276752767528e-06,6.572149932025636,33840,,,,,,,,,,,
1.7527738571166993,0.6970545053482056,8.90100019421247e-06,6.576034181394445,33860,,,,,,,,,,,
1.7919954299926757,0.7230909466743469,8.876723635657409e-06,6.579918430763255,33880,,,,,,,,,,,
1.707892608642578,0.6942184567451477,8.85244707710235e-06,6.583802680132065,33900,,,,,,,,,,,
1.7062284469604492,0.8015047907829285,8.828170518547291e-06,6.587686929500874,33920,,,,,,,,,,,
1.765382957458496,0.8054710030555725,8.803893959992233e-06,6.591571178869684,33940,,,,,,,,,,,
1.7801441192626952,0.7352570295333862,8.779617401437172e-06,6.595455428238493,33960,,,,,,,,,,,
1.7354818344116212,0.8130217790603638,8.755340842882113e-06,6.599339677607302,33980,,,,,,,,,,,
1.7284242630004882,0.8606257438659668,8.731064284327054e-06,6.603223926976112,34000,,,,,,,,,,,
1.7683723449707032,0.7505134344100952,8.706787725771996e-06,6.607108176344921,34020,,,,,,,,,,,
1.7217363357543944,0.6703976392745972,8.682511167216937e-06,6.6109924257137305,34040,,,,,,,,,,,
1.748131561279297,0.6851992607116699,8.658234608661876e-06,6.61487667508254,34060,,,,,,,,,,,
1.7324853897094727,0.7972858548164368,8.633958050106818e-06,6.61876092445135,34080,,,,,,,,,,,
1.676716423034668,0.7669474482536316,8.609681491551757e-06,6.6226451738201595,34100,,,,,,,,,,,
1.740746307373047,0.7215580344200134,8.585404932996698e-06,6.626529423188969,34120,,,,,,,,,,,
1.7096542358398437,0.6796929240226746,8.56112837444164e-06,6.630413672557778,34140,,,,,,,,,,,
1.7750110626220703,0.7246237993240356,8.53685181588658e-06,6.634297921926588,34160,,,,,,,,,,,
1.7842613220214845,0.7093271017074585,8.512575257331522e-06,6.638182171295397,34180,,,,,,,,,,,
1.7370235443115234,0.70790696144104,8.488298698776461e-06,6.642066420664206,34200,,,,,,,,,,,
1.6882545471191406,0.7707967758178711,8.464022140221403e-06,6.645950670033016,34220,,,,,,,,,,,
1.7031049728393555,0.6846219301223755,8.439745581666344e-06,6.649834919401826,34240,,,,,,,,,,,
1.7998414993286134,0.7394207119941711,8.415469023111285e-06,6.653719168770635,34260,,,,,,,,,,,
1.7591838836669922,0.8017013669013977,8.391192464556225e-06,6.657603418139445,34280,,,,,,,,,,,
1.7889055252075194,0.7060645818710327,8.366915906001166e-06,6.661487667508254,34300,,,,,,,,,,,
1.6685976028442382,0.7726788520812988,8.342639347446105e-06,6.6653719168770635,34320,,,,,,,,,,,
1.7147676467895507,0.8129763603210449,8.318362788891048e-06,6.669256166245873,34340,,,,,,,,,,,
1.7303789138793946,0.7301787734031677,8.294086230335988e-06,6.673140415614682,34360,,,,,,,,,,,
1.7888582229614258,0.7350663542747498,8.269809671780929e-06,6.677024664983492,34380,,,,,,,,,,,
1.729206657409668,0.7473217248916626,8.24553311322587e-06,6.680908914352301,34400,,,,,,,,,,,
1.7191728591918944,0.6758254766464233,8.22125655467081e-06,6.68479316372111,34420,,,,,,,,,,,
1.7093572616577148,0.6934505701065063,8.19697999611575e-06,6.688677413089921,34440,,,,,,,,,,,
1.767488670349121,0.7492814660072327,8.172703437560692e-06,6.69256166245873,34460,,,,,,,,,,,
1.7543649673461914,0.7210111021995544,8.148426879005633e-06,6.6964459118275395,34480,,,,,,,,,,,
1.7729293823242187,0.7610809206962585,8.124150320450573e-06,6.700330161196349,34500,,,,,,,,,,,
1.7398571014404296,0.702337920665741,8.099873761895514e-06,6.704214410565158,34520,,,,,,,,,,,
1.6895433425903321,0.7301679849624634,8.075597203340453e-06,6.708098659933968,34540,,,,,,,,,,,
1.7411209106445313,0.6612403988838196,8.051320644785396e-06,6.711982909302777,34560,,,,,,,,,,,
1.7740411758422852,0.7823676466941833,8.027044086230337e-06,6.715867158671586,34580,,,,,,,,,,,
1.683374786376953,0.6653534173965454,8.002767527675277e-06,6.719751408040397,34600,,,,,,,,,,,
1.751206398010254,0.6942752003669739,7.978490969120218e-06,6.723635657409206,34620,,,,,,,,,,,
1.703318214416504,0.6614007949829102,7.954214410565158e-06,6.727519906778015,34640,,,,,,,,,,,
1.7391523361206054,0.7462770938873291,7.929937852010099e-06,6.731404156146825,34660,,,,,,,,,,,
1.7053972244262696,0.7109453082084656,7.90566129345504e-06,6.735288405515634,34680,,,,,,,,,,,
1.7059761047363282,0.8499645590782166,7.881384734899981e-06,6.7391726548844435,34700,,,,,,,,,,,
1.7037586212158202,0.7751387357711792,7.857108176344921e-06,6.743056904253253,34720,,,,,,,,,,,
1.6915971755981445,0.6711950302124023,7.832831617789862e-06,6.746941153622062,34740,,,,,,,,,,,
1.783402442932129,0.7390007376670837,7.808555059234803e-06,6.750825402990872,34760,,,,,,,,,,,
1.716349220275879,0.8431026935577393,7.784278500679744e-06,6.754709652359681,34780,,,,,,,,,,,
1.7253704071044922,0.8169349431991577,7.760001942124686e-06,6.758593901728491,34800,,,,,,,,,,,
1.7676538467407226,0.7213882207870483,7.735725383569625e-06,6.762478151097301,34820,,,,,,,,,,,
1.7141427993774414,0.7017507553100586,7.711448825014566e-06,6.76636240046611,34840,,,,,,,,,,,
1.7037757873535155,0.7507665753364563,7.687172266459506e-06,6.770246649834919,34860,,,,,,,,,,,
1.757151222229004,0.7040753364562988,7.662895707904449e-06,6.774130899203729,34880,,,,,,,,,,,
1.7424720764160155,0.7799016237258911,7.638619149349388e-06,6.778015148572538,34900,,,,,,,,,,,
1.724492073059082,0.6986106634140015,7.6143425907943295e-06,6.7818993979413476,34920,,,,,,,,,,,
1.7706539154052734,0.6977752447128296,7.590066032239271e-06,6.785783647310157,34940,,,,,,,,,,,
1.7347173690795898,0.7606180906295776,7.565789473684211e-06,6.789667896678967,34960,,,,,,,,,,,
1.7610664367675781,0.6961929202079773,7.541512915129152e-06,6.793552146047777,34980,,,,,,,,,,,
1.719887924194336,0.7595422267913818,7.517236356574092e-06,6.797436395416586,35000,,,,,,,,,,,
1.6911144256591797,0.6437995433807373,7.492959798019034e-06,6.801320644785395,35020,,,,,,,,,,,
1.6840787887573243,0.6997500658035278,7.468683239463973e-06,6.805204894154205,35040,,,,,,,,,,,
1.7403383255004883,0.8055254817008972,7.4444066809089145e-06,6.809089143523014,35060,,,,,,,,,,,
1.7400537490844727,0.7256848812103271,7.420130122353855e-06,6.8129733928918235,35080,,,,,,,,,,,
1.7490360260009765,0.685038149356842,7.395853563798796e-06,6.816857642260633,35100,,,,,,,,,,,
1.7287958145141602,0.7370133399963379,7.3715770052437365e-06,6.820741891629442,35120,,,,,,,,,,,
1.7624288558959962,0.6932610869407654,7.347300446688678e-06,6.824626140998252,35140,,,,,,,,,,,
1.72318115234375,0.7390207052230835,7.323023888133619e-06,6.828510390367062,35160,,,,,,,,,,,
1.740980339050293,0.7309545278549194,7.298747329578559e-06,6.832394639735871,35180,,,,,,,,,,,
1.7337024688720704,0.6731991171836853,7.2744707710235004e-06,6.836278889104681,35200,,,,,,,,,,,
1.7321704864501952,0.787276029586792,7.250194212468441e-06,6.84016313847349,35220,,,,,,,,,,,
1.7353017807006836,0.7032303214073181,7.225917653913382e-06,6.844047387842299,35240,,,,,,,,,,,
1.735662841796875,0.6853663325309753,7.2016410953583215e-06,6.847931637211109,35260,,,,,,,,,,,
1.7330432891845704,0.7243838906288147,7.1773645368032636e-06,6.851815886579918,35280,,,,,,,,,,,
1.7097139358520508,0.7816604971885681,7.153087978248203e-06,6.855700135948728,35300,,,,,,,,,,,
1.752098846435547,0.8083224296569824,7.128811419693144e-06,6.859584385317538,35320,,,,,,,,,,,
1.740129280090332,0.8094947934150696,7.104534861138086e-06,6.863468634686347,35340,,,,,,,,,,,
1.7521265029907227,0.6849766969680786,7.080258302583026e-06,6.8673528840551565,35360,,,,,,,,,,,
1.794929313659668,0.7559819221496582,7.055981744027967e-06,6.871237133423966,35380,,,,,,,,,,,
1.757451057434082,0.8877954483032227,7.031705185472907e-06,6.875121382792775,35400,,,,,,,,,,,
1.745115089416504,0.8123480677604675,7.007428626917849e-06,6.879005632161585,35420,,,,,,,,,,,
1.7563749313354493,0.790714681148529,6.983152068362789e-06,6.882889881530394,35440,,,,,,,,,,,
1.744171714782715,0.778688907623291,6.95887550980773e-06,6.886774130899203,35460,,,,,,,,,,,
1.7444143295288086,0.6944156885147095,6.9345989512526705e-06,6.890658380268013,35480,,,,,,,,,,,
1.6940107345581055,0.582514226436615,6.910322392697612e-06,6.894542629636823,35500,,,,,,,,,,,
1.749680519104004,0.7174007892608643,6.886045834142553e-06,6.8984268790056325,35520,,,,,,,,,,,
1.7778560638427734,0.6933245658874512,6.861769275587493e-06,6.902311128374442,35540,,,,,,,,,,,
1.7721832275390625,0.7193610072135925,6.8374927170324345e-06,6.906195377743251,35560,,,,,,,,,,,
1.7549280166625976,0.7126997113227844,6.813216158477374e-06,6.910079627112061,35580,,,,,,,,,,,
1.7460407257080077,0.7779119610786438,6.788939599922316e-06,6.91396387648087,35600,,,,,,,,,,,
1.7381277084350586,0.7293393015861511,6.7646630413672556e-06,6.917848125849679,35620,,,,,,,,,,,
1.7543880462646484,0.6864439249038696,6.740386482812197e-06,6.921732375218489,35640,,,,,,,,,,,
1.7083789825439453,0.6908525228500366,6.716109924257137e-06,6.925616624587299,35660,,,,,,,,,,,
1.7266469955444337,0.6362255215644836,6.691833365702078e-06,6.929500873956108,35680,,,,,,,,,,,
1.714719009399414,0.7613939642906189,6.667556807147019e-06,6.933385123324918,35700,,,,,,,,,,,
1.746830368041992,0.8128867149353027,6.64328024859196e-06,6.937269372693727,35720,,,,,,,,,,,
1.7414648056030273,0.7022010684013367,6.619003690036901e-06,6.9411536220625365,35740,,,,,,,,,,,
1.7462703704833984,0.7919577360153198,6.5947271314818415e-06,6.945037871431346,35760,,,,,,,,,,,
1.6743719100952148,0.6916142106056213,6.570450572926783e-06,6.948922120800155,35780,,,,,,,,,,,
1.7175743103027343,0.8665969967842102,6.546174014371723e-06,6.952806370168965,35800,,,,,,,,,,,
1.7475391387939454,2.8023767471313477,6.521897455816664e-06,6.956690619537774,35820,,,,,,,,,,,
1.7299354553222657,0.6806750297546387,6.497620897261604e-06,6.960574868906583,35840,,,,,,,,,,,
1.7244224548339844,0.6891265511512756,6.473344338706546e-06,6.964459118275394,35860,,,,,,,,,,,
1.7454307556152344,0.7800468802452087,6.449067780151485e-06,6.968343367644203,35880,,,,,,,,,,,
1.7280485153198242,0.8117903470993042,6.4247912215964265e-06,6.972227617013012,35900,,,,,,,,,,,
1.7244108200073243,0.7847213745117188,6.4005146630413686e-06,6.976111866381822,35920,,,,,,,,,,,
1.7181686401367187,0.7399646043777466,6.376238104486308e-06,6.979996115750631,35940,,,,,,,,,,,
1.7564802169799805,2.137728452682495,6.351961545931249e-06,6.9838803651194405,35960,,,,,,,,,,,
1.7343082427978516,0.8228366374969482,6.32768498737619e-06,6.98776461448825,35980,,,,,,,,,,,
1.7515493392944337,0.7387749552726746,6.303408428821131e-06,6.991648863857059,36000,,,,,,,,,,,
1.7265216827392578,0.7089674472808838,6.279131870266071e-06,6.99553311322587,36020,,,,,,,,,,,
1.753607177734375,0.7442162036895752,6.254855311711012e-06,6.999417362594679,36040,,,,,,,,,,,
,,,7.0,36043,1.7402715682983398,15.315235568074671,40.17070164735711,272.8445,12.48,0.781,,,,,
1.719979476928711,0.735873281955719,6.230578753155953e-06,7.003301611963488,36060,,,,,,,,,,,
1.666313934326172,0.7645733952522278,6.206302194600894e-06,7.007185861332298,36080,,,,,,,,,,,
1.7225534439086914,0.7355793118476868,6.182025636045834e-06,7.011070110701107,36100,,,,,,,,,,,
1.7185909271240234,0.6396945118904114,6.157749077490775e-06,7.0149543600699165,36120,,,,,,,,,,,
1.7453428268432618,0.588755190372467,6.133472518935716e-06,7.018838609438726,36140,,,,,,,,,,,
1.6985986709594727,0.7773855924606323,6.109195960380656e-06,7.022722858807535,36160,,,,,,,,,,,
1.7511293411254882,0.7642177939414978,6.0849194018255974e-06,7.026607108176345,36180,,,,,,,,,,,
1.7606761932373047,0.6943234205245972,6.060642843270539e-06,7.030491357545154,36200,,,,,,,,,,,
1.7766292572021485,0.7401552200317383,6.036366284715479e-06,7.034375606913964,36220,,,,,,,,,,,
1.7208690643310547,0.7618033289909363,6.01208972616042e-06,7.038259856282774,36240,,,,,,,,,,,
1.7498266220092773,0.7127110362052917,5.9878131676053606e-06,7.042144105651583,36260,,,,,,,,,,,
1.7089494705200194,0.6825040578842163,5.963536609050301e-06,7.046028355020392,36280,,,,,,,,,,,
1.70823974609375,0.7302300930023193,5.939260050495242e-06,7.049912604389202,36300,,,,,,,,,,,
1.7237583160400392,0.7376153469085693,5.9149834919401825e-06,7.053796853758011,36320,,,,,,,,,,,
1.781545639038086,0.6691708564758301,5.890706933385124e-06,7.0576811031268205,36340,,,,,,,,,,,
1.7273738861083985,0.8304373025894165,5.866430374830064e-06,7.06156535249563,36360,,,,,,,,,,,
1.7003240585327148,0.6859798431396484,5.842153816275005e-06,7.065449601864439,36380,,,,,,,,,,,
1.6939697265625,0.7120194435119629,5.8178772577199465e-06,7.0693338512332495,36400,,,,,,,,,,,
1.6858360290527343,0.6986843943595886,5.793600699164887e-06,7.073218100602059,36420,,,,,,,,,,,
1.7005451202392579,0.7440169453620911,5.769324140609827e-06,7.077102349970868,36440,,,,,,,,,,,
1.7331733703613281,0.6256632208824158,5.745047582054768e-06,7.080986599339678,36460,,,,,,,,,,,
1.7363399505615233,1.7038600444793701,5.720771023499709e-06,7.084870848708487,36480,,,,,,,,,,,
1.7761138916015624,0.7064806222915649,5.69649446494465e-06,7.088755098077296,36500,,,,,,,,,,,
1.7855077743530274,0.6845309734344482,5.67221790638959e-06,7.092639347446106,36520,,,,,,,,,,,
1.7220792770385742,0.7268279194831848,5.647941347834531e-06,7.096523596814915,36540,,,,,,,,,,,
1.7140378952026367,0.673396110534668,5.623664789279473e-06,7.100407846183725,36560,,,,,,,,,,,
1.7454126358032227,0.6785567402839661,5.599388230724413e-06,7.104292095552535,36580,,,,,,,,,,,
1.766342544555664,0.7443498373031616,5.575111672169353e-06,7.108176344921344,36600,,,,,,,,,,,
1.7348667144775392,0.7062194347381592,5.550835113614295e-06,7.112060594290154,36620,,,,,,,,,,,
1.7429698944091796,0.7231506109237671,5.526558555059235e-06,7.115944843658963,36640,,,,,,,,,,,
1.7397018432617188,0.7037099599838257,5.502281996504176e-06,7.119829093027772,36660,,,,,,,,,,,
1.705785369873047,0.7624423503875732,5.4780054379491165e-06,7.123713342396582,36680,,,,,,,,,,,
1.7256437301635743,0.7100437879562378,5.453728879394057e-06,7.127597591765391,36700,,,,,,,,,,,
1.6806964874267578,0.7615331411361694,5.429452320838998e-06,7.1314818411342005,36720,,,,,,,,,,,
1.7034658432006835,0.7082083225250244,5.4051757622839385e-06,7.135366090503011,36740,,,,,,,,,,,
1.7299104690551759,0.8112533688545227,5.38089920372888e-06,7.13925033987182,36760,,,,,,,,,,,
1.762731170654297,0.7365090847015381,5.356622645173821e-06,7.1431345892406295,36780,,,,,,,,,,,
1.6766807556152343,0.607584536075592,5.332346086618761e-06,7.147018838609439,36800,,,,,,,,,,,
1.742057991027832,0.7944474816322327,5.3080695280637024e-06,7.150903087978248,36820,,,,,,,,,,,
1.7641567230224608,0.7939445376396179,5.283792969508643e-06,7.154787337347058,36840,,,,,,,,,,,
1.7642934799194336,0.7541834115982056,5.259516410953583e-06,7.158671586715867,36860,,,,,,,,,,,
1.643332290649414,0.7603797912597656,5.235239852398524e-06,7.162555836084676,36880,,,,,,,,,,,
1.7636791229248048,0.7656158208847046,5.210963293843465e-06,7.166440085453486,36900,,,,,,,,,,,
1.709280014038086,0.666070818901062,5.186686735288405e-06,7.170324334822295,36920,,,,,,,,,,,
1.6606174468994142,0.7028676271438599,5.162410176733347e-06,7.174208584191105,36940,,,,,,,,,,,
1.7527053833007813,0.7862199544906616,5.1381336181782875e-06,7.178092833559915,36960,,,,,,,,,,,
1.7512298583984376,0.7336856126785278,5.113857059623228e-06,7.181977082928724,36980,,,,,,,,,,,
1.7301483154296875,0.7093411684036255,5.089580501068169e-06,7.1858613322975335,37000,,,,,,,,,,,
1.7189645767211914,0.7285333871841431,5.065303942513109e-06,7.189745581666343,37020,,,,,,,,,,,
1.7120128631591798,0.645495593547821,5.041027383958051e-06,7.193629831035152,37040,,,,,,,,,,,
1.7567520141601562,0.6510632038116455,5.016750825402991e-06,7.197514080403962,37060,,,,,,,,,,,
1.793229103088379,0.8251890540122986,4.992474266847931e-06,7.201398329772771,37080,,,,,,,,,,,
1.700640869140625,0.7061558961868286,4.9681977082928725e-06,7.205282579141581,37100,,,,,,,,,,,
1.7233701705932618,0.7221919894218445,4.943921149737813e-06,7.209166828510391,37120,,,,,,,,,,,
1.674142837524414,0.8701375722885132,4.919644591182754e-06,7.2130510778792,37140,,,,,,,,,,,
1.7393915176391601,0.7414093613624573,4.895368032627695e-06,7.2169353272480095,37160,,,,,,,,,,,
1.7489742279052733,0.6952283382415771,4.871091474072636e-06,7.220819576616819,37180,,,,,,,,,,,
1.7464391708374023,0.7376211285591125,4.846814915517577e-06,7.224703825985628,37200,,,,,,,,,,,
1.7635778427124023,0.7866289019584656,4.822538356962517e-06,7.228588075354438,37220,,,,,,,,,,,
1.7663875579833985,0.6421923637390137,4.7982617984074576e-06,7.232472324723247,37240,,,,,,,,,,,
1.7499580383300781,0.6834726929664612,4.773985239852399e-06,7.236356574092056,37260,,,,,,,,,,,
1.6782787322998047,0.7423125505447388,4.749708681297339e-06,7.240240823460867,37280,,,,,,,,,,,
1.7307266235351562,0.7011070251464844,4.72543212274228e-06,7.244125072829676,37300,,,,,,,,,,,
1.7210817337036133,0.7863297462463379,4.7011555641872215e-06,7.248009322198485,37320,,,,,,,,,,,
1.6749784469604492,0.8612850904464722,4.676879005632162e-06,7.251893571567295,37340,,,,,,,,,,,
1.690707015991211,0.6739104986190796,4.652602447077103e-06,7.255777820936104,37360,,,,,,,,,,,
1.7115291595458983,0.7924237847328186,4.6283258885220435e-06,7.2596620703049135,37380,,,,,,,,,,,
1.7428041458129884,0.6980891823768616,4.604049329966984e-06,7.263546319673723,37400,,,,,,,,,,,
1.7394441604614257,0.7201820611953735,4.579772771411925e-06,7.267430569042532,37420,,,,,,,,,,,
1.727421760559082,0.79744952917099,4.555496212856865e-06,7.271314818411342,37440,,,,,,,,,,,
1.728457260131836,0.8141644597053528,4.531219654301807e-06,7.275199067780152,37460,,,,,,,,,,,
1.7159605026245117,0.7795473337173462,4.506943095746747e-06,7.279083317148961,37480,,,,,,,,,,,
1.7497150421142578,0.758136510848999,4.482666537191687e-06,7.282967566517771,37500,,,,,,,,,,,
1.7373626708984375,0.7510610222816467,4.458389978636629e-06,7.28685181588658,37520,,,,,,,,,,,
1.7553876876831054,0.6466084122657776,4.43411342008157e-06,7.290736065255389,37540,,,,,,,,,,,
1.7377204895019531,0.7221592664718628,4.40983686152651e-06,7.294620314624199,37560,,,,,,,,,,,
1.7084945678710937,0.8173514008522034,4.385560302971451e-06,7.298504563993008,37580,,,,,,,,,,,
1.7208629608154298,0.7941713929176331,4.361283744416392e-06,7.3023888133618176,37600,,,,,,,,,,,
1.753995704650879,0.685877799987793,4.337007185861333e-06,7.306273062730627,37620,,,,,,,,,,,
1.7545053482055664,0.7385715246200562,4.312730627306273e-06,7.310157312099437,37640,,,,,,,,,,,
1.7446491241455078,0.7768364548683167,4.2884540687512135e-06,7.314041561468247,37660,,,,,,,,,,,
1.709843063354492,0.7160754799842834,4.264177510196155e-06,7.317925810837056,37680,,,,,,,,,,,
1.6982994079589844,0.6696189641952515,4.239900951641095e-06,7.321810060205865,37700,,,,,,,,,,,
1.7476364135742188,0.8504183888435364,4.215624393086036e-06,7.325694309574675,37720,,,,,,,,,,,
1.7024690628051757,0.7049443125724792,4.1913478345309775e-06,7.329578558943484,37740,,,,,,,,,,,
1.7256048202514649,0.7033516764640808,4.167071275975918e-06,7.3334628083122935,37760,,,,,,,,,,,
1.786353302001953,0.6510335206985474,4.142794717420859e-06,7.337347057681103,37780,,,,,,,,,,,
1.689249610900879,0.7992826104164124,4.1185181588657994e-06,7.341231307049912,37800,,,,,,,,,,,
1.7566961288452148,0.7679564356803894,4.09424160031074e-06,7.3451155564187225,37820,,,,,,,,,,,
1.74523868560791,0.7260890603065491,4.069965041755681e-06,7.348999805787532,37840,,,,,,,,,,,
1.8223018646240234,0.7166283130645752,4.045688483200621e-06,7.352884055156341,37860,,,,,,,,,,,
1.7373369216918946,0.7097674608230591,4.021411924645562e-06,7.356768304525151,37880,,,,,,,,,,,
1.7162694931030273,0.7106500267982483,3.997135366090504e-06,7.36065255389396,37900,,,,,,,,,,,
1.7689195632934571,0.733522355556488,3.972858807535444e-06,7.364536803262769,37920,,,,,,,,,,,
1.704864501953125,0.7133248448371887,3.9485822489803845e-06,7.368421052631579,37940,,,,,,,,,,,
1.6941642761230469,0.6686558127403259,3.924305690425326e-06,7.372305302000388,37960,,,,,,,,,,,
1.7268590927124023,0.7216585278511047,3.900029131870266e-06,7.3761895513691975,37980,,,,,,,,,,,
1.6635427474975586,0.7133412957191467,3.875752573315207e-06,7.380073800738008,38000,,,,,,,,,,,
1.7262046813964844,0.7835679054260254,3.851476014760148e-06,7.383958050106817,38020,,,,,,,,,,,
1.7477365493774415,0.7633368372917175,3.827199456205088e-06,7.3878422994756265,38040,,,,,,,,,,,
1.7516471862792968,0.7393933534622192,3.802922897650029e-06,7.391726548844436,38060,,,,,,,,,,,
1.731247901916504,0.7054935693740845,3.7786463390949695e-06,7.395610798213245,38080,,,,,,,,,,,
1.731549072265625,0.7131373286247253,3.754369780539911e-06,7.399495047582055,38100,,,,,,,,,,,
1.7116708755493164,0.6667636036872864,3.730093221984852e-06,7.403379296950864,38120,,,,,,,,,,,
1.721329689025879,0.7556146383285522,3.7058166634297923e-06,7.407263546319673,38140,,,,,,,,,,,
1.6906141281127929,0.7085143327713013,3.681540104874733e-06,7.411147795688483,38160,,,,,,,,,,,
1.6911312103271485,0.7560893893241882,3.657263546319674e-06,7.415032045057293,38180,,,,,,,,,,,
1.7383460998535156,0.6867944598197937,3.6329869877646146e-06,7.4189162944261025,38200,,,,,,,,,,,
1.7208789825439452,0.6810204386711121,3.6087104292095554e-06,7.422800543794912,38220,,,,,,,,,,,
1.7343002319335938,0.6592492461204529,3.5844338706544958e-06,7.426684793163721,38240,,,,,,,,,,,
1.6958257675170898,0.8307681083679199,3.5601573120994366e-06,7.430569042532531,38260,,,,,,,,,,,
1.7172161102294923,0.8072807788848877,3.535880753544378e-06,7.43445329190134,38280,,,,,,,,,,,
1.7926153182983398,0.7590093016624451,3.5116041949893185e-06,7.438337541270149,38300,,,,,,,,,,,
1.753015899658203,0.6776238083839417,3.4873276364342593e-06,7.442221790638959,38320,,,,,,,,,,,
1.774368667602539,0.6334581971168518,3.4630510778792e-06,7.446106040007768,38340,,,,,,,,,,,
1.7302671432495118,0.7418127059936523,3.438774519324141e-06,7.449990289376578,38360,,,,,,,,,,,
1.767791748046875,0.7877381443977356,3.4144979607690817e-06,7.453874538745388,38380,,,,,,,,,,,
1.7299234390258789,0.7749654054641724,3.390221402214022e-06,7.457758788114197,38400,,,,,,,,,,,
1.6847673416137696,0.6842019557952881,3.365944843658963e-06,7.4616430374830065,38420,,,,,,,,,,,
1.6744626998901366,0.7156640887260437,3.3416682851039036e-06,7.465527286851816,38440,,,,,,,,,,,
1.718063735961914,0.7222949266433716,3.3173917265488444e-06,7.469411536220625,38460,,,,,,,,,,,
1.714827537536621,0.9873347878456116,3.2931151679937856e-06,7.473295785589435,38480,,,,,,,,,,,
1.730159378051758,0.6906931400299072,3.2688386094387264e-06,7.477180034958244,38500,,,,,,,,,,,
1.6705741882324219,0.7115237712860107,3.244562050883667e-06,7.481064284327053,38520,,,,,,,,,,,
1.7261739730834962,0.6879079341888428,3.220285492328608e-06,7.484948533695864,38540,,,,,,,,,,,
1.7242610931396485,0.7090694308280945,3.1960089337735483e-06,7.488832783064673,38560,,,,,,,,,,,
1.7278850555419922,0.7189375758171082,3.171732375218489e-06,7.492717032433482,38580,,,,,,,,,,,
1.737908172607422,0.7418758869171143,3.14745581666343e-06,7.496601281802292,38600,,,,,,,,,,,
1.7414461135864259,0.7777824401855469,3.1231792581083706e-06,7.500485531171101,38620,,,,,,,,,,,
1.7691780090332032,0.7543343901634216,3.0989026995533114e-06,7.5043697805399106,38640,,,,,,,,,,,
1.7160202026367188,0.6905597448348999,3.074626140998252e-06,7.50825402990872,38660,,,,,,,,,,,
1.746389389038086,0.7499257326126099,3.050349582443193e-06,7.512138279277529,38680,,,,,,,,,,,
1.705775260925293,0.6946505904197693,3.0260730238881337e-06,7.516022528646339,38700,,,,,,,,,,,
1.6930023193359376,0.7545267939567566,3.0017964653330745e-06,7.519906778015149,38720,,,,,,,,,,,
1.717179298400879,0.7732914090156555,2.9775199067780153e-06,7.523791027383958,38740,,,,,,,,,,,
1.7446464538574218,0.787329375743866,2.953243348222956e-06,7.527675276752768,38760,,,,,,,,,,,
1.8095151901245117,0.7923023104667664,2.928966789667897e-06,7.531559526121577,38780,,,,,,,,,,,
1.7203403472900392,0.7881818413734436,2.9046902311128376e-06,7.5354437754903865,38800,,,,,,,,,,,
1.7267442703247071,0.7114872932434082,2.8804136725577784e-06,7.539328024859196,38820,,,,,,,,,,,
1.7396717071533203,0.716606616973877,2.856137114002719e-06,7.543212274228005,38840,,,,,,,,,,,
1.7628902435302733,0.6892088651657104,2.83186055544766e-06,7.547096523596815,38860,,,,,,,,,,,
1.6906028747558595,0.6984390616416931,2.8075839968926003e-06,7.550980772965625,38880,,,,,,,,,,,
1.7259187698364258,0.7004811763763428,2.7833074383375415e-06,7.554865022334434,38900,,,,,,,,,,,
1.749766731262207,0.8301223516464233,2.7590308797824823e-06,7.558749271703244,38920,,,,,,,,,,,
1.7425653457641601,0.6999694108963013,2.734754321227423e-06,7.562633521072053,38940,,,,,,,,,,,
1.719491958618164,0.6769735813140869,2.7104777626723635e-06,7.566517770440862,38960,,,,,,,,,,,
1.6949159622192382,0.7567827701568604,2.6862012041173042e-06,7.570402019809672,38980,,,,,,,,,,,
1.7150123596191407,0.8514634966850281,2.6619246455622455e-06,7.574286269178481,39000,,,,,,,,,,,
1.705718994140625,0.7163609862327576,2.6376480870071862e-06,7.5781705185472905,39020,,,,,,,,,,,
1.756798553466797,0.7238616943359375,2.6133715284521266e-06,7.5820547679161,39040,,,,,,,,,,,
1.6983293533325194,0.6598843932151794,2.5890949698970674e-06,7.585939017284909,39060,,,,,,,,,,,
1.7439767837524414,0.6139763593673706,2.564818411342008e-06,7.5898232666537195,39080,,,,,,,,,,,
1.7403060913085937,0.7390933036804199,2.540541852786949e-06,7.593707516022529,39100,,,,,,,,,,,
1.7775402069091797,0.6897326111793518,2.5162652942318897e-06,7.597591765391338,39120,,,,,,,,,,,
1.7269977569580077,0.6805278658866882,2.4919887356768305e-06,7.601476014760148,39140,,,,,,,,,,,
1.6800308227539062,0.7879080772399902,2.4677121771217713e-06,7.605360264128957,39160,,,,,,,,,,,
1.7294466018676757,0.7569639086723328,2.443435618566712e-06,7.609244513497766,39180,,,,,,,,,,,
1.7007062911987305,0.7004459500312805,2.419159060011653e-06,7.613128762866576,39200,,,,,,,,,,,
1.7015972137451172,0.6405581831932068,2.3948825014565936e-06,7.617013012235385,39220,,,,,,,,,,,
1.6751014709472656,0.7232078909873962,2.3706059429015344e-06,7.6208972616041954,39240,,,,,,,,,,,
1.754007339477539,0.7829572558403015,2.346329384346475e-06,7.624781510973005,39260,,,,,,,,,,,
1.7114582061767578,0.7642841935157776,2.322052825791416e-06,7.628665760341814,39280,,,,,,,,,,,
1.7558761596679688,0.7805693745613098,2.2977762672363567e-06,7.632550009710624,39300,,,,,,,,,,,
1.714554214477539,0.7272534370422363,2.2734997086812975e-06,7.636434259079433,39320,,,,,,,,,,,
1.7743083953857421,0.6751781702041626,2.2492231501262383e-06,7.640318508448242,39340,,,,,,,,,,,
1.699637222290039,0.7256293892860413,2.2249465915711787e-06,7.644202757817052,39360,,,,,,,,,,,
1.7116914749145509,0.6703189611434937,2.20067003301612e-06,7.648087007185861,39380,,,,,,,,,,,
1.7475013732910156,0.7002416849136353,2.1763934744610607e-06,7.6519712565546705,39400,,,,,,,,,,,
1.7809259414672851,0.7914352416992188,2.1521169159060014e-06,7.65585550592348,39420,,,,,,,,,,,
1.6914285659790038,0.6901655793190002,2.127840357350942e-06,7.65973975529229,39440,,,,,,,,,,,
1.7686796188354492,0.7765049934387207,2.1035637987958826e-06,7.6636240046610995,39460,,,,,,,,,,,
1.702019500732422,0.7803952097892761,2.0792872402408238e-06,7.667508254029909,39480,,,,,,,,,,,
1.6928686141967773,0.7556792497634888,2.0550106816857646e-06,7.671392503398718,39500,,,,,,,,,,,
1.778968048095703,0.7169420123100281,2.030734123130705e-06,7.675276752767528,39520,,,,,,,,,,,
1.7502368927001952,0.816094160079956,2.0064575645756457e-06,7.679161002136337,39540,,,,,,,,,,,
1.6896232604980468,0.7108710408210754,1.982181006020587e-06,7.683045251505146,39560,,,,,,,,,,,
1.7578851699829101,0.7099887728691101,1.9579044474655273e-06,7.686929500873956,39580,,,,,,,,,,,
1.7282201766967773,0.7158536314964294,1.933627888910468e-06,7.690813750242766,39600,,,,,,,,,,,
1.7344409942626953,0.7476868033409119,1.909351330355409e-06,7.694697999611575,39620,,,,,,,,,,,
1.7211212158203124,0.7596240639686584,1.8850747718003496e-06,7.698582248980385,39640,,,,,,,,,,,
1.7431964874267578,0.6962234377861023,1.8607982132452906e-06,7.702466498349194,39660,,,,,,,,,,,
1.697113609313965,0.8256138563156128,1.8365216546902314e-06,7.7063507477180035,39680,,,,,,,,,,,
1.6709190368652345,0.6696184277534485,1.812245096135172e-06,7.710234997086813,39700,,,,,,,,,,,
1.7266538619995118,0.7705596089363098,1.7879685375801127e-06,7.714119246455622,39720,,,,,,,,,,,
1.7909542083740235,0.7360568046569824,1.7636919790250533e-06,7.718003495824432,39740,,,,,,,,,,,
1.7162691116333009,0.6928752064704895,1.7394154204699943e-06,7.721887745193241,39760,,,,,,,,,,,
1.713654136657715,0.8803479075431824,1.715138861914935e-06,7.72577199456205,39780,,,,,,,,,,,
1.7511730194091797,0.7276423573493958,1.6908623033598758e-06,7.729656243930861,39800,,,,,,,,,,,
1.723578643798828,0.7138241529464722,1.6665857448048164e-06,7.73354049329967,39820,,,,,,,,,,,
1.732902717590332,0.7758105993270874,1.6423091862497572e-06,7.7374247426684795,39840,,,,,,,,,,,
1.771980094909668,0.7099887132644653,1.6180326276946982e-06,7.741308992037289,39860,,,,,,,,,,,
1.6732101440429688,0.7499549984931946,1.593756069139639e-06,7.745193241406098,39880,,,,,,,,,,,
1.7113279342651366,0.6803430914878845,1.5694795105845795e-06,7.749077490774908,39900,,,,,,,,,,,
1.7055294036865234,0.7728385329246521,1.5452029520295205e-06,7.752961740143717,39920,,,,,,,,,,,
1.7262712478637696,0.7240360975265503,1.520926393474461e-06,7.756845989512526,39940,,,,,,,,,,,
1.7150838851928711,0.694746196269989,1.4966498349194019e-06,7.760730238881337,39960,,,,,,,,,,,
1.7022192001342773,0.7030625343322754,1.4723732763643427e-06,7.764614488250146,39980,,,,,,,,,,,
1.6849950790405273,0.6549859642982483,1.4480967178092834e-06,7.768498737618955,40000,,,,,,,,,,,
1.7409061431884765,0.8063548803329468,1.4238201592542242e-06,7.772382986987765,40020,,,,,,,,,,,
1.7163679122924804,0.7667485475540161,1.399543600699165e-06,7.776267236356574,40040,,,,,,,,,,,
1.7261688232421875,0.7698104977607727,1.3752670421441058e-06,7.7801514857253835,40060,,,,,,,,,,,
1.7119394302368165,0.7129014730453491,1.3509904835890466e-06,7.784035735094193,40080,,,,,,,,,,,
1.707376480102539,0.7056277990341187,1.3267139250339871e-06,7.787919984463002,40100,,,,,,,,,,,
1.8047876358032227,0.7158612012863159,1.3024373664789281e-06,7.791804233831812,40120,,,,,,,,,,,
1.672206497192383,0.7288581132888794,1.2781608079238687e-06,7.795688483200621,40140,,,,,,,,,,,
1.7983545303344726,0.6403036713600159,1.2538842493688097e-06,7.799572732569431,40160,,,,,,,,,,,
1.6980396270751954,0.6734172701835632,1.2296076908137503e-06,7.803456981938241,40180,,,,,,,,,,,
1.6831277847290038,0.7621399164199829,1.205331132258691e-06,7.80734123130705,40200,,,,,,,,,,,
1.727437400817871,0.7411985397338867,1.1810545737036318e-06,7.811225480675859,40220,,,,,,,,,,,
1.7373664855957032,1.001155972480774,1.1567780151485726e-06,7.815109730044669,40240,,,,,,,,,,,
1.7484165191650392,0.6574870944023132,1.1325014565935134e-06,7.818993979413478,40260,,,,,,,,,,,
1.7473073959350587,0.7289978265762329,1.1082248980384542e-06,7.822878228782288,40280,,,,,,,,,,,
1.7081069946289062,0.7176535725593567,1.083948339483395e-06,7.826762478151097,40300,,,,,,,,,,,
1.7124582290649415,0.6834886074066162,1.0596717809283357e-06,7.830646727519907,40320,,,,,,,,,,,
1.7624038696289062,0.779690682888031,1.0353952223732763e-06,7.834530976888717,40340,,,,,,,,,,,
1.7216148376464844,0.7098366618156433,1.0111186638182173e-06,7.838415226257526,40360,,,,,,,,,,,
1.7252147674560547,0.8428348302841187,9.868421052631579e-07,7.842299475626335,40380,,,,,,,,,,,
1.7664844512939453,0.7685682773590088,9.625655467080989e-07,7.846183724995145,40400,,,,,,,,,,,
1.733219528198242,0.7011534571647644,9.382889881530394e-07,7.850067974363954,40420,,,,,,,,,,,
1.749422836303711,0.7395070195198059,9.140124295979803e-07,7.8539522237327635,40440,,,,,,,,,,,
1.7270038604736329,0.7859731912612915,8.89735871042921e-07,7.857836473101573,40460,,,,,,,,,,,
1.7558374404907227,0.7142435908317566,8.654593124878617e-07,7.861720722470382,40480,,,,,,,,,,,
1.752849006652832,0.760932981967926,8.411827539328026e-07,7.865604971839192,40500,,,,,,,,,,,
1.713540267944336,0.7647625207901001,8.169061953777432e-07,7.869489221208002,40520,,,,,,,,,,,
1.740818405151367,0.7424635887145996,7.926296368226841e-07,7.873373470576811,40540,,,,,,,,,,,
1.688748550415039,0.783905565738678,7.683530782676248e-07,7.877257719945621,40560,,,,,,,,,,,
1.742363166809082,0.7365070581436157,7.440765197125656e-07,7.88114196931443,40580,,,,,,,,,,,
1.708363914489746,0.7519285678863525,7.197999611575063e-07,7.885026218683239,40600,,,,,,,,,,,
1.6804794311523437,0.7080228924751282,6.955234026024471e-07,7.888910468052049,40620,,,,,,,,,,,
1.7762107849121094,0.7351253628730774,6.712468440473879e-07,7.892794717420858,40640,,,,,,,,,,,
1.7285083770751952,0.7857564687728882,6.469702854923286e-07,7.8966789667896675,40660,,,,,,,,,,,
1.713714027404785,0.6949333548545837,6.226937269372694e-07,7.900563216158478,40680,,,,,,,,,,,
1.731862449645996,0.7566421031951904,5.984171683822101e-07,7.904447465527287,40700,,,,,,,,,,,
1.6657444000244142,0.6473208665847778,5.741406098271509e-07,7.9083317148960965,40720,,,,,,,,,,,
1.79649658203125,0.8422876596450806,5.498640512720917e-07,7.912215964264906,40740,,,,,,,,,,,
1.7194095611572267,0.7548219561576843,5.255874927170325e-07,7.916100213633715,40760,,,,,,,,,,,
1.6893722534179687,0.8220932483673096,5.013109341619732e-07,7.919984463002525,40780,,,,,,,,,,,
1.7182636260986328,0.7683853507041931,4.77034375606914e-07,7.923868712371334,40800,,,,,,,,,,,
1.7112466812133789,0.762656569480896,4.5275781705185473e-07,7.927752961740143,40820,,,,,,,,,,,
1.7580123901367188,0.6758103966712952,4.284812584967955e-07,7.931637211108953,40840,,,,,,,,,,,
1.679711151123047,0.7348738312721252,4.042046999417363e-07,7.935521460477762,40860,,,,,,,,,,,
1.7159889221191407,0.7220990657806396,3.79928141386677e-07,7.9394057098465725,40880,,,,,,,,,,,
1.7591888427734375,0.6735226511955261,3.556515828316178e-07,7.943289959215382,40900,,,,,,,,,,,
1.816991424560547,0.8183374404907227,3.313750242765586e-07,7.947174208584191,40920,,,,,,,,,,,
1.7810083389282227,0.6752950549125671,3.070984657214993e-07,7.951058457953001,40940,,,,,,,,,,,
1.694869041442871,0.7552184462547302,2.828219071664401e-07,7.95494270732181,40960,,,,,,,,,,,
1.8345901489257812,0.7775381803512573,2.5854534861138087e-07,7.958826956690619,40980,,,,,,,,,,,
1.7225324630737304,0.6191235184669495,2.342687900563216e-07,7.962711206059429,41000,,,,,,,,,,,
1.682566261291504,0.7053565382957458,2.0999223150126238e-07,7.966595455428239,41020,,,,,,,,,,,
1.701902198791504,0.8722973465919495,1.8571567294620314e-07,7.970479704797048,41040,,,,,,,,,,,
1.7466732025146485,0.7143280506134033,1.6143911439114392e-07,7.974363954165858,41060,,,,,,,,,,,
1.705453109741211,0.7794821858406067,1.3716255583608467e-07,7.978248203534667,41080,,,,,,,,,,,
1.7009199142456055,0.7461838722229004,1.1288599728102545e-07,7.9821324529034765,41100,,,,,,,,,,,
1.6893354415893556,0.8273711204528809,8.860943872596621e-08,7.986016702272286,41120,,,,,,,,,,,
1.7087650299072266,0.6995450854301453,6.433288017090698e-08,7.989900951641095,41140,,,,,,,,,,,
1.7328229904174806,0.786443829536438,4.005632161584774e-08,7.993785201009905,41160,,,,,,,,,,,
1.7428165435791017,0.6854972243309021,1.5779763060788504e-08,7.997669450378714,41180,,,,,,,,,,,
,,,8.0,41192,1.7341132164001465,15.226710794499402,40.10671851281601,272.4604,12.497,0.782,,,,,
,,,8.0,41192,,,,,,,8357.615,157.707,4.929,1.8680381993403187e+17,1.9547874566813677
