loss,grad_norm,learning_rate,epoch,step,eval_loss,eval_bleu,eval_chrf2pp,eval_runtime,eval_samples_per_second,eval_steps_per_second,train_runtime,train_samples_per_second,train_steps_per_second,total_flos,train_loss
6.179327011108398,0.8686819076538086,4.9983319286416634e-05,0.0028093833403567917,20,,,,,,,,,,,
5.947367477416992,0.7084437608718872,4.9965760640539406e-05,0.0056187666807135835,40,,,,,,,,,,,
5.742424392700196,0.6163809299468994,4.994820199466218e-05,0.008428150021070375,60,,,,,,,,,,,
5.488113021850586,0.5208635926246643,4.993064334878494e-05,0.011237533361427167,80,,,,,,,,,,,
5.307014846801758,0.49533820152282715,4.9913084702907714e-05,0.014046916701783959,100,,,,,,,,,,,
5.097909927368164,0.5682694911956787,4.9895526057030486e-05,0.01685630004214075,120,,,,,,,,,,,
4.951493835449218,0.4748953580856323,4.987796741115325e-05,0.01966568338249754,140,,,,,,,,,,,
4.865877532958985,0.43309640884399414,4.986040876527602e-05,0.022475066722854334,160,,,,,,,,,,,
4.713421630859375,0.4107036888599396,4.9842850119398794e-05,0.025284450063211124,180,,,,,,,,,,,
4.724290084838867,0.4248908758163452,4.982529147352156e-05,0.028093833403567917,200,,,,,,,,,,,
4.617901992797852,0.43601712584495544,4.980773282764433e-05,0.030903216743924707,220,,,,,,,,,,,
4.585545349121094,0.42278286814689636,4.97901741817671e-05,0.0337126000842815,240,,,,,,,,,,,
4.4748271942138675,0.42543646693229675,4.9772615535889874e-05,0.03652198342463829,260,,,,,,,,,,,
4.479756546020508,0.4275192320346832,4.9755056890012646e-05,0.03933136676499508,280,,,,,,,,,,,
4.415507888793945,0.4106164872646332,4.973749824413542e-05,0.04214075010535188,300,,,,,,,,,,,
4.34945068359375,0.48206010460853577,4.971993959825818e-05,0.04495013344570867,320,,,,,,,,,,,
4.359381103515625,0.4385948181152344,4.9702380952380955e-05,0.04775951678606546,340,,,,,,,,,,,
4.289939880371094,0.42633000016212463,4.9684822306503726e-05,0.05056890012642225,360,,,,,,,,,,,
4.255978012084961,0.4480944275856018,4.96672636606265e-05,0.053378283466779045,380,,,,,,,,,,,
4.192760467529297,0.46062105894088745,4.964970501474926e-05,0.056187666807135835,400,,,,,,,,,,,
4.2121437072753904,0.4974764585494995,4.9632146368872035e-05,0.058997050147492625,420,,,,,,,,,,,
4.101567077636719,0.4740387797355652,4.9614587722994807e-05,0.061806433487849415,440,,,,,,,,,,,
4.138375854492187,0.45728644728660583,4.959702907711757e-05,0.0646158168282062,460,,,,,,,,,,,
4.112090682983398,0.43130964040756226,4.957947043124034e-05,0.067425200168563,480,,,,,,,,,,,
4.1020244598388675,0.486594021320343,4.9561911785363115e-05,0.0702345835089198,500,,,,,,,,,,,
4.076156234741211,0.5004814863204956,4.954435313948588e-05,0.07304396684927658,520,,,,,,,,,,,
4.021109008789063,0.5142243504524231,4.952679449360865e-05,0.07585335018963338,540,,,,,,,,,,,
4.03157958984375,0.46669337153434753,4.950923584773143e-05,0.07866273352999016,560,,,,,,,,,,,
3.9874744415283203,0.4860333204269409,4.9491677201854195e-05,0.08147211687034696,580,,,,,,,,,,,
3.981869125366211,0.483989953994751,4.947411855597697e-05,0.08428150021070376,600,,,,,,,,,,,
3.8913497924804688,0.5070715546607971,4.945655991009974e-05,0.08709088355106054,620,,,,,,,,,,,
3.8792964935302736,0.5302131772041321,4.9439001264222504e-05,0.08990026689141734,640,,,,,,,,,,,
3.906662368774414,0.4965941905975342,4.9421442618345275e-05,0.09270965023177413,660,,,,,,,,,,,
3.939331817626953,0.5190950632095337,4.940388397246805e-05,0.09551903357213092,680,,,,,,,,,,,
3.8648555755615233,0.5455368161201477,4.938632532659081e-05,0.09832841691248771,700,,,,,,,,,,,
3.8601669311523437,0.5469413995742798,4.9368766680713584e-05,0.1011378002528445,720,,,,,,,,,,,
3.878062438964844,0.529133677482605,4.9351208034836356e-05,0.10394718359320129,740,,,,,,,,,,,
3.8405441284179687,0.5229524374008179,4.933364938895913e-05,0.10675656693355809,760,,,,,,,,,,,
3.799911880493164,0.5557049512863159,4.931609074308189e-05,0.10956595027391487,780,,,,,,,,,,,
3.7722217559814455,0.5401759743690491,4.9298532097204664e-05,0.11237533361427167,800,,,,,,,,,,,
3.7775856018066407,0.6618396639823914,4.9280973451327436e-05,0.11518471695462845,820,,,,,,,,,,,
3.728805923461914,0.6167323589324951,4.926341480545021e-05,0.11799410029498525,840,,,,,,,,,,,
3.7417850494384766,0.5837774276733398,4.924585615957298e-05,0.12080348363534205,860,,,,,,,,,,,
3.7209228515625,0.5748451352119446,4.922829751369575e-05,0.12361286697569883,880,,,,,,,,,,,
3.6998077392578126,0.5263358354568481,4.9210738867818516e-05,0.1264222503160556,900,,,,,,,,,,,
3.7289493560791014,0.6061296463012695,4.919318022194129e-05,0.1292316336564124,920,,,,,,,,,,,
3.6771263122558593,0.5753745436668396,4.917562157606406e-05,0.1320410169967692,940,,,,,,,,,,,
3.7184169769287108,0.5972944498062134,4.9158062930186824e-05,0.134850400337126,960,,,,,,,,,,,
3.710919952392578,0.6421285271644592,4.9140504284309596e-05,0.1376597836774828,980,,,,,,,,,,,
3.6920989990234374,0.5999699831008911,4.912294563843237e-05,0.1404691670178396,1000,,,,,,,,,,,
3.6147689819335938,0.5640110969543457,4.910538699255513e-05,0.14327855035819637,1020,,,,,,,,,,,
3.589961624145508,0.6265670657157898,4.9087828346677905e-05,0.14608793369855316,1040,,,,,,,,,,,
3.6325634002685545,0.5794898271560669,4.9070269700800676e-05,0.14889731703890996,1060,,,,,,,,,,,
3.600606155395508,0.6336748003959656,4.905271105492345e-05,0.15170670037926676,1080,,,,,,,,,,,
3.5945613861083983,0.6424950361251831,4.903515240904621e-05,0.15451608371962355,1100,,,,,,,,,,,
3.648116683959961,0.5959334373474121,4.9017593763168985e-05,0.15732546705998032,1120,,,,,,,,,,,
3.5601455688476564,0.5942348837852478,4.9000035117291757e-05,0.16013485040033712,1140,,,,,,,,,,,
3.580419158935547,0.6042270660400391,4.898247647141453e-05,0.16294423374069392,1160,,,,,,,,,,,
3.5395584106445312,0.6377167105674744,4.89649178255373e-05,0.1657536170810507,1180,,,,,,,,,,,
3.533917236328125,0.6224808692932129,4.8947359179660065e-05,0.1685630004214075,1200,,,,,,,,,,,
3.5432865142822267,0.6040268540382385,4.892980053378284e-05,0.17137238376176428,1220,,,,,,,,,,,
3.540333938598633,0.5881237983703613,4.891224188790561e-05,0.17418176710212108,1240,,,,,,,,,,,
3.4424808502197264,0.6014732718467712,4.889468324202838e-05,0.17699115044247787,1260,,,,,,,,,,,
3.5167259216308593,0.6546176075935364,4.8877124596151145e-05,0.17980053378283467,1280,,,,,,,,,,,
3.513172912597656,0.6373198628425598,4.885956595027392e-05,0.18260991712319147,1300,,,,,,,,,,,
3.5035659790039064,0.702528715133667,4.884200730439669e-05,0.18541930046354826,1320,,,,,,,,,,,
3.4867168426513673,0.8256109356880188,4.8824448658519454e-05,0.18822868380390503,1340,,,,,,,,,,,
3.486491012573242,0.6859979629516602,4.8806890012642225e-05,0.19103806714426183,1360,,,,,,,,,,,
3.4363590240478517,0.6010982990264893,4.8789331366765e-05,0.19384745048461863,1380,,,,,,,,,,,
3.3973045349121094,0.6510443687438965,4.877177272088776e-05,0.19665683382497542,1400,,,,,,,,,,,
3.3949180603027345,0.6473850607872009,4.875421407501054e-05,0.19946621716533222,1420,,,,,,,,,,,
3.4051612854003905,0.6319281458854675,4.873665542913331e-05,0.202275600505689,1440,,,,,,,,,,,
3.404856491088867,0.6308383941650391,4.871909678325608e-05,0.2050849838460458,1460,,,,,,,,,,,
3.3406627655029295,0.6324103474617004,4.870153813737885e-05,0.20789436718640258,1480,,,,,,,,,,,
3.374709701538086,0.6454858183860779,4.868397949150162e-05,0.21070375052675938,1500,,,,,,,,,,,
3.423054504394531,0.6323722004890442,4.8666420845624386e-05,0.21351313386711618,1520,,,,,,,,,,,
3.418173980712891,0.6426533460617065,4.864886219974716e-05,0.21632251720747295,1540,,,,,,,,,,,
3.3604156494140627,0.8710439205169678,4.863130355386993e-05,0.21913190054782974,1560,,,,,,,,,,,
3.356304168701172,0.6601365804672241,4.8613744907992694e-05,0.22194128388818654,1580,,,,,,,,,,,
3.3303482055664064,0.6867596507072449,4.8596186262115466e-05,0.22475066722854334,1600,,,,,,,,,,,
3.303801727294922,0.7242446541786194,4.857862761623824e-05,0.22756005056890014,1620,,,,,,,,,,,
3.3600868225097655,0.708888590335846,4.856106897036101e-05,0.2303694339092569,1640,,,,,,,,,,,
3.3587860107421874,0.6542055606842041,4.8543510324483774e-05,0.2331788172496137,1660,,,,,,,,,,,
3.3923229217529296,0.7243500351905823,4.8525951678606546e-05,0.2359882005899705,1680,,,,,,,,,,,
3.326074981689453,0.685809850692749,4.850839303272932e-05,0.2387975839303273,1700,,,,,,,,,,,
3.327951431274414,0.661266028881073,4.849083438685209e-05,0.2416069672706841,1720,,,,,,,,,,,
3.3058403015136717,0.6887950897216797,4.847327574097486e-05,0.2444163506110409,1740,,,,,,,,,,,
3.2877876281738283,0.6694052815437317,4.845571709509763e-05,0.24722573395139766,1760,,,,,,,,,,,
3.306017303466797,0.7222992181777954,4.84381584492204e-05,0.2500351172917545,1780,,,,,,,,,,,
3.344288635253906,0.8025959134101868,4.842059980334317e-05,0.2528445006321112,1800,,,,,,,,,,,
3.29658203125,0.6567594408988953,4.840304115746594e-05,0.255653883972468,1820,,,,,,,,,,,
3.282087707519531,0.7788954377174377,4.838548251158871e-05,0.2584632673128248,1840,,,,,,,,,,,
3.3030235290527346,0.6819899082183838,4.836792386571148e-05,0.2612726506531816,1860,,,,,,,,,,,
3.326093292236328,0.6996328234672546,4.835036521983425e-05,0.2640820339935384,1880,,,,,,,,,,,
3.2686668395996095,0.6887698173522949,4.8332806573957015e-05,0.2668914173338952,1900,,,,,,,,,,,
3.2426425933837892,0.720565140247345,4.831524792807979e-05,0.269700800674252,1920,,,,,,,,,,,
3.3191154479980467,0.7345998287200928,4.829768928220256e-05,0.2725101840146088,1940,,,,,,,,,,,
3.2640933990478516,0.6752310395240784,4.828013063632533e-05,0.2753195673549656,1960,,,,,,,,,,,
3.2468353271484376,0.704150378704071,4.8262571990448095e-05,0.2781289506953224,1980,,,,,,,,,,,
3.2605880737304687,0.7031097412109375,4.824501334457087e-05,0.2809383340356792,2000,,,,,,,,,,,
3.2948123931884767,0.7185514569282532,4.822745469869364e-05,0.28374771737603594,2020,,,,,,,,,,,
3.2541980743408203,0.7043258547782898,4.820989605281641e-05,0.28655710071639273,2040,,,,,,,,,,,
3.213159942626953,0.674408495426178,4.819233740693918e-05,0.28936648405674953,2060,,,,,,,,,,,
3.189443588256836,0.7083074450492859,4.817477876106195e-05,0.2921758673971063,2080,,,,,,,,,,,
3.218544769287109,0.7022578120231628,4.815722011518472e-05,0.2949852507374631,2100,,,,,,,,,,,
3.193785285949707,0.6920696496963501,4.813966146930749e-05,0.2977946340778199,2120,,,,,,,,,,,
3.1972312927246094,1.0570234060287476,4.812210282343026e-05,0.3006040174181767,2140,,,,,,,,,,,
3.2044002532958986,0.6981838345527649,4.810454417755303e-05,0.3034134007585335,2160,,,,,,,,,,,
3.185096549987793,0.7114079594612122,4.80869855316758e-05,0.3062227840988903,2180,,,,,,,,,,,
3.2072925567626953,0.722891628742218,4.806942688579857e-05,0.3090321674392471,2200,,,,,,,,,,,
3.1952272415161134,0.6666763424873352,4.8051868239921336e-05,0.3118415507796039,2220,,,,,,,,,,,
3.178078460693359,0.7145992517471313,4.803430959404411e-05,0.31465093411996065,2240,,,,,,,,,,,
3.112777328491211,0.7025145292282104,4.801675094816688e-05,0.31746031746031744,2260,,,,,,,,,,,
3.1721948623657226,0.7386690378189087,4.7999192302289644e-05,0.32026970080067424,2280,,,,,,,,,,,
3.121917152404785,0.704353928565979,4.798163365641242e-05,0.32307908414103104,2300,,,,,,,,,,,
3.110622787475586,0.7030320763587952,4.7964075010535195e-05,0.32588846748138783,2320,,,,,,,,,,,
3.166017532348633,0.7506985664367676,4.794651636465796e-05,0.32869785082174463,2340,,,,,,,,,,,
3.145981025695801,0.7179237604141235,4.792895771878073e-05,0.3315072341621014,2360,,,,,,,,,,,
3.1407264709472655,0.7136699557304382,4.79113990729035e-05,0.3343166175024582,2380,,,,,,,,,,,
3.1299257278442383,0.70564204454422,4.789384042702627e-05,0.337126000842815,2400,,,,,,,,,,,
3.1336822509765625,0.7564697265625,4.787628178114904e-05,0.3399353841831718,2420,,,,,,,,,,,
3.1676305770874023,0.7517078518867493,4.785872313527181e-05,0.34274476752352856,2440,,,,,,,,,,,
3.1596641540527344,0.7108821868896484,4.784116448939458e-05,0.34555415086388536,2460,,,,,,,,,,,
3.091851806640625,0.7923001646995544,4.782360584351735e-05,0.34836353420424215,2480,,,,,,,,,,,
3.1539955139160156,0.7507686018943787,4.780604719764012e-05,0.35117291754459895,2500,,,,,,,,,,,
3.1580955505371096,0.7504133582115173,4.778848855176289e-05,0.35398230088495575,2520,,,,,,,,,,,
3.096634864807129,0.8817024827003479,4.777092990588566e-05,0.35679168422531254,2540,,,,,,,,,,,
3.0960420608520507,0.7017005085945129,4.775337126000843e-05,0.35960106756566934,2560,,,,,,,,,,,
3.111611557006836,0.6750551462173462,4.77358126141312e-05,0.36241045090602614,2580,,,,,,,,,,,
3.0540462493896485,0.7362056970596313,4.771825396825397e-05,0.36521983424638294,2600,,,,,,,,,,,
3.092328643798828,0.7397143244743347,4.7700695322376744e-05,0.36802921758673973,2620,,,,,,,,,,,
3.098012351989746,0.7601587176322937,4.7683136676499515e-05,0.37083860092709653,2640,,,,,,,,,,,
3.073212814331055,0.7280722260475159,4.766557803062228e-05,0.37364798426745327,2660,,,,,,,,,,,
3.083300971984863,0.7179185748100281,4.764801938474505e-05,0.37645736760781007,2680,,,,,,,,,,,
3.1465688705444337,0.7119647264480591,4.7630460738867824e-05,0.37926675094816686,2700,,,,,,,,,,,
3.037751388549805,0.7719860672950745,4.761290209299059e-05,0.38207613428852366,2720,,,,,,,,,,,
3.117959976196289,0.7070792317390442,4.759534344711336e-05,0.38488551762888046,2740,,,,,,,,,,,
3.060603904724121,0.7654651999473572,4.757778480123613e-05,0.38769490096923725,2760,,,,,,,,,,,
3.0621952056884765,0.733797550201416,4.75602261553589e-05,0.39050428430959405,2780,,,,,,,,,,,
3.0461828231811525,0.734748125076294,4.754266750948167e-05,0.39331366764995085,2800,,,,,,,,,,,
3.053022575378418,0.742371678352356,4.752510886360444e-05,0.39612305099030765,2820,,,,,,,,,,,
3.007796287536621,0.7429370284080505,4.750755021772721e-05,0.39893243433066444,2840,,,,,,,,,,,
3.048118019104004,0.7787469029426575,4.748999157184998e-05,0.4017418176710212,2860,,,,,,,,,,,
3.0633432388305666,0.8223726749420166,4.747243292597275e-05,0.404551201011378,2880,,,,,,,,,,,
3.030132293701172,0.7513981461524963,4.745487428009552e-05,0.4073605843517348,2900,,,,,,,,,,,
3.046919822692871,0.7518020868301392,4.743731563421829e-05,0.4101699676920916,2920,,,,,,,,,,,
2.999203109741211,0.7269733548164368,4.7419756988341064e-05,0.41297935103244837,2940,,,,,,,,,,,
3.0497486114501955,0.7371640801429749,4.740219834246383e-05,0.41578873437280517,2960,,,,,,,,,,,
3.0186840057373048,0.7232392430305481,4.73846396965866e-05,0.41859811771316197,2980,,,,,,,,,,,
2.9901777267456056,0.7690041065216064,4.736708105070937e-05,0.42140750105351876,3000,,,,,,,,,,,
3.0414825439453126,0.7422745227813721,4.7349522404832145e-05,0.42421688439387556,3020,,,,,,,,,,,
3.0145570755004885,0.7913108468055725,4.733196375895491e-05,0.42702626773423236,3040,,,,,,,,,,,
3.047378349304199,0.7418735027313232,4.731440511307768e-05,0.42983565107458915,3060,,,,,,,,,,,
2.976126861572266,0.8194041848182678,4.729684646720045e-05,0.4326450344149459,3080,,,,,,,,,,,
2.994294548034668,0.7982643246650696,4.727928782132322e-05,0.4354544177553027,3100,,,,,,,,,,,
2.9724769592285156,0.7389087080955505,4.726172917544599e-05,0.4382638010956595,3120,,,,,,,,,,,
2.989988899230957,0.7525529265403748,4.724417052956876e-05,0.4410731844360163,3140,,,,,,,,,,,
3.036056709289551,0.7536643743515015,4.7226611883691526e-05,0.4438825677763731,3160,,,,,,,,,,,
3.051301383972168,0.8037863373756409,4.7209053237814305e-05,0.4466919511167299,3180,,,,,,,,,,,
2.9684463500976563,0.7709575891494751,4.719149459193708e-05,0.4495013344570867,3200,,,,,,,,,,,
2.9987091064453124,0.8365277647972107,4.717393594605984e-05,0.4523107177974435,3220,,,,,,,,,,,
2.9844507217407226,0.7784093618392944,4.7156377300182613e-05,0.45512010113780027,3240,,,,,,,,,,,
2.9865798950195312,0.7468751072883606,4.7138818654305385e-05,0.45792948447815707,3260,,,,,,,,,,,
2.8817417144775392,0.753999650478363,4.712126000842815e-05,0.4607388678185138,3280,,,,,,,,,,,
2.9456640243530274,0.7667688131332397,4.710370136255092e-05,0.4635482511588706,3300,,,,,,,,,,,
2.968152618408203,0.7630782127380371,4.7086142716673694e-05,0.4663576344992274,3320,,,,,,,,,,,
2.9378473281860353,0.7705604434013367,4.7068584070796465e-05,0.4691670178395842,3340,,,,,,,,,,,
2.9257625579833983,0.7754791975021362,4.705102542491923e-05,0.471976401179941,3360,,,,,,,,,,,
2.959061050415039,0.8014765977859497,4.7033466779042e-05,0.4747857845202978,3380,,,,,,,,,,,
2.91229190826416,0.7771640419960022,4.7015908133164774e-05,0.4775951678606546,3400,,,,,,,,,,,
2.9530576705932616,0.7755858898162842,4.699834948728754e-05,0.4804045512010114,3420,,,,,,,,,,,
2.8478233337402346,0.7450248599052429,4.698079084141031e-05,0.4832139345413682,3440,,,,,,,,,,,
2.9357677459716798,0.8563652038574219,4.696323219553308e-05,0.486023317881725,3460,,,,,,,,,,,
2.900296211242676,0.7818177938461304,4.6945673549655854e-05,0.4888327012220818,3480,,,,,,,,,,,
2.971466636657715,0.7177121043205261,4.6928114903778626e-05,0.4916420845624385,3500,,,,,,,,,,,
2.906439781188965,0.7712343335151672,4.69105562579014e-05,0.4944514679027953,3520,,,,,,,,,,,
2.9440967559814455,0.7411930561065674,4.689299761202416e-05,0.4972608512431521,3540,,,,,,,,,,,
2.9531696319580076,0.721324622631073,4.6875438966146934e-05,0.500070234583509,3560,,,,,,,,,,,
2.9473037719726562,1.9942998886108398,4.6857880320269706e-05,0.5028796179238657,3580,,,,,,,,,,,
2.8655277252197267,0.81003338098526,4.684032167439247e-05,0.5056890012642224,3600,,,,,,,,,,,
2.8306928634643556,0.8219139575958252,4.682276302851524e-05,0.5084983846045793,3620,,,,,,,,,,,
2.9261022567749024,0.7603771686553955,4.6805204382638014e-05,0.511307767944936,3640,,,,,,,,,,,
2.954457092285156,0.854619562625885,4.678764573676078e-05,0.5141171512852929,3660,,,,,,,,,,,
2.8135984420776365,0.8179388046264648,4.677008709088355e-05,0.5169265346256496,3680,,,,,,,,,,,
2.8810218811035155,0.7629048228263855,4.675252844500632e-05,0.5197359179660065,3700,,,,,,,,,,,
2.826992988586426,0.8106196522712708,4.6734969799129095e-05,0.5225453013063632,3720,,,,,,,,,,,
2.9453760147094727,0.7834792733192444,4.671741115325186e-05,0.5253546846467201,3740,,,,,,,,,,,
2.8544586181640623,0.8048167824745178,4.669985250737464e-05,0.5281640679870768,3760,,,,,,,,,,,
2.8761062622070312,0.7983576655387878,4.66822938614974e-05,0.5309734513274337,3780,,,,,,,,,,,
2.8557001113891602,0.7714705467224121,4.6664735215620175e-05,0.5337828346677904,3800,,,,,,,,,,,
2.913287544250488,0.7867568135261536,4.6647176569742947e-05,0.5365922180081472,3820,,,,,,,,,,,
2.866231346130371,0.8301619291305542,4.662961792386572e-05,0.539401601348504,3840,,,,,,,,,,,
2.9134811401367187,0.7845979332923889,4.661205927798848e-05,0.5422109846888608,3860,,,,,,,,,,,
2.8939001083374025,0.7706648707389832,4.6594500632111255e-05,0.5450203680292176,3880,,,,,,,,,,,
2.892899513244629,0.7897849082946777,4.657694198623403e-05,0.5478297513695743,3900,,,,,,,,,,,
2.892421340942383,0.7804663181304932,4.655938334035679e-05,0.5506391347099312,3920,,,,,,,,,,,
2.8567296981811525,0.814332902431488,4.6541824694479563e-05,0.5534485180502879,3940,,,,,,,,,,,
2.886569786071777,0.7385583519935608,4.6524266048602335e-05,0.5562579013906448,3960,,,,,,,,,,,
2.830155944824219,0.7485554814338684,4.65067074027251e-05,0.5590672847310015,3980,,,,,,,,,,,
2.8259754180908203,0.7780874967575073,4.648914875684787e-05,0.5618766680713584,4000,,,,,,,,,,,
2.833729362487793,0.7895404100418091,4.6471590110970644e-05,0.5646860514117151,4020,,,,,,,,,,,
2.8659191131591797,0.8172101378440857,4.645403146509341e-05,0.5674954347520719,4040,,,,,,,,,,,
2.8798450469970702,0.7306739091873169,4.643647281921619e-05,0.5703048180924287,4060,,,,,,,,,,,
2.842251205444336,0.7103647589683533,4.641891417333896e-05,0.5731142014327855,4080,,,,,,,,,,,
2.8336933135986326,0.7285051345825195,4.6401355527461724e-05,0.5759235847731423,4100,,,,,,,,,,,
2.8527326583862305,0.7728614807128906,4.6383796881584496e-05,0.5787329681134991,4120,,,,,,,,,,,
2.8592555999755858,0.853830099105835,4.636623823570727e-05,0.5815423514538559,4140,,,,,,,,,,,
2.8937469482421876,0.7760070562362671,4.634867958983003e-05,0.5843517347942127,4160,,,,,,,,,,,
2.854559898376465,0.7361480593681335,4.6331120943952804e-05,0.5871611181345695,4180,,,,,,,,,,,
2.8647348403930666,0.7903997898101807,4.6313562298075576e-05,0.5899705014749262,4200,,,,,,,,,,,
2.8171836853027346,0.7729448080062866,4.629600365219835e-05,0.5927798848152831,4220,,,,,,,,,,,
2.8071603775024414,0.7934185862541199,4.627844500632111e-05,0.5955892681556398,4240,,,,,,,,,,,
2.867772674560547,0.758283793926239,4.6260886360443884e-05,0.5983986514959966,4260,,,,,,,,,,,
2.833359718322754,0.7997565269470215,4.6243327714566656e-05,0.6012080348363534,4280,,,,,,,,,,,
2.7567165374755858,0.7653016448020935,4.622576906868942e-05,0.6040174181767102,4300,,,,,,,,,,,
2.814349555969238,0.7507491111755371,4.620821042281219e-05,0.606826801517067,4320,,,,,,,,,,,
2.8258764266967775,0.7511929869651794,4.6190651776934964e-05,0.6096361848574238,4340,,,,,,,,,,,
2.802170753479004,0.7660756707191467,4.6173093131057736e-05,0.6124455681977806,4360,,,,,,,,,,,
2.850545120239258,0.8028416037559509,4.615553448518051e-05,0.6152549515381374,4380,,,,,,,,,,,
2.793798637390137,0.7493427395820618,4.613797583930328e-05,0.6180643348784942,4400,,,,,,,,,,,
2.756566619873047,0.8306753039360046,4.6120417193426045e-05,0.620873718218851,4420,,,,,,,,,,,
2.786579132080078,0.8161306381225586,4.6102858547548816e-05,0.6236831015592078,4440,,,,,,,,,,,
2.7844465255737303,0.7837561964988708,4.608529990167159e-05,0.6264924848995646,4460,,,,,,,,,,,
2.739227294921875,0.7748996615409851,4.606774125579435e-05,0.6293018682399213,4480,,,,,,,,,,,
2.7883831024169923,0.7866953015327454,4.6050182609917125e-05,0.6321112515802781,4500,,,,,,,,,,,
2.7987140655517577,0.7185114026069641,4.6032623964039897e-05,0.6349206349206349,4520,,,,,,,,,,,
2.7790481567382814,0.8194266557693481,4.601506531816266e-05,0.6377300182609917,4540,,,,,,,,,,,
2.7898113250732424,0.7376822233200073,4.599750667228543e-05,0.6405394016013485,4560,,,,,,,,,,,
2.7661758422851563,0.8123391270637512,4.5979948026408205e-05,0.6433487849417053,4580,,,,,,,,,,,
2.7331323623657227,0.8034828901290894,4.596238938053098e-05,0.6461581682820621,4600,,,,,,,,,,,
2.7674280166625977,0.7651695013046265,4.594483073465374e-05,0.6489675516224189,4620,,,,,,,,,,,
2.7604043960571287,0.7827014327049255,4.592727208877652e-05,0.6517769349627757,4640,,,,,,,,,,,
2.76373176574707,0.8230413198471069,4.5909713442899285e-05,0.6545863183031324,4660,,,,,,,,,,,
2.769306755065918,0.7149496078491211,4.589215479702206e-05,0.6573957016434893,4680,,,,,,,,,,,
2.718182373046875,0.8023608326911926,4.587459615114483e-05,0.660205084983846,4700,,,,,,,,,,,
2.8142927169799803,0.8418223857879639,4.58570375052676e-05,0.6630144683242029,4720,,,,,,,,,,,
2.7939687728881837,0.7969846725463867,4.5839478859390365e-05,0.6658238516645596,4740,,,,,,,,,,,
2.698869323730469,0.8372364044189453,4.582192021351314e-05,0.6686332350049164,4760,,,,,,,,,,,
2.7629121780395507,0.8756955862045288,4.580436156763591e-05,0.6714426183452732,4780,,,,,,,,,,,
2.7260196685791014,0.7997087836265564,4.5786802921758674e-05,0.67425200168563,4800,,,,,,,,,,,
2.697911262512207,0.7746096253395081,4.5769244275881446e-05,0.6770613850259868,4820,,,,,,,,,,,
2.7533823013305665,0.8758864402770996,4.575168563000422e-05,0.6798707683663436,4840,,,,,,,,,,,
2.7042076110839846,0.8525343537330627,4.573412698412698e-05,0.6826801517067004,4860,,,,,,,,,,,
2.7133642196655274,0.8281864523887634,4.5716568338249754e-05,0.6854895350470571,4880,,,,,,,,,,,
2.6666452407836916,0.7921886444091797,4.5699009692372526e-05,0.688298918387414,4900,,,,,,,,,,,
2.7466876983642576,0.7682422995567322,4.568145104649529e-05,0.6911083017277707,4920,,,,,,,,,,,
2.7537702560424804,0.7735738754272461,4.566389240061807e-05,0.6939176850681276,4940,,,,,,,,,,,
2.7350149154663086,0.7734151482582092,4.564633375474084e-05,0.6967270684084843,4960,,,,,,,,,,,
2.7329126358032227,0.732857882976532,4.5628775108863606e-05,0.6995364517488412,4980,,,,,,,,,,,
2.760171318054199,0.7785903811454773,4.561121646298638e-05,0.7023458350891979,5000,,,,,,,,,,,
2.769133758544922,0.812604546546936,4.559365781710915e-05,0.7051552184295548,5020,,,,,,,,,,,
2.7222078323364256,0.7589911222457886,4.5576099171231914e-05,0.7079646017699115,5040,,,,,,,,,,,
2.6954965591430664,0.7434032559394836,4.5558540525354686e-05,0.7107739851102683,5060,,,,,,,,,,,
2.7387664794921873,0.780303955078125,4.554098187947746e-05,0.7135833684506251,5080,,,,,,,,,,,
2.6624706268310545,0.7884494066238403,4.552342323360023e-05,0.7163927517909818,5100,,,,,,,,,,,
2.6906196594238283,0.7925085425376892,4.5505864587722995e-05,0.7192021351313387,5120,,,,,,,,,,,
2.7329828262329103,0.8144106864929199,4.5488305941845766e-05,0.7220115184716954,5140,,,,,,,,,,,
2.7159868240356446,0.7621650099754333,4.547074729596854e-05,0.7248209018120523,5160,,,,,,,,,,,
2.7196701049804686,0.7249199748039246,4.54531886500913e-05,0.727630285152409,5180,,,,,,,,,,,
2.6601638793945312,0.807396650314331,4.5435630004214075e-05,0.7304396684927659,5200,,,,,,,,,,,
2.7568918228149415,0.7226470708847046,4.541807135833685e-05,0.7332490518331226,5220,,,,,,,,,,,
2.7235685348510743,0.6996634006500244,4.540051271245962e-05,0.7360584351734795,5240,,,,,,,,,,,
2.7516220092773436,0.72294682264328,4.538295406658239e-05,0.7388678185138362,5260,,,,,,,,,,,
2.724824333190918,0.7987292408943176,4.536539542070516e-05,0.7416772018541931,5280,,,,,,,,,,,
2.678377151489258,0.7918084859848022,4.534783677482793e-05,0.7444865851945498,5300,,,,,,,,,,,
2.73223991394043,0.8367623686790466,4.53302781289507e-05,0.7472959685349065,5320,,,,,,,,,,,
2.673353385925293,0.7833333015441895,4.531271948307347e-05,0.7501053518752634,5340,,,,,,,,,,,
2.6736530303955077,0.7628341913223267,4.5295160837196235e-05,0.7529147352156201,5360,,,,,,,,,,,
2.687871551513672,0.8038355708122253,4.527760219131901e-05,0.755724118555977,5380,,,,,,,,,,,
2.751639175415039,0.8566174507141113,4.526004354544178e-05,0.7585335018963337,5400,,,,,,,,,,,
2.7111114501953124,0.7767261862754822,4.5242484899564544e-05,0.7613428852366906,5420,,,,,,,,,,,
2.73568115234375,0.832212507724762,4.5224926253687315e-05,0.7641522685770473,5440,,,,,,,,,,,
2.740606498718262,0.764916718006134,4.520736760781009e-05,0.7669616519174042,5460,,,,,,,,,,,
2.7220123291015623,0.7540373802185059,4.518980896193286e-05,0.7697710352577609,5480,,,,,,,,,,,
2.6551462173461915,0.7525143027305603,4.5172250316055624e-05,0.7725804185981178,5500,,,,,,,,,,,
2.7715206146240234,0.7867516279220581,4.51546916701784e-05,0.7753898019384745,5520,,,,,,,,,,,
2.685375785827637,0.7815213799476624,4.513713302430117e-05,0.7781991852788313,5540,,,,,,,,,,,
2.7088279724121094,0.7712070345878601,4.511957437842394e-05,0.7810085686191881,5560,,,,,,,,,,,
2.6269962310791017,0.7666087746620178,4.510201573254671e-05,0.7838179519595448,5580,,,,,,,,,,,
2.6857091903686525,0.795898973941803,4.508445708666948e-05,0.7866273352999017,5600,,,,,,,,,,,
2.678688621520996,0.7538512349128723,4.506689844079225e-05,0.7894367186402584,5620,,,,,,,,,,,
2.6801156997680664,0.9292461276054382,4.504933979491502e-05,0.7922461019806153,5640,,,,,,,,,,,
2.6739164352416993,0.7696360945701599,4.503178114903779e-05,0.795055485320972,5660,,,,,,,,,,,
2.622528076171875,0.8128440380096436,4.5014222503160556e-05,0.7978648686613289,5680,,,,,,,,,,,
2.6323415756225588,0.7898687720298767,4.499666385728333e-05,0.8006742520016856,5700,,,,,,,,,,,
2.649224853515625,0.813984215259552,4.49791052114061e-05,0.8034836353420424,5720,,,,,,,,,,,
2.629338836669922,0.7960407733917236,4.4961546565528864e-05,0.8062930186823992,5740,,,,,,,,,,,
2.6777252197265624,0.8199763894081116,4.4943987919651636e-05,0.809102402022756,5760,,,,,,,,,,,
2.6501182556152343,0.8147289752960205,4.492642927377441e-05,0.8119117853631128,5780,,,,,,,,,,,
2.6167797088623046,0.7891131639480591,4.490887062789717e-05,0.8147211687034696,5800,,,,,,,,,,,
2.6986618041992188,0.7850217819213867,4.489131198201995e-05,0.8175305520438264,5820,,,,,,,,,,,
2.638168144226074,0.7578625082969666,4.487375333614272e-05,0.8203399353841831,5840,,,,,,,,,,,
2.6637964248657227,0.7808809280395508,4.485619469026549e-05,0.82314931872454,5860,,,,,,,,,,,
2.6540302276611327,0.8339958190917969,4.483863604438826e-05,0.8259587020648967,5880,,,,,,,,,,,
2.615864944458008,0.7870240807533264,4.482107739851103e-05,0.8287680854052536,5900,,,,,,,,,,,
2.68377799987793,0.7595475912094116,4.48035187526338e-05,0.8315774687456103,5920,,,,,,,,,,,
2.61214656829834,0.8131412863731384,4.478596010675657e-05,0.8343868520859671,5940,,,,,,,,,,,
2.6668535232543946,0.7613157629966736,4.476840146087934e-05,0.8371962354263239,5960,,,,,,,,,,,
2.6813285827636717,0.761229395866394,4.475084281500211e-05,0.8400056187666807,5980,,,,,,,,,,,
2.6823299407958983,0.7605674266815186,4.473328416912488e-05,0.8428150021070375,6000,,,,,,,,,,,
2.6404701232910157,0.8157969117164612,4.471572552324765e-05,0.8456243854473943,6020,,,,,,,,,,,
2.5938884735107424,0.7970612049102783,4.469816687737042e-05,0.8484337687877511,6040,,,,,,,,,,,
2.610002899169922,0.7559317350387573,4.4680608231493185e-05,0.8512431521281079,6060,,,,,,,,,,,
2.6359846115112306,0.7627447843551636,4.466304958561596e-05,0.8540525354684647,6080,,,,,,,,,,,
2.652872085571289,0.7910279631614685,4.4645490939738736e-05,0.8568619188088215,6100,,,,,,,,,,,
2.651951026916504,0.7808778882026672,4.46279322938615e-05,0.8596713021491783,6120,,,,,,,,,,,
2.612827110290527,0.7847734689712524,4.461037364798427e-05,0.862480685489535,6140,,,,,,,,,,,
2.66678409576416,0.8101214170455933,4.4592815002107044e-05,0.8652900688298918,6160,,,,,,,,,,,
2.6512523651123048,0.6981748938560486,4.457525635622981e-05,0.8680994521702486,6180,,,,,,,,,,,
2.5953353881835937,0.7529047727584839,4.455769771035258e-05,0.8709088355106054,6200,,,,,,,,,,,
2.6351362228393556,0.7614185214042664,4.454013906447535e-05,0.8737182188509622,6220,,,,,,,,,,,
2.655837059020996,0.8721050024032593,4.452258041859812e-05,0.876527602191319,6240,,,,,,,,,,,
2.665584182739258,0.764611542224884,4.450502177272089e-05,0.8793369855316758,6260,,,,,,,,,,,
2.6139564514160156,0.786787748336792,4.448746312684366e-05,0.8821463688720326,6280,,,,,,,,,,,
2.5783809661865233,0.8155544996261597,4.4469904480966426e-05,0.8849557522123894,6300,,,,,,,,,,,
2.627088165283203,0.7369940876960754,4.44523458350892e-05,0.8877651355527462,6320,,,,,,,,,,,
2.6731441497802733,0.7422293424606323,4.443478718921197e-05,0.890574518893103,6340,,,,,,,,,,,
2.5859256744384767,0.7949790954589844,4.441722854333474e-05,0.8933839022334598,6360,,,,,,,,,,,
2.5662132263183595,0.8099216222763062,4.4399669897457506e-05,0.8961932855738165,6380,,,,,,,,,,,
2.5751983642578127,0.8553755283355713,4.4382111251580285e-05,0.8990026689141734,6400,,,,,,,,,,,
2.6392017364501954,0.7292203903198242,4.436455260570305e-05,0.9018120522545301,6420,,,,,,,,,,,
2.5839656829833983,0.8077278137207031,4.434699395982582e-05,0.904621435594887,6440,,,,,,,,,,,
2.5812524795532226,0.8135817646980286,4.432943531394859e-05,0.9074308189352437,6460,,,,,,,,,,,
2.5555070877075194,0.73952317237854,4.4311876668071365e-05,0.9102402022756005,6480,,,,,,,,,,,
2.5957208633422852,0.8019242286682129,4.429431802219413e-05,0.9130495856159573,6500,,,,,,,,,,,
2.6040435791015626,0.7664848566055298,4.42767593763169e-05,0.9158589689563141,6520,,,,,,,,,,,
2.560336685180664,0.7829163670539856,4.425920073043967e-05,0.9186683522966709,6540,,,,,,,,,,,
2.5477874755859373,0.8042816519737244,4.424164208456244e-05,0.9214777356370276,6560,,,,,,,,,,,
2.6090938568115236,0.7876905202865601,4.422408343868521e-05,0.9242871189773845,6580,,,,,,,,,,,
2.613850784301758,0.7925435900688171,4.420652479280798e-05,0.9270965023177412,6600,,,,,,,,,,,
2.6224769592285155,0.7977086305618286,4.418896614693075e-05,0.9299058856580981,6620,,,,,,,,,,,
2.601858901977539,0.7692751884460449,4.417140750105352e-05,0.9327152689984548,6640,,,,,,,,,,,
2.594469451904297,0.7702500820159912,4.415384885517629e-05,0.9355246523388117,6660,,,,,,,,,,,
2.581736373901367,0.839165985584259,4.4136290209299055e-05,0.9383340356791684,6680,,,,,,,,,,,
2.6002777099609373,0.7540494799613953,4.4118731563421834e-05,0.9411434190195253,6700,,,,,,,,,,,
2.601753807067871,0.8836114406585693,4.4101172917544605e-05,0.943952802359882,6720,,,,,,,,,,,
2.6060232162475585,0.7415899038314819,4.408361427166737e-05,0.9467621857002388,6740,,,,,,,,,,,
2.599644660949707,0.7661434412002563,4.406605562579014e-05,0.9495715690405956,6760,,,,,,,,,,,
2.5599624633789064,0.8225084543228149,4.4048496979912914e-05,0.9523809523809523,6780,,,,,,,,,,,
2.5370761871337892,0.75530606508255,4.403093833403568e-05,0.9551903357213092,6800,,,,,,,,,,,
2.5221282958984377,0.7871161103248596,4.401337968815845e-05,0.9579997190616659,6820,,,,,,,,,,,
2.496360015869141,0.8427409529685974,4.399582104228122e-05,0.9608091024020228,6840,,,,,,,,,,,
2.5908756256103516,0.7488925457000732,4.3978262396403994e-05,0.9636184857423795,6860,,,,,,,,,,,
2.5916162490844727,0.784467875957489,4.396070375052676e-05,0.9664278690827364,6880,,,,,,,,,,,
2.5464799880981444,0.77195805311203,4.394314510464953e-05,0.9692372524230931,6900,,,,,,,,,,,
2.5536371231079102,0.789754331111908,4.39255864587723e-05,0.97204663576345,6920,,,,,,,,,,,
2.510439872741699,0.7595903277397156,4.390802781289507e-05,0.9748560191038067,6940,,,,,,,,,,,
2.5570390701293944,0.8252113461494446,4.389046916701784e-05,0.9776654024441636,6960,,,,,,,,,,,
2.496358299255371,0.7614256739616394,4.387291052114062e-05,0.9804747857845203,6980,,,,,,,,,,,
2.608531951904297,0.7824556231498718,4.385535187526338e-05,0.983284169124877,7000,,,,,,,,,,,
2.6025882720947267,0.8228691220283508,4.3837793229386154e-05,0.9860935524652339,7020,,,,,,,,,,,
2.6016130447387695,0.8741996884346008,4.3820234583508926e-05,0.9889029358055906,7040,,,,,,,,,,,
2.5771617889404297,0.8086349368095398,4.380267593763169e-05,0.9917123191459475,7060,,,,,,,,,,,
2.5534746170043947,0.7750776410102844,4.378511729175446e-05,0.9945217024863042,7080,,,,,,,,,,,
2.5718400955200194,0.8216145634651184,4.3767558645877235e-05,0.9973310858266611,7100,,,,,,,,,,,
,,,1.0,7119,2.395758628845215,9.069243584472447,31.75583183446953,291.2847,11.69,0.731,,,,,
2.5437042236328127,0.8712139129638672,4.375e-05,1.000140469167018,7120,,,,,,,,,,,
2.525030517578125,0.8057024478912354,4.373244135412277e-05,1.0029498525073746,7140,,,,,,,,,,,
2.5546567916870115,0.7837525606155396,4.371488270824554e-05,1.0057592358477314,7160,,,,,,,,,,,
2.529413604736328,0.785258412361145,4.369732406236831e-05,1.0085686191880883,7180,,,,,,,,,,,
2.47998104095459,0.8267085552215576,4.367976541649108e-05,1.011378002528445,7200,,,,,,,,,,,
2.546487808227539,0.7678621411323547,4.366220677061385e-05,1.0141873858688017,7220,,,,,,,,,,,
2.5068172454833983,0.7967004179954529,4.364464812473662e-05,1.0169967692091586,7240,,,,,,,,,,,
2.510226821899414,0.8156882524490356,4.362708947885939e-05,1.0198061525495155,7260,,,,,,,,,,,
2.548757553100586,0.8752132654190063,4.360953083298217e-05,1.022615535889872,7280,,,,,,,,,,,
2.5022741317749024,0.8484166264533997,4.359197218710493e-05,1.025424919230229,7300,,,,,,,,,,,
2.507521629333496,0.7642714381217957,4.3574413541227703e-05,1.0282343025705858,7320,,,,,,,,,,,
2.6092506408691407,0.7654269933700562,4.3556854895350475e-05,1.0310436859109426,7340,,,,,,,,,,,
2.509083557128906,0.7019472718238831,4.353929624947325e-05,1.0338530692512993,7360,,,,,,,,,,,
2.5224594116210937,0.7836423516273499,4.352173760359601e-05,1.0366624525916561,7380,,,,,,,,,,,
2.5178977966308596,0.7815188765525818,4.3504178957718784e-05,1.039471835932013,7400,,,,,,,,,,,
2.509297180175781,0.7863332629203796,4.3486620311841555e-05,1.0422812192723696,7420,,,,,,,,,,,
2.5215362548828124,0.767425000667572,4.346906166596432e-05,1.0450906026127265,7440,,,,,,,,,,,
2.553317642211914,0.8221911787986755,4.345150302008709e-05,1.0478999859530833,7460,,,,,,,,,,,
2.521019172668457,0.8178059458732605,4.3433944374209864e-05,1.0507093692934402,7480,,,,,,,,,,,
2.543470573425293,0.7097825407981873,4.341638572833263e-05,1.0535187526337968,7500,,,,,,,,,,,
2.5896257400512694,0.7271337509155273,4.33988270824554e-05,1.0563281359741536,7520,,,,,,,,,,,
2.5082324981689452,0.7377253174781799,4.338126843657817e-05,1.0591375193145105,7540,,,,,,,,,,,
2.5689720153808593,0.7656466960906982,4.3363709790700944e-05,1.0619469026548674,7560,,,,,,,,,,,
2.4867088317871096,0.7485693693161011,4.3346151144823716e-05,1.064756285995224,7580,,,,,,,,,,,
2.450170135498047,0.8830531239509583,4.332859249894649e-05,1.0675656693355808,7600,,,,,,,,,,,
2.504534912109375,0.8231830596923828,4.331103385306925e-05,1.0703750526759377,7620,,,,,,,,,,,
2.520243835449219,0.7087794542312622,4.3293475207192024e-05,1.0731844360162945,7640,,,,,,,,,,,
2.5296350479125977,0.7928118705749512,4.3275916561314796e-05,1.0759938193566512,7660,,,,,,,,,,,
2.473993492126465,0.7924349904060364,4.325835791543756e-05,1.078803202697008,7680,,,,,,,,,,,
2.4479864120483397,0.7865763306617737,4.324079926956033e-05,1.0816125860373649,7700,,,,,,,,,,,
2.4697782516479494,0.7903614640235901,4.3223240623683104e-05,1.0844219693777215,7720,,,,,,,,,,,
2.5273670196533202,0.8608229160308838,4.3205681977805876e-05,1.0872313527180784,7740,,,,,,,,,,,
2.5444272994995116,0.7323294878005981,4.318812333192864e-05,1.0900407360584352,7760,,,,,,,,,,,
2.492179107666016,0.8051574230194092,4.317056468605141e-05,1.092850119398792,7780,,,,,,,,,,,
2.474172019958496,0.7397894859313965,4.3153006040174185e-05,1.0956595027391487,7800,,,,,,,,,,,
2.459860610961914,0.8443160057067871,4.313544739429695e-05,1.0984688860795055,7820,,,,,,,,,,,
2.4955774307250977,0.7611316442489624,4.311788874841972e-05,1.1012782694198624,7840,,,,,,,,,,,
2.488160514831543,0.7981398701667786,4.31003301025425e-05,1.104087652760219,7860,,,,,,,,,,,
2.4712617874145506,0.8372186422348022,4.3082771456665265e-05,1.1068970361005759,7880,,,,,,,,,,,
2.5028959274291993,0.8752508759498596,4.3065212810788037e-05,1.1097064194409327,7900,,,,,,,,,,,
2.5221643447875977,0.804842472076416,4.304765416491081e-05,1.1125158027812896,7920,,,,,,,,,,,
2.4932165145874023,0.7756240963935852,4.303009551903357e-05,1.1153251861216462,7940,,,,,,,,,,,
2.477336120605469,0.7924565672874451,4.3012536873156345e-05,1.118134569462003,7960,,,,,,,,,,,
2.4363466262817384,0.7552333474159241,4.299497822727912e-05,1.12094395280236,7980,,,,,,,,,,,
2.5324081420898437,0.7710140943527222,4.297741958140188e-05,1.1237533361427168,8000,,,,,,,,,,,
2.47843074798584,0.7761878967285156,4.2959860935524653e-05,1.1265627194830734,8020,,,,,,,,,,,
2.421904754638672,1.4984922409057617,4.2942302289647425e-05,1.1293721028234303,8040,,,,,,,,,,,
2.4493942260742188,0.761954128742218,4.292474364377019e-05,1.132181486163787,8060,,,,,,,,,,,
2.469393730163574,0.7898393869400024,4.290718499789296e-05,1.134990869504144,8080,,,,,,,,,,,
2.4979909896850585,0.8427741527557373,4.2889626352015734e-05,1.1378002528445006,8100,,,,,,,,,,,
2.4848779678344726,0.729218602180481,4.2872067706138505e-05,1.1406096361848574,8120,,,,,,,,,,,
2.4940313339233398,0.7680436968803406,4.285450906026127e-05,1.1434190195252143,8140,,,,,,,,,,,
2.438819694519043,0.7208733558654785,4.283695041438405e-05,1.146228402865571,8160,,,,,,,,,,,
2.4296285629272463,0.769535481929779,4.2819391768506814e-05,1.1490377862059278,8180,,,,,,,,,,,
2.418065643310547,0.7879539132118225,4.2801833122629586e-05,1.1518471695462846,8200,,,,,,,,,,,
2.461297798156738,0.7973417043685913,4.278427447675236e-05,1.1546565528866415,8220,,,,,,,,,,,
2.4318965911865233,0.7720441818237305,4.276671583087513e-05,1.1574659362269981,8240,,,,,,,,,,,
2.4579704284667967,0.7401054501533508,4.2749157184997894e-05,1.160275319567355,8260,,,,,,,,,,,
2.4128103256225586,0.7924813032150269,4.2731598539120666e-05,1.1630847029077118,8280,,,,,,,,,,,
2.4106828689575197,0.7944173812866211,4.271403989324344e-05,1.1658940862480685,8300,,,,,,,,,,,
2.480402183532715,0.7676162719726562,4.26964812473662e-05,1.1687034695884253,8320,,,,,,,,,,,
2.490463447570801,0.8026474118232727,4.2678922601488974e-05,1.1715128529287822,8340,,,,,,,,,,,
2.4629302978515626,0.7713220119476318,4.2661363955611746e-05,1.174322236269139,8360,,,,,,,,,,,
2.4419355392456055,0.7919332981109619,4.264380530973451e-05,1.1771316196094956,8380,,,,,,,,,,,
2.4475656509399415,0.7457628846168518,4.262624666385728e-05,1.1799410029498525,8400,,,,,,,,,,,
2.429127311706543,0.833855152130127,4.2608688017980054e-05,1.1827503862902093,8420,,,,,,,,,,,
2.4603681564331055,0.7502635717391968,4.2591129372102826e-05,1.185559769630566,8440,,,,,,,,,,,
2.4670793533325197,0.7936104536056519,4.25735707262256e-05,1.1883691529709228,8460,,,,,,,,,,,
2.4302900314331053,0.7884309887886047,4.255601208034837e-05,1.1911785363112797,8480,,,,,,,,,,,
2.4124645233154296,0.7998918890953064,4.2538453434471135e-05,1.1939879196516365,8500,,,,,,,,,,,
2.4628156661987304,0.7727179527282715,4.2520894788593906e-05,1.1967973029919932,8520,,,,,,,,,,,
2.472941017150879,0.7631893754005432,4.250333614271668e-05,1.19960668633235,8540,,,,,,,,,,,
2.4728845596313476,0.8284101486206055,4.248577749683944e-05,1.2024160696727069,8560,,,,,,,,,,,
2.4222631454467773,0.8417568802833557,4.2468218850962215e-05,1.2052254530130637,8580,,,,,,,,,,,
2.413066291809082,0.8042023181915283,4.2450660205084987e-05,1.2080348363534203,8600,,,,,,,,,,,
2.4529014587402345,0.8851842880249023,4.243310155920776e-05,1.2108442196937772,8620,,,,,,,,,,,
2.4670879364013674,0.7478902339935303,4.241554291333052e-05,1.213653603034134,8640,,,,,,,,,,,
2.4552047729492186,0.7902767062187195,4.2397984267453295e-05,1.216462986374491,8660,,,,,,,,,,,
2.447184181213379,0.8099852204322815,4.238042562157607e-05,1.2192723697148475,8680,,,,,,,,,,,
2.5149606704711913,0.7649939656257629,4.236286697569883e-05,1.2220817530552044,8700,,,,,,,,,,,
2.4396596908569337,0.7963191270828247,4.2345308329821603e-05,1.2248911363955612,8720,,,,,,,,,,,
2.462000274658203,0.813628077507019,4.232774968394438e-05,1.2277005197359179,8740,,,,,,,,,,,
2.3975194931030273,0.788298487663269,4.231019103806715e-05,1.2305099030762747,8760,,,,,,,,,,,
2.441289520263672,0.7468793392181396,4.229263239218992e-05,1.2333192864166316,8780,,,,,,,,,,,
2.4398956298828125,0.7608581185340881,4.227507374631269e-05,1.2361286697569884,8800,,,,,,,,,,,
2.4421018600463866,0.7467540502548218,4.2257515100435455e-05,1.238938053097345,8820,,,,,,,,,,,
2.4590147018432615,0.8365275859832764,4.223995645455823e-05,1.241747436437702,8840,,,,,,,,,,,
2.45772705078125,0.8037934303283691,4.2222397808681e-05,1.2445568197780588,8860,,,,,,,,,,,
2.4219839096069338,0.7339173555374146,4.2204839162803764e-05,1.2473662031184154,8880,,,,,,,,,,,
2.44051513671875,0.7420732378959656,4.2187280516926536e-05,1.2501755864587722,8900,,,,,,,,,,,
2.427603340148926,0.7078714966773987,4.216972187104931e-05,1.252984969799129,8920,,,,,,,,,,,
2.4527286529541015,0.7788091897964478,4.215216322517207e-05,1.255794353139486,8940,,,,,,,,,,,
2.4047279357910156,0.7407565116882324,4.2134604579294844e-05,1.2586037364798428,8960,,,,,,,,,,,
2.4623340606689452,0.7673155665397644,4.2117045933417616e-05,1.2614131198201994,8980,,,,,,,,,,,
2.434096336364746,0.7894309759140015,4.209948728754039e-05,1.2642225031605563,9000,,,,,,,,,,,
2.3510711669921873,0.7742369771003723,4.208192864166315e-05,1.267031886500913,9020,,,,,,,,,,,
2.405795860290527,0.993151843547821,4.206436999578593e-05,1.2698412698412698,9040,,,,,,,,,,,
2.4152509689331056,0.8042898774147034,4.2046811349908696e-05,1.2726506531816266,9060,,,,,,,,,,,
2.4158153533935547,0.8041397929191589,4.202925270403147e-05,1.2754600365219835,9080,,,,,,,,,,,
2.3799100875854493,0.8152939081192017,4.201169405815424e-05,1.2782694198623403,9100,,,,,,,,,,,
2.4478122711181642,0.7549754977226257,4.199413541227701e-05,1.281078803202697,9120,,,,,,,,,,,
2.4091793060302735,0.7334703803062439,4.1976576766399776e-05,1.2838881865430538,9140,,,,,,,,,,,
2.4287181854248048,0.7474057078361511,4.195901812052255e-05,1.2866975698834107,9160,,,,,,,,,,,
2.363052749633789,0.7754477262496948,4.194145947464532e-05,1.2895069532237673,9180,,,,,,,,,,,
2.40191593170166,0.855012834072113,4.1923900828768085e-05,1.2923163365641241,9200,,,,,,,,,,,
2.371605110168457,0.7450530529022217,4.1906342182890856e-05,1.295125719904481,9220,,,,,,,,,,,
2.413199043273926,0.7662443518638611,4.188878353701363e-05,1.2979351032448379,9240,,,,,,,,,,,
2.4368616104125977,0.7696706652641296,4.187122489113639e-05,1.3007444865851945,9260,,,,,,,,,,,
2.4366548538208006,0.7271800637245178,4.1853666245259165e-05,1.3035538699255513,9280,,,,,,,,,,,
2.421311950683594,0.7733014822006226,4.1836107599381937e-05,1.3063632532659082,9300,,,,,,,,,,,
2.4051130294799803,0.7810481786727905,4.181854895350471e-05,1.3091726366062648,9320,,,,,,,,,,,
2.421011543273926,0.7589312791824341,4.180099030762748e-05,1.3119820199466217,9340,,,,,,,,,,,
2.444286346435547,0.8617761135101318,4.178343166175025e-05,1.3147914032869785,9360,,,,,,,,,,,
2.360000991821289,0.8497855067253113,4.176587301587302e-05,1.3176007866273354,9380,,,,,,,,,,,
2.449566650390625,0.7855645418167114,4.174831436999579e-05,1.3204101699676922,9400,,,,,,,,,,,
2.40096492767334,0.7419841289520264,4.173075572411856e-05,1.3232195533080489,9420,,,,,,,,,,,
2.3895631790161134,0.7942840456962585,4.1713197078241325e-05,1.3260289366484057,9440,,,,,,,,,,,
2.4249298095703127,0.7940405607223511,4.16956384323641e-05,1.3288383199887623,9460,,,,,,,,,,,
2.442003059387207,0.7556324601173401,4.167807978648687e-05,1.3316477033291192,9480,,,,,,,,,,,
2.363371467590332,0.8016843795776367,4.166052114060964e-05,1.334457086669476,9500,,,,,,,,,,,
2.4007841110229493,0.7801040410995483,4.1642962494732405e-05,1.337266470009833,9520,,,,,,,,,,,
2.4214149475097657,0.7748362421989441,4.162540384885518e-05,1.3400758533501897,9540,,,,,,,,,,,
2.4141876220703127,0.74154132604599,4.160784520297795e-05,1.3428852366905464,9560,,,,,,,,,,,
2.3878173828125,0.783388614654541,4.1590286557100714e-05,1.3456946200309032,9580,,,,,,,,,,,
2.443546485900879,0.8707653284072876,4.1572727911223486e-05,1.34850400337126,9600,,,,,,,,,,,
2.3963037490844727,0.8163626790046692,4.1555169265346264e-05,1.3513133867116167,9620,,,,,,,,,,,
2.348533058166504,0.7867941856384277,4.153761061946903e-05,1.3541227700519736,9640,,,,,,,,,,,
2.3175514221191404,0.8195786476135254,4.15200519735918e-05,1.3569321533923304,9660,,,,,,,,,,,
2.4187646865844727,0.6841742992401123,4.150249332771457e-05,1.3597415367326873,9680,,,,,,,,,,,
2.435346984863281,0.7657804489135742,4.148493468183734e-05,1.362550920073044,9700,,,,,,,,,,,
2.4066680908203124,0.7622151374816895,4.146737603596011e-05,1.3653603034134008,9720,,,,,,,,,,,
2.3668121337890624,0.7784227132797241,4.144981739008288e-05,1.3681696867537576,9740,,,,,,,,,,,
2.4201076507568358,0.8490704298019409,4.1432258744205646e-05,1.3709790700941142,9760,,,,,,,,,,,
2.3295631408691406,0.7678500413894653,4.141470009832842e-05,1.373788453434471,9780,,,,,,,,,,,
2.3959455490112305,0.8086091876029968,4.139714145245119e-05,1.376597836774828,9800,,,,,,,,,,,
2.4901617050170897,0.7599582672119141,4.1379582806573954e-05,1.3794072201151848,9820,,,,,,,,,,,
2.4179893493652345,0.7397492527961731,4.1362024160696726e-05,1.3822166034555414,9840,,,,,,,,,,,
2.398739051818848,0.7745652198791504,4.13444655148195e-05,1.3850259867958983,9860,,,,,,,,,,,
2.3849363327026367,0.8091413974761963,4.132690686894227e-05,1.3878353701362551,9880,,,,,,,,,,,
2.355093574523926,0.7585991024971008,4.130934822306504e-05,1.3906447534766118,9900,,,,,,,,,,,
2.4372751235961916,0.7599203586578369,4.129178957718781e-05,1.3934541368169686,9920,,,,,,,,,,,
2.3848718643188476,0.8078781366348267,4.127423093131058e-05,1.3962635201573255,9940,,,,,,,,,,,
2.3752628326416017,0.786364734172821,4.125667228543335e-05,1.3990729034976823,9960,,,,,,,,,,,
2.3699750900268555,0.7779821157455444,4.123911363955612e-05,1.4018822868380392,9980,,,,,,,,,,,
2.3791942596435547,0.7643494009971619,4.122155499367889e-05,1.4046916701783958,10000,,,,,,,,,,,
2.3396722793579103,0.860865592956543,4.120399634780166e-05,1.4075010535187527,10020,,,,,,,,,,,
2.4399154663085936,0.7608343362808228,4.118643770192443e-05,1.4103104368591095,10040,,,,,,,,,,,
2.4423274993896484,0.7867063283920288,4.11688790560472e-05,1.4131198201994661,10060,,,,,,,,,,,
2.338140678405762,0.7852001190185547,4.115132041016997e-05,1.415929203539823,10080,,,,,,,,,,,
2.391249656677246,0.7940570712089539,4.113376176429274e-05,1.4187385868801798,10100,,,,,,,,,,,
2.3625205993652343,0.7782473564147949,4.111620311841551e-05,1.4215479702205367,10120,,,,,,,,,,,
2.4446250915527346,0.7513226270675659,4.1098644472538275e-05,1.4243573535608933,10140,,,,,,,,,,,
2.390456771850586,0.7090715765953064,4.108108582666105e-05,1.4271667369012502,10160,,,,,,,,,,,
2.4175178527832033,0.7649958729743958,4.106352718078382e-05,1.429976120241607,10180,,,,,,,,,,,
2.390181541442871,0.7822917699813843,4.104596853490659e-05,1.4327855035819637,10200,,,,,,,,,,,
2.3429191589355467,0.8064367771148682,4.102840988902936e-05,1.4355948869223205,10220,,,,,,,,,,,
2.3642826080322266,0.758124053478241,4.1010851243152134e-05,1.4384042702626774,10240,,,,,,,,,,,
2.425263595581055,0.787569522857666,4.09932925972749e-05,1.4412136536030342,10260,,,,,,,,,,,
2.3415599822998048,0.8132561445236206,4.097573395139767e-05,1.4440230369433908,10280,,,,,,,,,,,
2.3387018203735352,0.7333784699440002,4.095817530552044e-05,1.4468324202837477,10300,,,,,,,,,,,
2.384092330932617,0.8012654185295105,4.094061665964321e-05,1.4496418036241046,10320,,,,,,,,,,,
2.3334976196289063,0.762488842010498,4.092305801376598e-05,1.4524511869644612,10340,,,,,,,,,,,
2.335636329650879,0.7714649438858032,4.090549936788875e-05,1.455260570304818,10360,,,,,,,,,,,
2.39727783203125,0.7533784508705139,4.088794072201152e-05,1.4580699536451749,10380,,,,,,,,,,,
2.332598876953125,0.7685699462890625,4.087038207613429e-05,1.4608793369855317,10400,,,,,,,,,,,
2.3416559219360353,0.7724956274032593,4.085282343025706e-05,1.4636887203258886,10420,,,,,,,,,,,
2.348690223693848,0.8168751001358032,4.083526478437983e-05,1.4664981036662452,10440,,,,,,,,,,,
2.3427305221557617,0.7270275354385376,4.0817706138502596e-05,1.469307487006602,10460,,,,,,,,,,,
2.316944122314453,0.8625761866569519,4.080014749262537e-05,1.4721168703469587,10480,,,,,,,,,,,
2.3182573318481445,0.7910040020942688,4.0782588846748146e-05,1.4749262536873156,10500,,,,,,,,,,,
2.381318283081055,0.7739503979682922,4.076503020087091e-05,1.4777356370276724,10520,,,,,,,,,,,
2.3798179626464844,0.7847437262535095,4.074747155499368e-05,1.4805450203680293,10540,,,,,,,,,,,
2.381723976135254,0.7579308748245239,4.0729912909116455e-05,1.4833544037083861,10560,,,,,,,,,,,
2.367698860168457,0.7982152104377747,4.071235426323922e-05,1.4861637870487427,10580,,,,,,,,,,,
2.317494583129883,0.7551206946372986,4.069479561736199e-05,1.4889731703890996,10600,,,,,,,,,,,
2.332276725769043,0.7338171601295471,4.067723697148476e-05,1.4917825537294565,10620,,,,,,,,,,,
2.343912696838379,0.7343806624412537,4.065967832560753e-05,1.494591937069813,10640,,,,,,,,,,,
2.330475616455078,0.7431719899177551,4.06421196797303e-05,1.49740132041017,10660,,,,,,,,,,,
2.3586662292480467,0.7756379842758179,4.062456103385307e-05,1.5002107037505268,10680,,,,,,,,,,,
2.353070068359375,0.7644362449645996,4.060700238797584e-05,1.5030200870908836,10700,,,,,,,,,,,
2.348746109008789,0.820900022983551,4.058944374209861e-05,1.5058294704312405,10720,,,,,,,,,,,
2.312510108947754,0.7745828628540039,4.057188509622138e-05,1.5086388537715971,10740,,,,,,,,,,,
2.341923141479492,0.8459548950195312,4.055432645034415e-05,1.511448237111954,10760,,,,,,,,,,,
2.332382011413574,0.8524386882781982,4.0536767804466924e-05,1.5142576204523106,10780,,,,,,,,,,,
2.32200927734375,0.7853842377662659,4.0519209158589695e-05,1.5170670037926675,10800,,,,,,,,,,,
2.369257164001465,0.84974205493927,4.050165051271246e-05,1.5198763871330243,10820,,,,,,,,,,,
2.344809722900391,0.7868067026138306,4.048409186683523e-05,1.5226857704733812,10840,,,,,,,,,,,
2.3110565185546874,0.8424038887023926,4.0466533220958004e-05,1.525495153813738,10860,,,,,,,,,,,
2.368381690979004,0.7251632213592529,4.0448974575080776e-05,1.5283045371540946,10880,,,,,,,,,,,
2.335801124572754,0.815962553024292,4.043141592920354e-05,1.5311139204944515,10900,,,,,,,,,,,
2.328887939453125,0.8529818058013916,4.041385728332631e-05,1.5339233038348081,10920,,,,,,,,,,,
2.2904129028320312,0.7885892391204834,4.0396298637449084e-05,1.536732687175165,10940,,,,,,,,,,,
2.3265100479125977,0.7376947999000549,4.037873999157185e-05,1.5395420705155218,10960,,,,,,,,,,,
2.316154670715332,0.7859824299812317,4.036118134569462e-05,1.5423514538558787,10980,,,,,,,,,,,
2.3450761795043946,0.7673570513725281,4.034362269981739e-05,1.5451608371962355,11000,,,,,,,,,,,
2.353023147583008,0.7458473443984985,4.032606405394016e-05,1.5479702205365922,11020,,,,,,,,,,,
2.319970893859863,0.7788729071617126,4.030850540806293e-05,1.550779603876949,11040,,,,,,,,,,,
2.3332990646362304,0.7986202836036682,4.02909467621857e-05,1.5535889872173057,11060,,,,,,,,,,,
2.329911994934082,0.7942311763763428,4.027338811630847e-05,1.5563983705576625,11080,,,,,,,,,,,
2.3359113693237306,0.8011429309844971,4.0255829470431244e-05,1.5592077538980194,11100,,,,,,,,,,,
2.3477148056030273,0.8550118207931519,4.0238270824554016e-05,1.5620171372383762,11120,,,,,,,,,,,
2.3034040451049806,0.7817597985267639,4.022071217867678e-05,1.564826520578733,11140,,,,,,,,,,,
2.327511787414551,0.737453043460846,4.020315353279955e-05,1.56763590391909,11160,,,,,,,,,,,
2.2741086959838865,0.8556503057479858,4.0185594886922325e-05,1.5704452872594465,11180,,,,,,,,,,,
2.309750556945801,0.7625949382781982,4.016803624104509e-05,1.5732546705998034,11200,,,,,,,,,,,
2.322464179992676,0.7687742114067078,4.015047759516786e-05,1.57606405394016,11220,,,,,,,,,,,
2.345608711242676,0.7664741277694702,4.013291894929063e-05,1.5788734372805169,11240,,,,,,,,,,,
2.3404958724975584,0.7777195572853088,4.0115360303413405e-05,1.5816828206208737,11260,,,,,,,,,,,
2.408795928955078,0.7532270550727844,4.009780165753617e-05,1.5844922039612306,11280,,,,,,,,,,,
2.270652198791504,0.7539272308349609,4.008024301165894e-05,1.5873015873015874,11300,,,,,,,,,,,
2.3414196014404296,0.7612849473953247,4.006268436578171e-05,1.590110970641944,11320,,,,,,,,,,,
2.309500503540039,0.7379619479179382,4.004512571990448e-05,1.592920353982301,11340,,,,,,,,,,,
2.3445461273193358,0.734215259552002,4.002756707402726e-05,1.5957297373226575,11360,,,,,,,,,,,
2.2951820373535154,0.8146330118179321,4.001000842815003e-05,1.5985391206630144,11380,,,,,,,,,,,
2.347864532470703,0.7788146734237671,3.9992449782272793e-05,1.6013485040033713,11400,,,,,,,,,,,
2.3000707626342773,0.7661161422729492,3.9974891136395565e-05,1.604157887343728,11420,,,,,,,,,,,
2.292707061767578,0.7413127422332764,3.995733249051834e-05,1.606967270684085,11440,,,,,,,,,,,
2.3220510482788086,0.7868438363075256,3.99397738446411e-05,1.6097766540244416,11460,,,,,,,,,,,
2.3021596908569335,0.7109459638595581,3.9922215198763874e-05,1.6125860373647984,11480,,,,,,,,,,,
2.342618942260742,0.8031064867973328,3.9904656552886645e-05,1.615395420705155,11500,,,,,,,,,,,
2.3184566497802734,0.7645126581192017,3.988709790700941e-05,1.618204804045512,11520,,,,,,,,,,,
2.3348068237304687,0.784787654876709,3.986953926113218e-05,1.6210141873858688,11540,,,,,,,,,,,
2.3205862045288086,0.7535817623138428,3.9851980615254954e-05,1.6238235707262256,11560,,,,,,,,,,,
2.315532684326172,0.7375565767288208,3.983442196937772e-05,1.6266329540665825,11580,,,,,,,,,,,
2.2880462646484374,0.7699083685874939,3.981686332350049e-05,1.6294423374069393,11600,,,,,,,,,,,
2.3004230499267577,0.7424477338790894,3.979930467762326e-05,1.632251720747296,11620,,,,,,,,,,,
2.2798118591308594,0.8209108114242554,3.9781746031746034e-05,1.6350611040876526,11640,,,,,,,,,,,
2.306193542480469,0.815405547618866,3.9764187385868806e-05,1.6378704874280094,11660,,,,,,,,,,,
2.288975143432617,0.8325466513633728,3.974662873999158e-05,1.6406798707683663,11680,,,,,,,,,,,
2.3571624755859375,0.7561367154121399,3.972907009411434e-05,1.6434892541087232,11700,,,,,,,,,,,
2.3120376586914064,0.7870451807975769,3.9711511448237114e-05,1.64629863744908,11720,,,,,,,,,,,
2.2777442932128906,0.8346971273422241,3.9693952802359886e-05,1.6491080207894369,11740,,,,,,,,,,,
2.3493919372558594,0.8322998285293579,3.967639415648266e-05,1.6519174041297935,11760,,,,,,,,,,,
2.2600143432617186,0.7823009490966797,3.965883551060542e-05,1.6547267874701503,11780,,,,,,,,,,,
2.344063568115234,0.7410746812820435,3.9641276864728194e-05,1.657536170810507,11800,,,,,,,,,,,
2.280502128601074,0.7642823457717896,3.9623718218850966e-05,1.6603455541508638,11820,,,,,,,,,,,
2.321946907043457,0.767980694770813,3.960615957297373e-05,1.6631549374912207,11840,,,,,,,,,,,
2.2916032791137697,0.7111364603042603,3.95886009270965e-05,1.6659643208315775,11860,,,,,,,,,,,
2.2890390396118163,0.7332206964492798,3.9571042281219275e-05,1.6687737041719344,11880,,,,,,,,,,,
2.3163190841674806,0.7650946378707886,3.955348363534204e-05,1.671583087512291,11900,,,,,,,,,,,
2.3240209579467774,0.7604267597198486,3.953592498946481e-05,1.6743924708526479,11920,,,,,,,,,,,
2.26513614654541,0.7936901450157166,3.951836634358758e-05,1.6772018541930045,11940,,,,,,,,,,,
2.327950668334961,0.7331647276878357,3.9500807697710355e-05,1.6800112375333613,11960,,,,,,,,,,,
2.2625051498413087,0.7821527123451233,3.9483249051833127e-05,1.6828206208737182,11980,,,,,,,,,,,
2.3587976455688477,0.7817604541778564,3.94656904059559e-05,1.685630004214075,12000,,,,,,,,,,,
2.331440734863281,0.7705836296081543,3.944813176007866e-05,1.688439387554432,12020,,,,,,,,,,,
2.3405649185180666,0.8776425123214722,3.9430573114201435e-05,1.6912487708947888,12040,,,,,,,,,,,
2.252972412109375,0.815775990486145,3.941301446832421e-05,1.6940581542351454,12060,,,,,,,,,,,
2.310047149658203,0.7615004181861877,3.939545582244697e-05,1.696867537575502,12080,,,,,,,,,,,
2.287632369995117,0.7950201034545898,3.9377897176569743e-05,1.6996769209158589,12100,,,,,,,,,,,
2.2897323608398437,0.814422607421875,3.9360338530692515e-05,1.7024863042562157,12120,,,,,,,,,,,
2.2565513610839845,0.7950316667556763,3.934277988481529e-05,1.7052956875965726,12140,,,,,,,,,,,
2.286839485168457,0.7271738052368164,3.932522123893805e-05,1.7081050709369294,12160,,,,,,,,,,,
2.2724090576171876,0.7480084896087646,3.9307662593060824e-05,1.7109144542772863,12180,,,,,,,,,,,
2.264360809326172,0.7956650257110596,3.9290103947183595e-05,1.713723837617643,12200,,,,,,,,,,,
2.18259220123291,0.7546545267105103,3.927254530130636e-05,1.7165332209579998,12220,,,,,,,,,,,
2.254012680053711,0.7179981470108032,3.925498665542914e-05,1.7193426042983564,12240,,,,,,,,,,,
2.291524314880371,0.7625852227210999,3.923742800955191e-05,1.7221519876387132,12260,,,,,,,,,,,
2.280206871032715,0.7655242681503296,3.9219869363674676e-05,1.72496137097907,12280,,,,,,,,,,,
2.2752302169799803,0.7498061656951904,3.920231071779745e-05,1.727770754319427,12300,,,,,,,,,,,
2.296222114562988,0.7722359895706177,3.918475207192022e-05,1.7305801376597838,12320,,,,,,,,,,,
2.3841484069824217,0.7714278101921082,3.9167193426042984e-05,1.7333895210001404,12340,,,,,,,,,,,
2.276523780822754,0.7512215971946716,3.9149634780165756e-05,1.7361989043404973,12360,,,,,,,,,,,
2.267750930786133,0.8127437233924866,3.913207613428853e-05,1.739008287680854,12380,,,,,,,,,,,
2.3203062057495116,0.7541150450706482,3.911451748841129e-05,1.7418176710212108,12400,,,,,,,,,,,
2.2876752853393554,1.1327052116394043,3.9096958842534064e-05,1.7446270543615676,12420,,,,,,,,,,,
2.279796600341797,0.8144472241401672,3.9079400196656836e-05,1.7474364377019245,12440,,,,,,,,,,,
2.308913230895996,0.7772781252861023,3.90618415507796e-05,1.7502458210422813,12460,,,,,,,,,,,
2.2607851028442383,0.728466272354126,3.904428290490237e-05,1.7530552043826382,12480,,,,,,,,,,,
2.3033369064331053,0.7768840789794922,3.9026724259025144e-05,1.7558645877229948,12500,,,,,,,,,,,
2.2731700897216798,0.7440215349197388,3.9009165613147916e-05,1.7586739710633514,12520,,,,,,,,,,,
2.2712326049804688,0.7275329232215881,3.899160696727069e-05,1.7614833544037083,12540,,,,,,,,,,,
2.293743133544922,0.7243733406066895,3.897404832139346e-05,1.7642927377440651,12560,,,,,,,,,,,
2.2425567626953127,0.7406308650970459,3.8956489675516225e-05,1.767102121084422,12580,,,,,,,,,,,
2.2389589309692384,0.8417866230010986,3.8938931029638996e-05,1.7699115044247788,12600,,,,,,,,,,,
2.3212284088134765,0.7792417407035828,3.892137238376177e-05,1.7727208877651357,12620,,,,,,,,,,,
2.2955217361450195,0.9571688771247864,3.890381373788454e-05,1.7755302711054923,12640,,,,,,,,,,,
2.2616130828857424,0.8414131999015808,3.8886255092007305e-05,1.7783396544458492,12660,,,,,,,,,,,
2.278614616394043,0.7599788904190063,3.8868696446130077e-05,1.7811490377862058,12680,,,,,,,,,,,
2.2868268966674803,0.7829286456108093,3.885113780025285e-05,1.7839584211265627,12700,,,,,,,,,,,
2.2516386032104494,0.7772265672683716,3.883357915437561e-05,1.7867678044669195,12720,,,,,,,,,,,
2.247456741333008,0.7800818085670471,3.8816020508498385e-05,1.7895771878072764,12740,,,,,,,,,,,
2.2667308807373048,0.7644450664520264,3.879846186262116e-05,1.7923865711476332,12760,,,,,,,,,,,
2.255370330810547,0.7621256113052368,3.878090321674392e-05,1.7951959544879899,12780,,,,,,,,,,,
2.1773406982421877,0.8282982110977173,3.8763344570866693e-05,1.7980053378283467,12800,,,,,,,,,,,
2.2510868072509767,0.8077167868614197,3.8745785924989465e-05,1.8008147211687033,12820,,,,,,,,,,,
2.1960174560546877,0.7622246146202087,3.872822727911224e-05,1.8036241045090602,12840,,,,,,,,,,,
2.294376754760742,0.7846382856369019,3.871066863323501e-05,1.806433487849417,12860,,,,,,,,,,,
2.1952442169189452,0.7795983552932739,3.869310998735778e-05,1.809242871189774,12880,,,,,,,,,,,
2.2712562561035154,0.7353785634040833,3.8675551341480545e-05,1.8120522545301307,12900,,,,,,,,,,,
2.2489883422851564,0.7742825746536255,3.865799269560332e-05,1.8148616378704874,12920,,,,,,,,,,,
2.2705352783203123,0.7618370652198792,3.864043404972609e-05,1.8176710212108442,12940,,,,,,,,,,,
2.2285837173461913,0.8179794549942017,3.8622875403848854e-05,1.8204804045512009,12960,,,,,,,,,,,
2.292638397216797,0.8387578129768372,3.8605316757971626e-05,1.8232897878915577,12980,,,,,,,,,,,
2.2686798095703127,0.9625056982040405,3.85877581120944e-05,1.8260991712319146,13000,,,,,,,,,,,
2.2157657623291014,0.8003677725791931,3.857019946621717e-05,1.8289085545722714,13020,,,,,,,,,,,
2.2683448791503906,0.7719736099243164,3.8552640820339934e-05,1.8317179379126283,13040,,,,,,,,,,,
2.269417572021484,0.7504671812057495,3.8535082174462706e-05,1.8345273212529851,13060,,,,,,,,,,,
2.280468559265137,0.748261570930481,3.851752352858548e-05,1.8373367045933418,13080,,,,,,,,,,,
2.2891239166259765,0.7677443623542786,3.849996488270824e-05,1.8401460879336986,13100,,,,,,,,,,,
2.2043771743774414,0.7497806549072266,3.848240623683102e-05,1.8429554712740552,13120,,,,,,,,,,,
2.2810028076171873,0.8460030555725098,3.846484759095379e-05,1.845764854614412,13140,,,,,,,,,,,
2.215626907348633,0.739287793636322,3.844728894507656e-05,1.848574237954769,13160,,,,,,,,,,,
2.2477983474731444,0.7421125769615173,3.842973029919933e-05,1.8513836212951258,13180,,,,,,,,,,,
2.249185562133789,0.8084637522697449,3.84121716533221e-05,1.8541930046354826,13200,,,,,,,,,,,
2.2293155670166014,0.7850868701934814,3.8394613007444866e-05,1.8570023879758393,13220,,,,,,,,,,,
2.305918502807617,0.7925211787223816,3.837705436156764e-05,1.8598117713161961,13240,,,,,,,,,,,
2.24292049407959,0.7267365455627441,3.835949571569041e-05,1.8626211546565528,13260,,,,,,,,,,,
2.2389392852783203,0.8005735278129578,3.8341937069813175e-05,1.8654305379969096,13280,,,,,,,,,,,
2.269489860534668,0.8817507028579712,3.8324378423935946e-05,1.8682399213372665,13300,,,,,,,,,,,
2.1932695388793944,0.8343605995178223,3.830681977805872e-05,1.8710493046776233,13320,,,,,,,,,,,
2.226557731628418,0.8928214907646179,3.828926113218148e-05,1.8738586880179802,13340,,,,,,,,,,,
2.325414276123047,0.7207959890365601,3.8271702486304255e-05,1.8766680713583368,13360,,,,,,,,,,,
2.2459192276000977,0.7519121170043945,3.8254143840427027e-05,1.8794774546986937,13380,,,,,,,,,,,
2.214546966552734,0.7293893694877625,3.82365851945498e-05,1.8822868380390503,13400,,,,,,,,,,,
2.231436920166016,0.8132803440093994,3.821902654867257e-05,1.8850962213794071,13420,,,,,,,,,,,
2.272781753540039,0.7410909533500671,3.820146790279534e-05,1.887905604719764,13440,,,,,,,,,,,
2.2927829742431642,0.7460343837738037,3.818390925691811e-05,1.8907149880601208,13460,,,,,,,,,,,
2.236419677734375,0.7243205904960632,3.816635061104088e-05,1.8935243714004777,13480,,,,,,,,,,,
2.221387481689453,0.730812132358551,3.814879196516365e-05,1.8963337547408345,13500,,,,,,,,,,,
2.204054832458496,0.7541998028755188,3.813123331928642e-05,1.8991431380811912,13520,,,,,,,,,,,
2.267223358154297,0.7524158954620361,3.811367467340919e-05,1.9019525214215478,13540,,,,,,,,,,,
2.2411691665649416,0.7443377375602722,3.809611602753196e-05,1.9047619047619047,13560,,,,,,,,,,,
2.290020751953125,0.7688657641410828,3.807855738165473e-05,1.9075712881022615,13580,,,,,,,,,,,
2.2307832717895506,0.8007296919822693,3.8060998735777495e-05,1.9103806714426184,13600,,,,,,,,,,,
2.294331359863281,0.8096655607223511,3.804344008990027e-05,1.9131900547829752,13620,,,,,,,,,,,
2.231930732727051,0.7459787130355835,3.802588144402304e-05,1.915999438123332,13640,,,,,,,,,,,
2.2449718475341798,0.828681468963623,3.8008322798145804e-05,1.9188088214636887,13660,,,,,,,,,,,
2.2190298080444335,0.7403594255447388,3.7990764152268576e-05,1.9216182048040455,13680,,,,,,,,,,,
2.2017292022705077,0.8308408856391907,3.7973205506391354e-05,1.9244275881444022,13700,,,,,,,,,,,
2.242770195007324,0.7764229774475098,3.795564686051412e-05,1.927236971484759,13720,,,,,,,,,,,
2.2428682327270506,0.846380889415741,3.793808821463689e-05,1.9300463548251159,13740,,,,,,,,,,,
2.2014593124389648,0.8037763833999634,3.792052956875966e-05,1.9328557381654727,13760,,,,,,,,,,,
2.2501806259155273,0.7825047969818115,3.790297092288243e-05,1.9356651215058296,13780,,,,,,,,,,,
2.1877458572387694,0.7598797082901001,3.78854122770052e-05,1.9384745048461862,13800,,,,,,,,,,,
2.192844009399414,0.7914251089096069,3.786785363112797e-05,1.941283888186543,13820,,,,,,,,,,,
2.19921817779541,0.7320632934570312,3.7850294985250736e-05,1.9440932715268997,13840,,,,,,,,,,,
2.216967010498047,0.7629402875900269,3.783273633937351e-05,1.9469026548672566,13860,,,,,,,,,,,
2.1974565505981447,0.7688724398612976,3.781517769349628e-05,1.9497120382076134,13880,,,,,,,,,,,
2.2681133270263674,0.723555326461792,3.779761904761905e-05,1.9525214215479703,13900,,,,,,,,,,,
2.209821319580078,0.7510674595832825,3.7780060401741816e-05,1.9553308048883271,13920,,,,,,,,,,,
2.185238075256348,0.781721293926239,3.776250175586459e-05,1.958140188228684,13940,,,,,,,,,,,
2.2424535751342773,0.8373188972473145,3.774494310998736e-05,1.9609495715690406,13960,,,,,,,,,,,
2.1507415771484375,0.7542474865913391,3.7727384464110125e-05,1.9637589549093972,13980,,,,,,,,,,,
2.1778635025024413,0.7066110372543335,3.77098258182329e-05,1.966568338249754,14000,,,,,,,,,,,
2.1686594009399416,0.7474443912506104,3.7692267172355675e-05,1.969377721590111,14020,,,,,,,,,,,
2.225450897216797,0.7198429703712463,3.767470852647844e-05,1.9721871049304678,14040,,,,,,,,,,,
2.195282554626465,0.8083963990211487,3.765714988060121e-05,1.9749964882708246,14060,,,,,,,,,,,
2.1913482666015627,0.7777182459831238,3.763959123472398e-05,1.9778058716111815,14080,,,,,,,,,,,
2.2405303955078124,0.7517316341400146,3.762203258884675e-05,1.9806152549515381,14100,,,,,,,,,,,
2.2151350021362304,0.7313093543052673,3.760447394296952e-05,1.983424638291895,14120,,,,,,,,,,,
2.197704315185547,0.8085919618606567,3.758691529709229e-05,1.9862340216322516,14140,,,,,,,,,,,
2.227482795715332,0.8006189465522766,3.756935665121506e-05,1.9890434049726085,14160,,,,,,,,,,,
2.182310676574707,0.7549595236778259,3.755179800533783e-05,1.9918527883129653,14180,,,,,,,,,,,
2.1499128341674805,0.7632993459701538,3.75342393594606e-05,1.9946621716533222,14200,,,,,,,,,,,
2.2373641967773437,0.7841739654541016,3.751668071358337e-05,1.997471554993679,14220,,,,,,,,,,,
,,,2.0,14238,2.110818862915039,10.445112096568549,34.08979104967002,288.492,11.803,0.738,,,,,
2.22164249420166,0.7344884872436523,3.749912206770614e-05,2.000280938334036,14240,,,,,,,,,,,
2.219384765625,0.7561564445495605,3.748156342182891e-05,2.0030903216743923,14260,,,,,,,,,,,
2.161559295654297,0.7943322062492371,3.746400477595168e-05,2.005899705014749,14280,,,,,,,,,,,
2.1696407318115236,0.7891858220100403,3.744644613007445e-05,2.008709088355106,14300,,,,,,,,,,,
2.209860420227051,0.7394469976425171,3.7428887484197224e-05,2.011518471695463,14320,,,,,,,,,,,
2.198155975341797,0.7841144800186157,3.741132883831999e-05,2.0143278550358197,14340,,,,,,,,,,,
2.1841930389404296,0.7706705331802368,3.739377019244276e-05,2.0171372383761765,14360,,,,,,,,,,,
2.2515232086181642,0.7202630639076233,3.737621154656553e-05,2.0199466217165334,14380,,,,,,,,,,,
2.248785972595215,0.7729026675224304,3.7358652900688304e-05,2.02275600505689,14400,,,,,,,,,,,
2.2358413696289063,0.7814724445343018,3.734109425481107e-05,2.0255653883972466,14420,,,,,,,,,,,
2.1944494247436523,0.814423143863678,3.732353560893384e-05,2.0283747717376035,14440,,,,,,,,,,,
2.2390193939208984,0.7422223091125488,3.730597696305661e-05,2.0311841550779604,14460,,,,,,,,,,,
2.2020606994628906,0.7362360954284668,3.728841831717938e-05,2.033993538418317,14480,,,,,,,,,,,
2.209223175048828,0.8268521428108215,3.727085967130215e-05,2.036802921758674,14500,,,,,,,,,,,
2.1861597061157227,0.777247428894043,3.725330102542492e-05,2.039612305099031,14520,,,,,,,,,,,
2.2065710067749023,0.7248333096504211,3.7235742379547686e-05,2.0424216884393878,14540,,,,,,,,,,,
2.1013145446777344,0.7537487149238586,3.721818373367046e-05,2.045231071779744,14560,,,,,,,,,,,
2.1546796798706054,0.7813292145729065,3.7200625087793236e-05,2.048040455120101,14580,,,,,,,,,,,
2.210335350036621,0.7710641026496887,3.7183066441916e-05,2.050849838460458,14600,,,,,,,,,,,
2.207027816772461,0.7352148294448853,3.716550779603877e-05,2.0536592218008147,14620,,,,,,,,,,,
2.1968494415283204,0.7420852780342102,3.7147949150161545e-05,2.0564686051411716,14640,,,,,,,,,,,
2.1908164978027345,0.851368248462677,3.713039050428431e-05,2.0592779884815284,14660,,,,,,,,,,,
2.180150604248047,0.7884498238563538,3.711283185840708e-05,2.0620873718218853,14680,,,,,,,,,,,
2.1792425155639648,0.7770503163337708,3.709527321252985e-05,2.0648967551622417,14700,,,,,,,,,,,
2.178995132446289,0.7304784655570984,3.707771456665262e-05,2.0677061385025985,14720,,,,,,,,,,,
2.2219802856445314,0.8112860321998596,3.706015592077539e-05,2.0705155218429554,14740,,,,,,,,,,,
2.232348823547363,0.7977696061134338,3.704259727489816e-05,2.0733249051833123,14760,,,,,,,,,,,
2.2087934494018553,0.7551302909851074,3.7025038629020933e-05,2.076134288523669,14780,,,,,,,,,,,
2.1825382232666017,0.800392210483551,3.70074799831437e-05,2.078943671864026,14800,,,,,,,,,,,
2.1761783599853515,0.7629381418228149,3.698992133726647e-05,2.081753055204383,14820,,,,,,,,,,,
2.1210796356201174,0.6867161393165588,3.697236269138924e-05,2.084562438544739,14840,,,,,,,,,,,
2.1852958679199217,0.7409190535545349,3.695480404551201e-05,2.087371821885096,14860,,,,,,,,,,,
2.1788007736206056,0.7872224450111389,3.6937245399634785e-05,2.090181205225453,14880,,,,,,,,,,,
2.1980587005615235,0.7306405305862427,3.691968675375756e-05,2.0929905885658098,14900,,,,,,,,,,,
2.15335636138916,0.7829407453536987,3.690212810788032e-05,2.0957999719061666,14920,,,,,,,,,,,
2.1988456726074217,0.7549884915351868,3.6884569462003094e-05,2.0986093552465235,14940,,,,,,,,,,,
2.192019462585449,0.7829067707061768,3.6867010816125866e-05,2.1014187385868803,14960,,,,,,,,,,,
2.18218936920166,0.7171636819839478,3.684945217024863e-05,2.104228121927237,14980,,,,,,,,,,,
2.227415084838867,0.70879727602005,3.68318935243714e-05,2.1070375052675936,15000,,,,,,,,,,,
2.090753173828125,0.799595832824707,3.6814334878494174e-05,2.1098468886079504,15020,,,,,,,,,,,
2.185832405090332,0.7476212978363037,3.679677623261694e-05,2.1126562719483073,15040,,,,,,,,,,,
2.16973991394043,0.735862135887146,3.677921758673971e-05,2.115465655288664,15060,,,,,,,,,,,
2.224732208251953,0.7758108973503113,3.676165894086248e-05,2.118275038629021,15080,,,,,,,,,,,
2.1963327407836912,0.8123000264167786,3.6744100294985254e-05,2.121084421969378,15100,,,,,,,,,,,
2.1851150512695314,0.792206883430481,3.672654164910802e-05,2.1238938053097347,15120,,,,,,,,,,,
2.1186546325683593,0.7544729113578796,3.670898300323079e-05,2.126703188650091,15140,,,,,,,,,,,
2.2556737899780273,0.7342772483825684,3.669142435735356e-05,2.129512571990448,15160,,,,,,,,,,,
2.1673484802246095,0.8125616312026978,3.6673865711476334e-05,2.132321955330805,15180,,,,,,,,,,,
2.160013771057129,0.7842099666595459,3.6656307065599106e-05,2.1351313386711617,15200,,,,,,,,,,,
2.20602970123291,0.7612258195877075,3.663874841972187e-05,2.1379407220115185,15220,,,,,,,,,,,
2.149059867858887,0.7323383092880249,3.662118977384464e-05,2.1407501053518754,15240,,,,,,,,,,,
2.151685905456543,0.8152273297309875,3.6603631127967415e-05,2.1435594886922322,15260,,,,,,,,,,,
2.2140308380126954,0.7885256409645081,3.6586072482090186e-05,2.146368872032589,15280,,,,,,,,,,,
2.159567642211914,0.7401971220970154,3.656851383621295e-05,2.1491782553729455,15300,,,,,,,,,,,
2.172084426879883,0.780849039554596,3.655095519033572e-05,2.1519876387133023,15320,,,,,,,,,,,
2.2194534301757813,0.7531050443649292,3.6533396544458495e-05,2.154797022053659,15340,,,,,,,,,,,
2.1845340728759766,1.4776318073272705,3.651583789858126e-05,2.157606405394016,15360,,,,,,,,,,,
2.1259267807006834,0.7802390456199646,3.649827925270403e-05,2.160415788734373,15380,,,,,,,,,,,
2.1399070739746096,0.7311458587646484,3.64807206068268e-05,2.1632251720747298,15400,,,,,,,,,,,
2.1730485916137696,0.7854701280593872,3.646316196094957e-05,2.166034555415086,15420,,,,,,,,,,,
2.1123918533325194,0.7574542164802551,3.644560331507234e-05,2.168843938755443,15440,,,,,,,,,,,
2.187236785888672,0.7265691161155701,3.642804466919512e-05,2.1716533220958,15460,,,,,,,,,,,
2.1498035430908202,0.7501063942909241,3.6410486023317883e-05,2.1744627054361567,15480,,,,,,,,,,,
2.1660593032836912,0.787867546081543,3.6392927377440655e-05,2.1772720887765136,15500,,,,,,,,,,,
2.221734619140625,0.7953746318817139,3.637536873156343e-05,2.1800814721168704,15520,,,,,,,,,,,
2.161660385131836,0.6957664489746094,3.635781008568619e-05,2.1828908554572273,15540,,,,,,,,,,,
2.22677059173584,0.8546033501625061,3.6340251439808964e-05,2.185700238797584,15560,,,,,,,,,,,
2.212607002258301,0.7180347442626953,3.6322692793931735e-05,2.1885096221379405,15580,,,,,,,,,,,
2.1819793701171877,0.7598161697387695,3.630513414805451e-05,2.1913190054782974,15600,,,,,,,,,,,
2.1598108291625975,0.7650795578956604,3.628757550217727e-05,2.1941283888186542,15620,,,,,,,,,,,
2.1577856063842775,0.7546810507774353,3.6270016856300044e-05,2.196937772159011,15640,,,,,,,,,,,
2.1857906341552735,0.8356935977935791,3.6252458210422816e-05,2.199747155499368,15660,,,,,,,,,,,
2.2225339889526365,0.7417936325073242,3.623489956454558e-05,2.202556538839725,15680,,,,,,,,,,,
2.153339385986328,0.7483423352241516,3.621734091866835e-05,2.2053659221800817,15700,,,,,,,,,,,
2.221042823791504,0.7541936635971069,3.6199782272791124e-05,2.208175305520438,15720,,,,,,,,,,,
2.211521530151367,0.7541658282279968,3.618222362691389e-05,2.210984688860795,15740,,,,,,,,,,,
2.1025650024414064,0.7447634339332581,3.616466498103667e-05,2.2137940722011518,15760,,,,,,,,,,,
2.1676504135131838,0.7403744459152222,3.614710633515944e-05,2.2166034555415086,15780,,,,,,,,,,,
2.1411788940429686,0.8135333061218262,3.6129547689282204e-05,2.2194128388818655,15800,,,,,,,,,,,
2.1226558685302734,0.7381694912910461,3.6111989043404976e-05,2.2222222222222223,15820,,,,,,,,,,,
2.123902130126953,0.8155062794685364,3.609443039752775e-05,2.225031605562579,15840,,,,,,,,,,,
2.168401336669922,0.7405879497528076,3.607687175165051e-05,2.227840988902936,15860,,,,,,,,,,,
2.148349380493164,0.7378104329109192,3.6059313105773284e-05,2.2306503722432924,15880,,,,,,,,,,,
2.2107881546020507,0.706695556640625,3.6041754459896056e-05,2.2334597555836493,15900,,,,,,,,,,,
2.2044628143310545,0.7404654622077942,3.602419581401882e-05,2.236269138924006,15920,,,,,,,,,,,
2.2107921600341798,0.7649662494659424,3.600663716814159e-05,2.239078522264363,15940,,,,,,,,,,,
2.167629623413086,0.7537650465965271,3.5989078522264365e-05,2.24188790560472,15960,,,,,,,,,,,
2.1821926116943358,0.7030556797981262,3.5971519876387136e-05,2.2446972889450767,15980,,,,,,,,,,,
2.129665565490723,0.8349682688713074,3.59539612305099e-05,2.2475066722854335,16000,,,,,,,,,,,
2.162550163269043,0.7060151696205139,3.593640258463267e-05,2.25031605562579,16020,,,,,,,,,,,
2.1613462448120115,0.7530693411827087,3.5918843938755445e-05,2.253125438966147,16040,,,,,,,,,,,
2.153587532043457,0.7701056599617004,3.5901285292878217e-05,2.2559348223065037,16060,,,,,,,,,,,
2.157643699645996,0.8219606280326843,3.588372664700099e-05,2.2587442056468605,16080,,,,,,,,,,,
2.166208267211914,0.7648380398750305,3.586616800112376e-05,2.2615535889872174,16100,,,,,,,,,,,
2.1359785079956053,0.7409074902534485,3.5848609355246525e-05,2.264362972327574,16120,,,,,,,,,,,
2.1289913177490236,0.7826021313667297,3.58310507093693e-05,2.267172355667931,16140,,,,,,,,,,,
2.1828048706054686,0.9834017753601074,3.581349206349207e-05,2.269981739008288,16160,,,,,,,,,,,
2.177351951599121,0.7575257420539856,3.5795933417614833e-05,2.2727911223486443,16180,,,,,,,,,,,
2.1127452850341797,0.8110224604606628,3.5778374771737605e-05,2.275600505689001,16200,,,,,,,,,,,
2.129220390319824,0.7523232698440552,3.576081612586038e-05,2.278409889029358,16220,,,,,,,,,,,
2.1491851806640625,0.8079632520675659,3.574325747998314e-05,2.281219272369715,16240,,,,,,,,,,,
2.2249755859375,0.7457611560821533,3.5725698834105914e-05,2.2840286557100717,16260,,,,,,,,,,,
2.1888227462768555,0.7661905884742737,3.5708140188228685e-05,2.2868380390504286,16280,,,,,,,,,,,
2.120953369140625,0.7551325559616089,3.569058154235145e-05,2.289647422390785,16300,,,,,,,,,,,
2.1252510070800783,0.6834830641746521,3.567302289647422e-05,2.292456805731142,16320,,,,,,,,,,,
2.1215438842773438,0.7262706160545349,3.5655464250597e-05,2.2952661890714987,16340,,,,,,,,,,,
2.194318389892578,0.760890007019043,3.5637905604719766e-05,2.2980755724118556,16360,,,,,,,,,,,
2.1812326431274416,0.7609436511993408,3.562034695884254e-05,2.3008849557522124,16380,,,,,,,,,,,
2.09401912689209,0.774994432926178,3.560278831296531e-05,2.3036943390925693,16400,,,,,,,,,,,
2.135107421875,0.7984439134597778,3.5585229667088074e-05,2.306503722432926,16420,,,,,,,,,,,
2.1441980361938477,0.7181926965713501,3.5567671021210846e-05,2.309313105773283,16440,,,,,,,,,,,
2.1493461608886717,0.7742230296134949,3.555011237533362e-05,2.3121224891136394,16460,,,,,,,,,,,
2.1642017364501953,0.7792630791664124,3.553255372945639e-05,2.3149318724539962,16480,,,,,,,,,,,
2.1271251678466796,0.787695586681366,3.5514995083579154e-05,2.317741255794353,16500,,,,,,,,,,,
2.1310409545898437,0.7740969061851501,3.5497436437701926e-05,2.32055063913471,16520,,,,,,,,,,,
2.1538490295410155,0.8245003819465637,3.54798777918247e-05,2.323360022475067,16540,,,,,,,,,,,
2.1420261383056642,0.7582954168319702,3.546231914594746e-05,2.3261694058154236,16560,,,,,,,,,,,
2.0915607452392577,0.7960936427116394,3.5444760500070234e-05,2.3289787891557805,16580,,,,,,,,,,,
2.146948051452637,0.7704574465751648,3.5427201854193006e-05,2.331788172496137,16600,,,,,,,,,,,
2.0976049423217775,0.8335481882095337,3.540964320831577e-05,2.3345975558364938,16620,,,,,,,,,,,
2.134347915649414,0.8092852830886841,3.539208456243855e-05,2.3374069391768506,16640,,,,,,,,,,,
2.145925521850586,0.8139809966087341,3.537452591656132e-05,2.3402163225172075,16660,,,,,,,,,,,
2.1366998672485353,0.8278805017471313,3.5356967270684086e-05,2.3430257058575643,16680,,,,,,,,,,,
2.1197649002075196,0.7645533680915833,3.533940862480686e-05,2.345835089197921,16700,,,,,,,,,,,
2.166210174560547,0.7445996999740601,3.532184997892963e-05,2.348644472538278,16720,,,,,,,,,,,
2.108869743347168,0.7285043597221375,3.5304291333052395e-05,2.351453855878635,16740,,,,,,,,,,,
2.214691162109375,0.7373979687690735,3.5286732687175167e-05,2.3542632392189913,16760,,,,,,,,,,,
2.111619758605957,0.7421557903289795,3.526917404129794e-05,2.357072622559348,16780,,,,,,,,,,,
2.1403032302856446,0.741096556186676,3.52516153954207e-05,2.359882005899705,16800,,,,,,,,,,,
2.1284374237060546,0.7073526978492737,3.5234056749543475e-05,2.362691389240062,16820,,,,,,,,,,,
2.098564338684082,0.888512909412384,3.521649810366625e-05,2.3655007725804187,16840,,,,,,,,,,,
2.139626693725586,0.7785608172416687,3.519893945778902e-05,2.3683101559207755,16860,,,,,,,,,,,
2.0727672576904297,0.7708569765090942,3.5181380811911783e-05,2.371119539261132,16880,,,,,,,,,,,
2.083119773864746,0.7916771173477173,3.5163822166034555e-05,2.373928922601489,16900,,,,,,,,,,,
2.1546634674072265,0.7012755870819092,3.514626352015733e-05,2.3767383059418457,16920,,,,,,,,,,,
2.1556022644042967,0.7725054621696472,3.51287048742801e-05,2.3795476892822025,16940,,,,,,,,,,,
2.163128662109375,0.7124661207199097,3.511114622840287e-05,2.3823570726225594,16960,,,,,,,,,,,
2.109155464172363,0.7705272436141968,3.509358758252564e-05,2.385166455962916,16980,,,,,,,,,,,
2.116012382507324,0.8106301426887512,3.507602893664841e-05,2.387975839303273,17000,,,,,,,,,,,
2.178304672241211,0.7297773957252502,3.505847029077118e-05,2.39078522264363,17020,,,,,,,,,,,
2.1639934539794923,0.7763120532035828,3.504091164489395e-05,2.3935946059839863,17040,,,,,,,,,,,
2.0965993881225584,0.7266751527786255,3.5023352999016716e-05,2.396403989324343,17060,,,,,,,,,,,
2.131671333312988,0.7207388281822205,3.500579435313949e-05,2.3992133726647,17080,,,,,,,,,,,
2.0851030349731445,0.746457576751709,3.498823570726226e-05,2.402022756005057,17100,,,,,,,,,,,
2.109548568725586,0.7813004851341248,3.4970677061385024e-05,2.4048321393454137,17120,,,,,,,,,,,
2.0967214584350584,0.7600143551826477,3.4953118415507796e-05,2.4076415226857706,17140,,,,,,,,,,,
2.123991775512695,0.7460629940032959,3.493555976963057e-05,2.4104509060261274,17160,,,,,,,,,,,
2.132485580444336,0.7809328436851501,3.491800112375333e-05,2.413260289366484,17180,,,,,,,,,,,
2.1510807037353517,0.7989403009414673,3.4900442477876104e-05,2.4160696727068407,17200,,,,,,,,,,,
2.0951488494873045,0.7312303781509399,3.488288383199888e-05,2.4188790560471976,17220,,,,,,,,,,,
2.0521480560302736,0.7229519486427307,3.486532518612165e-05,2.4216884393875544,17240,,,,,,,,,,,
2.1368793487548827,0.7710169553756714,3.484776654024442e-05,2.4244978227279113,17260,,,,,,,,,,,
2.1084144592285154,0.7589324116706848,3.483020789436719e-05,2.427307206068268,17280,,,,,,,,,,,
2.1519784927368164,0.786217451095581,3.4812649248489956e-05,2.430116589408625,17300,,,,,,,,,,,
2.155709075927734,0.7556300163269043,3.479509060261273e-05,2.432925972748982,17320,,,,,,,,,,,
2.079418754577637,0.7716910243034363,3.47775319567355e-05,2.435735356089338,17340,,,,,,,,,,,
2.132068634033203,0.7495393753051758,3.475997331085827e-05,2.438544739429695,17360,,,,,,,,,,,
2.1785663604736327,0.803681492805481,3.4742414664981036e-05,2.441354122770052,17380,,,,,,,,,,,
2.0644563674926757,0.799084484577179,3.472485601910381e-05,2.444163506110409,17400,,,,,,,,,,,
2.1633777618408203,0.7525107860565186,3.470729737322658e-05,2.4469728894507656,17420,,,,,,,,,,,
2.120528221130371,0.7341304421424866,3.4689738727349345e-05,2.4497822727911225,17440,,,,,,,,,,,
2.0992053985595702,0.7482064366340637,3.4672180081472117e-05,2.452591656131479,17460,,,,,,,,,,,
2.1625160217285155,0.7563543319702148,3.465462143559489e-05,2.4554010394718357,17480,,,,,,,,,,,
2.1462879180908203,0.7633755207061768,3.463706278971766e-05,2.4582104228121926,17500,,,,,,,,,,,
2.098542594909668,0.8191264867782593,3.461950414384043e-05,2.4610198061525494,17520,,,,,,,,,,,
2.0837472915649413,0.8389098644256592,3.4601945497963204e-05,2.4638291894929063,17540,,,,,,,,,,,
2.0848051071166993,0.7107522487640381,3.458438685208597e-05,2.466638572833263,17560,,,,,,,,,,,
2.1043394088745115,0.7900183796882629,3.456682820620874e-05,2.46944795617362,17580,,,,,,,,,,,
2.0896739959716797,0.81462162733078,3.454926956033151e-05,2.472257339513977,17600,,,,,,,,,,,
2.127643013000488,0.7366616725921631,3.453171091445428e-05,2.4750667228543337,17620,,,,,,,,,,,
2.172551727294922,0.8186520338058472,3.451415226857705e-05,2.47787610619469,17640,,,,,,,,,,,
2.172310638427734,0.7389269471168518,3.449659362269982e-05,2.480685489535047,17660,,,,,,,,,,,
2.0694808959960938,0.798239529132843,3.4479034976822585e-05,2.483494872875404,17680,,,,,,,,,,,
2.1163356781005858,0.7633169889450073,3.446147633094536e-05,2.4863042562157607,17700,,,,,,,,,,,
2.102468490600586,0.7793322205543518,3.444391768506813e-05,2.4891136395561175,17720,,,,,,,,,,,
2.1234567642211912,0.7803882360458374,3.44263590391909e-05,2.4919230228964744,17740,,,,,,,,,,,
2.1134572982788087,0.7473315000534058,3.4408800393313666e-05,2.494732406236831,17760,,,,,,,,,,,
2.0698387145996096,0.7393789887428284,3.439124174743644e-05,2.4975417895771876,17780,,,,,,,,,,,
2.140481185913086,0.8245043158531189,3.437368310155921e-05,2.5003511729175445,17800,,,,,,,,,,,
2.0542781829833983,0.8238303661346436,3.435612445568198e-05,2.5031605562579013,17820,,,,,,,,,,,
2.118000793457031,0.8060131669044495,3.433856580980475e-05,2.505969939598258,17840,,,,,,,,,,,
2.0987995147705076,0.7055758833885193,3.4321007163927524e-05,2.508779322938615,17860,,,,,,,,,,,
2.0958278656005858,0.6744310259819031,3.430344851805029e-05,2.511588706278972,17880,,,,,,,,,,,
2.1515851974487306,0.7921826243400574,3.428588987217306e-05,2.5143980896193288,17900,,,,,,,,,,,
2.064217185974121,0.7961032390594482,3.426833122629583e-05,2.5172074729596856,17920,,,,,,,,,,,
2.085028076171875,0.751589834690094,3.42507725804186e-05,2.520016856300042,17940,,,,,,,,,,,
2.1261337280273436,0.8036826252937317,3.423321393454137e-05,2.522826239640399,17960,,,,,,,,,,,
2.140024185180664,0.7499848008155823,3.421565528866414e-05,2.5256356229807557,17980,,,,,,,,,,,
2.0493356704711916,0.820698618888855,3.4198096642786906e-05,2.5284450063211126,18000,,,,,,,,,,,
2.1284816741943358,0.7132435441017151,3.418053799690968e-05,2.5312543896614694,18020,,,,,,,,,,,
2.0909828186035155,0.77467942237854,3.416297935103245e-05,2.534063773001826,18040,,,,,,,,,,,
2.118808937072754,0.800290584564209,3.4145420705155215e-05,2.5368731563421827,18060,,,,,,,,,,,
2.0947059631347655,0.7443714141845703,3.4127862059277986e-05,2.5396825396825395,18080,,,,,,,,,,,
2.135364532470703,0.8195386528968811,3.4110303413400765e-05,2.5424919230228964,18100,,,,,,,,,,,
2.090025520324707,0.7519622445106506,3.409274476752353e-05,2.5453013063632532,18120,,,,,,,,,,,
2.1281721115112306,0.7796273231506348,3.40751861216463e-05,2.54811068970361,18140,,,,,,,,,,,
2.048247718811035,0.7399633526802063,3.405762747576907e-05,2.550920073043967,18160,,,,,,,,,,,
2.1084579467773437,0.9023100137710571,3.404006882989184e-05,2.553729456384324,18180,,,,,,,,,,,
2.125350570678711,0.8160752058029175,3.402251018401461e-05,2.5565388397246807,18200,,,,,,,,,,,
2.0836172103881836,0.7627643942832947,3.400495153813738e-05,2.559348223065037,18220,,,,,,,,,,,
2.0835086822509767,0.8528997898101807,3.3987392892260154e-05,2.562157606405394,18240,,,,,,,,,,,
2.177048110961914,0.7615122199058533,3.396983424638292e-05,2.5649669897457508,18260,,,,,,,,,,,
2.100713539123535,0.7703242301940918,3.395227560050569e-05,2.5677763730861076,18280,,,,,,,,,,,
2.0923704147338866,0.6864491701126099,3.393471695462846e-05,2.5705857564264645,18300,,,,,,,,,,,
2.125678062438965,0.7710927724838257,3.391715830875123e-05,2.5733951397668213,18320,,,,,,,,,,,
2.1106229782104493,0.7406604290008545,3.3899599662874e-05,2.5762045231071777,18340,,,,,,,,,,,
2.106319236755371,0.8100630044937134,3.388204101699677e-05,2.5790139064475346,18360,,,,,,,,,,,
2.070101737976074,0.7821969389915466,3.386448237111954e-05,2.5818232897878914,18380,,,,,,,,,,,
2.1399911880493163,0.8140172958374023,3.3846923725242314e-05,2.5846326731282483,18400,,,,,,,,,,,
2.177585792541504,0.7411045432090759,3.3829365079365086e-05,2.587442056468605,18420,,,,,,,,,,,
2.1191043853759766,0.742586076259613,3.381180643348785e-05,2.590251439808962,18440,,,,,,,,,,,
2.1044517517089845,0.8339716792106628,3.379424778761062e-05,2.593060823149319,18460,,,,,,,,,,,
2.1385213851928713,0.7698363065719604,3.3776689141733394e-05,2.5958702064896757,18480,,,,,,,,,,,
2.1035337448120117,0.6918882727622986,3.375913049585616e-05,2.5986795898300326,18500,,,,,,,,,,,
2.1049680709838867,0.7511561512947083,3.374157184997893e-05,2.601488973170389,18520,,,,,,,,,,,
2.078510284423828,0.7448773980140686,3.37240132041017e-05,2.604298356510746,18540,,,,,,,,,,,
2.0399429321289064,0.8242278099060059,3.370645455822447e-05,2.6071077398511027,18560,,,,,,,,,,,
2.120611572265625,0.7697579860687256,3.368889591234724e-05,2.6099171231914595,18580,,,,,,,,,,,
2.0685871124267576,0.8045724630355835,3.367133726647001e-05,2.6127265065318164,18600,,,,,,,,,,,
2.0996353149414064,0.7631322741508484,3.365377862059278e-05,2.615535889872173,18620,,,,,,,,,,,
2.077195167541504,0.753923237323761,3.363621997471555e-05,2.6183452732125296,18640,,,,,,,,,,,
2.1198314666748046,0.8109976053237915,3.361866132883832e-05,2.6211546565528865,18660,,,,,,,,,,,
2.1295713424682616,0.8498606085777283,3.360110268296109e-05,2.6239640398932433,18680,,,,,,,,,,,
2.126434326171875,0.7674714922904968,3.358354403708386e-05,2.6267734232336,18700,,,,,,,,,,,
2.101707649230957,0.6832619309425354,3.3565985391206635e-05,2.629582806573957,18720,,,,,,,,,,,
2.124294090270996,0.8177661895751953,3.3548426745329406e-05,2.632392189914314,18740,,,,,,,,,,,
2.104304885864258,0.7958239316940308,3.353086809945217e-05,2.6352015732546707,18760,,,,,,,,,,,
2.0807832717895507,0.8358643054962158,3.351330945357494e-05,2.6380109565950276,18780,,,,,,,,,,,
2.0736413955688477,0.7439737319946289,3.3495750807697715e-05,2.6408203399353845,18800,,,,,,,,,,,
2.10174617767334,0.7178943157196045,3.347819216182048e-05,2.643629723275741,18820,,,,,,,,,,,
2.0381338119506838,0.8518133163452148,3.346063351594325e-05,2.6464391066160977,18840,,,,,,,,,,,
2.0927593231201174,0.744615375995636,3.3443074870066023e-05,2.6492484899564546,18860,,,,,,,,,,,
2.0713977813720703,0.7725027799606323,3.342551622418879e-05,2.6520578732968114,18880,,,,,,,,,,,
2.092309761047363,0.7510591149330139,3.340795757831156e-05,2.6548672566371683,18900,,,,,,,,,,,
2.067717933654785,0.7417064905166626,3.339039893243433e-05,2.6576766399775247,18920,,,,,,,,,,,
2.0657018661499023,0.7388207912445068,3.33728402865571e-05,2.6604860233178815,18940,,,,,,,,,,,
2.115447998046875,0.7096826434135437,3.335528164067987e-05,2.6632954066582384,18960,,,,,,,,,,,
2.1346160888671877,0.7340807914733887,3.333772299480265e-05,2.6661047899985952,18980,,,,,,,,,,,
2.076951599121094,0.7278642654418945,3.332016434892541e-05,2.668914173338952,19000,,,,,,,,,,,
2.0707675933837892,0.90446537733078,3.3302605703048184e-05,2.671723556679309,19020,,,,,,,,,,,
2.1271581649780273,0.7313354015350342,3.3285047057170956e-05,2.674532940019666,19040,,,,,,,,,,,
2.0599342346191407,0.7323797345161438,3.326748841129372e-05,2.6773423233600226,19060,,,,,,,,,,,
2.055355453491211,0.8062103986740112,3.324992976541649e-05,2.6801517067003795,19080,,,,,,,,,,,
2.103331756591797,0.7667831182479858,3.3232371119539264e-05,2.682961090040736,19100,,,,,,,,,,,
2.0470182418823244,0.7199124693870544,3.3214812473662036e-05,2.6857704733810928,19120,,,,,,,,,,,
2.0827802658081054,0.7738815546035767,3.31972538277848e-05,2.6885798567214496,19140,,,,,,,,,,,
2.1238849639892576,0.7251133322715759,3.317969518190757e-05,2.6913892400618065,19160,,,,,,,,,,,
2.0952390670776366,0.8703179359436035,3.3162136536030344e-05,2.6941986234021633,19180,,,,,,,,,,,
2.137802314758301,0.8280378580093384,3.314457789015311e-05,2.69700800674252,19200,,,,,,,,,,,
2.065420150756836,0.8057349920272827,3.312701924427588e-05,2.6998173900828766,19220,,,,,,,,,,,
2.0900671005249025,0.776598334312439,3.310946059839865e-05,2.7026267734232334,19240,,,,,,,,,,,
2.09543514251709,0.7569786310195923,3.3091901952521424e-05,2.7054361567635903,19260,,,,,,,,,,,
2.0576248168945312,0.7267447710037231,3.3074343306644196e-05,2.708245540103947,19280,,,,,,,,,,,
2.055329513549805,0.7950652837753296,3.305678466076697e-05,2.711054923444304,19300,,,,,,,,,,,
2.070450210571289,0.6914440989494324,3.303922601488973e-05,2.713864306784661,19320,,,,,,,,,,,
2.063711929321289,0.7644696235656738,3.3021667369012505e-05,2.7166736901250177,19340,,,,,,,,,,,
2.113969612121582,0.7855198979377747,3.3004108723135276e-05,2.7194830734653745,19360,,,,,,,,,,,
2.0777835845947266,0.7182234525680542,3.298655007725804e-05,2.7222924568057314,19380,,,,,,,,,,,
2.095460319519043,0.7613837122917175,3.296899143138081e-05,2.725101840146088,19400,,,,,,,,,,,
2.049325180053711,0.7596063613891602,3.2951432785503585e-05,2.7279112234864447,19420,,,,,,,,,,,
2.047765350341797,0.7526652812957764,3.293387413962635e-05,2.7307206068268015,19440,,,,,,,,,,,
2.1351451873779297,0.7856099605560303,3.291631549374912e-05,2.7335299901671584,19460,,,,,,,,,,,
2.1085231781005858,0.7896390557289124,3.289875684787189e-05,2.736339373507515,19480,,,,,,,,,,,
2.049716567993164,0.7658242583274841,3.2881198201994665e-05,2.7391487568478716,19500,,,,,,,,,,,
2.0609039306640624,0.7662817239761353,3.286363955611743e-05,2.7419581401882285,19520,,,,,,,,,,,
2.042754554748535,0.7044439911842346,3.28460809102402e-05,2.7447675235285853,19540,,,,,,,,,,,
2.09736328125,0.7590628266334534,3.2828522264362973e-05,2.747576906868942,19560,,,,,,,,,,,
2.0686468124389648,0.8170225620269775,3.2810963618485745e-05,2.750386290209299,19580,,,,,,,,,,,
2.051717758178711,0.7106447815895081,3.279340497260852e-05,2.753195673549656,19600,,,,,,,,,,,
2.057446098327637,0.7708322405815125,3.277584632673129e-05,2.7560050568900127,19620,,,,,,,,,,,
2.048899459838867,0.7652428150177002,3.2758287680854054e-05,2.7588144402303696,19640,,,,,,,,,,,
2.0695306777954103,0.7151336669921875,3.2740729034976825e-05,2.7616238235707264,19660,,,,,,,,,,,
2.10766658782959,0.6859259009361267,3.27231703890996e-05,2.764433206911083,19680,,,,,,,,,,,
1.986475944519043,0.7955433130264282,3.270561174322236e-05,2.7672425902514397,19700,,,,,,,,,,,
2.0607213973999023,0.7506888508796692,3.2688053097345134e-05,2.7700519735917966,19720,,,,,,,,,,,
2.1061784744262697,0.830536961555481,3.2670494451467906e-05,2.7728613569321534,19740,,,,,,,,,,,
2.099127006530762,0.7934942245483398,3.265293580559067e-05,2.7756707402725103,19760,,,,,,,,,,,
2.061201477050781,0.7656894326210022,3.263537715971344e-05,2.778480123612867,19780,,,,,,,,,,,
2.0186445236206056,0.686676025390625,3.2617818513836214e-05,2.7812895069532235,19800,,,,,,,,,,,
2.113564109802246,0.7688761353492737,3.260025986795898e-05,2.7840988902935804,19820,,,,,,,,,,,
2.029854393005371,0.81998610496521,3.258270122208176e-05,2.7869082736339372,19840,,,,,,,,,,,
2.056166076660156,0.7822213172912598,3.256514257620453e-05,2.789717656974294,19860,,,,,,,,,,,
2.0792215347290037,0.7190104722976685,3.2547583930327294e-05,2.792527040314651,19880,,,,,,,,,,,
2.1339622497558595,0.8171987533569336,3.2530025284450066e-05,2.795336423655008,19900,,,,,,,,,,,
2.095210075378418,0.8032630681991577,3.251246663857284e-05,2.7981458069953646,19920,,,,,,,,,,,
2.0854728698730467,0.7286653518676758,3.24949079926956e-05,2.8009551903357215,19940,,,,,,,,,,,
2.063482093811035,0.7313361763954163,3.2477349346818374e-05,2.8037645736760783,19960,,,,,,,,,,,
2.087820625305176,0.7129306793212891,3.2459790700941146e-05,2.8065739570164348,19980,,,,,,,,,,,
2.0458986282348635,0.7875460386276245,3.244223205506392e-05,2.8093833403567916,20000,,,,,,,,,,,
2.071807289123535,0.8012090921401978,3.242467340918668e-05,2.8121927236971485,20020,,,,,,,,,,,
2.097950553894043,0.7301377058029175,3.2407114763309455e-05,2.8150021070375053,20040,,,,,,,,,,,
2.0280792236328127,0.7174113988876343,3.2389556117432226e-05,2.817811490377862,20060,,,,,,,,,,,
2.129555892944336,0.7392600774765015,3.237199747155499e-05,2.820620873718219,20080,,,,,,,,,,,
2.0469745635986327,0.9128097295761108,3.235443882567776e-05,2.8234302570585754,20100,,,,,,,,,,,
2.092560577392578,0.7685480117797852,3.2336880179800535e-05,2.8262396403989323,20120,,,,,,,,,,,
2.042601776123047,0.7620969414710999,3.2319321533923307e-05,2.829049023739289,20140,,,,,,,,,,,
2.024018669128418,0.7957984805107117,3.230176288804608e-05,2.831858407079646,20160,,,,,,,,,,,
2.0353445053100585,0.7550337910652161,3.228420424216885e-05,2.834667790420003,20180,,,,,,,,,,,
2.0564243316650392,0.7201456427574158,3.2266645596291615e-05,2.8374771737603597,20200,,,,,,,,,,,
2.0884992599487306,0.7633069157600403,3.224908695041439e-05,2.8402865571007165,20220,,,,,,,,,,,
2.055935096740723,0.7097048163414001,3.223152830453716e-05,2.8430959404410734,20240,,,,,,,,,,,
2.003826904296875,0.8752487301826477,3.2213969658659923e-05,2.8459053237814302,20260,,,,,,,,,,,
2.0311311721801757,0.7626765370368958,3.2196411012782695e-05,2.8487147071217866,20280,,,,,,,,,,,
2.0242156982421875,0.7995686531066895,3.217885236690547e-05,2.8515240904621435,20300,,,,,,,,,,,
2.0316139221191407,0.7350637316703796,3.216129372102823e-05,2.8543334738025004,20320,,,,,,,,,,,
2.0462955474853515,0.7954414486885071,3.2143735075151004e-05,2.857142857142857,20340,,,,,,,,,,,
2.0156988143920898,0.6921563744544983,3.2126176429273775e-05,2.859952240483214,20360,,,,,,,,,,,
2.057819366455078,0.7825796008110046,3.210861778339655e-05,2.8627616238235705,20380,,,,,,,,,,,
2.03731746673584,0.7094584703445435,3.209105913751931e-05,2.8655710071639273,20400,,,,,,,,,,,
2.05577392578125,0.8389338254928589,3.2073500491642084e-05,2.868380390504284,20420,,,,,,,,,,,
2.110588264465332,0.7069694399833679,3.2055941845764856e-05,2.871189773844641,20440,,,,,,,,,,,
2.059994697570801,0.7318577766418457,3.203838319988763e-05,2.873999157184998,20460,,,,,,,,,,,
2.011051559448242,0.7928091287612915,3.20208245540104e-05,2.8768085405253547,20480,,,,,,,,,,,
2.0519477844238283,0.797197699546814,3.200326590813317e-05,2.8796179238657116,20500,,,,,,,,,,,
2.050244903564453,0.783392608165741,3.1985707262255936e-05,2.8824273072060684,20520,,,,,,,,,,,
2.0246788024902345,0.8196749687194824,3.196814861637871e-05,2.8852366905464253,20540,,,,,,,,,,,
2.0840578079223633,0.7167951464653015,3.195058997050148e-05,2.8880460738867817,20560,,,,,,,,,,,
2.034737205505371,0.7578593492507935,3.1933031324624244e-05,2.8908554572271385,20580,,,,,,,,,,,
2.0747020721435545,0.7344930171966553,3.1915472678747016e-05,2.8936648405674954,20600,,,,,,,,,,,
2.0808794021606447,0.7742270231246948,3.189791403286979e-05,2.8964742239078523,20620,,,,,,,,,,,
2.0428627014160154,0.7603690028190613,3.188035538699255e-05,2.899283607248209,20640,,,,,,,,,,,
2.0308841705322265,0.8000172972679138,3.1862796741115324e-05,2.902092990588566,20660,,,,,,,,,,,
2.0885515213012695,0.8398333191871643,3.1845238095238096e-05,2.9049023739289224,20680,,,,,,,,,,,
2.075478744506836,0.7552605867385864,3.182767944936086e-05,2.907711757269279,20700,,,,,,,,,,,
2.0752016067504884,0.7222630977630615,3.181012080348364e-05,2.910521140609636,20720,,,,,,,,,,,
2.0311817169189452,0.754132866859436,3.179256215760641e-05,2.913330523949993,20740,,,,,,,,,,,
1.994631004333496,0.7890937924385071,3.1775003511729176e-05,2.9161399072903498,20760,,,,,,,,,,,
1.984798049926758,0.7666459679603577,3.175744486585195e-05,2.9189492906307066,20780,,,,,,,,,,,
2.0267107009887697,0.7983691692352295,3.173988621997472e-05,2.9217586739710635,20800,,,,,,,,,,,
2.0190736770629885,0.7338109612464905,3.1722327574097485e-05,2.9245680573114203,20820,,,,,,,,,,,
2.045481300354004,0.8297469615936279,3.1704768928220257e-05,2.927377440651777,20840,,,,,,,,,,,
2.0059085845947267,0.6988517642021179,3.168721028234303e-05,2.9301868239921336,20860,,,,,,,,,,,
2.083649444580078,0.7580819725990295,3.16696516364658e-05,2.9329962073324904,20880,,,,,,,,,,,
2.0564830780029295,0.7907201051712036,3.1652092990588565e-05,2.9358055906728473,20900,,,,,,,,,,,
2.076096534729004,0.7539134621620178,3.163453434471134e-05,2.938614974013204,20920,,,,,,,,,,,
2.119508171081543,0.7826815843582153,3.161697569883411e-05,2.941424357353561,20940,,,,,,,,,,,
2.0532508850097657,0.795508861541748,3.1599417052956873e-05,2.9442337406939174,20960,,,,,,,,,,,
2.0308273315429686,0.7290557026863098,3.1581858407079645e-05,2.9470431240342743,20980,,,,,,,,,,,
2.019058418273926,0.7326517701148987,3.156429976120242e-05,2.949852507374631,21000,,,,,,,,,,,
2.0443859100341797,0.7825949192047119,3.154674111532519e-05,2.952661890714988,21020,,,,,,,,,,,
2.0164987564086916,0.7412744760513306,3.152918246944796e-05,2.955471274055345,21040,,,,,,,,,,,
2.0380149841308595,0.7591434121131897,3.151162382357073e-05,2.9582806573957017,21060,,,,,,,,,,,
2.0185279846191406,0.808017373085022,3.14940651776935e-05,2.9610900407360585,21080,,,,,,,,,,,
1.9909690856933593,0.7261400818824768,3.147650653181627e-05,2.9638994240764154,21100,,,,,,,,,,,
2.0433013916015623,0.7399252653121948,3.145894788593904e-05,2.9667088074167722,21120,,,,,,,,,,,
2.015823745727539,0.748791515827179,3.1441389240061806e-05,2.969518190757129,21140,,,,,,,,,,,
2.063261604309082,0.8120757341384888,3.142383059418458e-05,2.9723275740974855,21160,,,,,,,,,,,
1.996226692199707,0.7629260420799255,3.140627194830735e-05,2.9751369574378423,21180,,,,,,,,,,,
2.0698022842407227,0.7202304601669312,3.1388713302430114e-05,2.977946340778199,21200,,,,,,,,,,,
2.096051788330078,0.7119074463844299,3.1371154656552886e-05,2.980755724118556,21220,,,,,,,,,,,
2.0291606903076174,0.7391520142555237,3.135359601067566e-05,2.983565107458913,21240,,,,,,,,,,,
2.066574478149414,0.7751961946487427,3.133603736479843e-05,2.9863744907992693,21260,,,,,,,,,,,
2.000728225708008,0.7468063235282898,3.1318478718921194e-05,2.989183874139626,21280,,,,,,,,,,,
2.040308380126953,0.8202511668205261,3.130092007304397e-05,2.991993257479983,21300,,,,,,,,,,,
1.9961545944213868,0.7019112706184387,3.128336142716674e-05,2.99480264082034,21320,,,,,,,,,,,
2.0506229400634766,0.7562569975852966,3.126580278128951e-05,2.9976120241606967,21340,,,,,,,,,,,
,,,3.0,21357,1.9718682765960693,12.009091296029888,36.58776671463216,277.7694,12.258,0.767,,,,,
1.9626073837280273,0.7487091422080994,3.124824413541228e-05,3.0004214075010536,21360,,,,,,,,,,,
2.0077234268188477,0.7839200496673584,3.123068548953505e-05,3.0032307908414104,21380,,,,,,,,,,,
2.0452091217041017,0.739492654800415,3.121312684365782e-05,3.0060401741817673,21400,,,,,,,,,,,
2.023830223083496,0.7467142939567566,3.119556819778059e-05,3.0088495575221237,21420,,,,,,,,,,,
2.0886335372924805,0.7503774166107178,3.117800955190336e-05,3.0116589408624805,21440,,,,,,,,,,,
2.052937889099121,0.7134371399879456,3.1160450906026126e-05,3.0144683242028374,21460,,,,,,,,,,,
2.050339698791504,0.8052238821983337,3.11428922601489e-05,3.0172777075431942,21480,,,,,,,,,,,
1.998884391784668,0.7538697719573975,3.112533361427167e-05,3.020087090883551,21500,,,,,,,,,,,
2.03073673248291,0.6991767883300781,3.1107774968394435e-05,3.022896474223908,21520,,,,,,,,,,,
1.985188102722168,0.8612886071205139,3.1090216322517207e-05,3.025705857564265,21540,,,,,,,,,,,
2.03692569732666,0.7549071907997131,3.107265767663998e-05,3.0285152409046217,21560,,,,,,,,,,,
2.0606224060058596,0.7506689429283142,3.105509903076274e-05,3.031324624244978,21580,,,,,,,,,,,
2.00201301574707,0.7568709850311279,3.103754038488552e-05,3.034134007585335,21600,,,,,,,,,,,
2.02213191986084,0.737942099571228,3.1019981739008294e-05,3.0369433909256918,21620,,,,,,,,,,,
2.0198211669921875,0.7879225611686707,3.100242309313106e-05,3.0397527742660486,21640,,,,,,,,,,,
2.002333641052246,0.7896907925605774,3.098486444725383e-05,3.0425621576064055,21660,,,,,,,,,,,
1.9787290573120118,0.7742484211921692,3.09673058013766e-05,3.0453715409467623,21680,,,,,,,,,,,
1.9944572448730469,0.7826046347618103,3.094974715549937e-05,3.048180924287119,21700,,,,,,,,,,,
2.0875043869018555,0.7374632954597473,3.093218850962214e-05,3.0509903076274756,21720,,,,,,,,,,,
2.066705513000488,0.6914545893669128,3.091462986374491e-05,3.0537996909678324,21740,,,,,,,,,,,
2.050179862976074,0.7730316519737244,3.089707121786768e-05,3.0566090743081893,21760,,,,,,,,,,,
2.04241943359375,0.7531440854072571,3.087951257199045e-05,3.059418457648546,21780,,,,,,,,,,,
1.963827896118164,0.7339787483215332,3.086195392611322e-05,3.062227840988903,21800,,,,,,,,,,,
2.0079057693481444,0.7351319789886475,3.084439528023599e-05,3.06503722432926,21820,,,,,,,,,,,
2.033590316772461,0.7180047631263733,3.0826836634358756e-05,3.0678466076696167,21840,,,,,,,,,,,
2.003775978088379,0.740610659122467,3.080927798848153e-05,3.070655991009973,21860,,,,,,,,,,,
2.0013866424560547,0.7965157628059387,3.07917193426043e-05,3.07346537435033,21880,,,,,,,,,,,
2.0145380020141603,0.7958460450172424,3.077416069672707e-05,3.076274757690687,21900,,,,,,,,,,,
2.0343044281005858,0.7399142980575562,3.075660205084984e-05,3.0790841410310437,21920,,,,,,,,,,,
2.0007297515869142,0.7458217740058899,3.0739043404972614e-05,3.0818935243714005,21940,,,,,,,,,,,
2.0164678573608397,0.7969180345535278,3.072148475909538e-05,3.0847029077117574,21960,,,,,,,,,,,
2.0087656021118163,0.8189088106155396,3.070392611321815e-05,3.087512291052114,21980,,,,,,,,,,,
1.9924200057983399,0.8480323553085327,3.068636746734092e-05,3.090321674392471,22000,,,,,,,,,,,
2.0233505249023436,0.7503672242164612,3.066880882146369e-05,3.0931310577328275,22020,,,,,,,,,,,
2.034516716003418,0.7030248641967773,3.065125017558646e-05,3.0959404410731843,22040,,,,,,,,,,,
1.9626194000244142,0.8044103384017944,3.063369152970923e-05,3.098749824413541,22060,,,,,,,,,,,
1.9853551864624024,0.7579947710037231,3.0616132883831996e-05,3.101559207753898,22080,,,,,,,,,,,
2.010658836364746,0.7095699310302734,3.059857423795477e-05,3.104368591094255,22100,,,,,,,,,,,
2.0072954177856444,0.7452042698860168,3.058101559207754e-05,3.1071779744346117,22120,,,,,,,,,,,
2.0057443618774413,0.7529824376106262,3.056345694620031e-05,3.1099873577749686,22140,,,,,,,,,,,
1.9803667068481445,0.7832369804382324,3.0545898300323076e-05,3.112796741115325,22160,,,,,,,,,,,
2.001261901855469,0.7398330569267273,3.0528339654445855e-05,3.115606124455682,22180,,,,,,,,,,,
2.0761974334716795,0.8085697889328003,3.0510781008568623e-05,3.1184155077960387,22200,,,,,,,,,,,
1.97235107421875,0.7408458590507507,3.049322236269139e-05,3.1212248911363956,22220,,,,,,,,,,,
1.9286052703857421,0.752964973449707,3.0475663716814163e-05,3.1240342744767524,22240,,,,,,,,,,,
1.943202018737793,0.906078577041626,3.0458105070936932e-05,3.1268436578171093,22260,,,,,,,,,,,
1.9794111251831055,0.6885465383529663,3.04405464250597e-05,3.129653041157466,22280,,,,,,,,,,,
2.0507228851318358,0.6676082611083984,3.0422987779182472e-05,3.1324624244978225,22300,,,,,,,,,,,
2.0003366470336914,0.7863280773162842,3.040542913330524e-05,3.1352718078381794,22320,,,,,,,,,,,
1.99351806640625,0.7742320895195007,3.0387870487428012e-05,3.1380811911785362,22340,,,,,,,,,,,
2.034976005554199,0.7858827114105225,3.037031184155078e-05,3.140890574518893,22360,,,,,,,,,,,
2.0056617736816404,0.7612094879150391,3.035275319567355e-05,3.14369995785925,22380,,,,,,,,,,,
2.0504314422607424,0.7589365243911743,3.033519454979632e-05,3.146509341199607,22400,,,,,,,,,,,
2.0483016967773438,0.8076868653297424,3.031763590391909e-05,3.1493187245399636,22420,,,,,,,,,,,
2.015517807006836,0.7461716532707214,3.030007725804186e-05,3.15212810788032,22440,,,,,,,,,,,
2.0505542755126953,0.7710714936256409,3.028251861216463e-05,3.154937491220677,22460,,,,,,,,,,,
2.0273162841796877,0.7694615125656128,3.0264959966287404e-05,3.1577468745610338,22480,,,,,,,,,,,
1.987921905517578,0.7216426134109497,3.0247401320410172e-05,3.1605562579013906,22500,,,,,,,,,,,
1.9746604919433595,0.7448825240135193,3.0229842674532944e-05,3.1633656412417475,22520,,,,,,,,,,,
2.0037580490112306,0.7548366189002991,3.0212284028655712e-05,3.1661750245821043,22540,,,,,,,,,,,
2.009591484069824,0.7577661275863647,3.0194725382778484e-05,3.168984407922461,22560,,,,,,,,,,,
2.029450607299805,0.6985410451889038,3.0177166736901253e-05,3.171793791262818,22580,,,,,,,,,,,
1.9843154907226563,0.7412447929382324,3.015960809102402e-05,3.1746031746031744,22600,,,,,,,,,,,
1.9792423248291016,0.7387775778770447,3.0142049445146793e-05,3.1774125579435313,22620,,,,,,,,,,,
1.9752910614013672,0.7084335684776306,3.012449079926956e-05,3.180221941283888,22640,,,,,,,,,,,
2.039140319824219,0.7321486473083496,3.010693215339233e-05,3.183031324624245,22660,,,,,,,,,,,
2.0052059173583983,0.721278965473175,3.00893735075151e-05,3.185840707964602,22680,,,,,,,,,,,
2.052012825012207,0.7415151596069336,3.007181486163787e-05,3.1886500913049587,22700,,,,,,,,,,,
1.9715705871582032,0.7037566900253296,3.005425621576064e-05,3.1914594746453155,22720,,,,,,,,,,,
2.004828453063965,0.7405955791473389,3.003669756988341e-05,3.194268857985672,22740,,,,,,,,,,,
1.9903039932250977,0.7586043477058411,3.0019138924006178e-05,3.197078241326029,22760,,,,,,,,,,,
2.006599998474121,0.7280965447425842,3.0001580278128953e-05,3.1998876246663857,22780,,,,,,,,,,,
2.014461326599121,0.7619935274124146,2.9984021632251725e-05,3.2026970080067425,22800,,,,,,,,,,,
1.9935518264770509,0.812259316444397,2.9966462986374493e-05,3.2055063913470994,22820,,,,,,,,,,,
2.0238332748413086,0.7589828372001648,2.9948904340497265e-05,3.208315774687456,22840,,,,,,,,,,,
1.9813474655151366,0.769503653049469,2.9931345694620033e-05,3.211125158027813,22860,,,,,,,,,,,
2.022531509399414,0.8014901876449585,2.99137870487428e-05,3.21393454136817,22880,,,,,,,,,,,
1.992178726196289,0.7452371716499329,2.9896228402865573e-05,3.2167439247085263,22900,,,,,,,,,,,
2.009037208557129,0.7135798335075378,2.987866975698834e-05,3.219553308048883,22920,,,,,,,,,,,
1.9949214935302735,0.812558114528656,2.9861111111111113e-05,3.22236269138924,22940,,,,,,,,,,,
1.934333038330078,0.7436957955360413,2.9843552465233882e-05,3.225172074729597,22960,,,,,,,,,,,
1.9970674514770508,0.8322110176086426,2.982599381935665e-05,3.2279814580699537,22980,,,,,,,,,,,
1.9990158081054688,0.7172549962997437,2.9808435173479422e-05,3.2307908414103106,23000,,,,,,,,,,,
2.0256473541259767,0.7572071552276611,2.979087652760219e-05,3.233600224750667,23020,,,,,,,,,,,
2.006244659423828,0.7123045921325684,2.9773317881724962e-05,3.236409608091024,23040,,,,,,,,,,,
2.0149017333984376,0.7922341227531433,2.9755759235847737e-05,3.2392189914313807,23060,,,,,,,,,,,
1.9909326553344726,0.809755802154541,2.9738200589970505e-05,3.2420283747717376,23080,,,,,,,,,,,
1.9717103958129882,0.7483028769493103,2.9720641944093274e-05,3.2448377581120944,23100,,,,,,,,,,,
1.9745929718017579,0.7601288557052612,2.9703083298216046e-05,3.2476471414524513,23120,,,,,,,,,,,
2.0544544219970704,0.7659624218940735,2.9685524652338814e-05,3.250456524792808,23140,,,,,,,,,,,
2.0001857757568358,0.7921218276023865,2.9667966006461582e-05,3.253265908133165,23160,,,,,,,,,,,
2.0454380035400392,0.8106363415718079,2.9650407360584354e-05,3.2560752914735214,23180,,,,,,,,,,,
1.9986072540283204,0.7138236165046692,2.9632848714707122e-05,3.2588846748138782,23200,,,,,,,,,,,
1.9848430633544922,0.7080937623977661,2.9615290068829894e-05,3.261694058154235,23220,,,,,,,,,,,
2.0070194244384765,0.8146966695785522,2.9597731422952662e-05,3.264503441494592,23240,,,,,,,,,,,
2.0478416442871095,0.7512011528015137,2.958017277707543e-05,3.267312824834949,23260,,,,,,,,,,,
1.9929651260375976,0.7567312121391296,2.9562614131198203e-05,3.2701222081753056,23280,,,,,,,,,,,
2.030866241455078,0.7350941300392151,2.954505548532097e-05,3.2729315915156625,23300,,,,,,,,,,,
2.0284427642822265,0.7878687381744385,2.9527496839443743e-05,3.275740974856019,23320,,,,,,,,,,,
1.999215316772461,0.763514518737793,2.950993819356651e-05,3.2785503581963757,23340,,,,,,,,,,,
2.0098411560058596,0.871566116809845,2.9492379547689286e-05,3.2813597415367326,23360,,,,,,,,,,,
2.0222822189331056,0.7099806666374207,2.9474820901812054e-05,3.2841691248770895,23380,,,,,,,,,,,
2.0195697784423827,0.7199642658233643,2.9457262255934826e-05,3.2869785082174463,23400,,,,,,,,,,,
2.0367961883544923,0.7506353259086609,2.9439703610057595e-05,3.289787891557803,23420,,,,,,,,,,,
2.0027225494384764,0.7970849871635437,2.9422144964180366e-05,3.29259727489816,23440,,,,,,,,,,,
1.9365406036376953,0.7541100978851318,2.9404586318303135e-05,3.295406658238517,23460,,,,,,,,,,,
2.006223678588867,0.7437705397605896,2.9387027672425903e-05,3.2982160415788733,23480,,,,,,,,,,,
1.9583486557006835,0.7215583324432373,2.9369469026548675e-05,3.30102542491923,23500,,,,,,,,,,,
2.015349578857422,0.7302497625350952,2.9351910380671443e-05,3.303834808259587,23520,,,,,,,,,,,
1.9637569427490233,0.7815406918525696,2.9334351734794215e-05,3.306644191599944,23540,,,,,,,,,,,
2.0352943420410154,0.7355627417564392,2.9316793088916983e-05,3.3094535749403007,23560,,,,,,,,,,,
1.9603641510009766,0.764820396900177,2.929923444303975e-05,3.3122629582806575,23580,,,,,,,,,,,
1.983869743347168,0.7191870808601379,2.9281675797162523e-05,3.315072341621014,23600,,,,,,,,,,,
2.000290298461914,0.7316677570343018,2.926411715128529e-05,3.317881724961371,23620,,,,,,,,,,,
1.991264533996582,0.7575268149375916,2.9246558505408067e-05,3.3206911083017276,23640,,,,,,,,,,,
1.995574378967285,0.7333102226257324,2.9228999859530835e-05,3.3235004916420845,23660,,,,,,,,,,,
1.9884963989257813,0.7650389671325684,2.9211441213653607e-05,3.3263098749824414,23680,,,,,,,,,,,
1.9808650970458985,0.7337164878845215,2.9193882567776375e-05,3.329119258322798,23700,,,,,,,,,,,
1.9928655624389648,0.7776163220405579,2.9176323921899147e-05,3.331928641663155,23720,,,,,,,,,,,
2.003971481323242,0.7682108879089355,2.9158765276021915e-05,3.334738025003512,23740,,,,,,,,,,,
2.026453399658203,0.6686955690383911,2.9141206630144684e-05,3.3375474083438688,23760,,,,,,,,,,,
1.9550233840942384,0.8122251033782959,2.9123647984267455e-05,3.340356791684225,23780,,,,,,,,,,,
1.9716552734375,0.6623066663742065,2.9106089338390224e-05,3.343166175024582,23800,,,,,,,,,,,
1.9447662353515625,0.7913711071014404,2.9088530692512996e-05,3.345975558364939,23820,,,,,,,,,,,
1.9803045272827149,0.7698081731796265,2.9070972046635764e-05,3.3487849417052957,23840,,,,,,,,,,,
2.011515235900879,0.7192500233650208,2.9053413400758532e-05,3.3515943250456526,23860,,,,,,,,,,,
1.9803781509399414,0.731695830821991,2.9035854754881304e-05,3.3544037083860094,23880,,,,,,,,,,,
2.011935234069824,0.7347884774208069,2.9018296109004072e-05,3.357213091726366,23900,,,,,,,,,,,
1.999971580505371,0.7470570802688599,2.9000737463126844e-05,3.3600224750667227,23920,,,,,,,,,,,
1.9625127792358399,0.7627599239349365,2.898317881724962e-05,3.3628318584070795,23940,,,,,,,,,,,
1.977321243286133,0.7440609335899353,2.8965620171372388e-05,3.3656412417474364,23960,,,,,,,,,,,
1.984837532043457,0.8441568613052368,2.8948061525495156e-05,3.3684506250877932,23980,,,,,,,,,,,
1.9870405197143555,0.6901033520698547,2.8930502879617928e-05,3.37126000842815,24000,,,,,,,,,,,
1.9409543991088867,0.7545141577720642,2.8912944233740696e-05,3.374069391768507,24020,,,,,,,,,,,
2.0056991577148438,0.7218913435935974,2.8895385587863464e-05,3.376878775108864,24040,,,,,,,,,,,
1.9932735443115235,0.7360714077949524,2.8877826941986236e-05,3.37968815844922,24060,,,,,,,,,,,
1.9963443756103516,0.7642351984977722,2.8860268296109004e-05,3.382497541789577,24080,,,,,,,,,,,
1.9337759017944336,0.7282507419586182,2.8842709650231776e-05,3.385306925129934,24100,,,,,,,,,,,
2.019914436340332,0.7272445559501648,2.8825151004354545e-05,3.3881163084702908,24120,,,,,,,,,,,
1.9527145385742188,0.7329273819923401,2.8807592358477313e-05,3.3909256918106476,24140,,,,,,,,,,,
1.9666740417480468,0.781210720539093,2.8790033712600085e-05,3.3937350751510045,24160,,,,,,,,,,,
1.961538314819336,0.7442582845687866,2.8772475066722853e-05,3.3965444584913613,24180,,,,,,,,,,,
1.9687507629394532,0.763916552066803,2.8754916420845625e-05,3.3993538418317177,24200,,,,,,,,,,,
1.9645687103271485,0.7558603882789612,2.8737357774968393e-05,3.4021632251720746,24220,,,,,,,,,,,
1.9894113540649414,0.7205272912979126,2.8719799129091168e-05,3.4049726085124314,24240,,,,,,,,,,,
1.9767290115356446,0.7089921236038208,2.8702240483213937e-05,3.4077819918527883,24260,,,,,,,,,,,
2.0245119094848634,0.7802043557167053,2.868468183733671e-05,3.410591375193145,24280,,,,,,,,,,,
1.9862321853637694,0.6907457113265991,2.8667123191459477e-05,3.413400758533502,24300,,,,,,,,,,,
1.9740327835083007,0.7522084712982178,2.864956454558225e-05,3.416210141873859,24320,,,,,,,,,,,
1.9932601928710938,0.7765471935272217,2.8632005899705017e-05,3.4190195252142157,24340,,,,,,,,,,,
1.9928037643432617,0.7756842970848083,2.8614447253827785e-05,3.421828908554572,24360,,,,,,,,,,,
1.9703344345092773,0.9193447828292847,2.8596888607950557e-05,3.424638291894929,24380,,,,,,,,,,,
1.9476432800292969,0.7021855115890503,2.8579329962073325e-05,3.427447675235286,24400,,,,,,,,,,,
1.9780372619628905,0.7406546473503113,2.8561771316196097e-05,3.4302570585756427,24420,,,,,,,,,,,
2.0403684616088866,0.7722814679145813,2.8544212670318865e-05,3.4330664419159995,24440,,,,,,,,,,,
1.9681783676147462,0.7099922895431519,2.8526654024441634e-05,3.4358758252563564,24460,,,,,,,,,,,
1.984613800048828,0.7584959268569946,2.8509095378564405e-05,3.438685208596713,24480,,,,,,,,,,,
2.070656394958496,0.7485854029655457,2.8491536732687174e-05,3.4414945919370696,24500,,,,,,,,,,,
2.0318981170654298,0.7595391273498535,2.847397808680995e-05,3.4443039752774265,24520,,,,,,,,,,,
1.9611452102661133,1.7717208862304688,2.8456419440932717e-05,3.4471133586177833,24540,,,,,,,,,,,
2.0005725860595702,1.1238356828689575,2.843886079505549e-05,3.44992274195814,24560,,,,,,,,,,,
1.9649499893188476,0.7342691421508789,2.8421302149178257e-05,3.452732125298497,24580,,,,,,,,,,,
1.9188413619995117,0.7567508816719055,2.840374350330103e-05,3.455541508638854,24600,,,,,,,,,,,
2.0013477325439455,0.7354832887649536,2.8386184857423798e-05,3.4583508919792108,24620,,,,,,,,,,,
2.0373600006103514,0.7971163988113403,2.8368626211546566e-05,3.4611602753195676,24640,,,,,,,,,,,
1.997962760925293,0.7122436761856079,2.8351067565669338e-05,3.463969658659924,24660,,,,,,,,,,,
1.9577857971191406,0.7839304804801941,2.8333508919792106e-05,3.466779042000281,24680,,,,,,,,,,,
2.0021556854248046,0.6989127993583679,2.8315950273914878e-05,3.4695884253406377,24700,,,,,,,,,,,
1.994325828552246,0.7444839477539062,2.8298391628037646e-05,3.4723978086809946,24720,,,,,,,,,,,
1.942490005493164,0.7397845983505249,2.8280832982160414e-05,3.4752071920213514,24740,,,,,,,,,,,
1.978557014465332,0.7576120495796204,2.8263274336283186e-05,3.4780165753617083,24760,,,,,,,,,,,
1.9682384490966798,0.6883533596992493,2.8245715690405955e-05,3.4808259587020647,24780,,,,,,,,,,,
1.9886592864990233,0.8034318089485168,2.8228157044528726e-05,3.4836353420424215,24800,,,,,,,,,,,
1.9501623153686523,0.8218428492546082,2.82105983986515e-05,3.4864447253827784,24820,,,,,,,,,,,
1.9522945404052734,0.6890204548835754,2.819303975277427e-05,3.4892541087231352,24840,,,,,,,,,,,
1.9649198532104493,0.809198260307312,2.8175481106897038e-05,3.492063492063492,24860,,,,,,,,,,,
1.979865837097168,0.7690408229827881,2.815792246101981e-05,3.494872875403849,24880,,,,,,,,,,,
1.9667697906494142,0.7382379174232483,2.8140363815142578e-05,3.497682258744206,24900,,,,,,,,,,,
1.9833280563354492,0.7382247447967529,2.812280516926535e-05,3.5004916420845626,24920,,,,,,,,,,,
1.9490840911865235,0.8033459782600403,2.8105246523388118e-05,3.5033010254249195,24940,,,,,,,,,,,
1.9847944259643555,0.7232176661491394,2.8087687877510887e-05,3.506110408765276,24960,,,,,,,,,,,
1.99151554107666,0.7729781270027161,2.807012923163366e-05,3.5089197921056328,24980,,,,,,,,,,,
1.9611238479614257,0.7852208614349365,2.8052570585756427e-05,3.5117291754459896,25000,,,,,,,,,,,
2.003508186340332,0.6903859376907349,2.8035011939879195e-05,3.5145385587863465,25020,,,,,,,,,,,
2.010292625427246,0.7795777320861816,2.8017453294001967e-05,3.5173479421267033,25040,,,,,,,,,,,
1.9788759231567383,1.1553428173065186,2.7999894648124735e-05,3.5201573254670597,25060,,,,,,,,,,,
1.9415853500366211,0.748510479927063,2.7982336002247507e-05,3.5229667088074166,25080,,,,,,,,,,,
2.0239885330200194,0.7928428649902344,2.7964777356370275e-05,3.5257760921477734,25100,,,,,,,,,,,
1.9755062103271483,0.755642831325531,2.794721871049305e-05,3.5285854754881303,25120,,,,,,,,,,,
1.9330530166625977,0.7756481766700745,2.792966006461582e-05,3.531394858828487,25140,,,,,,,,,,,
1.9479183197021483,0.8625101447105408,2.791210141873859e-05,3.534204242168844,25160,,,,,,,,,,,
1.9893976211547852,0.8398619294166565,2.789454277286136e-05,3.537013625509201,25180,,,,,,,,,,,
1.9546607971191405,0.7424984574317932,2.787698412698413e-05,3.5398230088495577,25200,,,,,,,,,,,
2.0476064682006836,0.6867176294326782,2.78594254811069e-05,3.5426323921899145,25220,,,,,,,,,,,
1.996680450439453,0.7509692311286926,2.7841866835229667e-05,3.545441775530271,25240,,,,,,,,,,,
1.9651050567626953,0.7098339200019836,2.782430818935244e-05,3.548251158870628,25260,,,,,,,,,,,
1.9998662948608399,0.7023592591285706,2.7806749543475207e-05,3.5510605422109847,25280,,,,,,,,,,,
1.9468460083007812,0.7647352814674377,2.778919089759798e-05,3.5538699255513415,25300,,,,,,,,,,,
1.9540643692016602,0.8003076910972595,2.7771632251720748e-05,3.5566793088916984,25320,,,,,,,,,,,
1.989804458618164,0.7606209516525269,2.7754073605843516e-05,3.559488692232055,25340,,,,,,,,,,,
1.9669765472412108,0.7136131525039673,2.7736514959966288e-05,3.5622980755724116,25360,,,,,,,,,,,
1.9568342208862304,0.6994184851646423,2.7718956314089056e-05,3.5651074589127685,25380,,,,,,,,,,,
1.9468439102172852,0.7238777875900269,2.770139766821183e-05,3.5679168422531253,25400,,,,,,,,,,,
2.0274751663208006,0.7445904612541199,2.76838390223346e-05,3.570726225593482,25420,,,,,,,,,,,
1.9906757354736329,0.8136438131332397,2.766628037645737e-05,3.573535608933839,25440,,,,,,,,,,,
1.9341470718383789,0.8098745942115784,2.764872173058014e-05,3.576344992274196,25460,,,,,,,,,,,
2.003047752380371,0.8065564036369324,2.763116308470291e-05,3.5791543756145527,25480,,,,,,,,,,,
1.9397542953491211,0.8605559468269348,2.761360443882568e-05,3.5819637589549096,25500,,,,,,,,,,,
1.964525032043457,0.6868735551834106,2.7596045792948448e-05,3.5847731422952664,25520,,,,,,,,,,,
1.9659181594848634,0.7552977204322815,2.757848714707122e-05,3.587582525635623,25540,,,,,,,,,,,
1.979500961303711,0.7795934081077576,2.7560928501193988e-05,3.5903919089759797,25560,,,,,,,,,,,
1.93164005279541,0.7207627296447754,2.754336985531676e-05,3.5932012923163366,25580,,,,,,,,,,,
1.961859893798828,0.7387814521789551,2.7525811209439528e-05,3.5960106756566934,25600,,,,,,,,,,,
2.036264419555664,0.7447026968002319,2.7508252563562297e-05,3.5988200589970503,25620,,,,,,,,,,,
1.9760473251342774,0.752200186252594,2.749069391768507e-05,3.6016294423374067,25640,,,,,,,,,,,
2.001874542236328,0.7501430511474609,2.7473135271807837e-05,3.6044388256777635,25660,,,,,,,,,,,
1.9733341217041016,0.8025778532028198,2.745557662593061e-05,3.6072482090181204,25680,,,,,,,,,,,
2.008885955810547,0.7436093688011169,2.7438017980053384e-05,3.6100575923584772,25700,,,,,,,,,,,
1.9330352783203124,0.7516373991966248,2.7420459334176152e-05,3.612866975698834,25720,,,,,,,,,,,
1.991194725036621,0.7940412759780884,2.740290068829892e-05,3.615676359039191,25740,,,,,,,,,,,
1.9358787536621094,0.8082656860351562,2.7385342042421692e-05,3.618485742379548,25760,,,,,,,,,,,
1.9680953979492188,0.7619697451591492,2.736778339654446e-05,3.6212951257199046,25780,,,,,,,,,,,
1.9356624603271484,0.7683283686637878,2.7350224750667232e-05,3.6241045090602615,25800,,,,,,,,,,,
1.9679428100585938,0.7694137096405029,2.733266610479e-05,3.626913892400618,25820,,,,,,,,,,,
2.0491350173950194,0.7253991365432739,2.731510745891277e-05,3.6297232757409748,25840,,,,,,,,,,,
1.9758243560791016,0.6619240045547485,2.729754881303554e-05,3.6325326590813316,25860,,,,,,,,,,,
2.0100482940673827,0.6999300122261047,2.727999016715831e-05,3.6353420424216885,25880,,,,,,,,,,,
1.9177947998046876,0.8596920371055603,2.7262431521281077e-05,3.6381514257620453,25900,,,,,,,,,,,
1.9440242767333984,0.7825629115104675,2.724487287540385e-05,3.640960809102402,25920,,,,,,,,,,,
2.0028961181640623,0.7428879737854004,2.7227314229526617e-05,3.6437701924427586,25940,,,,,,,,,,,
1.9758583068847657,0.7903470396995544,2.720975558364939e-05,3.6465795757831154,25960,,,,,,,,,,,
1.9676763534545898,0.7114433646202087,2.7192196937772164e-05,3.6493889591234723,25980,,,,,,,,,,,
2.0144216537475588,0.7545256018638611,2.7174638291894933e-05,3.652198342463829,26000,,,,,,,,,,,
1.9329826354980468,0.7476378679275513,2.71570796460177e-05,3.655007725804186,26020,,,,,,,,,,,
1.9568136215209961,0.7501042485237122,2.7139521000140473e-05,3.657817109144543,26040,,,,,,,,,,,
1.9808210372924804,0.7469075322151184,2.712196235426324e-05,3.6606264924848997,26060,,,,,,,,,,,
1.9855905532836915,0.7150874733924866,2.7104403708386013e-05,3.6634358758252565,26080,,,,,,,,,,,
1.9378343582153321,0.7285127639770508,2.708684506250878e-05,3.6662452591656134,26100,,,,,,,,,,,
1.9304031372070312,0.7551742792129517,2.706928641663155e-05,3.66905464250597,26120,,,,,,,,,,,
1.9447843551635742,0.7505056262016296,2.705172777075432e-05,3.6718640258463267,26140,,,,,,,,,,,
1.9883798599243163,0.799616813659668,2.703416912487709e-05,3.6746734091866835,26160,,,,,,,,,,,
1.926992416381836,0.7378469109535217,2.701661047899986e-05,3.6774827925270404,26180,,,,,,,,,,,
1.9576227188110351,0.8676047921180725,2.699905183312263e-05,3.680292175867397,26200,,,,,,,,,,,
1.9261741638183594,0.7628639340400696,2.6981493187245398e-05,3.683101559207754,26220,,,,,,,,,,,
1.9788043975830079,0.7415871620178223,2.696393454136817e-05,3.6859109425481105,26240,,,,,,,,,,,
1.9854059219360352,0.744928240776062,2.6946375895490938e-05,3.6887203258884673,26260,,,,,,,,,,,
1.9824798583984375,0.7415412664413452,2.6928817249613713e-05,3.691529709228824,26280,,,,,,,,,,,
1.9246471405029297,0.7600435018539429,2.6911258603736485e-05,3.694339092569181,26300,,,,,,,,,,,
1.9862636566162108,0.7838864326477051,2.6893699957859253e-05,3.697148475909538,26320,,,,,,,,,,,
1.9108968734741212,0.7290186285972595,2.6876141311982022e-05,3.6999578592498947,26340,,,,,,,,,,,
1.9816917419433593,0.7794402241706848,2.6858582666104793e-05,3.7027672425902516,26360,,,,,,,,,,,
1.959892463684082,0.7799186706542969,2.6841024020227562e-05,3.7055766259306084,26380,,,,,,,,,,,
1.9251636505126952,0.729589581489563,2.682346537435033e-05,3.7083860092709653,26400,,,,,,,,,,,
1.9495765686035156,0.7425082921981812,2.6805906728473102e-05,3.7111953926113217,26420,,,,,,,,,,,
1.9125482559204101,0.758543848991394,2.678834808259587e-05,3.7140047759516785,26440,,,,,,,,,,,
1.929121971130371,0.7542951107025146,2.6770789436718642e-05,3.7168141592920354,26460,,,,,,,,,,,
1.98754825592041,0.7976679801940918,2.675323079084141e-05,3.7196235426323923,26480,,,,,,,,,,,
1.938429069519043,0.7141869068145752,2.673567214496418e-05,3.722432925972749,26500,,,,,,,,,,,
1.9259275436401366,0.7300311326980591,2.671811349908695e-05,3.7252423093131055,26520,,,,,,,,,,,
1.9792173385620118,0.6839805841445923,2.670055485320972e-05,3.7280516926534624,26540,,,,,,,,,,,
1.9221529006958007,0.774128258228302,2.668299620733249e-05,3.730861075993819,26560,,,,,,,,,,,
1.9210777282714844,0.7824561595916748,2.6665437561455266e-05,3.733670459334176,26580,,,,,,,,,,,
1.9674341201782226,0.7882730960845947,2.6647878915578034e-05,3.736479842674533,26600,,,,,,,,,,,
1.8808761596679688,0.7395254969596863,2.6630320269700802e-05,3.7392892260148898,26620,,,,,,,,,,,
2.0180707931518556,0.737208902835846,2.6612761623823574e-05,3.7420986093552466,26640,,,,,,,,,,,
1.9625776290893555,0.741921603679657,2.6595202977946343e-05,3.7449079926956035,26660,,,,,,,,,,,
1.9814029693603517,0.6969858407974243,2.6577644332069114e-05,3.7477173760359603,26680,,,,,,,,,,,
1.9525154113769532,0.7728394865989685,2.6560085686191883e-05,3.7505267593763167,26700,,,,,,,,,,,
1.9786956787109375,0.8004589080810547,2.654252704031465e-05,3.7533361427166736,26720,,,,,,,,,,,
1.9556085586547851,0.6825049519538879,2.6524968394437423e-05,3.7561455260570304,26740,,,,,,,,,,,
1.952479934692383,0.7777460217475891,2.650740974856019e-05,3.7589549093973873,26760,,,,,,,,,,,
1.9257978439331054,0.7308681607246399,2.648985110268296e-05,3.761764292737744,26780,,,,,,,,,,,
1.9095952987670899,0.7185800075531006,2.647229245680573e-05,3.764573676078101,26800,,,,,,,,,,,
1.9557748794555665,0.7338261008262634,2.64547338109285e-05,3.7673830594184574,26820,,,,,,,,,,,
1.9524850845336914,0.7389771938323975,2.643717516505127e-05,3.7701924427588143,26840,,,,,,,,,,,
1.9104984283447266,0.7388995885848999,2.6419616519174046e-05,3.773001826099171,26860,,,,,,,,,,,
1.9201196670532226,0.8254454731941223,2.6402057873296815e-05,3.775811209439528,26880,,,,,,,,,,,
2.0158706665039063,0.7569561004638672,2.6384499227419583e-05,3.778620592779885,26900,,,,,,,,,,,
1.91064510345459,0.8018404245376587,2.6366940581542355e-05,3.7814299761202417,26920,,,,,,,,,,,
1.9667745590209962,0.7369114756584167,2.6349381935665123e-05,3.7842393594605985,26940,,,,,,,,,,,
1.9337631225585938,0.7382150292396545,2.6331823289787895e-05,3.7870487428009554,26960,,,,,,,,,,,
1.9427242279052734,0.726046621799469,2.6314264643910663e-05,3.7898581261413122,26980,,,,,,,,,,,
1.9298738479614257,0.7855432629585266,2.629670599803343e-05,3.7926675094816686,27000,,,,,,,,,,,
1.9760766983032227,0.777052104473114,2.6279147352156203e-05,3.7954768928220255,27020,,,,,,,,,,,
1.9592992782592773,0.7470972537994385,2.6261588706278972e-05,3.7982862761623823,27040,,,,,,,,,,,
1.9667497634887696,0.7401992082595825,2.6244030060401743e-05,3.801095659502739,27060,,,,,,,,,,,
1.9583185195922852,0.7147723436355591,2.6226471414524512e-05,3.803905042843096,27080,,,,,,,,,,,
1.916055679321289,0.7112386226654053,2.620891276864728e-05,3.8067144261834525,27100,,,,,,,,,,,
1.9174482345581054,0.7688955068588257,2.6191354122770052e-05,3.8095238095238093,27120,,,,,,,,,,,
1.9680364608764649,0.7170289754867554,2.617379547689282e-05,3.812333192864166,27140,,,,,,,,,,,
2.0051408767700196,0.8036080002784729,2.6156236831015595e-05,3.815142576204523,27160,,,,,,,,,,,
1.9394567489624024,0.833535373210907,2.6138678185138367e-05,3.81795195954488,27180,,,,,,,,,,,
1.9380481719970704,0.7117074131965637,2.6121119539261136e-05,3.8207613428852367,27200,,,,,,,,,,,
2.0010248184204102,0.6981421709060669,2.6103560893383904e-05,3.8235707262255936,27220,,,,,,,,,,,
1.9540510177612305,0.7663290500640869,2.6086002247506676e-05,3.8263801095659504,27240,,,,,,,,,,,
1.9055597305297851,0.7460264563560486,2.6068443601629444e-05,3.8291894929063073,27260,,,,,,,,,,,
2.0138235092163086,0.6982929110527039,2.6050884955752212e-05,3.831998876246664,27280,,,,,,,,,,,
2.0287317276000976,0.6591231822967529,2.6033326309874984e-05,3.8348082595870205,27300,,,,,,,,,,,
1.9210391998291017,0.7112165689468384,2.6015767663997752e-05,3.8376176429273774,27320,,,,,,,,,,,
1.968536949157715,0.7429715991020203,2.5998209018120524e-05,3.8404270262677342,27340,,,,,,,,,,,
1.9535926818847655,0.7519252896308899,2.5980650372243293e-05,3.843236409608091,27360,,,,,,,,,,,
1.9241510391235352,0.7464331984519958,2.596309172636606e-05,3.846045792948448,27380,,,,,,,,,,,
1.9770597457885741,0.7182026505470276,2.5945533080488833e-05,3.8488551762888044,27400,,,,,,,,,,,
1.9077238082885741,0.6897032260894775,2.59279744346116e-05,3.851664559629161,27420,,,,,,,,,,,
1.9585073471069336,0.7997913360595703,2.5910415788734376e-05,3.854473942969518,27440,,,,,,,,,,,
1.9313341140747071,0.7956835627555847,2.5892857142857148e-05,3.857283326309875,27460,,,,,,,,,,,
1.8498689651489257,0.7727268934249878,2.5875298496979916e-05,3.8600927096502318,27480,,,,,,,,,,,
1.9788618087768555,0.7929672598838806,2.5857739851102685e-05,3.8629020929905886,27500,,,,,,,,,,,
1.9368850708007812,0.7549422383308411,2.5840181205225456e-05,3.8657114763309455,27520,,,,,,,,,,,
1.9502405166625976,0.7477921843528748,2.5822622559348225e-05,3.8685208596713023,27540,,,,,,,,,,,
1.902366828918457,0.7749170064926147,2.5805063913470996e-05,3.871330243011659,27560,,,,,,,,,,,
1.9613639831542968,0.7531468868255615,2.5787505267593765e-05,3.8741396263520156,27580,,,,,,,,,,,
1.9968860626220704,0.772560179233551,2.5769946621716533e-05,3.8769490096923724,27600,,,,,,,,,,,
1.9731626510620117,0.8037088513374329,2.5752387975839305e-05,3.8797583930327293,27620,,,,,,,,,,,
1.9413482666015625,0.7806494235992432,2.5734829329962073e-05,3.882567776373086,27640,,,,,,,,,,,
1.9439388275146485,0.7774931192398071,2.571727068408484e-05,3.885377159713443,27660,,,,,,,,,,,
1.9284608840942383,0.6663452386856079,2.5699712038207613e-05,3.8881865430538,27680,,,,,,,,,,,
1.8847042083740235,0.7621980905532837,2.568215339233038e-05,3.8909959263941563,27700,,,,,,,,,,,
1.876439666748047,0.7270330786705017,2.5664594746453153e-05,3.893805309734513,27720,,,,,,,,,,,
1.9049364089965821,0.711536169052124,2.564703610057593e-05,3.89661469307487,27740,,,,,,,,,,,
1.938445472717285,0.8063991665840149,2.5629477454698697e-05,3.899424076415227,27760,,,,,,,,,,,
1.9348432540893554,0.7588330507278442,2.5611918808821465e-05,3.9022334597555837,27780,,,,,,,,,,,
1.9685691833496093,0.8061050772666931,2.5594360162944237e-05,3.9050428430959405,27800,,,,,,,,,,,
1.9850414276123047,0.7358439564704895,2.5576801517067005e-05,3.9078522264362974,27820,,,,,,,,,,,
1.9513322830200195,0.7986065745353699,2.5559242871189777e-05,3.9106616097766542,27840,,,,,,,,,,,
1.9209814071655273,0.7905247211456299,2.5541684225312545e-05,3.913470993117011,27860,,,,,,,,,,,
1.9309577941894531,0.7910245060920715,2.5524125579435314e-05,3.9162803764573675,27880,,,,,,,,,,,
1.9241207122802735,0.7337278127670288,2.5506566933558086e-05,3.9190897597977243,27900,,,,,,,,,,,
1.8911355972290038,0.7624838948249817,2.5489008287680854e-05,3.921899143138081,27920,,,,,,,,,,,
2.018423843383789,0.7028599977493286,2.5471449641803626e-05,3.924708526478438,27940,,,,,,,,,,,
1.9118139266967773,0.7191399335861206,2.5453890995926394e-05,3.927517909818795,27960,,,,,,,,,,,
2.0016191482543944,0.7321674227714539,2.5436332350049162e-05,3.9303272931591513,27980,,,,,,,,,,,
1.9085784912109376,0.7139421701431274,2.5418773704171934e-05,3.933136676499508,28000,,,,,,,,,,,
1.9681158065795898,0.7362512350082397,2.5401215058294702e-05,3.935946059839865,28020,,,,,,,,,,,
1.964635467529297,0.7757295370101929,2.5383656412417478e-05,3.938755443180222,28040,,,,,,,,,,,
1.9311574935913085,0.6563217043876648,2.536609776654025e-05,3.9415648265205787,28060,,,,,,,,,,,
1.9805570602416993,0.7303751111030579,2.5348539120663018e-05,3.9443742098609356,28080,,,,,,,,,,,
1.962362289428711,0.75198894739151,2.5330980474785786e-05,3.9471835932012924,28100,,,,,,,,,,,
1.9822284698486328,0.7804096341133118,2.5313421828908558e-05,3.9499929765416493,28120,,,,,,,,,,,
1.855400848388672,0.7574337124824524,2.5295863183031326e-05,3.952802359882006,28140,,,,,,,,,,,
1.912997055053711,0.7184084057807922,2.5278304537154094e-05,3.9556117432223625,28160,,,,,,,,,,,
1.892807388305664,0.7253938317298889,2.5260745891276866e-05,3.9584211265627194,28180,,,,,,,,,,,
1.9038188934326172,0.6826439499855042,2.5243187245399635e-05,3.9612305099030762,28200,,,,,,,,,,,
1.978243637084961,0.789503276348114,2.5225628599522406e-05,3.964039893243433,28220,,,,,,,,,,,
1.9488800048828125,0.7564054727554321,2.5208069953645175e-05,3.96684927658379,28240,,,,,,,,,,,
1.9138765335083008,0.7663369178771973,2.5190511307767943e-05,3.969658659924147,28260,,,,,,,,,,,
1.9460683822631837,0.7490625977516174,2.5172952661890715e-05,3.972468043264503,28280,,,,,,,,,,,
1.9707231521606445,0.7218986749649048,2.5155394016013483e-05,3.97527742660486,28300,,,,,,,,,,,
1.9098859786987306,1.4812482595443726,2.5137835370136258e-05,3.978086809945217,28320,,,,,,,,,,,
1.9678791046142579,0.7608233094215393,2.512027672425903e-05,3.9808961932855738,28340,,,,,,,,,,,
1.9267917633056642,0.8248977065086365,2.51027180783818e-05,3.9837055766259306,28360,,,,,,,,,,,
1.9625244140625,0.7651468515396118,2.5085159432504567e-05,3.9865149599662875,28380,,,,,,,,,,,
1.9258119583129882,0.7617452144622803,2.506760078662734e-05,3.9893243433066443,28400,,,,,,,,,,,
1.9339950561523438,0.7954984307289124,2.5050042140750107e-05,3.992133726647001,28420,,,,,,,,,,,
1.903997802734375,0.8145479559898376,2.503248349487288e-05,3.994943109987358,28440,,,,,,,,,,,
1.9443256378173828,0.714024543762207,2.5014924848995647e-05,3.9977524933277144,28460,,,,,,,,,,,
,,,4.0,28476,1.8864952325820923,13.4146642081148,38.134255051972424,281.8358,12.082,0.756,,,,,
1.9158727645874023,0.7389066815376282,2.4997366203118415e-05,4.000561876668072,28480,,,,,,,,,,,
1.9162736892700196,0.7813979387283325,2.4979807557241187e-05,4.003371260008429,28500,,,,,,,,,,,
1.961618423461914,0.7684444189071655,2.4962248911363955e-05,4.0061806433487845,28520,,,,,,,,,,,
1.931847381591797,0.7626326084136963,2.4944690265486727e-05,4.008990026689141,28540,,,,,,,,,,,
1.922224998474121,0.7607643008232117,2.49271316196095e-05,4.011799410029498,28560,,,,,,,,,,,
1.910801315307617,0.687488317489624,2.4909572973732267e-05,4.014608793369855,28580,,,,,,,,,,,
1.9552663803100585,0.7764398455619812,2.4892014327855036e-05,4.017418176710212,28600,,,,,,,,,,,
1.8971990585327148,0.7589768767356873,2.4874455681977807e-05,4.020227560050569,28620,,,,,,,,,,,
1.886347770690918,0.7071284055709839,2.4856897036100576e-05,4.023036943390926,28640,,,,,,,,,,,
1.8308198928833008,0.7730012536048889,2.4839338390223347e-05,4.0258463267312825,28660,,,,,,,,,,,
1.9165176391601562,0.7275608777999878,2.4821779744346116e-05,4.028655710071639,28680,,,,,,,,,,,
1.9193937301635742,0.7039300799369812,2.4804221098468887e-05,4.031465093411996,28700,,,,,,,,,,,
1.949624252319336,0.7062962651252747,2.478666245259166e-05,4.034274476752353,28720,,,,,,,,,,,
1.9036134719848632,0.7648453712463379,2.4769103806714428e-05,4.03708386009271,28740,,,,,,,,,,,
1.9787961959838867,0.77855384349823,2.4751545160837196e-05,4.039893243433067,28760,,,,,,,,,,,
1.9052507400512695,0.7343249320983887,2.4733986514959968e-05,4.042702626773424,28780,,,,,,,,,,,
1.955891227722168,0.7357137799263,2.4716427869082736e-05,4.04551201011378,28800,,,,,,,,,,,
1.9605424880981446,0.7475634813308716,2.4698869223205508e-05,4.048321393454136,28820,,,,,,,,,,,
1.8880001068115235,0.7681049704551697,2.468131057732828e-05,4.051130776794493,28840,,,,,,,,,,,
1.9240888595581054,0.8063058257102966,2.4663751931451048e-05,4.05394016013485,28860,,,,,,,,,,,
1.8879154205322266,0.8264609575271606,2.464619328557382e-05,4.056749543475207,28880,,,,,,,,,,,
1.9368921279907227,0.7919405102729797,2.4628634639696588e-05,4.059558926815564,28900,,,,,,,,,,,
1.8826366424560548,0.763361394405365,2.4611075993819356e-05,4.062368310155921,28920,,,,,,,,,,,
1.9346506118774414,0.8002641201019287,2.4593517347942128e-05,4.0651776934962776,28940,,,,,,,,,,,
1.9136150360107422,0.7840473651885986,2.4575958702064896e-05,4.067987076836634,28960,,,,,,,,,,,
1.95941104888916,0.7836604714393616,2.4558400056187668e-05,4.070796460176991,28980,,,,,,,,,,,
1.9580625534057616,0.7212614417076111,2.454084141031044e-05,4.073605843517348,29000,,,,,,,,,,,
1.9238096237182618,0.7289603352546692,2.4523282764433208e-05,4.076415226857705,29020,,,,,,,,,,,
1.9312318801879882,0.8180937767028809,2.4505724118555977e-05,4.079224610198062,29040,,,,,,,,,,,
1.9016515731811523,0.7727278470993042,2.448816547267875e-05,4.082033993538419,29060,,,,,,,,,,,
1.8821218490600586,0.7042006254196167,2.4470606826801517e-05,4.0848433768787755,29080,,,,,,,,,,,
1.9481311798095704,0.793665885925293,2.445304818092429e-05,4.0876527602191315,29100,,,,,,,,,,,
1.9005449295043946,0.7765752673149109,2.4435489535047057e-05,4.090462143559488,29120,,,,,,,,,,,
1.8915843963623047,0.7720978260040283,2.441793088916983e-05,4.093271526899845,29140,,,,,,,,,,,
1.869114303588867,0.7681018710136414,2.44003722432926e-05,4.096080910240202,29160,,,,,,,,,,,
1.9010444641113282,0.7451387643814087,2.438281359741537e-05,4.098890293580559,29180,,,,,,,,,,,
1.9414810180664062,0.7403950095176697,2.4365254951538137e-05,4.101699676920916,29200,,,,,,,,,,,
1.9163238525390625,0.6799506545066833,2.434769630566091e-05,4.104509060261273,29220,,,,,,,,,,,
1.8941667556762696,0.7527228593826294,2.4330137659783677e-05,4.1073184436016295,29240,,,,,,,,,,,
1.9002079010009765,0.7483200430870056,2.431257901390645e-05,4.110127826941986,29260,,,,,,,,,,,
1.9604598999023437,0.7017072439193726,2.429502036802922e-05,4.112937210282343,29280,,,,,,,,,,,
1.949905014038086,0.7572464346885681,2.427746172215199e-05,4.1157465936227,29300,,,,,,,,,,,
1.956267738342285,0.7588569521903992,2.425990307627476e-05,4.118555976963057,29320,,,,,,,,,,,
1.8669778823852539,0.7424660325050354,2.424234443039753e-05,4.121365360303414,29340,,,,,,,,,,,
1.9431133270263672,0.7074700593948364,2.4224785784520297e-05,4.124174743643771,29360,,,,,,,,,,,
1.968543243408203,0.7970410585403442,2.420722713864307e-05,4.1269841269841265,29380,,,,,,,,,,,
1.9122295379638672,0.7247098684310913,2.4189668492765838e-05,4.129793510324483,29400,,,,,,,,,,,
1.9014974594116212,0.7819046974182129,2.417210984688861e-05,4.13260289366484,29420,,,,,,,,,,,
1.9569599151611328,0.7198237180709839,2.415455120101138e-05,4.135412277005197,29440,,,,,,,,,,,
1.9307905197143556,0.6957970857620239,2.413699255513415e-05,4.138221660345554,29460,,,,,,,,,,,
1.90274658203125,0.8504522442817688,2.4119433909256918e-05,4.141031043685911,29480,,,,,,,,,,,
1.9038164138793945,0.7093043327331543,2.410187526337969e-05,4.143840427026268,29500,,,,,,,,,,,
1.9361549377441407,0.8303281664848328,2.4084316617502458e-05,4.1466498103666245,29520,,,,,,,,,,,
1.8955112457275392,0.7823235392570496,2.406675797162523e-05,4.149459193706981,29540,,,,,,,,,,,
1.9147882461547852,0.7159866094589233,2.4049199325748e-05,4.152268577047338,29560,,,,,,,,,,,
1.9053232192993164,0.7488992214202881,2.403164067987077e-05,4.155077960387695,29580,,,,,,,,,,,
1.8902406692504883,0.8605524301528931,2.401408203399354e-05,4.157887343728052,29600,,,,,,,,,,,
1.936250877380371,0.6804696917533875,2.399652338811631e-05,4.160696727068409,29620,,,,,,,,,,,
1.904484176635742,0.750462532043457,2.3978964742239078e-05,4.163506110408766,29640,,,,,,,,,,,
1.939386749267578,0.7286151647567749,2.396140609636185e-05,4.1663154937491225,29660,,,,,,,,,,,
1.9078195571899415,0.721932053565979,2.3943847450484618e-05,4.169124877089478,29680,,,,,,,,,,,
1.8718858718872071,0.716552734375,2.392628880460739e-05,4.171934260429835,29700,,,,,,,,,,,
1.9842544555664063,0.7499068379402161,2.390873015873016e-05,4.174743643770192,29720,,,,,,,,,,,
1.8967977523803712,0.7345348596572876,2.389117151285293e-05,4.177553027110549,29740,,,,,,,,,,,
1.8877395629882812,0.7295639514923096,2.3873612866975702e-05,4.180362410450906,29760,,,,,,,,,,,
1.9114242553710938,0.7508799433708191,2.385605422109847e-05,4.183171793791263,29780,,,,,,,,,,,
1.8747898101806642,0.776831865310669,2.383849557522124e-05,4.1859811771316195,29800,,,,,,,,,,,
1.937474822998047,0.7742734551429749,2.382093692934401e-05,4.188790560471976,29820,,,,,,,,,,,
1.9107906341552734,0.7446664571762085,2.380337828346678e-05,4.191599943812333,29840,,,,,,,,,,,
1.9095619201660157,0.7326533794403076,2.378581963758955e-05,4.19440932715269,29860,,,,,,,,,,,
1.9624719619750977,0.6864808797836304,2.3768260991712322e-05,4.197218710493047,29880,,,,,,,,,,,
1.8852739334106445,0.7031324505805969,2.375070234583509e-05,4.200028093833404,29900,,,,,,,,,,,
1.8578983306884767,0.6940557360649109,2.373314369995786e-05,4.202837477173761,29920,,,,,,,,,,,
1.8975532531738282,0.7917284369468689,2.371558505408063e-05,4.2056468605141175,29940,,,,,,,,,,,
1.8928840637207032,0.7488911151885986,2.36980264082034e-05,4.208456243854474,29960,,,,,,,,,,,
1.8978862762451172,0.7314250469207764,2.368046776232617e-05,4.21126562719483,29980,,,,,,,,,,,
1.94476375579834,0.6753586530685425,2.3662909116448942e-05,4.214075010535187,30000,,,,,,,,,,,
1.947425651550293,0.7587230801582336,2.364535047057171e-05,4.216884393875544,30020,,,,,,,,,,,
1.9449075698852538,0.7493281364440918,2.3627791824694482e-05,4.219693777215901,30040,,,,,,,,,,,
1.911273193359375,0.7326756119728088,2.361023317881725e-05,4.222503160556258,30060,,,,,,,,,,,
1.931477928161621,0.7290764451026917,2.359267453294002e-05,4.225312543896615,30080,,,,,,,,,,,
1.8870277404785156,0.7504063248634338,2.357511588706279e-05,4.2281219272369714,30100,,,,,,,,,,,
1.9128732681274414,0.7598384022712708,2.355755724118556e-05,4.230931310577328,30120,,,,,,,,,,,
1.9150884628295899,0.6995791792869568,2.353999859530833e-05,4.233740693917685,30140,,,,,,,,,,,
1.9161117553710938,0.7599114775657654,2.3522439949431103e-05,4.236550077258042,30160,,,,,,,,,,,
1.925535011291504,0.7253497242927551,2.350488130355387e-05,4.239359460598399,30180,,,,,,,,,,,
1.8858739852905273,0.7581982612609863,2.3487322657676643e-05,4.242168843938756,30200,,,,,,,,,,,
1.8878721237182616,0.7537692785263062,2.346976401179941e-05,4.244978227279113,30220,,,,,,,,,,,
1.9254228591918945,0.7501528263092041,2.345220536592218e-05,4.247787610619469,30240,,,,,,,,,,,
1.8522554397583009,0.7190482020378113,2.343464672004495e-05,4.250596993959826,30260,,,,,,,,,,,
1.9215738296508789,0.7879473567008972,2.341708807416772e-05,4.253406377300182,30280,,,,,,,,,,,
1.853525733947754,0.7975274324417114,2.339952942829049e-05,4.256215760640539,30300,,,,,,,,,,,
1.8809501647949218,0.6740601062774658,2.3381970782413263e-05,4.259025143980896,30320,,,,,,,,,,,
1.8781137466430664,0.7197050452232361,2.336441213653603e-05,4.261834527321253,30340,,,,,,,,,,,
1.9245107650756836,0.711021900177002,2.33468534906588e-05,4.26464391066161,30360,,,,,,,,,,,
1.8957569122314453,0.7438593506813049,2.332929484478157e-05,4.2674532940019665,30380,,,,,,,,,,,
1.918144989013672,0.7375363111495972,2.331173619890434e-05,4.270262677342323,30400,,,,,,,,,,,
1.8867433547973633,0.738612949848175,2.3294177553027112e-05,4.27307206068268,30420,,,,,,,,,,,
1.90814266204834,0.7619961500167847,2.3276618907149883e-05,4.275881444023037,30440,,,,,,,,,,,
1.9275558471679688,0.7243899703025818,2.3259060261272652e-05,4.278690827363394,30460,,,,,,,,,,,
1.920726203918457,0.8009898662567139,2.3241501615395424e-05,4.281500210703751,30480,,,,,,,,,,,
1.9137020111083984,0.7541985511779785,2.3223942969518192e-05,4.284309594044108,30500,,,,,,,,,,,
1.8723155975341796,0.763687252998352,2.320638432364096e-05,4.2871189773844645,30520,,,,,,,,,,,
1.8614727020263673,0.7405110597610474,2.3188825677763732e-05,4.289928360724821,30540,,,,,,,,,,,
1.8842836380004884,0.7488598227500916,2.31712670318865e-05,4.292737744065178,30560,,,,,,,,,,,
1.9339750289916993,0.7545486092567444,2.3153708386009272e-05,4.295547127405534,30580,,,,,,,,,,,
1.9009208679199219,0.717720627784729,2.3136149740132044e-05,4.298356510745891,30600,,,,,,,,,,,
1.9251743316650392,0.7150753736495972,2.3118591094254812e-05,4.301165894086248,30620,,,,,,,,,,,
1.9121784210205077,0.7224132418632507,2.3101032448377584e-05,4.303975277426605,30640,,,,,,,,,,,
1.8960506439208984,0.73819500207901,2.3083473802500352e-05,4.3067846607669615,30660,,,,,,,,,,,
1.8635572433471679,0.7717568874359131,2.306591515662312e-05,4.309594044107318,30680,,,,,,,,,,,
1.9728515625,0.8376827836036682,2.3048356510745892e-05,4.312403427447675,30700,,,,,,,,,,,
1.9439617156982423,0.7501196265220642,2.303079786486866e-05,4.315212810788032,30720,,,,,,,,,,,
1.8776716232299804,0.7101643085479736,2.3013239218991432e-05,4.318022194128389,30740,,,,,,,,,,,
1.975496482849121,0.7866007685661316,2.2995680573114204e-05,4.320831577468746,30760,,,,,,,,,,,
1.949676513671875,0.7183674573898315,2.2978121927236973e-05,4.323640960809103,30780,,,,,,,,,,,
1.870290184020996,0.7606353163719177,2.2960563281359744e-05,4.3264503441494595,30800,,,,,,,,,,,
1.8984712600708007,0.7436483502388,2.2943004635482513e-05,4.329259727489816,30820,,,,,,,,,,,
1.8564456939697265,0.7468545436859131,2.292544598960528e-05,4.332069110830172,30840,,,,,,,,,,,
1.8911375045776366,0.6767987608909607,2.2907887343728053e-05,4.334878494170529,30860,,,,,,,,,,,
1.9194475173950196,0.7609983682632446,2.2890328697850825e-05,4.337687877510886,30880,,,,,,,,,,,
1.8830120086669921,0.7595304846763611,2.2872770051973593e-05,4.340497260851243,30900,,,,,,,,,,,
1.961471176147461,0.7767897844314575,2.2855211406096365e-05,4.3433066441916,30920,,,,,,,,,,,
1.9087228775024414,0.7457482814788818,2.2837652760219133e-05,4.346116027531957,30940,,,,,,,,,,,
1.9002952575683594,0.6905239820480347,2.28200941143419e-05,4.348925410872313,30960,,,,,,,,,,,
1.9144908905029296,0.7530899047851562,2.2802535468464673e-05,4.35173479421267,30980,,,,,,,,,,,
1.9096712112426757,0.8456128239631653,2.278497682258744e-05,4.354544177553027,31000,,,,,,,,,,,
1.906770896911621,0.7398837208747864,2.2767418176710213e-05,4.357353560893384,31020,,,,,,,,,,,
1.9676536560058593,0.7583199739456177,2.2749859530832985e-05,4.360162944233741,31040,,,,,,,,,,,
1.8909137725830079,0.8161789774894714,2.2732300884955753e-05,4.362972327574098,31060,,,,,,,,,,,
1.9234895706176758,0.7049242258071899,2.2714742239078525e-05,4.3657817109144545,31080,,,,,,,,,,,
1.8781030654907227,0.7562494277954102,2.2697183593201293e-05,4.368591094254811,31100,,,,,,,,,,,
1.9155197143554688,0.7317337989807129,2.2679624947324062e-05,4.371400477595168,31120,,,,,,,,,,,
1.937078094482422,0.7406395077705383,2.2662066301446833e-05,4.374209860935524,31140,,,,,,,,,,,
1.8230514526367188,0.722005307674408,2.2644507655569602e-05,4.377019244275881,31160,,,,,,,,,,,
1.9340829849243164,0.7654129266738892,2.2626949009692374e-05,4.379828627616238,31180,,,,,,,,,,,
1.899760627746582,0.7810630798339844,2.2609390363815145e-05,4.382638010956595,31200,,,,,,,,,,,
1.8941186904907226,0.7235855460166931,2.2591831717937914e-05,4.385447394296952,31220,,,,,,,,,,,
1.9368242263793944,0.7924290895462036,2.2574273072060685e-05,4.3882567776373085,31240,,,,,,,,,,,
1.8270299911499024,0.7891971468925476,2.2556714426183454e-05,4.391066160977665,31260,,,,,,,,,,,
1.886110496520996,0.7123496532440186,2.2539155780306222e-05,4.393875544318022,31280,,,,,,,,,,,
1.8992790222167968,0.8490989208221436,2.2521597134428994e-05,4.396684927658379,31300,,,,,,,,,,,
1.8800035476684571,0.7271025776863098,2.2504038488551766e-05,4.399494310998736,31320,,,,,,,,,,,
1.9083816528320312,0.727983295917511,2.2486479842674534e-05,4.402303694339093,31340,,,,,,,,,,,
1.8417612075805665,0.7202132940292358,2.2468921196797306e-05,4.40511307767945,31360,,,,,,,,,,,
1.9444787979125977,0.7475259900093079,2.2451362550920074e-05,4.4079224610198064,31380,,,,,,,,,,,
1.9140878677368165,0.7543935179710388,2.2433803905042842e-05,4.410731844360163,31400,,,,,,,,,,,
1.9072799682617188,0.7856110334396362,2.2416245259165614e-05,4.41354122770052,31420,,,,,,,,,,,
1.9016386032104493,0.7742488980293274,2.2398686613288383e-05,4.416350611040876,31440,,,,,,,,,,,
1.911549949645996,0.7000597715377808,2.2381127967411154e-05,4.419159994381233,31460,,,,,,,,,,,
1.927129364013672,0.7472981214523315,2.2363569321533926e-05,4.42196937772159,31480,,,,,,,,,,,
1.8476417541503907,0.7836487293243408,2.2346010675656694e-05,4.424778761061947,31500,,,,,,,,,,,
1.9018487930297852,0.7471002340316772,2.2328452029779466e-05,4.4275881444023035,31520,,,,,,,,,,,
1.8276470184326172,0.7276806235313416,2.2310893383902234e-05,4.43039752774266,31540,,,,,,,,,,,
1.8834497451782226,0.7812924385070801,2.2293334738025003e-05,4.433206911083017,31560,,,,,,,,,,,
1.8988018035888672,0.754880428314209,2.2275776092147775e-05,4.436016294423374,31580,,,,,,,,,,,
1.8394092559814452,0.716168999671936,2.2258217446270543e-05,4.438825677763731,31600,,,,,,,,,,,
1.8889142990112304,0.7187855839729309,2.2240658800393315e-05,4.441635061104088,31620,,,,,,,,,,,
1.8688838958740235,0.7794670462608337,2.2223100154516086e-05,4.444444444444445,31640,,,,,,,,,,,
1.9055440902709961,0.8017210960388184,2.2205541508638855e-05,4.4472538277848015,31660,,,,,,,,,,,
1.8629552841186523,0.7855952382087708,2.2187982862761626e-05,4.450063211125158,31680,,,,,,,,,,,
1.9037557601928712,0.7661949396133423,2.2170424216884395e-05,4.452872594465515,31700,,,,,,,,,,,
1.8907203674316406,0.7299400568008423,2.2152865571007163e-05,4.455681977805872,31720,,,,,,,,,,,
1.9664566040039062,0.7685067653656006,2.2135306925129935e-05,4.458491361146228,31740,,,,,,,,,,,
1.9052495956420898,0.757767915725708,2.2117748279252707e-05,4.461300744486585,31760,,,,,,,,,,,
1.875453567504883,0.8228515982627869,2.2100189633375475e-05,4.464110127826942,31780,,,,,,,,,,,
1.902071762084961,0.7866755723953247,2.2082630987498247e-05,4.466919511167299,31800,,,,,,,,,,,
1.929861068725586,0.7043085694313049,2.2065072341621015e-05,4.469728894507655,31820,,,,,,,,,,,
1.9713987350463866,0.7841536998748779,2.2047513695743783e-05,4.472538277848012,31840,,,,,,,,,,,
1.9143381118774414,0.7438337802886963,2.2029955049866555e-05,4.475347661188369,31860,,,,,,,,,,,
1.9320932388305665,0.7261245250701904,2.2012396403989324e-05,4.478157044528726,31880,,,,,,,,,,,
1.8360532760620116,0.7465507388114929,2.1994837758112095e-05,4.480966427869083,31900,,,,,,,,,,,
1.892984390258789,0.7426977157592773,2.1977279112234867e-05,4.48377581120944,31920,,,,,,,,,,,
1.9175987243652344,0.888477623462677,2.1959720466357635e-05,4.4865851945497965,31940,,,,,,,,,,,
1.863752555847168,0.7876567840576172,2.1942161820480407e-05,4.489394577890153,31960,,,,,,,,,,,
1.8682638168334962,0.6921141147613525,2.1924603174603176e-05,4.49220396123051,31980,,,,,,,,,,,
1.866663360595703,0.7374162077903748,2.1907044528725944e-05,4.495013344570867,32000,,,,,,,,,,,
1.9329025268554687,0.7935464382171631,2.1889485882848716e-05,4.497822727911224,32020,,,,,,,,,,,
1.8805883407592774,0.7759898900985718,2.1871927236971484e-05,4.50063211125158,32040,,,,,,,,,,,
1.8520784378051758,0.7202681303024292,2.1854368591094256e-05,4.503441494591937,32060,,,,,,,,,,,
1.917872428894043,0.7687546014785767,2.1836809945217027e-05,4.506250877932294,32080,,,,,,,,,,,
1.8834978103637696,0.7554555535316467,2.1819251299339796e-05,4.5090602612726505,32100,,,,,,,,,,,
1.8931684494018555,0.9320957064628601,2.1801692653462568e-05,4.511869644613007,32120,,,,,,,,,,,
1.8384794235229491,0.7276554703712463,2.1784134007585336e-05,4.514679027953364,32140,,,,,,,,,,,
1.917555046081543,0.8228471279144287,2.1766575361708104e-05,4.517488411293721,32160,,,,,,,,,,,
1.8301868438720703,0.9727199077606201,2.1749016715830876e-05,4.520297794634078,32180,,,,,,,,,,,
1.8406871795654296,0.7902073264122009,2.1731458069953648e-05,4.523107177974435,32200,,,,,,,,,,,
1.8507598876953124,0.7362541556358337,2.1713899424076416e-05,4.525916561314792,32220,,,,,,,,,,,
1.870497703552246,0.7755141258239746,2.1696340778199188e-05,4.528725944655148,32240,,,,,,,,,,,
1.884423065185547,0.7635917663574219,2.1678782132321956e-05,4.531535327995505,32260,,,,,,,,,,,
1.9230714797973634,0.7373660206794739,2.1661223486444725e-05,4.534344711335862,32280,,,,,,,,,,,
1.872745895385742,0.7926570177078247,2.1643664840567496e-05,4.537154094676218,32300,,,,,,,,,,,
1.8832595825195313,0.7575421929359436,2.1626106194690265e-05,4.539963478016576,32320,,,,,,,,,,,
1.9249706268310547,0.734627902507782,2.1608547548813036e-05,4.542772861356932,32340,,,,,,,,,,,
1.881736946105957,0.6664383411407471,2.1590988902935808e-05,4.545582244697289,32360,,,,,,,,,,,
1.8685699462890626,0.747814953327179,2.1573430257058577e-05,4.5483916280376455,32380,,,,,,,,,,,
1.9094015121459962,0.7327936887741089,2.1555871611181348e-05,4.551201011378002,32400,,,,,,,,,,,
1.8598390579223634,0.8176437020301819,2.1538312965304117e-05,4.554010394718359,32420,,,,,,,,,,,
1.8940277099609375,0.7390613555908203,2.1520754319426885e-05,4.556819778058716,32440,,,,,,,,,,,
1.9332191467285156,0.8069291710853577,2.1503195673549657e-05,4.559629161399073,32460,,,,,,,,,,,
1.8724132537841798,0.7176191806793213,2.1485637027672425e-05,4.56243854473943,32480,,,,,,,,,,,
1.8561555862426757,0.6730695366859436,2.1468078381795197e-05,4.565247928079787,32500,,,,,,,,,,,
1.902106475830078,0.7507789134979248,2.145051973591797e-05,4.5680573114201435,32520,,,,,,,,,,,
1.8665250778198241,0.7590829730033875,2.1432961090040737e-05,4.5708666947605,32540,,,,,,,,,,,
1.8470703125,0.7108677625656128,2.141540244416351e-05,4.573676078100857,32560,,,,,,,,,,,
1.8570377349853515,0.6933708190917969,2.1397843798286277e-05,4.576485461441214,32580,,,,,,,,,,,
1.9062475204467773,0.7281750440597534,2.1380285152409045e-05,4.57929484478157,32600,,,,,,,,,,,
1.8802629470825196,0.7185603976249695,2.1362726506531817e-05,4.582104228121927,32620,,,,,,,,,,,
1.8869932174682618,0.8032447099685669,2.134516786065459e-05,4.584913611462284,32640,,,,,,,,,,,
1.83502254486084,0.8143006563186646,2.1327609214777357e-05,4.587722994802641,32660,,,,,,,,,,,
1.8517873764038086,0.7656595706939697,2.131005056890013e-05,4.590532378142997,32680,,,,,,,,,,,
1.8724437713623048,0.7527496218681335,2.1292491923022897e-05,4.593341761483354,32700,,,,,,,,,,,
1.8351722717285157,0.7612931728363037,2.1274933277145666e-05,4.596151144823711,32720,,,,,,,,,,,
1.8474185943603516,0.6636521816253662,2.1257374631268437e-05,4.598960528164068,32740,,,,,,,,,,,
1.871572494506836,0.7332726716995239,2.1239815985391206e-05,4.601769911504425,32760,,,,,,,,,,,
1.840120506286621,0.7550858855247498,2.1222257339513977e-05,4.604579294844782,32780,,,,,,,,,,,
1.9271068572998047,0.8250337243080139,2.120469869363675e-05,4.6073886781851385,32800,,,,,,,,,,,
1.905862045288086,0.7334423065185547,2.1187140047759518e-05,4.610198061525495,32820,,,,,,,,,,,
1.8533618927001954,0.7314274907112122,2.116958140188229e-05,4.613007444865852,32840,,,,,,,,,,,
1.8556434631347656,0.7511935234069824,2.1152022756005058e-05,4.615816828206209,32860,,,,,,,,,,,
1.9487602233886718,0.7562236189842224,2.1134464110127826e-05,4.618626211546566,32880,,,,,,,,,,,
1.9050434112548829,0.7726931571960449,2.1116905464250598e-05,4.621435594886922,32900,,,,,,,,,,,
1.8564325332641602,0.7626352310180664,2.1099346818373366e-05,4.624244978227279,32920,,,,,,,,,,,
1.8505069732666015,0.7379367351531982,2.1081788172496138e-05,4.627054361567636,32940,,,,,,,,,,,
1.8994646072387695,0.8857629299163818,2.106422952661891e-05,4.6298637449079925,32960,,,,,,,,,,,
1.860477828979492,0.7308835387229919,2.1046670880741678e-05,4.632673128248349,32980,,,,,,,,,,,
1.8612281799316406,0.6998835802078247,2.102911223486445e-05,4.635482511588706,33000,,,,,,,,,,,
1.8657918930053712,0.722324013710022,2.1011553588987218e-05,4.638291894929063,33020,,,,,,,,,,,
1.9240446090698242,0.6958452463150024,2.0993994943109986e-05,4.64110127826942,33040,,,,,,,,,,,
1.9078075408935546,0.7665010094642639,2.0976436297232758e-05,4.643910661609777,33060,,,,,,,,,,,
1.9109037399291993,0.7145045399665833,2.095887765135553e-05,4.646720044950134,33080,,,,,,,,,,,
1.9135444641113282,0.7624941468238831,2.0941319005478298e-05,4.64952942829049,33100,,,,,,,,,,,
1.9100727081298827,0.6787211298942566,2.092376035960107e-05,4.652338811630847,33120,,,,,,,,,,,
1.8914159774780273,0.8160760402679443,2.090620171372384e-05,4.655148194971204,33140,,,,,,,,,,,
1.894778060913086,0.7799813747406006,2.0888643067846607e-05,4.657957578311561,33160,,,,,,,,,,,
1.8745174407958984,0.8045161962509155,2.087108442196938e-05,4.660766961651918,33180,,,,,,,,,,,
1.9147876739501952,0.7762954831123352,2.0853525776092147e-05,4.663576344992274,33200,,,,,,,,,,,
1.8539709091186523,0.7622219920158386,2.083596713021492e-05,4.666385728332631,33220,,,,,,,,,,,
1.8483776092529296,0.6875225305557251,2.081840848433769e-05,4.6691951116729875,33240,,,,,,,,,,,
1.9017984390258789,0.791380763053894,2.080084983846046e-05,4.672004495013344,33260,,,,,,,,,,,
1.8826271057128907,0.7594223022460938,2.078329119258323e-05,4.674813878353701,33280,,,,,,,,,,,
1.8638952255249024,0.6901599168777466,2.0765732546706e-05,4.677623261694058,33300,,,,,,,,,,,
1.8664518356323243,0.7531394958496094,2.0748173900828767e-05,4.680432645034415,33320,,,,,,,,,,,
1.865739631652832,0.7629368901252747,2.073061525495154e-05,4.683242028374772,33340,,,,,,,,,,,
1.9050291061401368,0.74207603931427,2.071305660907431e-05,4.686051411715129,33360,,,,,,,,,,,
1.8673851013183593,0.6873704791069031,2.069549796319708e-05,4.6888607950554855,33380,,,,,,,,,,,
1.856092643737793,0.739983320236206,2.067793931731985e-05,4.691670178395842,33400,,,,,,,,,,,
1.9326766967773437,0.721099317073822,2.066038067144262e-05,4.694479561736199,33420,,,,,,,,,,,
1.8452949523925781,0.7067523002624512,2.064282202556539e-05,4.697288945076556,33440,,,,,,,,,,,
1.8803688049316407,0.760594367980957,2.062526337968816e-05,4.700098328416912,33460,,,,,,,,,,,
1.9240947723388673,0.7967848181724548,2.0607704733810928e-05,4.70290771175727,33480,,,,,,,,,,,
1.8675493240356444,0.710864782333374,2.05901460879337e-05,4.705717095097626,33500,,,,,,,,,,,
1.8973228454589843,0.7289153337478638,2.057258744205647e-05,4.7085264784379826,33520,,,,,,,,,,,
1.849615478515625,0.7163820862770081,2.055502879617924e-05,4.711335861778339,33540,,,,,,,,,,,
1.9108226776123047,0.7036986947059631,2.053747015030201e-05,4.714145245118696,33560,,,,,,,,,,,
1.8680089950561523,0.7004442811012268,2.051991150442478e-05,4.716954628459053,33580,,,,,,,,,,,
1.8935016632080077,0.7811285853385925,2.0502352858547548e-05,4.71976401179941,33600,,,,,,,,,,,
1.8465328216552734,0.7573503255844116,2.048479421267032e-05,4.722573395139767,33620,,,,,,,,,,,
1.8987895965576171,0.7878419160842896,2.0467235566793088e-05,4.725382778480124,33640,,,,,,,,,,,
1.8486793518066407,0.752880871295929,2.044967692091586e-05,4.7281921618204805,33660,,,,,,,,,,,
1.820944595336914,0.7360383868217468,2.043211827503863e-05,4.731001545160837,33680,,,,,,,,,,,
1.8710319519042968,0.7397522330284119,2.04145596291614e-05,4.733810928501194,33700,,,,,,,,,,,
1.8929351806640624,0.7178651094436646,2.039700098328417e-05,4.736620311841551,33720,,,,,,,,,,,
1.8559743881225585,0.7691271305084229,2.037944233740694e-05,4.739429695181908,33740,,,,,,,,,,,
1.802901268005371,0.7490805983543396,2.0361883691529708e-05,4.742239078522264,33760,,,,,,,,,,,
1.9056657791137694,0.7926523685455322,2.034432504565248e-05,4.745048461862622,33780,,,,,,,,,,,
1.8797195434570313,0.8047808408737183,2.032676639977525e-05,4.747857845202978,33800,,,,,,,,,,,
1.8719207763671875,0.7518668174743652,2.030920775389802e-05,4.7506672285433345,33820,,,,,,,,,,,
1.8517732620239258,0.7113949656486511,2.0291649108020792e-05,4.753476611883691,33840,,,,,,,,,,,
1.867137336730957,0.711770236492157,2.027409046214356e-05,4.756285995224048,33860,,,,,,,,,,,
1.8877298355102539,0.7981806397438049,2.0256531816266332e-05,4.759095378564405,33880,,,,,,,,,,,
1.8523881912231446,0.784618616104126,2.02389731703891e-05,4.761904761904762,33900,,,,,,,,,,,
1.8591930389404296,0.762658417224884,2.022141452451187e-05,4.764714145245119,33920,,,,,,,,,,,
1.9108654022216798,0.7502996325492859,2.020385587863464e-05,4.767523528585476,33940,,,,,,,,,,,
1.925196075439453,0.7969565391540527,2.0186297232757412e-05,4.770332911925832,33960,,,,,,,,,,,
1.8603265762329102,0.7912383079528809,2.016873858688018e-05,4.773142295266189,33980,,,,,,,,,,,
1.8409406661987304,0.7545462250709534,2.0151179941002952e-05,4.775951678606546,34000,,,,,,,,,,,
1.8330787658691405,0.8080405592918396,2.013362129512572e-05,4.778761061946903,34020,,,,,,,,,,,
1.88427791595459,0.795026421546936,2.011606264924849e-05,4.78157044528726,34040,,,,,,,,,,,
1.9055061340332031,0.7064881920814514,2.009850400337126e-05,4.784379828627616,34060,,,,,,,,,,,
1.8394708633422852,0.7761228680610657,2.008094535749403e-05,4.787189211967973,34080,,,,,,,,,,,
1.8485382080078125,0.7157293558120728,2.00633867116168e-05,4.7899985953083295,34100,,,,,,,,,,,
1.8761941909790039,0.7249525785446167,2.0045828065739572e-05,4.792807978648686,34120,,,,,,,,,,,
1.9603143692016602,0.8567803502082825,2.002826941986234e-05,4.795617361989043,34140,,,,,,,,,,,
1.8981201171875,0.7553463578224182,2.0010710773985113e-05,4.7984267453294,34160,,,,,,,,,,,
1.8791227340698242,0.6634163856506348,1.999315212810788e-05,4.801236128669757,34180,,,,,,,,,,,
1.8188919067382812,0.7342602014541626,1.997559348223065e-05,4.804045512010114,34200,,,,,,,,,,,
1.8393878936767578,0.7647762298583984,1.995803483635342e-05,4.806854895350471,34220,,,,,,,,,,,
1.924187469482422,0.7591069340705872,1.9940476190476193e-05,4.8096642786908275,34240,,,,,,,,,,,
1.9111299514770508,0.6917522549629211,1.992291754459896e-05,4.812473662031184,34260,,,,,,,,,,,
1.824615478515625,0.7143763899803162,1.9905358898721733e-05,4.815283045371541,34280,,,,,,,,,,,
1.8355136871337892,0.7348500490188599,1.98878002528445e-05,4.818092428711898,34300,,,,,,,,,,,
1.8843097686767578,0.7377495169639587,1.9870241606967273e-05,4.820901812052255,34320,,,,,,,,,,,
1.8423727035522461,0.703747034072876,1.985268296109004e-05,4.823711195392612,34340,,,,,,,,,,,
1.8865474700927733,0.7384626269340515,1.983512431521281e-05,4.826520578732968,34360,,,,,,,,,,,
1.864825439453125,0.7630524039268494,1.981756566933558e-05,4.8293299620733245,34380,,,,,,,,,,,
1.8389532089233398,0.8025893568992615,1.9800007023458353e-05,4.832139345413681,34400,,,,,,,,,,,
1.8470441818237304,0.7854613065719604,1.978244837758112e-05,4.834948728754038,34420,,,,,,,,,,,
1.9039810180664063,0.7450211644172668,1.9764889731703893e-05,4.837758112094395,34440,,,,,,,,,,,
1.8704191207885743,0.7700672149658203,1.974733108582666e-05,4.840567495434752,34460,,,,,,,,,,,
1.9133020401000977,0.780838668346405,1.972977243994943e-05,4.843376878775109,34480,,,,,,,,,,,
1.8596851348876953,2.0636186599731445,1.9712213794072202e-05,4.846186262115466,34500,,,,,,,,,,,
1.8627531051635742,0.7551703453063965,1.969465514819497e-05,4.8489956454558225,34520,,,,,,,,,,,
1.8037139892578125,0.6942002177238464,1.9677096502317742e-05,4.851805028796179,34540,,,,,,,,,,,
1.881261444091797,0.7422311902046204,1.9659537856440514e-05,4.854614412136536,34560,,,,,,,,,,,
1.855206298828125,0.7325758934020996,1.9641979210563282e-05,4.857423795476893,34580,,,,,,,,,,,
1.9244298934936523,0.7051341533660889,1.9624420564686054e-05,4.86023317881725,34600,,,,,,,,,,,
1.8512941360473634,0.7701382637023926,1.9606861918808822e-05,4.863042562157607,34620,,,,,,,,,,,
1.9061147689819335,0.7274395227432251,1.958930327293159e-05,4.865851945497964,34640,,,,,,,,,,,
1.8187835693359375,0.7741460800170898,1.9571744627054362e-05,4.86866132883832,34660,,,,,,,,,,,
1.8527393341064453,0.7565685510635376,1.9554185981177134e-05,4.871470712178676,34680,,,,,,,,,,,
1.8441764831542968,0.7813777923583984,1.9536627335299902e-05,4.874280095519033,34700,,,,,,,,,,,
1.8115739822387695,0.8257799744606018,1.9519068689422674e-05,4.87708947885939,34720,,,,,,,,,,,
1.8217971801757813,0.7873008251190186,1.9501510043545442e-05,4.879898862199747,34740,,,,,,,,,,,
1.8848430633544921,0.7406834959983826,1.9483951397668214e-05,4.882708245540104,34760,,,,,,,,,,,
1.873866653442383,0.764231264591217,1.9466392751790982e-05,4.885517628880461,34780,,,,,,,,,,,
1.8334894180297852,0.7156100273132324,1.944883410591375e-05,4.888327012220818,34800,,,,,,,,,,,
1.8437868118286134,0.7269119024276733,1.9431275460036522e-05,4.891136395561174,34820,,,,,,,,,,,
1.9339056015014648,0.7221631407737732,1.9413716814159294e-05,4.893945778901531,34840,,,,,,,,,,,
1.9163778305053711,0.7326189875602722,1.9396158168282063e-05,4.896755162241888,34860,,,,,,,,,,,
1.9109481811523437,0.7938204407691956,1.9378599522404834e-05,4.899564545582245,34880,,,,,,,,,,,
1.8862428665161133,0.8045236468315125,1.9361040876527603e-05,4.902373928922602,34900,,,,,,,,,,,
1.8782257080078124,0.8082887530326843,1.934348223065037e-05,4.905183312262958,34920,,,,,,,,,,,
1.828873062133789,0.83561110496521,1.9325923584773143e-05,4.9079926956033155,34940,,,,,,,,,,,
1.8591802597045899,0.7597954273223877,1.930836493889591e-05,4.9108020789436715,34960,,,,,,,,,,,
1.8739959716796875,0.7696564197540283,1.9290806293018683e-05,4.913611462284028,34980,,,,,,,,,,,
1.8470733642578125,0.7492409944534302,1.9273247647141455e-05,4.916420845624385,35000,,,,,,,,,,,
1.9079465866088867,0.7781368494033813,1.9255689001264223e-05,4.919230228964742,35020,,,,,,,,,,,
1.9072649002075195,0.7976091504096985,1.9238130355386995e-05,4.922039612305099,35040,,,,,,,,,,,
1.858633041381836,0.6889533400535583,1.9220571709509763e-05,4.924848995645456,35060,,,,,,,,,,,
1.887260627746582,0.7277967929840088,1.920301306363253e-05,4.927658378985813,35080,,,,,,,,,,,
1.839398193359375,0.7016622424125671,1.9185454417755303e-05,4.9304677623261695,35100,,,,,,,,,,,
1.8611684799194337,0.7318063974380493,1.9167895771878075e-05,4.933277145666526,35120,,,,,,,,,,,
1.8517593383789062,0.8629758358001709,1.9150337126000843e-05,4.936086529006883,35140,,,,,,,,,,,
1.8540786743164062,0.7255957722663879,1.9132778480123615e-05,4.93889591234724,35160,,,,,,,,,,,
1.8569910049438476,0.7213736176490784,1.9115219834246383e-05,4.941705295687597,35180,,,,,,,,,,,
1.8492294311523438,0.7679826617240906,1.9097661188369155e-05,4.944514679027954,35200,,,,,,,,,,,
1.8489625930786133,0.7416039705276489,1.9080102542491923e-05,4.94732406236831,35220,,,,,,,,,,,
1.8731380462646485,0.7838118076324463,1.9062543896614692e-05,4.950133445708667,35240,,,,,,,,,,,
1.805224609375,0.6948865056037903,1.9044985250737467e-05,4.952942829049023,35260,,,,,,,,,,,
1.8301694869995118,0.7162216901779175,1.9027426604860235e-05,4.95575221238938,35280,,,,,,,,,,,
1.872052001953125,0.7089542150497437,1.9009867958983004e-05,4.958561595729737,35300,,,,,,,,,,,
1.8405632019042968,0.7601475119590759,1.8992309313105775e-05,4.961370979070094,35320,,,,,,,,,,,
1.903801727294922,0.7381196618080139,1.8974750667228544e-05,4.964180362410451,35340,,,,,,,,,,,
1.8850297927856445,0.7517163157463074,1.8957192021351312e-05,4.966989745750808,35360,,,,,,,,,,,
1.877669334411621,0.7366311550140381,1.8939633375474084e-05,4.9697991290911645,35380,,,,,,,,,,,
1.8606101989746093,0.8703829050064087,1.8922074729596852e-05,4.972608512431521,35400,,,,,,,,,,,
1.8704626083374023,0.9290767908096313,1.8904516083719624e-05,4.975417895771878,35420,,,,,,,,,,,
1.8609832763671874,0.7647201418876648,1.8886957437842396e-05,4.978227279112235,35440,,,,,,,,,,,
1.921411895751953,0.7474576234817505,1.8869398791965164e-05,4.981036662452592,35460,,,,,,,,,,,
1.8916547775268555,0.722430408000946,1.8851840146087936e-05,4.983846045792949,35480,,,,,,,,,,,
1.8762720108032227,0.7655072808265686,1.8834281500210704e-05,4.986655429133306,35500,,,,,,,,,,,
1.815732192993164,0.7224757075309753,1.8816722854333473e-05,4.989464812473662,35520,,,,,,,,,,,
1.842325210571289,0.8149707317352295,1.8799164208456244e-05,4.992274195814019,35540,,,,,,,,,,,
1.877783203125,0.7620112299919128,1.8781605562579016e-05,4.995083579154375,35560,,,,,,,,,,,
1.9035062789916992,0.9892469644546509,1.8764046916701784e-05,4.997892962494732,35580,,,,,,,,,,,
,,,5.0,35595,1.8303016424179077,13.897432257028216,38.71038280561041,282.5851,12.049,0.754,,,,,
1.8205179214477538,0.7639085054397583,1.8746488270824556e-05,5.000702345835089,35600,,,,,,,,,,,
1.839829444885254,0.7498307228088379,1.8728929624947324e-05,5.003511729175446,35620,,,,,,,,,,,
1.8704740524291992,0.7736631631851196,1.8711370979070096e-05,5.006321112515803,35640,,,,,,,,,,,
1.8126459121704102,0.7582381963729858,1.8693812333192865e-05,5.0091304958561595,35660,,,,,,,,,,,
1.8567117691040038,0.7595052123069763,1.8676253687315633e-05,5.011939879196516,35680,,,,,,,,,,,
1.8891300201416015,0.7719682455062866,1.8658695041438408e-05,5.014749262536873,35700,,,,,,,,,,,
1.866762924194336,0.702278196811676,1.8641136395561176e-05,5.01755864587723,35720,,,,,,,,,,,
1.8594621658325194,0.7467382550239563,1.8623577749683945e-05,5.020368029217587,35740,,,,,,,,,,,
1.8469926834106445,0.7262532114982605,1.8606019103806716e-05,5.023177412557944,35760,,,,,,,,,,,
1.8110002517700194,0.726042628288269,1.8588460457929485e-05,5.025986795898301,35780,,,,,,,,,,,
1.8771141052246094,0.7477908134460449,1.8570901812052253e-05,5.0287961792386575,35800,,,,,,,,,,,
1.8656354904174806,0.7768824696540833,1.8553343166175025e-05,5.0316055625790135,35820,,,,,,,,,,,
1.8845249176025392,0.7306234240531921,1.8535784520297793e-05,5.03441494591937,35840,,,,,,,,,,,
1.8540863037109374,0.7834476828575134,1.8518225874420565e-05,5.037224329259727,35860,,,,,,,,,,,
1.8015419006347657,0.7632098197937012,1.8500667228543337e-05,5.040033712600084,35880,,,,,,,,,,,
1.8148771286010743,0.7659325003623962,1.8483108582666105e-05,5.042843095940441,35900,,,,,,,,,,,
1.8432037353515625,0.7357196807861328,1.8465549936788877e-05,5.045652479280798,35920,,,,,,,,,,,
1.8391016006469727,0.7341791987419128,1.8447991290911645e-05,5.048461862621155,35940,,,,,,,,,,,
1.8719764709472657,0.7479352951049805,1.8430432645034414e-05,5.0512712459615114,35960,,,,,,,,,,,
1.838487434387207,0.7183116674423218,1.8412873999157185e-05,5.054080629301868,35980,,,,,,,,,,,
1.8281522750854493,0.745755672454834,1.8395315353279957e-05,5.056890012642225,36000,,,,,,,,,,,
1.8518484115600586,0.7513540983200073,1.8377756707402725e-05,5.059699395982582,36020,,,,,,,,,,,
1.8791563034057617,0.7179900407791138,1.8360198061525497e-05,5.062508779322939,36040,,,,,,,,,,,
1.8423786163330078,0.7465980648994446,1.8342639415648266e-05,5.065318162663296,36060,,,,,,,,,,,
1.8553871154785155,0.7862797379493713,1.8325080769771037e-05,5.068127546003653,36080,,,,,,,,,,,
1.841280746459961,0.8830869197845459,1.8307522123893806e-05,5.070936929344009,36100,,,,,,,,,,,
1.8677146911621094,0.7294930815696716,1.8289963478016574e-05,5.073746312684365,36120,,,,,,,,,,,
1.8766408920288087,0.7806128859519958,1.827240483213935e-05,5.076555696024722,36140,,,,,,,,,,,
1.8437667846679688,0.6741284132003784,1.8254846186262117e-05,5.079365079365079,36160,,,,,,,,,,,
1.8486856460571288,0.8657322525978088,1.8237287540384886e-05,5.082174462705436,36180,,,,,,,,,,,
1.8630657196044922,0.7869850397109985,1.8219728894507658e-05,5.084983846045793,36200,,,,,,,,,,,
1.8327777862548829,0.7054863572120667,1.8202170248630426e-05,5.08779322938615,36220,,,,,,,,,,,
1.8598039627075196,0.73809415102005,1.8184611602753198e-05,5.0906026127265065,36240,,,,,,,,,,,
1.8491430282592773,0.6840596199035645,1.8167052956875966e-05,5.093411996066863,36260,,,,,,,,,,,
1.815802001953125,0.7782614827156067,1.8149494310998734e-05,5.09622137940722,36280,,,,,,,,,,,
1.8190969467163085,0.7027150392532349,1.8131935665121506e-05,5.099030762747577,36300,,,,,,,,,,,
1.7902469635009766,0.7607727646827698,1.8114377019244278e-05,5.101840146087934,36320,,,,,,,,,,,
1.8600093841552734,0.6867130398750305,1.8096818373367046e-05,5.104649529428291,36340,,,,,,,,,,,
1.8309516906738281,0.7636731863021851,1.8079259727489818e-05,5.107458912768648,36360,,,,,,,,,,,
1.8323732376098634,0.70169597864151,1.8061701081612586e-05,5.1102682961090045,36380,,,,,,,,,,,
1.8192649841308595,0.7030299305915833,1.8044142435735355e-05,5.113077679449361,36400,,,,,,,,,,,
1.8484622955322265,0.7278649210929871,1.8026583789858126e-05,5.115887062789717,36420,,,,,,,,,,,
1.828726577758789,0.8099416494369507,1.8009025143980898e-05,5.118696446130074,36440,,,,,,,,,,,
1.8399896621704102,0.7445783019065857,1.7991466498103667e-05,5.121505829470431,36460,,,,,,,,,,,
1.8096536636352538,0.7433690428733826,1.7973907852226438e-05,5.124315212810788,36480,,,,,,,,,,,
1.896852684020996,0.7392839193344116,1.7956349206349207e-05,5.127124596151145,36500,,,,,,,,,,,
1.8701515197753906,0.7075708508491516,1.793879056047198e-05,5.1299339794915015,36520,,,,,,,,,,,
1.8672985076904296,0.7709307074546814,1.7921231914594747e-05,5.132743362831858,36540,,,,,,,,,,,
1.8509571075439453,0.7629910707473755,1.7903673268717515e-05,5.135552746172215,36560,,,,,,,,,,,
1.8034971237182618,0.7489936947822571,1.788611462284029e-05,5.138362129512572,36580,,,,,,,,,,,
1.887915802001953,0.765418529510498,1.786855597696306e-05,5.141171512852929,36600,,,,,,,,,,,
1.8585729598999023,0.7259395122528076,1.7850997331085827e-05,5.143980896193286,36620,,,,,,,,,,,
1.8384111404418946,0.7397966384887695,1.78334386852086e-05,5.146790279533643,36640,,,,,,,,,,,
1.8540420532226562,0.8171337246894836,1.7815880039331367e-05,5.1495996628739995,36660,,,,,,,,,,,
1.8670883178710938,0.752777099609375,1.779832139345414e-05,5.152409046214356,36680,,,,,,,,,,,
1.8237998962402344,0.9693832993507385,1.7780762747576907e-05,5.155218429554712,36700,,,,,,,,,,,
1.8875301361083985,0.8017339110374451,1.7763204101699675e-05,5.158027812895069,36720,,,,,,,,,,,
1.8716423034667968,0.7465407252311707,1.7745645455822447e-05,5.160837196235426,36740,,,,,,,,,,,
1.7703128814697267,0.8578614592552185,1.772808680994522e-05,5.163646579575783,36760,,,,,,,,,,,
1.9072580337524414,0.7988067865371704,1.7710528164067987e-05,5.16645596291614,36780,,,,,,,,,,,
1.8444067001342774,0.7047416567802429,1.769296951819076e-05,5.169265346256497,36800,,,,,,,,,,,
1.8464021682739258,0.7728808522224426,1.7675410872313527e-05,5.172074729596853,36820,,,,,,,,,,,
1.881764793395996,0.959536612033844,1.7657852226436296e-05,5.17488411293721,36840,,,,,,,,,,,
1.850893211364746,0.754446268081665,1.7640293580559067e-05,5.177693496277567,36860,,,,,,,,,,,
1.885261344909668,0.7539443373680115,1.762273493468184e-05,5.180502879617924,36880,,,,,,,,,,,
1.8610321044921876,0.7586084008216858,1.7605176288804608e-05,5.183312262958281,36900,,,,,,,,,,,
1.8107616424560546,0.7796449065208435,1.758761764292738e-05,5.186121646298638,36920,,,,,,,,,,,
1.842979621887207,0.7016669511795044,1.7570058997050148e-05,5.1889310296389946,36940,,,,,,,,,,,
1.8642898559570313,0.8238635063171387,1.755250035117292e-05,5.191740412979351,36960,,,,,,,,,,,
1.8673858642578125,0.7693303227424622,1.7534941705295688e-05,5.194549796319707,36980,,,,,,,,,,,
1.8935771942138673,0.7297586798667908,1.7517383059418456e-05,5.197359179660064,37000,,,,,,,,,,,
1.825271987915039,0.7347428202629089,1.749982441354123e-05,5.200168563000421,37020,,,,,,,,,,,
1.876092529296875,0.7458488345146179,1.7482265767664e-05,5.202977946340778,37040,,,,,,,,,,,
1.8336694717407227,0.7667785882949829,1.7464707121786768e-05,5.205787329681135,37060,,,,,,,,,,,
1.8051887512207032,0.696419894695282,1.744714847590954e-05,5.208596713021492,37080,,,,,,,,,,,
1.7869518280029297,0.8016306757926941,1.7429589830032308e-05,5.2114060963618485,37100,,,,,,,,,,,
1.8351827621459962,0.747745156288147,1.741203118415508e-05,5.214215479702205,37120,,,,,,,,,,,
1.8847078323364257,0.7645695209503174,1.7394472538277848e-05,5.217024863042562,37140,,,,,,,,,,,
1.8670036315917968,0.7628527879714966,1.7376913892400617e-05,5.219834246382919,37160,,,,,,,,,,,
1.8307565689086913,0.7328240871429443,1.7359355246523388e-05,5.222643629723276,37180,,,,,,,,,,,
1.8591991424560548,0.6830655932426453,1.734179660064616e-05,5.225453013063633,37200,,,,,,,,,,,
1.8716806411743163,0.7774060368537903,1.732423795476893e-05,5.22826239640399,37220,,,,,,,,,,,
1.8662454605102539,0.7077941298484802,1.73066793088917e-05,5.2310717797443465,37240,,,,,,,,,,,
1.72393798828125,0.6890087127685547,1.728912066301447e-05,5.233881163084703,37260,,,,,,,,,,,
1.8398578643798829,0.720878541469574,1.7271562017137237e-05,5.236690546425059,37280,,,,,,,,,,,
1.8406164169311523,0.8096657395362854,1.725400337126001e-05,5.239499929765416,37300,,,,,,,,,,,
1.8652940750122071,0.7184064984321594,1.723644472538278e-05,5.242309313105773,37320,,,,,,,,,,,
1.8790205001831055,0.7538702487945557,1.721888607950555e-05,5.24511869644613,37340,,,,,,,,,,,
1.870079231262207,0.7332810759544373,1.720132743362832e-05,5.247928079786487,37360,,,,,,,,,,,
1.8620582580566407,0.7518327236175537,1.718376878775109e-05,5.2507374631268435,37380,,,,,,,,,,,
1.807211685180664,0.6691833138465881,1.716621014187386e-05,5.2535468464672,37400,,,,,,,,,,,
1.8325792312622071,0.736069917678833,1.714865149599663e-05,5.256356229807557,37420,,,,,,,,,,,
1.7890167236328125,0.7231804132461548,1.7131092850119397e-05,5.259165613147914,37440,,,,,,,,,,,
1.8938070297241212,0.7144901752471924,1.7113534204242172e-05,5.261974996488271,37460,,,,,,,,,,,
1.8754411697387696,0.7421443462371826,1.709597555836494e-05,5.264784379828628,37480,,,,,,,,,,,
1.783485221862793,0.7134819030761719,1.707841691248771e-05,5.267593763168985,37500,,,,,,,,,,,
1.8294122695922852,0.7435879707336426,1.706085826661048e-05,5.2704031465093415,37520,,,,,,,,,,,
1.843670654296875,0.6783693432807922,1.704329962073325e-05,5.273212529849698,37540,,,,,,,,,,,
1.8592620849609376,0.7440328598022461,1.702574097485602e-05,5.276021913190055,37560,,,,,,,,,,,
1.8923524856567382,0.7041454315185547,1.700818232897879e-05,5.278831296530411,37580,,,,,,,,,,,
1.8637870788574218,0.7261759638786316,1.699062368310156e-05,5.281640679870768,37600,,,,,,,,,,,
1.9029996871948243,0.7775819301605225,1.6973065037224333e-05,5.284450063211125,37620,,,,,,,,,,,
1.800572395324707,0.7351951599121094,1.69555063913471e-05,5.287259446551482,37640,,,,,,,,,,,
1.8312492370605469,0.7859075665473938,1.693794774546987e-05,5.290068829891839,37660,,,,,,,,,,,
1.8224857330322266,0.6869914531707764,1.692038909959264e-05,5.292878213232195,37680,,,,,,,,,,,
1.8725500106811523,0.7160799503326416,1.690283045371541e-05,5.295687596572552,37700,,,,,,,,,,,
1.8251789093017579,0.7755461931228638,1.6885271807838178e-05,5.298496979912909,37720,,,,,,,,,,,
1.8629573822021483,0.7413634061813354,1.686771316196095e-05,5.301306363253266,37740,,,,,,,,,,,
1.8584602355957032,0.8232913613319397,1.685015451608372e-05,5.304115746593623,37760,,,,,,,,,,,
1.8251834869384767,0.7963884472846985,1.683259587020649e-05,5.30692512993398,37780,,,,,,,,,,,
1.8047739028930665,0.7703945636749268,1.681503722432926e-05,5.3097345132743365,37800,,,,,,,,,,,
1.8047876358032227,0.7480767369270325,1.679747857845203e-05,5.312543896614693,37820,,,,,,,,,,,
1.8437650680541993,0.7747312784194946,1.67799199325748e-05,5.31535327995505,37840,,,,,,,,,,,
1.8091787338256835,0.8237594366073608,1.676236128669757e-05,5.318162663295407,37860,,,,,,,,,,,
1.856282615661621,0.8089649081230164,1.6744802640820338e-05,5.320972046635763,37880,,,,,,,,,,,
1.8370256423950195,0.7046130895614624,1.6727243994943113e-05,5.32378142997612,37900,,,,,,,,,,,
1.8202531814575196,0.7586241364479065,1.6709685349065882e-05,5.326590813316477,37920,,,,,,,,,,,
1.860077476501465,0.7413249611854553,1.669212670318865e-05,5.329400196656834,37940,,,,,,,,,,,
1.8053413391113282,0.7073413729667664,1.6674568057311422e-05,5.3322095799971905,37960,,,,,,,,,,,
1.8757574081420898,0.7654817700386047,1.665700941143419e-05,5.335018963337547,37980,,,,,,,,,,,
1.8462772369384766,0.7038732767105103,1.6639450765556962e-05,5.337828346677904,38000,,,,,,,,,,,
1.8454704284667969,0.7290570735931396,1.662189211967973e-05,5.340637730018261,38020,,,,,,,,,,,
1.8029535293579102,0.8027585744857788,1.6604333473802502e-05,5.343447113358618,38040,,,,,,,,,,,
1.8738842010498047,0.7892481684684753,1.6586774827925274e-05,5.346256496698975,38060,,,,,,,,,,,
1.8440006256103516,0.7751580476760864,1.6569216182048042e-05,5.349065880039332,38080,,,,,,,,,,,
1.829873275756836,0.7170326709747314,1.655165753617081e-05,5.351875263379688,38100,,,,,,,,,,,
1.8262531280517578,0.8258251547813416,1.6534098890293582e-05,5.354684646720045,38120,,,,,,,,,,,
1.8202558517456056,0.7618786096572876,1.651654024441635e-05,5.357494030060402,38140,,,,,,,,,,,
1.8290040969848633,0.7231631875038147,1.649898159853912e-05,5.360303413400759,38160,,,,,,,,,,,
1.8438148498535156,0.8107340931892395,1.648142295266189e-05,5.363112796741115,38180,,,,,,,,,,,
1.8294076919555664,0.6909809708595276,1.6463864306784662e-05,5.365922180081472,38200,,,,,,,,,,,
1.9046558380126952,0.6750712394714355,1.644630566090743e-05,5.368731563421829,38220,,,,,,,,,,,
1.8570480346679688,0.7780747413635254,1.6428747015030203e-05,5.3715409467621855,38240,,,,,,,,,,,
1.7851383209228515,0.7592631578445435,1.641118836915297e-05,5.374350330102542,38260,,,,,,,,,,,
1.8716449737548828,0.7756889462471008,1.6393629723275743e-05,5.377159713442899,38280,,,,,,,,,,,
1.8071720123291015,0.7569208741188049,1.637607107739851e-05,5.379969096783256,38300,,,,,,,,,,,
1.7861967086791992,0.7331597805023193,1.635851243152128e-05,5.382778480123613,38320,,,,,,,,,,,
1.8307683944702149,0.7146127223968506,1.6340953785644054e-05,5.38558786346397,38340,,,,,,,,,,,
1.8282154083251954,0.7494806051254272,1.6323395139766823e-05,5.388397246804327,38360,,,,,,,,,,,
1.8231866836547852,0.6693350076675415,1.630583649388959e-05,5.3912066301446835,38380,,,,,,,,,,,
1.8428129196166991,0.7570984363555908,1.6288277848012363e-05,5.39401601348504,38400,,,,,,,,,,,
1.816960906982422,0.7293432354927063,1.627071920213513e-05,5.396825396825397,38420,,,,,,,,,,,
1.8710565567016602,0.7906445264816284,1.6253160556257903e-05,5.399634780165753,38440,,,,,,,,,,,
1.844395637512207,0.7048808336257935,1.623560191038067e-05,5.40244416350611,38460,,,,,,,,,,,
1.831850814819336,0.6999716758728027,1.6218043264503443e-05,5.405253546846467,38480,,,,,,,,,,,
1.8075141906738281,0.7417941689491272,1.6200484618626215e-05,5.408062930186824,38500,,,,,,,,,,,
1.7973968505859375,0.7789857983589172,1.6182925972748983e-05,5.410872313527181,38520,,,,,,,,,,,
1.8393051147460937,0.7456137537956238,1.616536732687175e-05,5.413681696867537,38540,,,,,,,,,,,
1.788998794555664,0.7476521730422974,1.6147808680994523e-05,5.416491080207894,38560,,,,,,,,,,,
1.8261316299438477,1.1125153303146362,1.6130250035117292e-05,5.419300463548251,38580,,,,,,,,,,,
1.7997983932495116,0.7339677810668945,1.611269138924006e-05,5.422109846888608,38600,,,,,,,,,,,
1.839310073852539,0.7163555026054382,1.6095132743362832e-05,5.424919230228965,38620,,,,,,,,,,,
1.8456798553466798,0.7332991361618042,1.6077574097485604e-05,5.427728613569322,38640,,,,,,,,,,,
1.826576042175293,0.853527307510376,1.6060015451608372e-05,5.4305379969096785,38660,,,,,,,,,,,
1.8487846374511718,0.7615174055099487,1.6042456805731144e-05,5.433347380250035,38680,,,,,,,,,,,
1.8121627807617187,0.7424769401550293,1.6024898159853912e-05,5.436156763590392,38700,,,,,,,,,,,
1.8198307037353516,0.7112626433372498,1.6007339513976684e-05,5.438966146930749,38720,,,,,,,,,,,
1.8823375701904297,0.7752382755279541,1.5989780868099452e-05,5.441775530271105,38740,,,,,,,,,,,
1.8447486877441406,0.9191005229949951,1.597222222222222e-05,5.444584913611462,38760,,,,,,,,,,,
1.8817266464233398,0.6879019737243652,1.5954663576344996e-05,5.447394296951819,38780,,,,,,,,,,,
1.8271165847778321,0.7731975317001343,1.5937104930467764e-05,5.450203680292176,38800,,,,,,,,,,,
1.8320405960083008,0.8109081983566284,1.5919546284590532e-05,5.4530130636325325,38820,,,,,,,,,,,
1.8092016220092773,0.7350069880485535,1.5901987638713304e-05,5.455822446972889,38840,,,,,,,,,,,
1.8149406433105468,0.7780099511146545,1.5884428992836072e-05,5.458631830313246,38860,,,,,,,,,,,
1.8493438720703126,0.7162186503410339,1.5866870346958844e-05,5.461441213653603,38880,,,,,,,,,,,
1.8487857818603515,0.7539569139480591,1.5849311701081612e-05,5.46425059699396,38900,,,,,,,,,,,
1.8378652572631835,0.706794798374176,1.5831753055204384e-05,5.467059980334317,38920,,,,,,,,,,,
1.817843246459961,0.7124686241149902,1.5814194409327156e-05,5.469869363674674,38940,,,,,,,,,,,
1.8364002227783203,0.7360151410102844,1.5796635763449924e-05,5.47267874701503,38960,,,,,,,,,,,
1.7928442001342773,0.731323778629303,1.5779077117572693e-05,5.475488130355387,38980,,,,,,,,,,,
1.8267616271972655,0.6905746459960938,1.5761518471695464e-05,5.478297513695744,39000,,,,,,,,,,,
1.8016092300415039,0.7879237532615662,1.5743959825818233e-05,5.481106897036101,39020,,,,,,,,,,,
1.9123302459716798,0.783825695514679,1.5726401179941e-05,5.483916280376457,39040,,,,,,,,,,,
1.8721183776855468,0.7521375417709351,1.5708842534063773e-05,5.486725663716814,39060,,,,,,,,,,,
1.832672119140625,0.8176496028900146,1.5691283888186545e-05,5.489535047057171,39080,,,,,,,,,,,
1.8800607681274415,0.7564080953598022,1.5673725242309313e-05,5.4923444303975275,39100,,,,,,,,,,,
1.8530153274536132,0.7362440824508667,1.5656166596432085e-05,5.495153813737884,39120,,,,,,,,,,,
1.825762939453125,0.7681607007980347,1.5638607950554853e-05,5.497963197078241,39140,,,,,,,,,,,
1.8305246353149414,0.7677711844444275,1.5621049304677625e-05,5.500772580418598,39160,,,,,,,,,,,
1.8091754913330078,0.720907986164093,1.5603490658800393e-05,5.503581963758955,39180,,,,,,,,,,,
1.8446374893188477,0.735703706741333,1.558593201292316e-05,5.506391347099312,39200,,,,,,,,,,,
1.8687873840332032,0.7728108763694763,1.5568373367045937e-05,5.509200730439669,39220,,,,,,,,,,,
1.8252832412719726,0.7144063711166382,1.5550814721168705e-05,5.5120101137800255,39240,,,,,,,,,,,
1.8612400054931642,0.7063292264938354,1.5533256075291473e-05,5.514819497120382,39260,,,,,,,,,,,
1.924626350402832,0.7196804881095886,1.5515697429414245e-05,5.517628880460739,39280,,,,,,,,,,,
1.847566795349121,0.7057629823684692,1.5498138783537013e-05,5.520438263801096,39300,,,,,,,,,,,
1.8228944778442382,0.7689421772956848,1.5480580137659785e-05,5.523247647141453,39320,,,,,,,,,,,
1.8622053146362305,0.7271735072135925,1.5463021491782554e-05,5.526057030481809,39340,,,,,,,,,,,
1.8481494903564453,0.7076550126075745,1.5445462845905325e-05,5.528866413822166,39360,,,,,,,,,,,
1.8339208602905273,0.7210775017738342,1.5427904200028097e-05,5.531675797162523,39380,,,,,,,,,,,
1.8229373931884765,0.7592437863349915,1.5410345554150865e-05,5.534485180502879,39400,,,,,,,,,,,
1.8364484786987305,0.7162498235702515,1.5392786908273634e-05,5.537294563843236,39420,,,,,,,,,,,
1.8035310745239257,0.8193277716636658,1.5375228262396406e-05,5.540103947183593,39440,,,,,,,,,,,
1.8125274658203125,0.8218122124671936,1.5357669616519174e-05,5.54291333052395,39460,,,,,,,,,,,
1.8359664916992187,0.7903794646263123,1.5340110970641942e-05,5.545722713864307,39480,,,,,,,,,,,
1.8484003067016601,0.7238330841064453,1.5322552324764717e-05,5.548532097204664,39500,,,,,,,,,,,
1.8615100860595704,0.7213230729103088,1.5304993678887486e-05,5.5513414805450205,39520,,,,,,,,,,,
1.8590448379516602,0.7661764621734619,1.5287435033010254e-05,5.554150863885377,39540,,,,,,,,,,,
1.836146354675293,0.7112007737159729,1.5269876387133026e-05,5.556960247225734,39560,,,,,,,,,,,
1.8634883880615234,0.7468606233596802,1.5252317741255794e-05,5.559769630566091,39580,,,,,,,,,,,
1.7694812774658204,0.7114145159721375,1.5234759095378564e-05,5.562579013906447,39600,,,,,,,,,,,
1.8463874816894532,0.7527691125869751,1.5217200449501334e-05,5.565388397246805,39620,,,,,,,,,,,
1.815088653564453,0.7328963279724121,1.5199641803624104e-05,5.568197780587161,39640,,,,,,,,,,,
1.8498092651367188,0.728295624256134,1.5182083157746876e-05,5.571007163927518,39660,,,,,,,,,,,
1.8546621322631835,0.7424851655960083,1.5164524511869646e-05,5.5738165472678745,39680,,,,,,,,,,,
1.7764360427856445,0.8957511186599731,1.5146965865992416e-05,5.576625930608231,39700,,,,,,,,,,,
1.780634880065918,0.723222017288208,1.5129407220115186e-05,5.579435313948588,39720,,,,,,,,,,,
1.7976318359375,0.7139151692390442,1.5111848574237955e-05,5.582244697288945,39740,,,,,,,,,,,
1.8384870529174804,0.725910484790802,1.5094289928360725e-05,5.585054080629302,39760,,,,,,,,,,,
1.8945667266845703,0.7329699397087097,1.5076731282483495e-05,5.587863463969659,39780,,,,,,,,,,,
1.8599632263183594,0.7271946668624878,1.5059172636606266e-05,5.590672847310016,39800,,,,,,,,,,,
1.8380409240722657,0.697638213634491,1.5041613990729036e-05,5.593482230650372,39820,,,,,,,,,,,
1.8632179260253907,0.7780434489250183,1.5024055344851806e-05,5.596291613990729,39840,,,,,,,,,,,
1.87462158203125,0.7548680305480957,1.5006496698974577e-05,5.599100997331086,39860,,,,,,,,,,,
1.8152894973754883,0.7398985028266907,1.4988938053097345e-05,5.601910380671443,39880,,,,,,,,,,,
1.7974706649780274,0.7345378994941711,1.4971379407220115e-05,5.604719764011799,39900,,,,,,,,,,,
1.8082305908203125,0.788104772567749,1.4953820761342885e-05,5.607529147352157,39920,,,,,,,,,,,
1.8449962615966797,0.7138528823852539,1.4936262115465657e-05,5.610338530692513,39940,,,,,,,,,,,
1.8370481491088868,0.708270788192749,1.4918703469588427e-05,5.6131479140328695,39960,,,,,,,,,,,
1.7904628753662108,0.7612004280090332,1.4901144823711197e-05,5.615957297373226,39980,,,,,,,,,,,
1.8804500579833985,0.6747443079948425,1.4883586177833967e-05,5.618766680713583,40000,,,,,,,,,,,
1.8167455673217774,1.0067371129989624,1.4866027531956735e-05,5.62157606405394,40020,,,,,,,,,,,
1.8852582931518556,0.8159390091896057,1.4848468886079505e-05,5.624385447394297,40040,,,,,,,,,,,
1.81610164642334,0.7213528156280518,1.4830910240202275e-05,5.627194830734654,40060,,,,,,,,,,,
1.8693525314331054,1.089921236038208,1.4813351594325045e-05,5.630004214075011,40080,,,,,,,,,,,
1.8459991455078124,1.0246083736419678,1.4795792948447817e-05,5.6328135974153675,40100,,,,,,,,,,,
1.8278667449951171,0.7647916674613953,1.4778234302570587e-05,5.635622980755724,40120,,,,,,,,,,,
1.8391666412353516,0.7092607021331787,1.4760675656693357e-05,5.638432364096081,40140,,,,,,,,,,,
1.891697883605957,0.7913417816162109,1.4743117010816127e-05,5.641241747436438,40160,,,,,,,,,,,
1.8243053436279297,0.7333390116691589,1.4725558364938896e-05,5.644051130776795,40180,,,,,,,,,,,
1.842974853515625,0.802009105682373,1.4707999719061666e-05,5.646860514117151,40200,,,,,,,,,,,
1.8488004684448243,0.7647289037704468,1.4690441073184436e-05,5.649669897457508,40220,,,,,,,,,,,
1.814584732055664,0.7080426812171936,1.4672882427307207e-05,5.6524792807978645,40240,,,,,,,,,,,
1.8346759796142578,0.7551807165145874,1.4655323781429978e-05,5.655288664138221,40260,,,,,,,,,,,
1.7947317123413087,0.7686638832092285,1.4637765135552748e-05,5.658098047478578,40280,,,,,,,,,,,
1.8540521621704102,0.8339796662330627,1.4620206489675518e-05,5.660907430818935,40300,,,,,,,,,,,
1.85882625579834,0.9066885113716125,1.4602647843798286e-05,5.663716814159292,40320,,,,,,,,,,,
1.8165231704711915,0.7295612096786499,1.4585089197921056e-05,5.666526197499649,40340,,,,,,,,,,,
1.7970760345458985,0.7726548910140991,1.4567530552043826e-05,5.669335580840006,40360,,,,,,,,,,,
1.843416404724121,0.7036724090576172,1.4549971906166598e-05,5.6721449641803625,40380,,,,,,,,,,,
1.8427736282348632,0.7407273054122925,1.4532413260289368e-05,5.674954347520719,40400,,,,,,,,,,,
1.841851806640625,0.7336452007293701,1.4514854614412138e-05,5.677763730861076,40420,,,,,,,,,,,
1.8225204467773437,0.7360560297966003,1.4497295968534908e-05,5.680573114201433,40440,,,,,,,,,,,
1.8408447265625,0.7840789556503296,1.4479737322657676e-05,5.68338249754179,40460,,,,,,,,,,,
1.8365028381347657,0.7808513641357422,1.4462178676780446e-05,5.686191880882147,40480,,,,,,,,,,,
1.7700674057006835,0.7865824103355408,1.4444620030903216e-05,5.689001264222503,40500,,,,,,,,,,,
1.8126186370849608,0.7761767506599426,1.4427061385025986e-05,5.69181064756286,40520,,,,,,,,,,,
1.8078006744384765,0.7425331473350525,1.4409502739148758e-05,5.6946200309032164,40540,,,,,,,,,,,
1.853363609313965,0.6498212218284607,1.4391944093271528e-05,5.697429414243573,40560,,,,,,,,,,,
1.811455535888672,0.7761125564575195,1.4374385447394298e-05,5.70023879758393,40580,,,,,,,,,,,
1.8130849838256835,0.7992589473724365,1.4356826801517068e-05,5.703048180924287,40600,,,,,,,,,,,
1.8705429077148437,0.8108517527580261,1.4339268155639837e-05,5.705857564264644,40620,,,,,,,,,,,
1.8078388214111327,0.81534343957901,1.4321709509762607e-05,5.708666947605001,40640,,,,,,,,,,,
1.868741798400879,0.7260719537734985,1.4304150863885377e-05,5.711476330945358,40660,,,,,,,,,,,
1.803724479675293,0.7136052250862122,1.4286592218008149e-05,5.714285714285714,40680,,,,,,,,,,,
1.900923728942871,0.8037837147712708,1.4269033572130919e-05,5.717095097626071,40700,,,,,,,,,,,
1.8205244064331054,0.7492354512214661,1.4251474926253689e-05,5.719904480966428,40720,,,,,,,,,,,
1.7976295471191406,0.7633998394012451,1.4233916280376459e-05,5.722713864306785,40740,,,,,,,,,,,
1.8447237014770508,0.8358567357063293,1.4216357634499227e-05,5.725523247647142,40760,,,,,,,,,,,
1.8605459213256836,0.7381417155265808,1.4198798988621997e-05,5.728332630987499,40780,,,,,,,,,,,
1.7879325866699218,0.7532203793525696,1.4181240342744767e-05,5.731142014327855,40800,,,,,,,,,,,
1.8482154846191405,0.7351180911064148,1.4163681696867539e-05,5.7339513976682115,40820,,,,,,,,,,,
1.7964561462402344,0.7242034077644348,1.4146123050990309e-05,5.736760781008568,40840,,,,,,,,,,,
1.7772907257080077,0.7310498952865601,1.4128564405113079e-05,5.739570164348925,40860,,,,,,,,,,,
1.8485776901245117,0.8256210684776306,1.4111005759235849e-05,5.742379547689282,40880,,,,,,,,,,,
1.807326316833496,0.7259109020233154,1.4093447113358617e-05,5.745188931029639,40900,,,,,,,,,,,
1.837435531616211,0.6993853449821472,1.4075888467481387e-05,5.747998314369996,40920,,,,,,,,,,,
1.8180522918701172,0.7315694689750671,1.4058329821604157e-05,5.750807697710353,40940,,,,,,,,,,,
1.8429729461669921,0.9742891192436218,1.4040771175726928e-05,5.7536170810507095,40960,,,,,,,,,,,
1.901444435119629,0.6945470571517944,1.40232125298497e-05,5.756426464391066,40980,,,,,,,,,,,
1.8290267944335938,0.7551798224449158,1.400565388397247e-05,5.759235847731423,41000,,,,,,,,,,,
1.7989944458007812,0.9728367924690247,1.398809523809524e-05,5.76204523107178,41020,,,,,,,,,,,
1.7858617782592774,0.7564405798912048,1.397053659221801e-05,5.764854614412137,41040,,,,,,,,,,,
1.8233436584472655,0.7233816385269165,1.3952977946340778e-05,5.767663997752493,41060,,,,,,,,,,,
1.8314674377441407,0.7148669362068176,1.3935419300463548e-05,5.770473381092851,41080,,,,,,,,,,,
1.823236846923828,0.8037759065628052,1.3917860654586318e-05,5.7732827644332065,41100,,,,,,,,,,,
1.8485336303710938,0.7415956258773804,1.390030200870909e-05,5.776092147773563,41120,,,,,,,,,,,
1.8324520111083984,0.8275581002235413,1.388274336283186e-05,5.77890153111392,41140,,,,,,,,,,,
1.8318090438842773,0.7276204228401184,1.386518471695463e-05,5.781710914454277,41160,,,,,,,,,,,
1.8276506423950196,0.7542176842689514,1.38476260710774e-05,5.784520297794634,41180,,,,,,,,,,,
1.8167131423950196,0.7818335294723511,1.3830067425200168e-05,5.787329681134991,41200,,,,,,,,,,,
1.811549186706543,0.7503839135169983,1.3812508779322938e-05,5.790139064475348,41220,,,,,,,,,,,
1.849823570251465,0.6969459056854248,1.3794950133445708e-05,5.7929484478157045,41240,,,,,,,,,,,
1.844703483581543,0.7772970795631409,1.377739148756848e-05,5.795757831156061,41260,,,,,,,,,,,
1.8399738311767577,0.7119652032852173,1.375983284169125e-05,5.798567214496418,41280,,,,,,,,,,,
1.7851585388183593,0.7739975452423096,1.374227419581402e-05,5.801376597836775,41300,,,,,,,,,,,
1.8074838638305664,0.7356029748916626,1.372471554993679e-05,5.804185981177132,41320,,,,,,,,,,,
1.8108133316040038,0.7621086835861206,1.370715690405956e-05,5.806995364517489,41340,,,,,,,,,,,
1.821049118041992,0.7346821427345276,1.3689598258182329e-05,5.809804747857845,41360,,,,,,,,,,,
1.8127496719360352,0.7601302862167358,1.3672039612305099e-05,5.8126141311982025,41380,,,,,,,,,,,
1.827639389038086,0.713545560836792,1.365448096642787e-05,5.815423514538558,41400,,,,,,,,,,,
1.8272932052612305,0.6600708365440369,1.363692232055064e-05,5.818232897878915,41420,,,,,,,,,,,
1.8154218673706055,0.7391810417175293,1.361936367467341e-05,5.821042281219272,41440,,,,,,,,,,,
1.788172721862793,0.7541810274124146,1.360180502879618e-05,5.823851664559629,41460,,,,,,,,,,,
1.8500894546508788,0.7081409692764282,1.358424638291895e-05,5.826661047899986,41480,,,,,,,,,,,
1.7996665954589843,0.7959646582603455,1.3566687737041719e-05,5.829470431240343,41500,,,,,,,,,,,
1.820786476135254,0.7143666744232178,1.3549129091164489e-05,5.8322798145806996,41520,,,,,,,,,,,
1.8109207153320312,0.7080497145652771,1.3531570445287259e-05,5.835089197921056,41540,,,,,,,,,,,
1.8187900543212892,0.6699988842010498,1.351401179941003e-05,5.837898581261413,41560,,,,,,,,,,,
1.8993684768676757,0.745064377784729,1.34964531535328e-05,5.84070796460177,41580,,,,,,,,,,,
1.8084745407104492,0.7497062087059021,1.347889450765557e-05,5.843517347942127,41600,,,,,,,,,,,
1.86840877532959,0.7559666037559509,1.346133586177834e-05,5.846326731282484,41620,,,,,,,,,,,
1.8162118911743164,0.7063226699829102,1.344377721590111e-05,5.849136114622841,41640,,,,,,,,,,,
1.8369951248168945,0.7721037268638611,1.342621857002388e-05,5.851945497963197,41660,,,,,,,,,,,
1.8141029357910157,0.77927166223526,1.340865992414665e-05,5.8547548813035535,41680,,,,,,,,,,,
1.8246189117431642,0.7909950613975525,1.3391101278269421e-05,5.85756426464391,41700,,,,,,,,,,,
1.7970399856567383,0.6648766994476318,1.3373542632392191e-05,5.860373647984267,41720,,,,,,,,,,,
1.8046024322509766,0.7410241961479187,1.3355983986514961e-05,5.863183031324624,41740,,,,,,,,,,,
1.8215204238891602,0.7893999218940735,1.3338425340637731e-05,5.865992414664981,41760,,,,,,,,,,,
1.8248397827148437,0.7754838466644287,1.3320866694760501e-05,5.868801798005338,41780,,,,,,,,,,,
1.7977270126342773,0.766808807849884,1.330330804888327e-05,5.871611181345695,41800,,,,,,,,,,,
1.850371742248535,0.7590509653091431,1.328574940300604e-05,5.8744205646860514,41820,,,,,,,,,,,
1.7900527954101562,0.7523805499076843,1.3268190757128811e-05,5.877229948026408,41840,,,,,,,,,,,
1.850895881652832,0.7752301692962646,1.3250632111251581e-05,5.880039331366765,41860,,,,,,,,,,,
1.84576416015625,0.7351241111755371,1.3233073465374351e-05,5.882848714707122,41880,,,,,,,,,,,
1.8000099182128906,0.7488165497779846,1.3215514819497122e-05,5.885658098047479,41900,,,,,,,,,,,
1.7811981201171876,0.7757231593132019,1.3197956173619892e-05,5.888467481387836,41920,,,,,,,,,,,
1.7932575225830079,0.7590968608856201,1.318039752774266e-05,5.891276864728193,41940,,,,,,,,,,,
1.8409923553466796,0.7827172875404358,1.316283888186543e-05,5.8940862480685485,41960,,,,,,,,,,,
1.866309356689453,0.7252690196037292,1.31452802359882e-05,5.896895631408905,41980,,,,,,,,,,,
1.8265165328979491,0.8015528917312622,1.3127721590110972e-05,5.899705014749262,42000,,,,,,,,,,,
1.8235128402709961,0.7231084108352661,1.3110162944233742e-05,5.902514398089619,42020,,,,,,,,,,,
1.8363609313964844,0.7180436849594116,1.3092604298356512e-05,5.905323781429976,42040,,,,,,,,,,,
1.8267898559570312,0.7255122661590576,1.3075045652479282e-05,5.908133164770333,42060,,,,,,,,,,,
1.8264785766601563,0.7443233728408813,1.305748700660205e-05,5.91094254811069,42080,,,,,,,,,,,
1.7469247817993163,0.7491233944892883,1.303992836072482e-05,5.9137519314510465,42100,,,,,,,,,,,
1.8205936431884766,0.7491511702537537,1.302236971484759e-05,5.916561314791403,42120,,,,,,,,,,,
1.8514341354370116,0.7479494214057922,1.3004811068970362e-05,5.91937069813176,42140,,,,,,,,,,,
1.8559791564941406,0.7874515652656555,1.2987252423093132e-05,5.922180081472117,42160,,,,,,,,,,,
1.8107067108154298,0.6956018805503845,1.2969693777215902e-05,5.924989464812474,42180,,,,,,,,,,,
1.7495695114135743,0.7669912576675415,1.2952135131338672e-05,5.927798848152831,42200,,,,,,,,,,,
1.8093832015991211,0.8489184975624084,1.2934576485461442e-05,5.930608231493188,42220,,,,,,,,,,,
1.847102165222168,0.7480764985084534,1.291701783958421e-05,5.9334176148335445,42240,,,,,,,,,,,
1.779749870300293,0.7256931066513062,1.289945919370698e-05,5.9362269981739,42260,,,,,,,,,,,
1.8292011260986327,0.7971082329750061,1.2881900547829754e-05,5.939036381514257,42280,,,,,,,,,,,
1.7748743057250977,0.7339223027229309,1.2864341901952523e-05,5.941845764854614,42300,,,,,,,,,,,
1.8100105285644532,0.7956112623214722,1.2846783256075293e-05,5.944655148194971,42320,,,,,,,,,,,
1.825597381591797,0.6971775889396667,1.2829224610198063e-05,5.947464531535328,42340,,,,,,,,,,,
1.7649723052978517,0.8148972392082214,1.2811665964320833e-05,5.950273914875685,42360,,,,,,,,,,,
1.7780715942382812,0.7506788969039917,1.2794107318443601e-05,5.9530832982160415,42380,,,,,,,,,,,
1.8274181365966797,0.7443239688873291,1.2776548672566371e-05,5.955892681556398,42400,,,,,,,,,,,
1.7893936157226562,0.7314131855964661,1.2758990026689141e-05,5.958702064896755,42420,,,,,,,,,,,
1.8199935913085938,0.7383275628089905,1.2741431380811913e-05,5.961511448237112,42440,,,,,,,,,,,
1.8150070190429688,0.7694360017776489,1.2723872734934683e-05,5.964320831577469,42460,,,,,,,,,,,
1.8086214065551758,0.7696319222450256,1.2706314089057453e-05,5.967130214917826,42480,,,,,,,,,,,
1.7938562393188477,0.7289251089096069,1.2688755443180223e-05,5.969939598258183,42500,,,,,,,,,,,
1.8535449981689454,0.8032172322273254,1.2671196797302991e-05,5.9727489815985395,42520,,,,,,,,,,,
1.884153175354004,0.7397957444190979,1.2653638151425761e-05,5.975558364938896,42540,,,,,,,,,,,
1.7799007415771484,0.6945931911468506,1.2636079505548531e-05,5.978367748279252,42560,,,,,,,,,,,
1.8018634796142579,0.7165504693984985,1.2618520859671303e-05,5.981177131619609,42580,,,,,,,,,,,
1.7934404373168946,0.6783122420310974,1.2600962213794073e-05,5.983986514959966,42600,,,,,,,,,,,
1.7738279342651366,0.7273609042167664,1.2583403567916843e-05,5.986795898300323,42620,,,,,,,,,,,
1.839090347290039,0.7453780174255371,1.2565844922039613e-05,5.98960528164068,42640,,,,,,,,,,,
1.8137193679809571,0.7331737875938416,1.2548286276162383e-05,5.992414664981037,42660,,,,,,,,,,,
1.805938720703125,0.7995200157165527,1.2530727630285152e-05,5.995224048321393,42680,,,,,,,,,,,
1.8445981979370116,0.7234126329421997,1.2513168984407922e-05,5.99803343166175,42700,,,,,,,,,,,
,,,6.0,42714,1.7939738035202026,14.724355135035683,39.637842965057196,278.1326,12.242,0.766,,,,,
1.8071586608886718,0.75444096326828,1.2495610338530694e-05,6.000842815002107,42720,,,,,,,,,,,
1.7748689651489258,0.7083125710487366,1.2478051692653462e-05,6.003652198342464,42740,,,,,,,,,,,
1.824193572998047,0.8698301315307617,1.2460493046776234e-05,6.006461581682821,42760,,,,,,,,,,,
1.8309730529785155,0.7438565492630005,1.2442934400899004e-05,6.009270965023178,42780,,,,,,,,,,,
1.7387943267822266,0.7645682096481323,1.2425375755021774e-05,6.0120803483635346,42800,,,,,,,,,,,
1.8088077545166015,0.7367886304855347,1.2407817109144542e-05,6.014889731703891,42820,,,,,,,,,,,
1.8095407485961914,0.7212082743644714,1.2390258463267314e-05,6.017699115044247,42840,,,,,,,,,,,
1.8559745788574218,0.7174856662750244,1.2372699817390084e-05,6.020508498384604,42860,,,,,,,,,,,
1.8018098831176759,0.7578048706054688,1.2355141171512854e-05,6.023317881724961,42880,,,,,,,,,,,
1.8273595809936523,0.7027074098587036,1.2337582525635624e-05,6.026127265065318,42900,,,,,,,,,,,
1.7912078857421876,0.7974886894226074,1.2320023879758394e-05,6.028936648405675,42920,,,,,,,,,,,
1.8218366622924804,0.7212896347045898,1.2302465233881164e-05,6.031746031746032,42940,,,,,,,,,,,
1.8239925384521485,0.7389706373214722,1.2284906588003932e-05,6.0345554150863885,42960,,,,,,,,,,,
1.8513418197631837,0.7234978675842285,1.2267347942126704e-05,6.037364798426745,42980,,,,,,,,,,,
1.8136995315551758,0.7582921981811523,1.2249789296249474e-05,6.040174181767102,43000,,,,,,,,,,,
1.8181209564208984,0.755296528339386,1.2232230650372244e-05,6.042983565107459,43020,,,,,,,,,,,
1.8042722702026368,0.7288511991500854,1.2214672004495013e-05,6.045792948447816,43040,,,,,,,,,,,
1.786964225769043,0.7356752157211304,1.2197113358617784e-05,6.048602331788173,43060,,,,,,,,,,,
1.773822021484375,1.0516510009765625,1.2179554712740554e-05,6.05141171512853,43080,,,,,,,,,,,
1.8148181915283204,0.7412208318710327,1.2161996066863324e-05,6.0542210984688865,43100,,,,,,,,,,,
1.8050376892089843,0.770043671131134,1.2144437420986095e-05,6.057030481809243,43120,,,,,,,,,,,
1.8671279907226563,0.6939820647239685,1.2126878775108865e-05,6.059839865149599,43140,,,,,,,,,,,
1.8400867462158204,0.7629518508911133,1.2109320129231635e-05,6.062649248489956,43160,,,,,,,,,,,
1.8351892471313476,0.8027386665344238,1.2091761483354403e-05,6.065458631830313,43180,,,,,,,,,,,
1.8058250427246094,0.6990846395492554,1.2074202837477175e-05,6.06826801517067,43200,,,,,,,,,,,
1.7874561309814454,0.7543905973434448,1.2056644191599945e-05,6.071077398511027,43220,,,,,,,,,,,
1.8044204711914062,0.8036296367645264,1.2039085545722715e-05,6.0738867818513835,43240,,,,,,,,,,,
1.8655105590820313,0.7511412501335144,1.2021526899845483e-05,6.07669616519174,43260,,,,,,,,,,,
1.7821977615356446,0.7684321999549866,1.2003968253968255e-05,6.079505548532097,43280,,,,,,,,,,,
1.8322471618652343,0.7271961569786072,1.1986409608091025e-05,6.082314931872454,43300,,,,,,,,,,,
1.791714859008789,0.7403550148010254,1.1968850962213795e-05,6.085124315212811,43320,,,,,,,,,,,
1.7950979232788087,0.7651453018188477,1.1951292316336565e-05,6.087933698553168,43340,,,,,,,,,,,
1.8404623031616212,0.7984532713890076,1.1933733670459335e-05,6.090743081893525,43360,,,,,,,,,,,
1.8073801040649413,0.7925381064414978,1.1916175024582105e-05,6.0935524652338815,43380,,,,,,,,,,,
1.7689783096313476,0.662926971912384,1.1898616378704874e-05,6.096361848574238,43400,,,,,,,,,,,
1.818265724182129,0.7207923531532288,1.1881057732827645e-05,6.099171231914594,43420,,,,,,,,,,,
1.796364974975586,0.7486667633056641,1.1863499086950415e-05,6.101980615254951,43440,,,,,,,,,,,
1.8234020233154298,0.7474468350410461,1.1845940441073185e-05,6.104789998595308,43460,,,,,,,,,,,
1.8139457702636719,0.6933086514472961,1.1828381795195954e-05,6.107599381935665,43480,,,,,,,,,,,
1.8257291793823243,0.7507386207580566,1.1810823149318725e-05,6.110408765276022,43500,,,,,,,,,,,
1.7718696594238281,0.7634252905845642,1.1793264503441495e-05,6.113218148616379,43520,,,,,,,,,,,
1.8081966400146485,0.7152252197265625,1.1775705857564266e-05,6.116027531956735,43540,,,,,,,,,,,
1.8218936920166016,0.7329436540603638,1.1758147211687036e-05,6.118836915297092,43560,,,,,,,,,,,
1.8050003051757812,0.7779445052146912,1.1740588565809806e-05,6.121646298637449,43580,,,,,,,,,,,
1.7993423461914062,0.7486084699630737,1.1723029919932576e-05,6.124455681977806,43600,,,,,,,,,,,
1.8154531478881837,0.737614631652832,1.1705471274055344e-05,6.127265065318163,43620,,,,,,,,,,,
1.8223424911499024,0.7687501907348633,1.1687912628178116e-05,6.13007444865852,43640,,,,,,,,,,,
1.7618377685546875,0.7341439723968506,1.1670353982300886e-05,6.1328838319988765,43660,,,,,,,,,,,
1.7536275863647461,0.7212836146354675,1.1652795336423656e-05,6.135693215339233,43680,,,,,,,,,,,
1.8060245513916016,0.7462033629417419,1.1635236690546424e-05,6.13850259867959,43700,,,,,,,,,,,
1.8023962020874023,0.8065762519836426,1.1617678044669196e-05,6.141311982019946,43720,,,,,,,,,,,
1.827684211730957,0.7566794157028198,1.1600119398791966e-05,6.144121365360303,43740,,,,,,,,,,,
1.8074504852294921,0.7253751754760742,1.1582560752914736e-05,6.14693074870066,43760,,,,,,,,,,,
1.8374216079711914,0.7896000146865845,1.1565002107037506e-05,6.149740132041017,43780,,,,,,,,,,,
1.7775432586669921,0.7628611922264099,1.1547443461160276e-05,6.152549515381374,43800,,,,,,,,,,,
1.7939533233642577,0.7572289109230042,1.1529884815283046e-05,6.1553588987217305,43820,,,,,,,,,,,
1.7789932250976563,0.7330961227416992,1.1512326169405816e-05,6.158168282062087,43840,,,,,,,,,,,
1.8171403884887696,0.6916502714157104,1.1494767523528586e-05,6.160977665402444,43860,,,,,,,,,,,
1.7971826553344727,0.8161439895629883,1.1477208877651356e-05,6.163787048742801,43880,,,,,,,,,,,
1.8685314178466796,0.735891580581665,1.1459650231774126e-05,6.166596432083158,43900,,,,,,,,,,,
1.8624357223510741,0.7058482766151428,1.1442091585896895e-05,6.169405815423515,43920,,,,,,,,,,,
1.7987861633300781,0.7637647390365601,1.1424532940019667e-05,6.172215198763872,43940,,,,,,,,,,,
1.7965593338012695,0.7693457007408142,1.1406974294142437e-05,6.175024582104228,43960,,,,,,,,,,,
1.7710851669311523,0.808200478553772,1.1389415648265207e-05,6.177833965444585,43980,,,,,,,,,,,
1.8541294097900392,0.7216591238975525,1.1371857002387977e-05,6.180643348784942,44000,,,,,,,,,,,
1.824249839782715,0.7156814932823181,1.1354298356510747e-05,6.183452732125298,44020,,,,,,,,,,,
1.802605438232422,0.7264917492866516,1.1336739710633517e-05,6.186262115465655,44040,,,,,,,,,,,
1.8192514419555663,0.7600538730621338,1.1319181064756287e-05,6.189071498806012,44060,,,,,,,,,,,
1.7757946014404298,0.724235475063324,1.1301622418879057e-05,6.191880882146369,44080,,,,,,,,,,,
1.7932422637939454,0.7102898359298706,1.1284063773001827e-05,6.1946902654867255,44100,,,,,,,,,,,
1.8223567962646485,0.822318434715271,1.1266505127124597e-05,6.197499648827082,44120,,,,,,,,,,,
1.8255374908447266,0.7105441689491272,1.1248946481247365e-05,6.200309032167439,44140,,,,,,,,,,,
1.7605323791503906,0.7432327270507812,1.1231387835370137e-05,6.203118415507796,44160,,,,,,,,,,,
1.8189207077026368,0.7007830739021301,1.1213829189492907e-05,6.205927798848153,44180,,,,,,,,,,,
1.8464458465576172,0.7531722187995911,1.1196270543615677e-05,6.20873718218851,44200,,,,,,,,,,,
1.7678136825561523,0.7914125919342041,1.1178711897738447e-05,6.211546565528867,44220,,,,,,,,,,,
1.8412765502929687,0.748151421546936,1.1161153251861217e-05,6.2143559488692235,44240,,,,,,,,,,,
1.8288114547729493,0.7424125075340271,1.1143594605983987e-05,6.21716533220958,44260,,,,,,,,,,,
1.8030797958374023,0.7611851096153259,1.1126035960106757e-05,6.219974715549937,44280,,,,,,,,,,,
1.799885368347168,0.7397399544715881,1.1108477314229527e-05,6.222784098890293,44300,,,,,,,,,,,
1.8706977844238282,0.7726064324378967,1.1090918668352297e-05,6.22559348223065,44320,,,,,,,,,,,
1.82332763671875,0.7579575777053833,1.1073360022475068e-05,6.228402865571007,44340,,,,,,,,,,,
1.8233543395996095,0.7359278202056885,1.1055801376597838e-05,6.231212248911364,44360,,,,,,,,,,,
1.8104711532592774,0.7219573259353638,1.1038242730720608e-05,6.234021632251721,44380,,,,,,,,,,,
1.7885536193847655,0.8335106372833252,1.1020684084843378e-05,6.236831015592077,44400,,,,,,,,,,,
1.7880647659301758,0.7189052104949951,1.1003125438966148e-05,6.239640398932434,44420,,,,,,,,,,,
1.7482736587524415,0.7455713748931885,1.0985566793088918e-05,6.242449782272791,44440,,,,,,,,,,,
1.7851408004760743,0.741208553314209,1.0968008147211688e-05,6.245259165613148,44460,,,,,,,,,,,
1.7176149368286133,0.7765027284622192,1.0950449501334458e-05,6.248068548953505,44480,,,,,,,,,,,
1.7785165786743165,0.7824146747589111,1.0932890855457228e-05,6.250877932293862,44500,,,,,,,,,,,
1.8536794662475586,0.7601756453514099,1.0915332209579998e-05,6.2536873156342185,44520,,,,,,,,,,,
1.781662368774414,0.8854044675827026,1.0897773563702768e-05,6.256496698974575,44540,,,,,,,,,,,
1.7781017303466797,0.7319055199623108,1.0880214917825538e-05,6.259306082314932,44560,,,,,,,,,,,
1.8521505355834962,0.7757841944694519,1.0862656271948308e-05,6.262115465655288,44580,,,,,,,,,,,
1.8136940002441406,0.7931504249572754,1.0845097626071078e-05,6.264924848995645,44600,,,,,,,,,,,
1.7733020782470703,0.7506410479545593,1.0827538980193848e-05,6.267734232336002,44620,,,,,,,,,,,
1.7814933776855468,0.7402352094650269,1.0809980334316618e-05,6.270543615676359,44640,,,,,,,,,,,
1.8275508880615234,0.8321622610092163,1.0792421688439388e-05,6.273352999016716,44660,,,,,,,,,,,
1.8066019058227538,0.7410120368003845,1.0774863042562158e-05,6.2761623823570725,44680,,,,,,,,,,,
1.8496969223022461,0.7951553463935852,1.0757304396684928e-05,6.278971765697429,44700,,,,,,,,,,,
1.7724571228027344,0.7238650321960449,1.0739745750807698e-05,6.281781149037786,44720,,,,,,,,,,,
1.7942113876342773,0.7424541711807251,1.0722187104930468e-05,6.284590532378143,44740,,,,,,,,,,,
1.7940803527832032,0.6902989745140076,1.0704628459053239e-05,6.2873999157185,44760,,,,,,,,,,,
1.836661148071289,0.7334836721420288,1.0687069813176009e-05,6.290209299058857,44780,,,,,,,,,,,
1.7621648788452149,0.745103657245636,1.0669511167298779e-05,6.293018682399214,44800,,,,,,,,,,,
1.7948722839355469,0.7519271373748779,1.0651952521421549e-05,6.29582806573957,44820,,,,,,,,,,,
1.803105354309082,0.7250880599021912,1.0634393875544319e-05,6.298637449079927,44840,,,,,,,,,,,
1.8361326217651368,0.6944795250892639,1.0616835229667089e-05,6.301446832420284,44860,,,,,,,,,,,
1.8181310653686524,0.7931572198867798,1.0599276583789859e-05,6.30425621576064,44880,,,,,,,,,,,
1.7858932495117188,0.713782787322998,1.0581717937912629e-05,6.307065599100997,44900,,,,,,,,,,,
1.761027717590332,0.6985828876495361,1.0564159292035399e-05,6.309874982441354,44920,,,,,,,,,,,
1.7574615478515625,0.7317156195640564,1.0546600646158169e-05,6.312684365781711,44940,,,,,,,,,,,
1.808629608154297,0.7979465126991272,1.0529042000280939e-05,6.3154937491220675,44960,,,,,,,,,,,
1.8637990951538086,0.7837450504302979,1.0511483354403709e-05,6.318303132462424,44980,,,,,,,,,,,
1.846263313293457,0.7447004318237305,1.0493924708526479e-05,6.321112515802781,45000,,,,,,,,,,,
1.7955230712890624,0.703453779220581,1.047636606264925e-05,6.323921899143138,45020,,,,,,,,,,,
1.8464544296264649,0.8303108215332031,1.045880741677202e-05,6.326731282483495,45040,,,,,,,,,,,
1.7922981262207032,0.7192575335502625,1.044124877089479e-05,6.329540665823852,45060,,,,,,,,,,,
1.7464385986328126,0.7763797044754028,1.042369012501756e-05,6.332350049164209,45080,,,,,,,,,,,
1.8003009796142577,0.7314513325691223,1.040613147914033e-05,6.3351594325045655,45100,,,,,,,,,,,
1.789748191833496,0.7555915117263794,1.03885728332631e-05,6.337968815844922,45120,,,,,,,,,,,
1.840986442565918,0.7999728918075562,1.037101418738587e-05,6.340778199185279,45140,,,,,,,,,,,
1.7583715438842773,0.8176823854446411,1.035345554150864e-05,6.343587582525636,45160,,,,,,,,,,,
1.7591564178466796,0.7103854417800903,1.033589689563141e-05,6.346396965865992,45180,,,,,,,,,,,
1.8371898651123046,0.7195254564285278,1.031833824975418e-05,6.349206349206349,45200,,,,,,,,,,,
1.8163581848144532,0.7041077017784119,1.030077960387695e-05,6.352015732546706,45220,,,,,,,,,,,
1.7960044860839843,0.7386360168457031,1.028322095799972e-05,6.354825115887063,45240,,,,,,,,,,,
1.8040061950683595,0.6997357606887817,1.026566231212249e-05,6.357634499227419,45260,,,,,,,,,,,
1.8730792999267578,0.8020081520080566,1.024810366624526e-05,6.360443882567776,45280,,,,,,,,,,,
1.8547758102416991,0.7133049368858337,1.023054502036803e-05,6.363253265908133,45300,,,,,,,,,,,
1.8303167343139648,0.7926265001296997,1.02129863744908e-05,6.36606264924849,45320,,,,,,,,,,,
1.7888389587402345,0.7465563416481018,1.019542772861357e-05,6.368872032588847,45340,,,,,,,,,,,
1.8580286026000976,0.8204476237297058,1.017786908273634e-05,6.371681415929204,45360,,,,,,,,,,,
1.82318058013916,0.7353857159614563,1.016031043685911e-05,6.3744907992695605,45380,,,,,,,,,,,
1.7370956420898438,0.7529665231704712,1.014275179098188e-05,6.377300182609917,45400,,,,,,,,,,,
1.7931957244873047,0.7067937254905701,1.012519314510465e-05,6.380109565950274,45420,,,,,,,,,,,
1.812912368774414,0.7289892435073853,1.010763449922742e-05,6.382918949290631,45440,,,,,,,,,,,
1.8355669021606444,0.768521249294281,1.009007585335019e-05,6.385728332630988,45460,,,,,,,,,,,
1.8193286895751952,0.7613943219184875,1.007251720747296e-05,6.388537715971344,45480,,,,,,,,,,,
1.8775684356689453,0.7215970754623413,1.005495856159573e-05,6.391347099311701,45500,,,,,,,,,,,
1.7331623077392577,0.7329988479614258,1.00373999157185e-05,6.394156482652058,45520,,,,,,,,,,,
1.8377113342285156,0.8306068778038025,1.001984126984127e-05,6.3969658659924145,45540,,,,,,,,,,,
1.8034692764282227,0.7598671317100525,1.000228262396404e-05,6.399775249332771,45560,,,,,,,,,,,
1.7847763061523438,0.7396860122680664,9.98472397808681e-06,6.402584632673128,45580,,,,,,,,,,,
1.8285749435424805,0.7572190761566162,9.96716533220958e-06,6.405394016013485,45600,,,,,,,,,,,
1.761514663696289,0.7404441237449646,9.94960668633235e-06,6.408203399353842,45620,,,,,,,,,,,
1.7958961486816407,0.7256163954734802,9.93204804045512e-06,6.411012782694199,45640,,,,,,,,,,,
1.7695440292358398,0.7422963976860046,9.91448939457789e-06,6.413822166034556,45660,,,,,,,,,,,
1.8300004959106446,0.7756247520446777,9.89693074870066e-06,6.416631549374912,45680,,,,,,,,,,,
1.7009841918945312,0.7723197937011719,9.87937210282343e-06,6.419440932715269,45700,,,,,,,,,,,
1.8997835159301757,0.7059095501899719,9.861813456946201e-06,6.422250316055626,45720,,,,,,,,,,,
1.7906999588012695,0.718275785446167,9.844254811068971e-06,6.425059699395983,45740,,,,,,,,,,,
1.7228235244750976,0.698501467704773,9.826696165191741e-06,6.42786908273634,45760,,,,,,,,,,,
1.8155046463012696,0.6917195916175842,9.809137519314511e-06,6.430678466076696,45780,,,,,,,,,,,
1.822518539428711,0.6780813932418823,9.791578873437281e-06,6.433487849417053,45800,,,,,,,,,,,
1.7770349502563476,0.7158940434455872,9.774020227560051e-06,6.4362972327574095,45820,,,,,,,,,,,
1.8150630950927735,0.6989441514015198,9.756461581682821e-06,6.439106616097766,45840,,,,,,,,,,,
1.801497459411621,0.7172821760177612,9.738902935805591e-06,6.441915999438123,45860,,,,,,,,,,,
1.8358556747436523,0.7606217861175537,9.721344289928361e-06,6.44472538277848,45880,,,,,,,,,,,
1.844539260864258,0.7610197067260742,9.703785644051131e-06,6.447534766118837,45900,,,,,,,,,,,
1.8154487609863281,0.8164938688278198,9.686226998173901e-06,6.450344149459194,45920,,,,,,,,,,,
1.8202249526977539,0.7533706426620483,9.668668352296671e-06,6.453153532799551,45940,,,,,,,,,,,
1.7630613327026368,0.7728948593139648,9.651109706419441e-06,6.4559629161399075,45960,,,,,,,,,,,
1.7592334747314453,0.7815068364143372,9.633551060542212e-06,6.458772299480264,45980,,,,,,,,,,,
1.8103303909301758,2.402100086212158,9.615992414664982e-06,6.461581682820621,46000,,,,,,,,,,,
1.8308370590209961,0.7222706079483032,9.598433768787752e-06,6.464391066160978,46020,,,,,,,,,,,
1.8124832153320312,0.8166089057922363,9.580875122910522e-06,6.467200449501334,46040,,,,,,,,,,,
1.8079793930053711,0.7921674847602844,9.563316477033292e-06,6.470009832841691,46060,,,,,,,,,,,
1.8307424545288087,0.7453730702400208,9.545757831156062e-06,6.472819216182048,46080,,,,,,,,,,,
1.7427078247070313,0.7559323906898499,9.528199185278832e-06,6.4756285995224045,46100,,,,,,,,,,,
1.8110313415527344,0.7446092963218689,9.510640539401602e-06,6.478437982862761,46120,,,,,,,,,,,
1.7898860931396485,0.7070388197898865,9.493081893524372e-06,6.481247366203118,46140,,,,,,,,,,,
1.7845455169677735,0.7624247074127197,9.475523247647142e-06,6.484056749543475,46160,,,,,,,,,,,
1.8103193283081054,0.7635674476623535,9.457964601769912e-06,6.486866132883832,46180,,,,,,,,,,,
1.8202104568481445,0.7547292113304138,9.440405955892682e-06,6.489675516224189,46200,,,,,,,,,,,
1.843637466430664,0.737579345703125,9.422847310015452e-06,6.492484899564546,46220,,,,,,,,,,,
1.7801990509033203,0.822297215461731,9.405288664138222e-06,6.4952942829049025,46240,,,,,,,,,,,
1.8439523696899414,0.7738755941390991,9.387730018260992e-06,6.498103666245259,46260,,,,,,,,,,,
1.7650465011596679,0.7694507837295532,9.370171372383762e-06,6.500913049585616,46280,,,,,,,,,,,
1.798048210144043,0.7834541201591492,9.352612726506532e-06,6.503722432925973,46300,,,,,,,,,,,
1.8195344924926757,0.7964575886726379,9.335054080629302e-06,6.50653181626633,46320,,,,,,,,,,,
1.774501419067383,0.7156260013580322,9.317495434752072e-06,6.509341199606686,46340,,,,,,,,,,,
1.7938892364501953,0.7083647847175598,9.299936788874842e-06,6.512150582947043,46360,,,,,,,,,,,
1.781732940673828,0.7858113646507263,9.282378142997613e-06,6.5149599662874,46380,,,,,,,,,,,
1.7673181533813476,0.7680473923683167,9.264819497120383e-06,6.5177693496277564,46400,,,,,,,,,,,
1.8124011993408202,0.7617414593696594,9.247260851243153e-06,6.520578732968113,46420,,,,,,,,,,,
1.7715499877929688,0.6959717273712158,9.229702205365923e-06,6.52338811630847,46440,,,,,,,,,,,
1.7828142166137695,0.7658671140670776,9.212143559488693e-06,6.526197499648827,46460,,,,,,,,,,,
1.823517417907715,0.7934792637825012,9.194584913611463e-06,6.529006882989184,46480,,,,,,,,,,,
1.7833953857421876,0.7715885639190674,9.177026267734233e-06,6.531816266329541,46500,,,,,,,,,,,
1.7903059005737305,0.669548511505127,9.159467621857003e-06,6.534625649669898,46520,,,,,,,,,,,
1.8073417663574218,2.808384656906128,9.141908975979773e-06,6.537435033010254,46540,,,,,,,,,,,
1.771575355529785,0.7376909852027893,9.124350330102543e-06,6.540244416350611,46560,,,,,,,,,,,
1.8137327194213868,0.7408767342567444,9.106791684225313e-06,6.543053799690968,46580,,,,,,,,,,,
1.82141170501709,0.7754045128822327,9.089233038348083e-06,6.545863183031325,46600,,,,,,,,,,,
1.7755516052246094,0.9830408692359924,9.071674392470853e-06,6.548672566371682,46620,,,,,,,,,,,
1.8284841537475587,0.7292540669441223,9.054115746593623e-06,6.551481949712038,46640,,,,,,,,,,,
1.7402992248535156,0.7416912317276001,9.036557100716393e-06,6.554291333052395,46660,,,,,,,,,,,
1.802357292175293,0.6523234844207764,9.018998454839163e-06,6.5571007163927515,46680,,,,,,,,,,,
1.7986661911010742,0.7056975960731506,9.001439808961933e-06,6.559910099733108,46700,,,,,,,,,,,
1.8233858108520509,0.7448229193687439,8.983881163084703e-06,6.562719483073465,46720,,,,,,,,,,,
1.798362922668457,0.7704450488090515,8.966322517207473e-06,6.565528866413822,46740,,,,,,,,,,,
1.826151466369629,0.6918882131576538,8.948763871330243e-06,6.568338249754179,46760,,,,,,,,,,,
1.8044172286987306,0.7677984833717346,8.931205225453013e-06,6.571147633094536,46780,,,,,,,,,,,
1.748550033569336,0.7867969274520874,8.913646579575784e-06,6.573957016434893,46800,,,,,,,,,,,
1.865580177307129,0.7412028312683105,8.896087933698554e-06,6.5767663997752495,46820,,,,,,,,,,,
1.7636825561523437,0.6707666516304016,8.878529287821324e-06,6.579575783115606,46840,,,,,,,,,,,
1.7925493240356445,0.731709361076355,8.860970641944094e-06,6.582385166455963,46860,,,,,,,,,,,
1.777858352661133,0.7592183351516724,8.843411996066864e-06,6.58519454979632,46880,,,,,,,,,,,
1.7871519088745118,0.7765352129936218,8.825853350189634e-06,6.588003933136677,46900,,,,,,,,,,,
1.7830320358276368,0.7482789158821106,8.808294704312404e-06,6.590813316477034,46920,,,,,,,,,,,
1.8350500106811523,0.7207148671150208,8.790736058435174e-06,6.59362269981739,46940,,,,,,,,,,,
1.8315614700317382,0.7475749850273132,8.773177412557944e-06,6.5964320831577465,46960,,,,,,,,,,,
1.8144432067871095,0.8926767706871033,8.755618766680714e-06,6.599241466498103,46980,,,,,,,,,,,
1.8372121810913087,0.7507455348968506,8.738060120803484e-06,6.60205084983846,47000,,,,,,,,,,,
1.8433546066284179,0.7600640654563904,8.720501474926254e-06,6.604860233178817,47020,,,,,,,,,,,
1.7842164993286134,0.7712714076042175,8.702942829049024e-06,6.607669616519174,47040,,,,,,,,,,,
1.8468084335327148,0.6980916857719421,8.685384183171794e-06,6.610478999859531,47060,,,,,,,,,,,
1.80426082611084,0.6891840696334839,8.667825537294564e-06,6.613288383199888,47080,,,,,,,,,,,
1.8475461959838868,0.7509451508522034,8.650266891417334e-06,6.6160977665402445,47100,,,,,,,,,,,
1.7812551498413085,0.7083274126052856,8.632708245540104e-06,6.618907149880601,47120,,,,,,,,,,,
1.8548192977905273,0.7240443825721741,8.615149599662874e-06,6.621716533220958,47140,,,,,,,,,,,
1.7480396270751952,0.7402048110961914,8.597590953785644e-06,6.624525916561315,47160,,,,,,,,,,,
1.8041557312011718,0.7556727528572083,8.580032307908414e-06,6.627335299901672,47180,,,,,,,,,,,
1.7682416915893555,0.7610394954681396,8.562473662031185e-06,6.630144683242028,47200,,,,,,,,,,,
1.7627620697021484,0.7117018699645996,8.544915016153955e-06,6.632954066582386,47220,,,,,,,,,,,
1.8169403076171875,0.6874273419380188,8.527356370276725e-06,6.635763449922742,47240,,,,,,,,,,,
1.7807327270507813,0.7218056917190552,8.509797724399495e-06,6.638572833263098,47260,,,,,,,,,,,
1.7606643676757812,0.7273576259613037,8.492239078522265e-06,6.641382216603455,47280,,,,,,,,,,,
1.7492252349853517,0.7050648927688599,8.474680432645035e-06,6.644191599943812,47300,,,,,,,,,,,
1.8336923599243165,0.7462711930274963,8.457121786767805e-06,6.647000983284169,47320,,,,,,,,,,,
1.7759733200073242,0.7285206913948059,8.439563140890575e-06,6.649810366624526,47340,,,,,,,,,,,
1.8073694229125976,0.7413514852523804,8.422004495013345e-06,6.652619749964883,47360,,,,,,,,,,,
1.8134862899780273,0.7782039642333984,8.404445849136115e-06,6.6554291333052396,47380,,,,,,,,,,,
1.8046335220336913,0.770627498626709,8.386887203258885e-06,6.658238516645596,47400,,,,,,,,,,,
1.8129653930664062,0.747821033000946,8.369328557381655e-06,6.661047899985953,47420,,,,,,,,,,,
1.788610076904297,0.7150164246559143,8.351769911504425e-06,6.66385728332631,47440,,,,,,,,,,,
1.7583797454833985,0.7656941413879395,8.334211265627195e-06,6.666666666666667,47460,,,,,,,,,,,
1.8273059844970703,0.7410231232643127,8.316652619749965e-06,6.669476050007024,47480,,,,,,,,,,,
1.8176876068115235,0.72480708360672,8.299093973872735e-06,6.67228543334738,47500,,,,,,,,,,,
1.7806661605834961,0.7196943759918213,8.281535327995505e-06,6.6750948166877375,47520,,,,,,,,,,,
1.7689977645874024,0.8192983865737915,8.263976682118275e-06,6.6779042000280935,47540,,,,,,,,,,,
1.8307855606079102,0.723381519317627,8.246418036241045e-06,6.68071358336845,47560,,,,,,,,,,,
1.7569646835327148,0.7566360831260681,8.228859390363815e-06,6.683522966708807,47580,,,,,,,,,,,
1.8587612152099608,0.7788103818893433,8.211300744486585e-06,6.686332350049164,47600,,,,,,,,,,,
1.7850301742553711,0.7401589155197144,8.193742098609356e-06,6.689141733389521,47620,,,,,,,,,,,
1.8186695098876953,0.8041322827339172,8.176183452732126e-06,6.691951116729878,47640,,,,,,,,,,,
1.7998886108398438,0.78525310754776,8.158624806854896e-06,6.694760500070235,47660,,,,,,,,,,,
1.7798526763916016,0.7412768602371216,8.141066160977666e-06,6.6975698834105915,47680,,,,,,,,,,,
1.8366201400756836,0.7034982442855835,8.123507515100436e-06,6.700379266750948,47700,,,,,,,,,,,
1.8135320663452148,0.7097394466400146,8.105948869223206e-06,6.703188650091305,47720,,,,,,,,,,,
1.7506328582763673,0.7847532033920288,8.088390223345976e-06,6.705998033431662,47740,,,,,,,,,,,
1.7627571105957032,0.6929917335510254,8.070831577468746e-06,6.708807416772019,47760,,,,,,,,,,,
1.7573675155639648,0.7498412728309631,8.053272931591516e-06,6.711616800112376,47780,,,,,,,,,,,
1.8171253204345703,0.7581505179405212,8.035714285714286e-06,6.714426183452732,47800,,,,,,,,,,,
1.805689239501953,0.6707273125648499,8.018155639837056e-06,6.7172355667930885,47820,,,,,,,,,,,
1.8112216949462892,0.7272498607635498,8.000596993959826e-06,6.720044950133445,47840,,,,,,,,,,,
1.7729549407958984,0.7461761832237244,7.983038348082596e-06,6.722854333473802,47860,,,,,,,,,,,
1.8071249008178711,0.8402891755104065,7.965479702205366e-06,6.725663716814159,47880,,,,,,,,,,,
1.7858688354492187,0.8404033780097961,7.947921056328136e-06,6.728473100154516,47900,,,,,,,,,,,
1.8302225112915038,0.7063716650009155,7.930362410450906e-06,6.731282483494873,47920,,,,,,,,,,,
1.7597091674804688,0.6842432022094727,7.912803764573676e-06,6.73409186683523,47940,,,,,,,,,,,
1.765494155883789,0.709850013256073,7.895245118696446e-06,6.7369012501755865,47960,,,,,,,,,,,
1.7078624725341798,0.7928164005279541,7.877686472819216e-06,6.739710633515943,47980,,,,,,,,,,,
1.8322982788085938,0.7496080994606018,7.860127826941986e-06,6.7425200168563,48000,,,,,,,,,,,
1.8350126266479492,0.9411718249320984,7.842569181064757e-06,6.745329400196657,48020,,,,,,,,,,,
1.7907737731933593,0.7436156868934631,7.825010535187527e-06,6.748138783537014,48040,,,,,,,,,,,
1.8225252151489257,0.7364345192909241,7.807451889310297e-06,6.750948166877371,48060,,,,,,,,,,,
1.7707439422607423,0.7990987300872803,7.789893243433067e-06,6.753757550217728,48080,,,,,,,,,,,
1.8143028259277343,0.7500092387199402,7.772334597555837e-06,6.756566933558084,48100,,,,,,,,,,,
1.7839542388916017,0.7810238599777222,7.754775951678607e-06,6.75937631689844,48120,,,,,,,,,,,
1.7650642395019531,0.7842033505439758,7.737217305801377e-06,6.762185700238797,48140,,,,,,,,,,,
1.8025493621826172,0.7337521910667419,7.719658659924147e-06,6.764995083579154,48160,,,,,,,,,,,
1.7726802825927734,0.7729781270027161,7.702100014046917e-06,6.767804466919511,48180,,,,,,,,,,,
1.8057994842529297,0.7059980630874634,7.684541368169687e-06,6.770613850259868,48200,,,,,,,,,,,
1.785947608947754,0.7775903940200806,7.666982722292457e-06,6.773423233600225,48220,,,,,,,,,,,
1.7686870574951172,0.7327409982681274,7.649424076415227e-06,6.7762326169405815,48240,,,,,,,,,,,
1.7617982864379882,0.7474052309989929,7.631865430537997e-06,6.779042000280938,48260,,,,,,,,,,,
1.790390396118164,0.7659761309623718,7.614306784660767e-06,6.781851383621295,48280,,,,,,,,,,,
1.806066131591797,0.6507368683815002,7.596748138783537e-06,6.784660766961652,48300,,,,,,,,,,,
1.7755952835083009,0.7448094487190247,7.579189492906308e-06,6.787470150302009,48320,,,,,,,,,,,
1.7575460433959962,0.7852723002433777,7.561630847029077e-06,6.790279533642366,48340,,,,,,,,,,,
1.8250925064086914,0.7631685137748718,7.544072201151847e-06,6.793088916982723,48360,,,,,,,,,,,
1.831968116760254,0.7429838180541992,7.526513555274618e-06,6.7958983003230795,48380,,,,,,,,,,,
1.7789724349975586,0.7587792277336121,7.508954909397388e-06,6.7987076836634355,48400,,,,,,,,,,,
1.7801084518432617,0.8060050010681152,7.4913962635201575e-06,6.801517067003792,48420,,,,,,,,,,,
1.8231267929077148,0.7279513478279114,7.4738376176429275e-06,6.804326450344149,48440,,,,,,,,,,,
1.765467071533203,0.7188947200775146,7.4562789717656984e-06,6.807135833684506,48460,,,,,,,,,,,
1.7604215621948243,0.6835790872573853,7.438720325888468e-06,6.809945217024863,48480,,,,,,,,,,,
1.8014659881591797,0.821952760219574,7.421161680011238e-06,6.81275460036522,48500,,,,,,,,,,,
1.7999233245849608,0.7671130895614624,7.403603034134008e-06,6.815563983705577,48520,,,,,,,,,,,
1.8279132843017578,0.7135518193244934,7.386044388256779e-06,6.818373367045933,48540,,,,,,,,,,,
1.792990493774414,1.038376808166504,7.368485742379548e-06,6.82118275038629,48560,,,,,,,,,,,
1.7894464492797852,0.804793119430542,7.350927096502318e-06,6.823992133726647,48580,,,,,,,,,,,
1.8018060684204102,0.7586702704429626,7.333368450625089e-06,6.826801517067004,48600,,,,,,,,,,,
1.740631103515625,0.8201124668121338,7.315809804747859e-06,6.829610900407361,48620,,,,,,,,,,,
1.7728017807006835,0.6705156564712524,7.298251158870628e-06,6.832420283747718,48640,,,,,,,,,,,
1.8164377212524414,0.7509515881538391,7.280692512993398e-06,6.835229667088074,48660,,,,,,,,,,,
1.7756402969360352,0.7633916139602661,7.263133867116169e-06,6.838039050428431,48680,,,,,,,,,,,
1.7917675018310546,0.754479706287384,7.245575221238938e-06,6.840848433768787,48700,,,,,,,,,,,
1.7972908020019531,0.7240229845046997,7.228016575361708e-06,6.843657817109144,48720,,,,,,,,,,,
1.797970962524414,0.7300502061843872,7.210457929484478e-06,6.846467200449501,48740,,,,,,,,,,,
1.8037504196166991,0.7667744159698486,7.192899283607249e-06,6.849276583789858,48760,,,,,,,,,,,
1.7482824325561523,0.7111334204673767,7.175340637730018e-06,6.852085967130215,48780,,,,,,,,,,,
1.8210466384887696,0.8217642307281494,7.1577819918527884e-06,6.854895350470572,48800,,,,,,,,,,,
1.7976306915283202,0.7084786295890808,7.140223345975559e-06,6.8577047338109285,48820,,,,,,,,,,,
1.7943016052246095,0.7207950949668884,7.122664700098329e-06,6.860514117151285,48840,,,,,,,,,,,
1.7584709167480468,0.6751965880393982,7.1051060542210986e-06,6.863323500491642,48860,,,,,,,,,,,
1.771215057373047,0.7697276473045349,7.087547408343869e-06,6.866132883831999,48880,,,,,,,,,,,
1.7334211349487305,0.7612777948379517,7.0699887624666395e-06,6.868942267172356,48900,,,,,,,,,,,
1.8339082717895507,0.7146552801132202,7.052430116589409e-06,6.871751650512713,48920,,,,,,,,,,,
1.7838163375854492,0.7693074345588684,7.034871470712179e-06,6.87456103385307,48940,,,,,,,,,,,
1.8425357818603516,0.8043587803840637,7.017312824834949e-06,6.877370417193426,48960,,,,,,,,,,,
1.7309207916259766,0.6856181621551514,6.99975417895772e-06,6.880179800533783,48980,,,,,,,,,,,
1.7855728149414063,0.7510963678359985,6.982195533080489e-06,6.882989183874139,49000,,,,,,,,,,,
1.779860496520996,0.7975855469703674,6.964636887203259e-06,6.885798567214496,49020,,,,,,,,,,,
1.7984338760375977,0.7940732836723328,6.94707824132603e-06,6.888607950554853,49040,,,,,,,,,,,
1.849619483947754,0.7011638879776001,6.9295195954488e-06,6.89141733389521,49060,,,,,,,,,,,
1.819068717956543,0.7533063292503357,6.911960949571569e-06,6.894226717235567,49080,,,,,,,,,,,
1.8127197265625,0.7164790630340576,6.894402303694339e-06,6.8970361005759235,49100,,,,,,,,,,,
1.811906623840332,0.721993625164032,6.87684365781711e-06,6.89984548391628,49120,,,,,,,,,,,
1.7689971923828125,0.8129193782806396,6.859285011939879e-06,6.902654867256637,49140,,,,,,,,,,,
1.747791862487793,0.8044105768203735,6.841726366062649e-06,6.905464250596994,49160,,,,,,,,,,,
1.8325792312622071,0.8409175872802734,6.824167720185419e-06,6.908273633937351,49180,,,,,,,,,,,
1.8606456756591796,0.7723344564437866,6.80660907430819e-06,6.911083017277708,49200,,,,,,,,,,,
1.7898704528808593,0.7928447723388672,6.7890504284309595e-06,6.913892400618065,49220,,,,,,,,,,,
1.82238712310791,0.735662043094635,6.7714917825537295e-06,6.9167017839584215,49240,,,,,,,,,,,
1.7811416625976562,1.6928012371063232,6.7539331366765e-06,6.9195111672987775,49260,,,,,,,,,,,
1.7601177215576171,0.6832524538040161,6.7363744907992705e-06,6.922320550639135,49280,,,,,,,,,,,
1.8297178268432617,0.7534953355789185,6.71881584492204e-06,6.925129933979491,49300,,,,,,,,,,,
1.7553813934326172,0.7424403429031372,6.70125719904481e-06,6.927939317319848,49320,,,,,,,,,,,
1.8081977844238282,0.7091361880302429,6.683698553167581e-06,6.930748700660205,49340,,,,,,,,,,,
1.8008577346801757,0.8007419109344482,6.66613990729035e-06,6.933558084000562,49360,,,,,,,,,,,
1.7862583160400392,0.760672926902771,6.64858126141312e-06,6.936367467340919,49380,,,,,,,,,,,
1.7856157302856446,0.7617383599281311,6.63102261553589e-06,6.939176850681275,49400,,,,,,,,,,,
1.789444923400879,0.7749136090278625,6.613463969658661e-06,6.941986234021632,49420,,,,,,,,,,,
1.741893196105957,0.7677554488182068,6.59590532378143e-06,6.944795617361989,49440,,,,,,,,,,,
1.7337757110595704,0.724636971950531,6.5783466779042e-06,6.947605000702346,49460,,,,,,,,,,,
1.7956127166748046,0.6686169505119324,6.560788032026971e-06,6.950414384042703,49480,,,,,,,,,,,
1.8245025634765626,0.7151442170143127,6.543229386149741e-06,6.95322376738306,49500,,,,,,,,,,,
1.7538515090942384,0.7752195000648499,6.52567074027251e-06,6.9560331507234165,49520,,,,,,,,,,,
1.760844612121582,0.7340397834777832,6.50811209439528e-06,6.958842534063773,49540,,,,,,,,,,,
1.8313520431518555,0.8622320890426636,6.490553448518051e-06,6.961651917404129,49560,,,,,,,,,,,
1.8102607727050781,0.7324569225311279,6.47299480264082e-06,6.964461300744486,49580,,,,,,,,,,,
1.7688636779785156,0.8248148560523987,6.45543615676359e-06,6.967270684084843,49600,,,,,,,,,,,
1.8173227310180664,0.7215904593467712,6.4378775108863604e-06,6.9700800674252,49620,,,,,,,,,,,
1.8360958099365234,0.7547684907913208,6.420318865009131e-06,6.972889450765557,49640,,,,,,,,,,,
1.7703447341918945,0.8225663900375366,6.4027602191319005e-06,6.975698834105914,49660,,,,,,,,,,,
1.820698356628418,0.8678766489028931,6.385201573254671e-06,6.9785082174462705,49680,,,,,,,,,,,
1.7376825332641601,0.7749959826469421,6.3676429273774415e-06,6.981317600786627,49700,,,,,,,,,,,
1.7829174041748046,0.826569139957428,6.3500842815002115e-06,6.984126984126984,49720,,,,,,,,,,,
1.7565839767456055,0.7519026398658752,6.332525635622981e-06,6.986936367467341,49740,,,,,,,,,,,
1.7416210174560547,0.7628957629203796,6.314966989745751e-06,6.989745750807698,49760,,,,,,,,,,,
1.8158140182495117,0.7144840359687805,6.297408343868522e-06,6.992555134148055,49780,,,,,,,,,,,
1.7615272521972656,0.7630287408828735,6.279849697991292e-06,6.995364517488412,49800,,,,,,,,,,,
1.8243350982666016,0.7134437561035156,6.262291052114061e-06,6.9981739008287684,49820,,,,,,,,,,,
,,,7.0,49833,1.7751883268356323,15.158590927977398,40.03020058811547,276.9095,12.296,0.769,,,,,
1.7455171585083007,0.740239143371582,6.244732406236831e-06,7.000983284169125,49840,,,,,,,,,,,
1.8131391525268554,0.7557422518730164,6.227173760359602e-06,7.003792667509481,49860,,,,,,,,,,,
1.7489139556884765,0.7337908744812012,6.209615114482371e-06,7.006602050849838,49880,,,,,,,,,,,
1.7954114913940429,0.7601631283760071,6.192056468605142e-06,7.009411434190195,49900,,,,,,,,,,,
1.8300580978393555,0.759965181350708,6.174497822727911e-06,7.012220817530552,49920,,,,,,,,,,,
1.7609493255615234,0.676323652267456,6.156939176850682e-06,7.015030200870909,49940,,,,,,,,,,,
1.7892938613891602,0.7104703783988953,6.139380530973451e-06,7.0178395842112655,49960,,,,,,,,,,,
1.7803245544433595,0.7351215481758118,6.121821885096222e-06,7.020648967551622,49980,,,,,,,,,,,
1.8445829391479491,0.7876250743865967,6.104263239218991e-06,7.023458350891979,50000,,,,,,,,,,,
1.785665512084961,0.7303156852722168,6.086704593341762e-06,7.026267734232336,50020,,,,,,,,,,,
1.8231948852539062,0.6811954379081726,6.0691459474645315e-06,7.029077117572693,50040,,,,,,,,,,,
1.8062652587890624,0.7828371524810791,6.0515873015873015e-06,7.03188650091305,50060,,,,,,,,,,,
1.772620391845703,0.7273468971252441,6.034028655710072e-06,7.034695884253407,50080,,,,,,,,,,,
1.8339004516601562,0.7874991297721863,6.016470009832842e-06,7.0375052675937635,50100,,,,,,,,,,,
1.8373079299926758,0.7975191473960876,5.9989113639556125e-06,7.04031465093412,50120,,,,,,,,,,,
1.7771198272705078,0.7169017791748047,5.981352718078382e-06,7.043124034274477,50140,,,,,,,,,,,
1.7862415313720703,0.7742537260055542,5.963794072201153e-06,7.045933417614833,50160,,,,,,,,,,,
1.7738109588623048,0.712955117225647,5.946235426323922e-06,7.04874280095519,50180,,,,,,,,,,,
1.798807716369629,0.7404258847236633,5.928676780446693e-06,7.051552184295547,50200,,,,,,,,,,,
1.7798620223999024,0.7274194359779358,5.911118134569462e-06,7.054361567635904,50220,,,,,,,,,,,
1.7718942642211915,0.8294067978858948,5.893559488692233e-06,7.057170950976261,50240,,,,,,,,,,,
1.7478118896484376,0.7359627485275269,5.876000842815002e-06,7.059980334316617,50260,,,,,,,,,,,
1.8024658203125,0.78654545545578,5.858442196937772e-06,7.062789717656974,50280,,,,,,,,,,,
1.8065507888793946,0.7558650374412537,5.840883551060543e-06,7.065599100997331,50300,,,,,,,,,,,
1.7922819137573243,0.6762562394142151,5.823324905183312e-06,7.068408484337688,50320,,,,,,,,,,,
1.7648555755615234,1.011929988861084,5.805766259306083e-06,7.071217867678045,50340,,,,,,,,,,,
1.8056976318359375,0.8138638734817505,5.788207613428852e-06,7.074027251018402,50360,,,,,,,,,,,
1.7850252151489259,0.7326533794403076,5.770648967551623e-06,7.0768366343587585,50380,,,,,,,,,,,
1.8216461181640624,0.7490842342376709,5.753090321674392e-06,7.079646017699115,50400,,,,,,,,,,,
1.8168279647827148,0.7506629228591919,5.735531675797163e-06,7.082455401039472,50420,,,,,,,,,,,
1.7609544754028321,0.703193187713623,5.7179730299199324e-06,7.085264784379828,50440,,,,,,,,,,,
1.809767723083496,0.8247870206832886,5.700414384042703e-06,7.088074167720185,50460,,,,,,,,,,,
1.7804119110107421,0.750174880027771,5.6828557381654725e-06,7.090883551060542,50480,,,,,,,,,,,
1.7570117950439452,0.8033808469772339,5.665297092288243e-06,7.093692934400899,50500,,,,,,,,,,,
1.8123786926269532,0.8351033329963684,5.6477384464110135e-06,7.096502317741256,50520,,,,,,,,,,,
1.7969633102416993,0.7081851959228516,5.630179800533783e-06,7.0993117010816125,50540,,,,,,,,,,,
1.747085952758789,0.7611407041549683,5.612621154656554e-06,7.102121084421969,50560,,,,,,,,,,,
1.7549415588378907,0.7494841814041138,5.595062508779323e-06,7.104930467762326,50580,,,,,,,,,,,
1.7790985107421875,0.7965700030326843,5.577503862902094e-06,7.107739851102683,50600,,,,,,,,,,,
1.7969249725341796,0.7750990986824036,5.559945217024863e-06,7.11054923444304,50620,,,,,,,,,,,
1.7972461700439453,0.7343629598617554,5.542386571147634e-06,7.113358617783397,50640,,,,,,,,,,,
1.8294454574584962,0.7409792542457581,5.524827925270403e-06,7.116168001123754,50660,,,,,,,,,,,
1.7411630630493165,0.7355530858039856,5.507269279393174e-06,7.11897738446411,50680,,,,,,,,,,,
1.81012020111084,0.7766938805580139,5.489710633515943e-06,7.121786767804467,50700,,,,,,,,,,,
1.803093147277832,0.7966784834861755,5.472151987638713e-06,7.124596151144824,50720,,,,,,,,,,,
1.7627944946289062,0.8096065521240234,5.454593341761484e-06,7.12740553448518,50740,,,,,,,,,,,
1.774345588684082,0.7485275864601135,5.437034695884253e-06,7.130214917825537,50760,,,,,,,,,,,
1.820024299621582,0.7119960784912109,5.419476050007024e-06,7.133024301165894,50780,,,,,,,,,,,
1.7443046569824219,0.7268512845039368,5.401917404129793e-06,7.135833684506251,50800,,,,,,,,,,,
1.7725624084472655,0.6894857287406921,5.384358758252564e-06,7.1386430678466075,50820,,,,,,,,,,,
1.8001068115234375,0.7443097829818726,5.3668001123753334e-06,7.141452451186964,50840,,,,,,,,,,,
1.7711902618408204,0.7407203912734985,5.349241466498104e-06,7.144261834527321,50860,,,,,,,,,,,
1.7377172470092774,0.6384297609329224,5.3316828206208735e-06,7.147071217867678,50880,,,,,,,,,,,
1.8219547271728516,0.7751564979553223,5.314124174743644e-06,7.149880601208035,50900,,,,,,,,,,,
1.8375667572021483,0.7523880004882812,5.2965655288664145e-06,7.152689984548392,50920,,,,,,,,,,,
1.8145986557006837,0.7364134788513184,5.279006882989184e-06,7.155499367888749,50940,,,,,,,,,,,
1.8350839614868164,0.7680646777153015,5.2614482371119546e-06,7.1583087512291055,50960,,,,,,,,,,,
1.8029413223266602,0.7985783219337463,5.243889591234724e-06,7.161118134569462,50980,,,,,,,,,,,
1.810211181640625,0.7415391802787781,5.226330945357495e-06,7.163927517909819,51000,,,,,,,,,,,
1.7812246322631835,0.7258497476577759,5.208772299480264e-06,7.166736901250175,51020,,,,,,,,,,,
1.7444656372070313,0.6989288926124573,5.191213653603035e-06,7.169546284590532,51040,,,,,,,,,,,
1.8147884368896485,1.179892659187317,5.173655007725804e-06,7.172355667930889,51060,,,,,,,,,,,
1.7939247131347655,0.7242994904518127,5.156096361848575e-06,7.175165051271246,51080,,,,,,,,,,,
1.7691669464111328,0.7292232513427734,5.138537715971344e-06,7.177974434611603,51100,,,,,,,,,,,
1.8508075714111327,0.7159476280212402,5.120979070094115e-06,7.180783817951959,51120,,,,,,,,,,,
1.7648927688598632,0.7246336340904236,5.103420424216885e-06,7.183593201292316,51140,,,,,,,,,,,
1.736236572265625,0.7153570055961609,5.085861778339654e-06,7.186402584632673,51160,,,,,,,,,,,
1.7934253692626954,0.8413733839988708,5.068303132462425e-06,7.18921196797303,51180,,,,,,,,,,,
1.736539649963379,0.7272616624832153,5.050744486585194e-06,7.192021351313387,51200,,,,,,,,,,,
1.8333330154418945,0.7601022124290466,5.033185840707965e-06,7.194830734653744,51220,,,,,,,,,,,
1.7969347000122071,0.781165599822998,5.015627194830734e-06,7.1976401179941005,51240,,,,,,,,,,,
1.7527227401733398,0.6911084055900574,4.998068548953505e-06,7.200449501334457,51260,,,,,,,,,,,
1.8339578628540039,0.7404535412788391,4.9805099030762745e-06,7.203258884674814,51280,,,,,,,,,,,
1.767235565185547,0.7450996041297913,4.962951257199045e-06,7.206068268015171,51300,,,,,,,,,,,
1.7761587142944335,0.8342493176460266,4.945392611321815e-06,7.208877651355527,51320,,,,,,,,,,,
1.7522758483886718,0.7080349922180176,4.9278339654445855e-06,7.211687034695884,51340,,,,,,,,,,,
1.7732894897460938,0.7492689490318298,4.9102753195673555e-06,7.214496418036241,51360,,,,,,,,,,,
1.749946403503418,0.7194997072219849,4.892716673690126e-06,7.217305801376598,51380,,,,,,,,,,,
1.8432418823242187,0.8520750999450684,4.875158027812896e-06,7.2201151847169545,51400,,,,,,,,,,,
1.7665082931518554,0.7263244986534119,4.857599381935665e-06,7.222924568057311,51420,,,,,,,,,,,
1.7383430480957032,0.7385444641113281,4.840040736058436e-06,7.225733951397668,51440,,,,,,,,,,,
1.7938583374023438,0.7918503284454346,4.822482090181205e-06,7.228543334738025,51460,,,,,,,,,,,
1.7715681076049805,0.7312044501304626,4.804923444303976e-06,7.231352718078382,51480,,,,,,,,,,,
1.820520782470703,0.7568474411964417,4.787364798426745e-06,7.234162101418739,51500,,,,,,,,,,,
1.757197952270508,0.768726110458374,4.769806152549516e-06,7.236971484759096,51520,,,,,,,,,,,
1.7805011749267579,0.7599762678146362,4.752247506672285e-06,7.239780868099452,51540,,,,,,,,,,,
1.790478515625,0.7859399318695068,4.734688860795056e-06,7.242590251439809,51560,,,,,,,,,,,
1.8135406494140625,0.740562915802002,4.717130214917826e-06,7.245399634780166,51580,,,,,,,,,,,
1.7843597412109375,0.7406017184257507,4.699571569040596e-06,7.248209018120523,51600,,,,,,,,,,,
1.7901636123657227,0.7189927101135254,4.682012923163366e-06,7.251018401460879,51620,,,,,,,,,,,
1.7983646392822266,0.6917043328285217,4.664454277286135e-06,7.253827784801236,51640,,,,,,,,,,,
1.8104921340942384,0.8089303374290466,4.646895631408906e-06,7.256637168141593,51660,,,,,,,,,,,
1.7849006652832031,0.7525631785392761,4.6293369855316755e-06,7.2594465514819495,51680,,,,,,,,,,,
1.7797330856323241,0.7559011578559875,4.611778339654446e-06,7.262255934822306,51700,,,,,,,,,,,
1.800797462463379,0.7193208932876587,4.594219693777216e-06,7.265065318162663,51720,,,,,,,,,,,
1.7937246322631837,0.7993822693824768,4.5766610478999865e-06,7.26787470150302,51740,,,,,,,,,,,
1.8184070587158203,0.8005196452140808,4.5591024020227565e-06,7.270684084843377,51760,,,,,,,,,,,
1.8303966522216797,0.721390426158905,4.5415437561455266e-06,7.273493468183734,51780,,,,,,,,,,,
1.781062126159668,0.7610031366348267,4.523985110268297e-06,7.276302851524091,51800,,,,,,,,,,,
1.7329818725585937,0.7357768416404724,4.506426464391067e-06,7.2791122348644475,51820,,,,,,,,,,,
1.8163175582885742,0.9937019348144531,4.488867818513837e-06,7.281921618204804,51840,,,,,,,,,,,
1.7826862335205078,0.7383723258972168,4.471309172636606e-06,7.284731001545161,51860,,,,,,,,,,,
1.7607751846313477,0.755018949508667,4.453750526759377e-06,7.287540384885518,51880,,,,,,,,,,,
1.8018074035644531,0.6926240921020508,4.436191880882146e-06,7.290349768225875,51900,,,,,,,,,,,
1.807256317138672,0.7046303153038025,4.418633235004917e-06,7.293159151566231,51920,,,,,,,,,,,
1.798699188232422,0.733211100101471,4.401074589127686e-06,7.295968534906588,51940,,,,,,,,,,,
1.7854982376098634,0.8007127642631531,4.383515943250457e-06,7.2987779182469446,51960,,,,,,,,,,,
1.7702804565429688,0.7381333708763123,4.365957297373227e-06,7.301587301587301,51980,,,,,,,,,,,
1.7960792541503907,0.7129347920417786,4.348398651495997e-06,7.304396684927658,52000,,,,,,,,,,,
1.7833709716796875,0.7222025394439697,4.330840005618767e-06,7.307206068268015,52020,,,,,,,,,,,
1.739588737487793,0.7709456086158752,4.313281359741537e-06,7.310015451608372,52040,,,,,,,,,,,
1.7356296539306642,0.757498025894165,4.295722713864307e-06,7.312824834948729,52060,,,,,,,,,,,
1.7952283859252929,0.7367966175079346,4.2781640679870765e-06,7.315634218289086,52080,,,,,,,,,,,
1.817193603515625,0.748457670211792,4.260605422109847e-06,7.3184436016294425,52100,,,,,,,,,,,
1.769114112854004,0.7834604382514954,4.2430467762326166e-06,7.321252984969799,52120,,,,,,,,,,,
1.747661018371582,0.767471969127655,4.2254881303553875e-06,7.324062368310156,52140,,,,,,,,,,,
1.8022163391113282,0.7757708430290222,4.207929484478157e-06,7.326871751650513,52160,,,,,,,,,,,
1.829305648803711,0.7212284803390503,4.1903708386009276e-06,7.329681134990869,52180,,,,,,,,,,,
1.7984731674194336,0.7434430122375488,4.172812192723698e-06,7.332490518331226,52200,,,,,,,,,,,
1.7583267211914062,0.7058761715888977,4.155253546846468e-06,7.335299901671583,52220,,,,,,,,,,,
1.7840740203857421,0.7439694404602051,4.137694900969238e-06,7.33810928501194,52240,,,,,,,,,,,
1.777724266052246,0.7641592025756836,4.120136255092008e-06,7.3409186683522965,52260,,,,,,,,,,,
1.732916259765625,0.7288245558738708,4.102577609214778e-06,7.343728051692653,52280,,,,,,,,,,,
1.7737991333007812,0.8496415615081787,4.085018963337547e-06,7.34653743503301,52300,,,,,,,,,,,
1.7815834045410157,0.696595311164856,4.067460317460318e-06,7.349346818373367,52320,,,,,,,,,,,
1.8009355545043946,1.1027429103851318,4.049901671583087e-06,7.352156201713724,52340,,,,,,,,,,,
1.8068319320678712,0.9868801832199097,4.032343025705858e-06,7.354965585054081,52360,,,,,,,,,,,
1.7195436477661132,0.7466835975646973,4.014784379828627e-06,7.357774968394438,52380,,,,,,,,,,,
1.786038589477539,0.7405933737754822,3.997225733951398e-06,7.360584351734794,52400,,,,,,,,,,,
1.7767833709716796,0.7351235747337341,3.979667088074168e-06,7.363393735075151,52420,,,,,,,,,,,
1.815290641784668,0.6760309934616089,3.962108442196938e-06,7.366203118415508,52440,,,,,,,,,,,
1.809162712097168,0.7586096525192261,3.944549796319708e-06,7.369012501755865,52460,,,,,,,,,,,
1.7593456268310548,0.7350566387176514,3.926991150442478e-06,7.371821885096221,52480,,,,,,,,,,,
1.7706424713134765,0.6671313047409058,3.909432504565248e-06,7.374631268436578,52500,,,,,,,,,,,
1.744536781311035,0.6798232793807983,3.8918738586880175e-06,7.377440651776935,52520,,,,,,,,,,,
1.7955991744995117,0.8715627789497375,3.8743152128107884e-06,7.3802500351172915,52540,,,,,,,,,,,
1.7791316986083985,0.7281443476676941,3.856756566933558e-06,7.383059418457648,52560,,,,,,,,,,,
1.7439706802368165,0.6899921298027039,3.8391979210563285e-06,7.385868801798005,52580,,,,,,,,,,,
1.7902442932128906,0.803533136844635,3.821639275179098e-06,7.388678185138362,52600,,,,,,,,,,,
1.8034610748291016,0.7975925207138062,3.804080629301868e-06,7.391487568478719,52620,,,,,,,,,,,
1.757640266418457,0.7641952037811279,3.7865219834246387e-06,7.394296951819076,52640,,,,,,,,,,,
1.7482830047607423,0.7064241170883179,3.7689633375474083e-06,7.397106335159433,52660,,,,,,,,,,,
1.7645908355712892,0.8098036050796509,3.7514046916701788e-06,7.3999157184997895,52680,,,,,,,,,,,
1.7985527038574218,0.7951947450637817,3.7338460457929484e-06,7.402725101840146,52700,,,,,,,,,,,
1.817918586730957,0.8520370125770569,3.716287399915719e-06,7.405534485180503,52720,,,,,,,,,,,
1.7518882751464844,0.7544272541999817,3.6987287540384885e-06,7.40834386852086,52740,,,,,,,,,,,
1.7518238067626952,0.7245734930038452,3.681170108161259e-06,7.411153251861217,52760,,,,,,,,,,,
1.7876543045043944,0.7097004652023315,3.6636114622840286e-06,7.413962635201573,52780,,,,,,,,,,,
1.8187032699584962,0.7671349048614502,3.646052816406799e-06,7.41677201854193,52800,,,,,,,,,,,
1.7371660232543946,0.7942878007888794,3.628494170529569e-06,7.4195814018822865,52820,,,,,,,,,,,
1.7773252487182618,0.7811321020126343,3.6109355246523387e-06,7.422390785222643,52840,,,,,,,,,,,
1.8336847305297852,0.7347514033317566,3.5933768787751092e-06,7.425200168563,52860,,,,,,,,,,,
1.7847564697265625,0.7632893919944763,3.575818232897879e-06,7.428009551903357,52880,,,,,,,,,,,
1.7807100296020508,0.7729840278625488,3.5582595870206493e-06,7.430818935243714,52900,,,,,,,,,,,
1.7054815292358398,2.507828712463379,3.540700941143419e-06,7.433628318584071,52920,,,,,,,,,,,
1.7713163375854493,0.7291532754898071,3.5231422952661894e-06,7.436437701924428,52940,,,,,,,,,,,
1.7852510452270507,0.7696481347084045,3.505583649388959e-06,7.4392470852647845,52960,,,,,,,,,,,
1.7240352630615234,0.7101364731788635,3.4880250035117295e-06,7.442056468605141,52980,,,,,,,,,,,
1.7581384658813477,0.6615841388702393,3.470466357634499e-06,7.444865851945498,53000,,,,,,,,,,,
1.7930978775024413,0.7779728770256042,3.4529077117572696e-06,7.447675235285855,53020,,,,,,,,,,,
1.770826530456543,0.8224433660507202,3.4353490658800397e-06,7.450484618626212,53040,,,,,,,,,,,
1.808250617980957,0.810463547706604,3.4177904200028093e-06,7.453294001966569,53060,,,,,,,,,,,
1.7865646362304688,0.7605981230735779,3.4002317741255798e-06,7.456103385306925,53080,,,,,,,,,,,
1.7859033584594726,0.8046880960464478,3.3826731282483494e-06,7.458912768647282,53100,,,,,,,,,,,
1.7382623672485351,0.8427834510803223,3.36511448237112e-06,7.461722151987638,53120,,,,,,,,,,,
1.7651050567626954,0.7499260306358337,3.3475558364938895e-06,7.464531535327995,53140,,,,,,,,,,,
1.71480712890625,0.7747146487236023,3.32999719061666e-06,7.467340918668352,53160,,,,,,,,,,,
1.8094982147216796,0.7825586199760437,3.3124385447394296e-06,7.470150302008709,53180,,,,,,,,,,,
1.8409917831420899,0.7349952459335327,3.2948798988622e-06,7.472959685349066,53200,,,,,,,,,,,
1.740689468383789,0.7296789884567261,3.2773212529849697e-06,7.475769068689423,53220,,,,,,,,,,,
1.7541522979736328,0.7103866338729858,3.25976260710774e-06,7.4785784520297796,53240,,,,,,,,,,,
1.8304494857788085,0.7704173922538757,3.24220396123051e-06,7.481387835370136,53260,,,,,,,,,,,
1.7879091262817384,0.7311499118804932,3.2246453153532802e-06,7.484197218710493,53280,,,,,,,,,,,
1.845698356628418,0.7843450903892517,3.2070866694760503e-06,7.48700660205085,53300,,,,,,,,,,,
1.7855762481689452,0.641812801361084,3.18952802359882e-06,7.489815985391207,53320,,,,,,,,,,,
1.8399208068847657,0.735978901386261,3.1719693777215904e-06,7.492625368731564,53340,,,,,,,,,,,
1.7782800674438477,0.7191800475120544,3.15441073184436e-06,7.495434752071921,53360,,,,,,,,,,,
1.8544298171997071,0.7845051884651184,3.1368520859671305e-06,7.498244135412277,53380,,,,,,,,,,,
1.8131744384765625,0.7993202209472656,3.1192934400899005e-06,7.5010535187526335,53400,,,,,,,,,,,
1.7506967544555665,0.7336990237236023,3.1017347942126706e-06,7.50386290209299,53420,,,,,,,,,,,
1.7983863830566407,0.6646047234535217,3.0841761483354406e-06,7.506672285433347,53440,,,,,,,,,,,
1.7419916152954102,0.8195045590400696,3.0666175024582107e-06,7.509481668773704,53460,,,,,,,,,,,
1.74987735748291,0.7710151672363281,3.0490588565809807e-06,7.512291052114061,53480,,,,,,,,,,,
1.776361083984375,0.8081569671630859,3.0315002107037508e-06,7.515100435454418,53500,,,,,,,,,,,
1.7948896408081054,0.7823820114135742,3.0139415648265204e-06,7.517909818794775,53520,,,,,,,,,,,
1.810508918762207,0.7910596132278442,2.9963829189492905e-06,7.5207192021351315,53540,,,,,,,,,,,
1.7621431350708008,0.7836650609970093,2.978824273072061e-06,7.523528585475488,53560,,,,,,,,,,,
1.793947410583496,0.7280433773994446,2.961265627194831e-06,7.526337968815845,53580,,,,,,,,,,,
1.7440824508666992,0.7171085476875305,2.943706981317601e-06,7.529147352156202,53600,,,,,,,,,,,
1.7825914382934571,0.7202849984169006,2.926148335440371e-06,7.531956735496559,53620,,,,,,,,,,,
1.7473163604736328,0.7322489023208618,2.908589689563141e-06,7.534766118836915,53640,,,,,,,,,,,
1.7663373947143555,0.7763513922691345,2.891031043685911e-06,7.537575502177273,53660,,,,,,,,,,,
1.7347703933715821,0.6659061908721924,2.8734723978086812e-06,7.5403848855176285,53680,,,,,,,,,,,
1.7487972259521485,0.7062334418296814,2.8559137519314513e-06,7.543194268857985,53700,,,,,,,,,,,
1.758904266357422,0.7420159578323364,2.8383551060542213e-06,7.546003652198342,53720,,,,,,,,,,,
1.8439197540283203,0.7547972798347473,2.820796460176991e-06,7.548813035538699,53740,,,,,,,,,,,
1.771111297607422,0.7154136896133423,2.803237814299761e-06,7.551622418879056,53760,,,,,,,,,,,
1.779149055480957,0.7199317812919617,2.7856791684225315e-06,7.554431802219413,53780,,,,,,,,,,,
1.7599138259887694,0.7842472791671753,2.7681205225453015e-06,7.55724118555977,53800,,,,,,,,,,,
1.8514619827270509,0.7491061687469482,2.7505618766680716e-06,7.5600505689001265,53820,,,,,,,,,,,
1.7925422668457032,0.7656292915344238,2.7330032307908416e-06,7.562859952240483,53840,,,,,,,,,,,
1.7442556381225587,0.750572681427002,2.7154445849136117e-06,7.56566933558084,53860,,,,,,,,,,,
1.7972200393676758,0.752052366733551,2.6978859390363817e-06,7.568478718921197,53880,,,,,,,,,,,
1.785196876525879,0.7485489845275879,2.6803272931591518e-06,7.571288102261554,53900,,,,,,,,,,,
1.7574676513671874,0.7371568083763123,2.662768647281922e-06,7.574097485601911,53920,,,,,,,,,,,
1.8030534744262696,0.7051960825920105,2.645210001404692e-06,7.576906868942267,53940,,,,,,,,,,,
1.7562145233154296,0.7500948309898376,2.627651355527462e-06,7.579716252282624,53960,,,,,,,,,,,
1.8019378662109375,0.7122313380241394,2.6100927096502315e-06,7.58252563562298,53980,,,,,,,,,,,
1.7728900909423828,0.7569472789764404,2.592534063773002e-06,7.585335018963337,54000,,,,,,,,,,,
1.780107307434082,0.7818589806556702,2.574975417895772e-06,7.588144402303694,54020,,,,,,,,,,,
1.833574104309082,0.7968599200248718,2.557416772018542e-06,7.590953785644051,54040,,,,,,,,,,,
1.774557876586914,0.7341320514678955,2.539858126141312e-06,7.593763168984408,54060,,,,,,,,,,,
1.8092140197753905,0.820670485496521,2.522299480264082e-06,7.596572552324765,54080,,,,,,,,,,,
1.7931215286254882,0.8269914984703064,2.5047408343868523e-06,7.5993819356651215,54100,,,,,,,,,,,
1.8366401672363282,0.7213165163993835,2.4871821885096223e-06,7.602191319005478,54120,,,,,,,,,,,
1.7932493209838867,0.7558316588401794,2.4696235426323924e-06,7.605000702345835,54140,,,,,,,,,,,
1.8305301666259766,0.7316420674324036,2.4520648967551624e-06,7.607810085686192,54160,,,,,,,,,,,
1.813099479675293,0.7337349057197571,2.4345062508779325e-06,7.610619469026549,54180,,,,,,,,,,,
1.7989517211914063,0.6989943385124207,2.4169476050007025e-06,7.613428852366906,54200,,,,,,,,,,,
1.786588478088379,0.7659907937049866,2.3993889591234726e-06,7.616238235707263,54220,,,,,,,,,,,
1.7937522888183595,0.7559806704521179,2.3818303132462426e-06,7.619047619047619,54240,,,,,,,,,,,
1.8038755416870118,0.7730450630187988,2.3642716673690126e-06,7.6218570023879755,54260,,,,,,,,,,,
1.779001235961914,0.7625741958618164,2.3467130214917827e-06,7.624666385728332,54280,,,,,,,,,,,
1.7952020645141602,0.7682875990867615,2.3291543756145527e-06,7.627475769068689,54300,,,,,,,,,,,
1.7797746658325195,0.7737230658531189,2.311595729737323e-06,7.630285152409046,54320,,,,,,,,,,,
1.7982999801635742,0.7404128909111023,2.294037083860093e-06,7.633094535749403,54340,,,,,,,,,,,
1.766892433166504,0.7092189788818359,2.276478437982863e-06,7.63590391908976,54360,,,,,,,,,,,
1.7980709075927734,0.844242513179779,2.258919792105633e-06,7.638713302430117,54380,,,,,,,,,,,
1.7396629333496094,0.7647521495819092,2.241361146228403e-06,7.6415226857704734,54400,,,,,,,,,,,
1.7570915222167969,0.6686539053916931,2.223802500351173e-06,7.64433206911083,54420,,,,,,,,,,,
1.7769054412841796,0.7887681722640991,2.206243854473943e-06,7.647141452451187,54440,,,,,,,,,,,
1.7597640991210937,0.7725293040275574,2.188685208596713e-06,7.649950835791544,54460,,,,,,,,,,,
1.7587936401367188,0.7630584836006165,2.171126562719483e-06,7.652760219131901,54480,,,,,,,,,,,
1.8486404418945312,0.8379169702529907,2.1535679168422532e-06,7.655569602472258,54500,,,,,,,,,,,
1.7929443359375,0.7880482077598572,2.1360092709650233e-06,7.658378985812615,54520,,,,,,,,,,,
1.7422096252441406,0.7231778502464294,2.1184506250877933e-06,7.6611883691529705,54540,,,,,,,,,,,
1.8076395034790038,0.7859322428703308,2.1008919792105634e-06,7.663997752493327,54560,,,,,,,,,,,
1.782038116455078,0.748890221118927,2.0833333333333334e-06,7.666807135833684,54580,,,,,,,,,,,
1.7722354888916017,0.6826063394546509,2.0657746874561035e-06,7.669616519174041,54600,,,,,,,,,,,
1.8438076019287108,0.779036283493042,2.0482160415788735e-06,7.672425902514398,54620,,,,,,,,,,,
1.758938980102539,0.7173500657081604,2.0306573957016436e-06,7.675235285854755,54640,,,,,,,,,,,
1.768796157836914,0.7178412079811096,2.0130987498244136e-06,7.678044669195112,54660,,,,,,,,,,,
1.7800085067749023,0.7510313987731934,1.9955401039471837e-06,7.6808540525354685,54680,,,,,,,,,,,
1.7590827941894531,0.6583760380744934,1.9779814580699537e-06,7.683663435875825,54700,,,,,,,,,,,
1.8364879608154296,0.7551557421684265,1.9604228121927238e-06,7.686472819216182,54720,,,,,,,,,,,
1.8097524642944336,0.7370607256889343,1.942864166315494e-06,7.689282202556539,54740,,,,,,,,,,,
1.7500577926635743,0.707109808921814,1.925305520438264e-06,7.692091585896896,54760,,,,,,,,,,,
1.7956720352172852,0.7789557576179504,1.907746874561034e-06,7.694900969237253,54780,,,,,,,,,,,
1.8080524444580077,0.6977071166038513,1.8901882286838038e-06,7.697710352577609,54800,,,,,,,,,,,
1.814666175842285,0.831636905670166,1.8726295828065738e-06,7.7005197359179665,54820,,,,,,,,,,,
1.7947877883911132,0.7502729296684265,1.8550709369293443e-06,7.703329119258322,54840,,,,,,,,,,,
1.772561264038086,0.7885115742683411,1.8375122910521143e-06,7.706138502598679,54860,,,,,,,,,,,
1.758587646484375,0.7512399554252625,1.8199536451748844e-06,7.708947885939036,54880,,,,,,,,,,,
1.8109565734863282,0.6957240700721741,1.8023949992976542e-06,7.711757269279393,54900,,,,,,,,,,,
1.8095882415771485,0.7139122486114502,1.7848363534204243e-06,7.71456665261975,54920,,,,,,,,,,,
1.7660049438476562,0.6701767444610596,1.7672777075431943e-06,7.717376035960107,54940,,,,,,,,,,,
1.7901912689208985,0.6783864498138428,1.7497190616659644e-06,7.7201854193004635,54960,,,,,,,,,,,
1.7955282211303711,0.7625697255134583,1.7321604157887344e-06,7.72299480264082,54980,,,,,,,,,,,
1.7786720275878907,0.813811182975769,1.7146017699115045e-06,7.725804185981177,55000,,,,,,,,,,,
1.8350967407226562,0.814216136932373,1.6970431240342745e-06,7.728613569321534,55020,,,,,,,,,,,
1.716463279724121,0.7371950745582581,1.6794844781570448e-06,7.731422952661891,55040,,,,,,,,,,,
1.807420539855957,0.7978420853614807,1.6619258322798148e-06,7.734232336002248,55060,,,,,,,,,,,
1.8010868072509765,0.7374883890151978,1.6443671864025849e-06,7.737041719342605,55080,,,,,,,,,,,
1.7716670989990235,0.763746976852417,1.626808540525355e-06,7.739851102682961,55100,,,,,,,,,,,
1.8047382354736328,0.7897172570228577,1.6092498946481248e-06,7.742660486023318,55120,,,,,,,,,,,
1.8243490219116212,0.6699438095092773,1.5916912487708948e-06,7.745469869363674,55140,,,,,,,,,,,
1.7324884414672852,0.7364332675933838,1.5741326028936649e-06,7.748279252704031,55160,,,,,,,,,,,
1.7703182220458984,0.6912429928779602,1.556573957016435e-06,7.751088636044388,55180,,,,,,,,,,,
1.7314075469970702,0.7344812154769897,1.5390153111392052e-06,7.753898019384745,55200,,,,,,,,,,,
1.739412498474121,0.7515620589256287,1.5214566652619752e-06,7.756707402725102,55220,,,,,,,,,,,
1.7752815246582032,0.6920155882835388,1.503898019384745e-06,7.759516786065459,55240,,,,,,,,,,,
1.7657691955566406,0.7107514142990112,1.486339373507515e-06,7.762326169405815,55260,,,,,,,,,,,
1.7963611602783203,0.7525354027748108,1.4687807276302851e-06,7.765135552746172,55280,,,,,,,,,,,
1.7768415451049804,0.7659995555877686,1.4512220817530552e-06,7.767944936086529,55300,,,,,,,,,,,
1.8236757278442384,0.7076659202575684,1.4336634358758255e-06,7.770754319426886,55320,,,,,,,,,,,
1.8291938781738282,0.7974310517311096,1.4161047899985955e-06,7.773563702767243,55340,,,,,,,,,,,
1.8215755462646483,0.7545984983444214,1.3985461441213653e-06,7.7763730861076,55360,,,,,,,,,,,
1.7712390899658204,0.805427074432373,1.3809874982441354e-06,7.7791824694479565,55380,,,,,,,,,,,
1.7996681213378907,0.7729443311691284,1.3634288523669054e-06,7.7819918527883125,55400,,,,,,,,,,,
1.858841323852539,0.6776908040046692,1.3458702064896757e-06,7.78480123612867,55420,,,,,,,,,,,
1.7406297683715821,0.7246852517127991,1.3283115606124458e-06,7.787610619469026,55440,,,,,,,,,,,
1.8019596099853517,0.728969156742096,1.3107529147352156e-06,7.790420002809383,55460,,,,,,,,,,,
1.7698631286621094,0.7105079293251038,1.2931942688579856e-06,7.79322938614974,55480,,,,,,,,,,,
1.7504827499389648,0.724516749382019,1.2756356229807557e-06,7.796038769490097,55500,,,,,,,,,,,
1.7563220977783203,0.6853773593902588,1.258076977103526e-06,7.798848152830454,55520,,,,,,,,,,,
1.7618621826171874,0.741874098777771,1.240518331226296e-06,7.8016575361708105,55540,,,,,,,,,,,
1.7742660522460938,0.7368104457855225,1.222959685349066e-06,7.804466919511167,55560,,,,,,,,,,,
1.7799819946289062,0.793184757232666,1.2054010394718359e-06,7.807276302851524,55580,,,,,,,,,,,
1.7765510559082032,0.7200078964233398,1.187842393594606e-06,7.810085686191881,55600,,,,,,,,,,,
1.797177505493164,0.8479592204093933,1.170283747717376e-06,7.812895069532238,55620,,,,,,,,,,,
1.7657262802124023,0.7441400289535522,1.1527251018401462e-06,7.815704452872595,55640,,,,,,,,,,,
1.751601219177246,0.7806193232536316,1.1351664559629163e-06,7.818513836212952,55660,,,,,,,,,,,
1.7696966171264648,0.808959424495697,1.1176078100856863e-06,7.8213232195533084,55680,,,,,,,,,,,
1.7734903335571288,0.6905027031898499,1.1000491642084562e-06,7.824132602893664,55700,,,,,,,,,,,
1.7699827194213866,0.8426557183265686,1.0824905183312262e-06,7.826941986234021,55720,,,,,,,,,,,
1.746795654296875,0.667000949382782,1.0649318724539965e-06,7.829751369574378,55740,,,,,,,,,,,
1.7419052124023438,0.7322058081626892,1.0473732265767665e-06,7.832560752914735,55760,,,,,,,,,,,
1.8020795822143554,0.7374089956283569,1.0298145806995366e-06,7.835370136255092,55780,,,,,,,,,,,
1.7633216857910157,0.7253929376602173,1.0122559348223064e-06,7.838179519595449,55800,,,,,,,,,,,
1.7725187301635743,0.73859041929245,9.946972889450765e-07,7.8409889029358055,55820,,,,,,,,,,,
1.7940855026245117,0.7254984974861145,9.771386430678467e-07,7.843798286276162,55840,,,,,,,,,,,
1.7921934127807617,0.8083468675613403,9.595799971906168e-07,7.846607669616519,55860,,,,,,,,,,,
1.700231170654297,0.7044350504875183,9.420213513133867e-07,7.849417052956876,55880,,,,,,,,,,,
1.7809810638427734,0.7361552119255066,9.244627054361568e-07,7.852226436297233,55900,,,,,,,,,,,
1.8002658843994142,0.7481564283370972,9.069040595589268e-07,7.85503581963759,55920,,,,,,,,,,,
1.7976539611816407,0.7909043431282043,8.89345413681697e-07,7.857845202977947,55940,,,,,,,,,,,
1.7353302001953126,0.7085181474685669,8.71786767804467e-07,7.8606545863183035,55960,,,,,,,,,,,
1.7707839965820313,0.8135601878166199,8.542281219272371e-07,7.86346396965866,55980,,,,,,,,,,,
1.7654659271240234,0.7615102529525757,8.36669476050007e-07,7.866273352999016,56000,,,,,,,,,,,
1.772627830505371,0.7352375984191895,8.191108301727771e-07,7.869082736339373,56020,,,,,,,,,,,
1.8202802658081054,0.717002809047699,8.015521842955471e-07,7.87189211967973,56040,,,,,,,,,,,
1.7340017318725587,0.7377493977546692,7.839935384183173e-07,7.874701503020087,56060,,,,,,,,,,,
1.8093275070190429,0.6999241709709167,7.664348925410873e-07,7.877510886360444,56080,,,,,,,,,,,
1.775523567199707,0.7511573433876038,7.488762466638573e-07,7.880320269700801,56100,,,,,,,,,,,
1.7679386138916016,0.7980634570121765,7.313176007866273e-07,7.883129653041157,56120,,,,,,,,,,,
1.717218017578125,0.7041814923286438,7.137589549093975e-07,7.885939036381514,56140,,,,,,,,,,,
1.7602582931518556,0.7210672497749329,6.962003090321674e-07,7.888748419721871,56160,,,,,,,,,,,
1.7618890762329102,0.7500980496406555,6.786416631549376e-07,7.891557803062228,56180,,,,,,,,,,,
1.809401512145996,0.7523793578147888,6.610830172777076e-07,7.894367186402585,56200,,,,,,,,,,,
1.7409753799438477,0.691100001335144,6.435243714004776e-07,7.897176569742942,56220,,,,,,,,,,,
1.7644180297851562,0.7142331600189209,6.259657255232477e-07,7.8999859530832985,56240,,,,,,,,,,,
1.836695098876953,0.6805499196052551,6.084070796460178e-07,7.902795336423655,56260,,,,,,,,,,,
1.7820940017700195,0.7475103139877319,5.908484337687877e-07,7.905604719764012,56280,,,,,,,,,,,
1.7764825820922852,0.644877552986145,5.732897878915579e-07,7.908414103104368,56300,,,,,,,,,,,
1.825931930541992,0.7407817244529724,5.557311420143279e-07,7.911223486444725,56320,,,,,,,,,,,
1.764603042602539,0.6898259520530701,5.38172496137098e-07,7.914032869785082,56340,,,,,,,,,,,
1.8459815979003906,0.7283627390861511,5.20613850259868e-07,7.916842253125439,56360,,,,,,,,,,,
1.7806995391845704,0.7404866814613342,5.030552043826381e-07,7.919651636465796,56380,,,,,,,,,,,
1.8008018493652345,0.7740045785903931,4.854965585054081e-07,7.9224610198061525,56400,,,,,,,,,,,
1.7715087890625,0.7232208251953125,4.6793791262817815e-07,7.925270403146509,56420,,,,,,,,,,,
1.7339105606079102,0.712578296661377,4.5037926675094825e-07,7.928079786486866,56440,,,,,,,,,,,
1.8007362365722657,0.7585954666137695,4.3282062087371825e-07,7.930889169827223,56460,,,,,,,,,,,
1.798361587524414,0.7201620936393738,4.1526197499648825e-07,7.93369855316758,56480,,,,,,,,,,,
1.7654033660888673,0.9842637777328491,3.9770332911925835e-07,7.936507936507937,56500,,,,,,,,,,,
1.7914419174194336,0.766316294670105,3.801446832420284e-07,7.939317319848294,56520,,,,,,,,,,,
1.7273344039916991,0.7268804311752319,3.6258603736479845e-07,7.94212670318865,56540,,,,,,,,,,,
1.775446319580078,0.7040117383003235,3.450273914875685e-07,7.944936086529006,56560,,,,,,,,,,,
1.786485481262207,0.6844687461853027,3.2746874561033854e-07,7.947745469869364,56580,,,,,,,,,,,
1.7754423141479492,0.7828400135040283,3.099100997331086e-07,7.95055485320972,56600,,,,,,,,,,,
1.7758705139160156,0.7461296916007996,2.9235145385587864e-07,7.953364236550077,56620,,,,,,,,,,,
1.8222465515136719,0.8138844966888428,2.7479280797864874e-07,7.956173619890434,56640,,,,,,,,,,,
1.7867773056030274,0.7161939740180969,2.5723416210141874e-07,7.958983003230791,56660,,,,,,,,,,,
1.8393774032592773,0.748077392578125,2.396755162241888e-07,7.9617923865711475,56680,,,,,,,,,,,
1.7716960906982422,0.7538002133369446,2.2211687034695886e-07,7.964601769911504,56700,,,,,,,,,,,
1.7566932678222655,0.7239770293235779,2.0455822446972891e-07,7.967411153251861,56720,,,,,,,,,,,
1.7964672088623046,0.7149106860160828,1.8699957859249896e-07,7.970220536592218,56740,,,,,,,,,,,
1.8186317443847657,0.7368218898773193,1.69440932715269e-07,7.973029919932575,56760,,,,,,,,,,,
1.7634767532348632,0.6961302161216736,1.5188228683803906e-07,7.975839303272932,56780,,,,,,,,,,,
1.7570224761962892,0.7836102247238159,1.343236409608091e-07,7.978648686613289,56800,,,,,,,,,,,
1.7835620880126952,0.7378128170967102,1.1676499508357917e-07,7.9814580699536455,56820,,,,,,,,,,,
1.7620853424072265,0.7334932684898376,9.920634920634921e-08,7.984267453294002,56840,,,,,,,,,,,
1.7717508316040038,0.7185595631599426,8.164770332911927e-08,7.987076836634358,56860,,,,,,,,,,,
1.738718032836914,0.7622866630554199,6.408905745188932e-08,7.989886219974716,56880,,,,,,,,,,,
1.7514131546020508,0.7928246855735779,4.653041157465936e-08,7.992695603315072,56900,,,,,,,,,,,
1.8141654968261718,0.7469276189804077,2.8971765697429413e-08,7.995504986655429,56920,,,,,,,,,,,
1.7661449432373046,0.7528115510940552,1.1413119820199467e-08,7.998314369995786,56940,,,,,,,,,,,
,,,8.0,56952,1.7696170806884766,15.064563969067805,40.03093207663194,273.4639,12.451,0.779,,,,,
,,,8.0,56952,,,,,,,10997.6556,165.709,5.179,2.664672512334889e+17,2.107756319634113
