loss,grad_norm,learning_rate,epoch,step,eval_loss,eval_bleu,eval_chrf2pp,eval_runtime,eval_samples_per_second,eval_steps_per_second,train_runtime,train_samples_per_second,train_steps_per_second,total_flos,train_loss
6.145854568481445,0.9012024998664856,4.996355125844077e-05,0.006138735420503376,20,,,,,,,,,,,
5.880879974365234,0.7814915776252747,4.9925184162062614e-05,0.012277470841006752,40,,,,,,,,,,,
5.644960021972656,0.7060753703117371,4.988681706568447e-05,0.01841620626151013,60,,,,,,,,,,,
5.319031143188477,0.6094814538955688,4.984844996930632e-05,0.024554941682013505,80,,,,,,,,,,,
5.107833480834961,0.5217134356498718,4.981008287292818e-05,0.030693677102516883,100,,,,,,,,,,,
4.9812263488769535,0.4743930697441101,4.977171577655003e-05,0.03683241252302026,120,,,,,,,,,,,
4.89530029296875,0.5091971158981323,4.973334868017189e-05,0.042971147943523635,140,,,,,,,,,,,
4.699562454223633,0.4489295482635498,4.969498158379374e-05,0.04910988336402701,160,,,,,,,,,,,
4.656166839599609,0.4651642143726349,4.9656614487415595e-05,0.055248618784530384,180,,,,,,,,,,,
4.5541118621826175,0.44347965717315674,4.961824739103745e-05,0.061387354205033766,200,,,,,,,,,,,
4.498045349121094,0.40292859077453613,4.9579880294659304e-05,0.06752608962553713,220,,,,,,,,,,,
4.419911193847656,0.4670763909816742,4.954151319828116e-05,0.07366482504604052,240,,,,,,,,,,,
4.311195755004883,0.4454796016216278,4.9503146101903006e-05,0.0798035604665439,260,,,,,,,,,,,
4.302923583984375,0.42800602316856384,4.946477900552486e-05,0.08594229588704727,280,,,,,,,,,,,
4.27850570678711,0.4364471435546875,4.942641190914672e-05,0.09208103130755065,300,,,,,,,,,,,
4.2307178497314455,0.4160849153995514,4.9388044812768576e-05,0.09821976672805402,320,,,,,,,,,,,
4.182621765136719,0.4591245949268341,4.9349677716390424e-05,0.1043585021485574,340,,,,,,,,,,,
4.15721549987793,0.4842923879623413,4.931131062001228e-05,0.11049723756906077,360,,,,,,,,,,,
4.082546234130859,0.4369977116584778,4.927294352363413e-05,0.11663597298956414,380,,,,,,,,,,,
4.058746719360352,0.49505794048309326,4.923457642725599e-05,0.12277470841006753,400,,,,,,,,,,,
4.0393821716308596,0.47167718410491943,4.919620933087784e-05,0.1289134438305709,420,,,,,,,,,,,
3.9831592559814455,0.4917152225971222,4.9157842234499696e-05,0.13505217925107427,440,,,,,,,,,,,
3.9042186737060547,0.5022605657577515,4.911947513812155e-05,0.14119091467157766,460,,,,,,,,,,,
3.9770530700683593,0.5292945504188538,4.90811080417434e-05,0.14732965009208104,480,,,,,,,,,,,
3.9122341156005858,0.4801551401615143,4.904274094536526e-05,0.1534683855125844,500,,,,,,,,,,,
3.8597686767578123,0.5506093502044678,4.9004373848987114e-05,0.1596071209330878,520,,,,,,,,,,,
3.813573455810547,0.5472371578216553,4.896600675260897e-05,0.16574585635359115,540,,,,,,,,,,,
3.805559539794922,0.5485517978668213,4.8927639656230816e-05,0.17188459177409454,560,,,,,,,,,,,
3.848582458496094,0.509168267250061,4.888927255985267e-05,0.1780233271945979,580,,,,,,,,,,,
3.7559608459472655,0.6116690039634705,4.8850905463474525e-05,0.1841620626151013,600,,,,,,,,,,,
3.786773681640625,0.5391339063644409,4.8812538367096386e-05,0.19030079803560468,620,,,,,,,,,,,
3.730051040649414,0.5664445757865906,4.8774171270718234e-05,0.19643953345610804,640,,,,,,,,,,,
3.671395492553711,0.5905832052230835,4.873580417434009e-05,0.20257826887661143,660,,,,,,,,,,,
3.6937931060791014,0.563882052898407,4.869743707796194e-05,0.2087170042971148,680,,,,,,,,,,,
3.6713882446289063,0.5441092848777771,4.865906998158379e-05,0.21485573971761818,700,,,,,,,,,,,
3.6063671112060547,0.6125836372375488,4.862070288520565e-05,0.22099447513812154,720,,,,,,,,,,,
3.649755859375,0.585591197013855,4.8582335788827506e-05,0.22713321055862493,740,,,,,,,,,,,
3.638318634033203,0.5840545892715454,4.854396869244936e-05,0.2332719459791283,760,,,,,,,,,,,
3.6244640350341797,0.565723180770874,4.850560159607121e-05,0.23941068139963168,780,,,,,,,,,,,
3.552664947509766,0.5681431889533997,4.846723449969306e-05,0.24554941682013506,800,,,,,,,,,,,
3.568111801147461,0.5815433263778687,4.8428867403314924e-05,0.25168815224063845,820,,,,,,,,,,,
3.5420295715332033,0.5632322430610657,4.839050030693678e-05,0.2578268876611418,840,,,,,,,,,,,
3.5062068939208983,0.614693284034729,4.8352133210558626e-05,0.2639656230816452,860,,,,,,,,,,,
3.5192981719970704,0.6055994629859924,4.831376611418048e-05,0.27010435850214853,880,,,,,,,,,,,
3.446167755126953,0.6864180564880371,4.8275399017802335e-05,0.27624309392265195,900,,,,,,,,,,,
3.490922546386719,0.6445800065994263,4.823703192142419e-05,0.2823818293431553,920,,,,,,,,,,,
3.456256103515625,0.6052265167236328,4.8198664825046043e-05,0.28852056476365867,940,,,,,,,,,,,
3.443726348876953,0.6650771498680115,4.81602977286679e-05,0.2946593001841621,960,,,,,,,,,,,
3.437969207763672,0.5986835956573486,4.812193063228975e-05,0.30079803560466545,980,,,,,,,,,,,
3.444515609741211,0.6648537516593933,4.80835635359116e-05,0.3069367710251688,1000,,,,,,,,,,,
3.396544647216797,0.6650947332382202,4.8045196439533454e-05,0.31307550644567217,1020,,,,,,,,,,,
3.351388931274414,0.6383281350135803,4.8006829343155316e-05,0.3192142418661756,1040,,,,,,,,,,,
3.321385955810547,0.6314869523048401,4.796846224677717e-05,0.32535297728667895,1060,,,,,,,,,,,
3.4185962677001953,0.6997560858726501,4.793009515039902e-05,0.3314917127071823,1080,,,,,,,,,,,
3.3701587677001954,0.664721667766571,4.789172805402087e-05,0.3376304481276857,1100,,,,,,,,,,,
3.3593723297119142,0.7431804537773132,4.7853360957642727e-05,0.3437691835481891,1120,,,,,,,,,,,
3.341567611694336,0.6719144582748413,4.781499386126458e-05,0.34990791896869244,1140,,,,,,,,,,,
3.3319782257080077,0.6913244724273682,4.7776626764886435e-05,0.3560466543891958,1160,,,,,,,,,,,
3.2995590209960937,0.7154932618141174,4.773825966850829e-05,0.3621853898096992,1180,,,,,,,,,,,
3.2806076049804687,0.7170460820198059,4.7699892572130144e-05,0.3683241252302026,1200,,,,,,,,,,,
3.2226757049560546,0.6730920076370239,4.766152547575199e-05,0.37446286065070594,1220,,,,,,,,,,,
3.2635311126708983,0.7351506352424622,4.762315837937385e-05,0.38060159607120936,1240,,,,,,,,,,,
3.260799789428711,0.6729236245155334,4.758479128299571e-05,0.3867403314917127,1260,,,,,,,,,,,
3.2062450408935548,0.7141583561897278,4.754642418661756e-05,0.3928790669122161,1280,,,,,,,,,,,
3.31705322265625,0.6710589528083801,4.750805709023941e-05,0.39901780233271944,1300,,,,,,,,,,,
3.2480663299560546,0.6865339279174805,4.7469689993861264e-05,0.40515653775322286,1320,,,,,,,,,,,
3.2832477569580076,0.7000632286071777,4.743132289748312e-05,0.4112952731737262,1340,,,,,,,,,,,
3.166401672363281,0.7638694643974304,4.739295580110498e-05,0.4174340085942296,1360,,,,,,,,,,,
3.2105892181396483,0.7745426893234253,4.735458870472683e-05,0.42357274401473294,1380,,,,,,,,,,,
3.1951370239257812,0.6818097233772278,4.731622160834868e-05,0.42971147943523635,1400,,,,,,,,,,,
3.1563501358032227,0.7515196204185486,4.7277854511970536e-05,0.4358502148557397,1420,,,,,,,,,,,
3.1641376495361326,0.7215120792388916,4.723948741559239e-05,0.4419889502762431,1440,,,,,,,,,,,
3.138437271118164,0.679083526134491,4.7201120319214245e-05,0.4481276856967465,1460,,,,,,,,,,,
3.132211685180664,0.7203558683395386,4.71627532228361e-05,0.45426642111724985,1480,,,,,,,,,,,
3.141771697998047,0.7001656293869019,4.7124386126457954e-05,0.4604051565377532,1500,,,,,,,,,,,
3.1469287872314453,0.6770670413970947,4.70860190300798e-05,0.4665438919582566,1520,,,,,,,,,,,
3.1274734497070313,0.681606650352478,4.7047651933701656e-05,0.47268262737876,1540,,,,,,,,,,,
3.1284086227416994,0.7067849636077881,4.700928483732352e-05,0.47882136279926335,1560,,,,,,,,,,,
3.1519906997680662,0.7288177609443665,4.697091774094537e-05,0.4849600982197667,1580,,,,,,,,,,,
3.109329032897949,0.7763078212738037,4.693255064456722e-05,0.4910988336402701,1600,,,,,,,,,,,
3.0591495513916014,0.7227283716201782,4.6894183548189074e-05,0.4972375690607735,1620,,,,,,,,,,,
3.1009483337402344,0.6900022625923157,4.685581645181093e-05,0.5033763044812769,1640,,,,,,,,,,,
3.0707677841186523,0.8228281736373901,4.681744935543278e-05,0.5095150399017803,1660,,,,,,,,,,,
3.1008769989013674,0.6887611746788025,4.677908225905464e-05,0.5156537753222836,1680,,,,,,,,,,,
3.093096160888672,0.7901633977890015,4.674071516267649e-05,0.521792510742787,1700,,,,,,,,,,,
3.0645971298217773,0.7481652498245239,4.6702348066298346e-05,0.5279312461632903,1720,,,,,,,,,,,
3.0154008865356445,0.7258744835853577,4.66639809699202e-05,0.5340699815837937,1740,,,,,,,,,,,
3.017631721496582,0.7583239078521729,4.662561387354205e-05,0.5402087170042971,1760,,,,,,,,,,,
3.040396881103516,0.7519232630729675,4.658724677716391e-05,0.5463474524248005,1780,,,,,,,,,,,
3.0419099807739256,0.8641116619110107,4.6548879680785764e-05,0.5524861878453039,1800,,,,,,,,,,,
3.058561325073242,0.7519198656082153,4.651051258440761e-05,0.5586249232658073,1820,,,,,,,,,,,
2.993285369873047,0.8011744618415833,4.6472145488029466e-05,0.5647636586863106,1840,,,,,,,,,,,
2.9845399856567383,0.771480917930603,4.643377839165132e-05,0.570902394106814,1860,,,,,,,,,,,
3.007810592651367,0.7510396838188171,4.6395411295273175e-05,0.5770411295273173,1880,,,,,,,,,,,
2.996164321899414,0.700115978717804,4.635704419889503e-05,0.5831798649478207,1900,,,,,,,,,,,
2.9909042358398437,0.7750874757766724,4.6318677102516883e-05,0.5893186003683242,1920,,,,,,,,,,,
3.057736396789551,0.6965418457984924,4.628031000613874e-05,0.5954573357888275,1940,,,,,,,,,,,
3.0199350357055663,0.7189766764640808,4.624194290976059e-05,0.6015960712093309,1960,,,,,,,,,,,
2.932071304321289,0.7360382676124573,4.620357581338245e-05,0.6077348066298343,1980,,,,,,,,,,,
2.9483150482177733,0.7374585270881653,4.61652087170043e-05,0.6138735420503376,2000,,,,,,,,,,,
3.0277034759521486,0.7748984694480896,4.6126841620626156e-05,0.620012277470841,2020,,,,,,,,,,,
2.9486642837524415,0.796602725982666,4.608847452424801e-05,0.6261510128913443,2040,,,,,,,,,,,
2.9710199356079103,0.7919384241104126,4.605010742786986e-05,0.6322897483118478,2060,,,,,,,,,,,
2.898773765563965,0.7692059874534607,4.601174033149171e-05,0.6384284837323512,2080,,,,,,,,,,,
2.9700613021850586,0.7953746318817139,4.597337323511357e-05,0.6445672191528545,2100,,,,,,,,,,,
2.897267532348633,0.7769297957420349,4.593500613873542e-05,0.6507059545733579,2120,,,,,,,,,,,
2.9097969055175783,0.7684758901596069,4.5896639042357275e-05,0.6568446899938613,2140,,,,,,,,,,,
2.9439418792724608,0.7897711992263794,4.585827194597913e-05,0.6629834254143646,2160,,,,,,,,,,,
2.9162837982177736,0.8376333117485046,4.5819904849600984e-05,0.669122160834868,2180,,,,,,,,,,,
2.9457735061645507,0.7707418203353882,4.578153775322284e-05,0.6752608962553714,2200,,,,,,,,,,,
2.8830286026000977,0.7597203850746155,4.574317065684469e-05,0.6813996316758748,2220,,,,,,,,,,,
2.850605010986328,0.7458449602127075,4.570480356046655e-05,0.6875383670963782,2240,,,,,,,,,,,
2.8580110549926756,0.7758280634880066,4.56664364640884e-05,0.6936771025168815,2260,,,,,,,,,,,
2.870940399169922,0.8125066161155701,4.562806936771025e-05,0.6998158379373849,2280,,,,,,,,,,,
2.879030227661133,0.7808663845062256,4.558970227133211e-05,0.7059545733578882,2300,,,,,,,,,,,
2.897981071472168,0.751461923122406,4.5551335174953965e-05,0.7120933087783916,2320,,,,,,,,,,,
2.860214042663574,0.8478004932403564,4.551296807857581e-05,0.7182320441988951,2340,,,,,,,,,,,
2.834369659423828,0.8128990530967712,4.547460098219767e-05,0.7243707796193984,2360,,,,,,,,,,,
2.875178909301758,0.8077938556671143,4.543623388581952e-05,0.7305095150399018,2380,,,,,,,,,,,
2.8060699462890626,0.8635690212249756,4.5397866789441376e-05,0.7366482504604052,2400,,,,,,,,,,,
2.8419269561767577,0.8514634966850281,4.535949969306323e-05,0.7427869858809085,2420,,,,,,,,,,,
2.8069952011108397,0.7963854670524597,4.5321132596685085e-05,0.7489257213014119,2440,,,,,,,,,,,
2.8010208129882814,0.793221116065979,4.528276550030694e-05,0.7550644567219152,2460,,,,,,,,,,,
2.8279680252075194,0.8345968127250671,4.5244398403928794e-05,0.7612031921424187,2480,,,,,,,,,,,
2.8206958770751953,0.7836664319038391,4.520603130755064e-05,0.7673419275629221,2500,,,,,,,,,,,
2.8307363510131838,0.8097913265228271,4.51676642111725e-05,0.7734806629834254,2520,,,,,,,,,,,
2.8195587158203126,0.789584755897522,4.512929711479436e-05,0.7796193984039288,2540,,,,,,,,,,,
2.841924476623535,0.7942211031913757,4.509093001841621e-05,0.7857581338244322,2560,,,,,,,,,,,
2.825074005126953,0.8010513782501221,4.505256292203806e-05,0.7918968692449355,2580,,,,,,,,,,,
2.78460693359375,0.8122363090515137,4.5014195825659914e-05,0.7980356046654389,2600,,,,,,,,,,,
2.7943954467773438,0.7718387842178345,4.497582872928177e-05,0.8041743400859422,2620,,,,,,,,,,,
2.793096733093262,0.8059325814247131,4.493746163290362e-05,0.8103130755064457,2640,,,,,,,,,,,
2.8274707794189453,0.8222511410713196,4.489909453652548e-05,0.8164518109269491,2660,,,,,,,,,,,
2.736454200744629,0.7676125168800354,4.486072744014733e-05,0.8225905463474524,2680,,,,,,,,,,,
2.843776512145996,0.8158594369888306,4.4822360343769186e-05,0.8287292817679558,2700,,,,,,,,,,,
2.8184589385986327,0.7739272713661194,4.478399324739104e-05,0.8348680171884592,2720,,,,,,,,,,,
2.807179832458496,0.7222686409950256,4.4745626151012895e-05,0.8410067526089625,2740,,,,,,,,,,,
2.790651321411133,0.790962815284729,4.470725905463475e-05,0.8471454880294659,2760,,,,,,,,,,,
2.8041669845581056,0.9039082527160645,4.4668891958256604e-05,0.8532842234499693,2780,,,,,,,,,,,
2.7915103912353514,0.8034745454788208,4.463052486187845e-05,0.8594229588704727,2800,,,,,,,,,,,
2.7767541885375975,0.7886828184127808,4.4592157765500306e-05,0.8655616942909761,2820,,,,,,,,,,,
2.7499582290649416,0.8154760599136353,4.455379066912217e-05,0.8717004297114794,2840,,,,,,,,,,,
2.735946846008301,0.8003203868865967,4.451542357274402e-05,0.8778391651319828,2860,,,,,,,,,,,
2.7749250411987303,0.7926028966903687,4.447705647636587e-05,0.8839779005524862,2880,,,,,,,,,,,
2.703965187072754,0.7831836938858032,4.443868937998772e-05,0.8901166359729895,2900,,,,,,,,,,,
2.7958795547485353,0.8576636910438538,4.440032228360958e-05,0.896255371393493,2920,,,,,,,,,,,
2.7646032333374024,0.7740954160690308,4.436195518723143e-05,0.9023941068139963,2940,,,,,,,,,,,
2.7403053283691405,0.770986795425415,4.432358809085329e-05,0.9085328422344997,2960,,,,,,,,,,,
2.7154191970825194,0.8090884685516357,4.428522099447514e-05,0.9146715776550031,2980,,,,,,,,,,,
2.754838752746582,0.8029333353042603,4.4246853898096996e-05,0.9208103130755064,3000,,,,,,,,,,,
2.663685989379883,0.8351064324378967,4.420848680171884e-05,0.9269490484960098,3020,,,,,,,,,,,
2.70103759765625,0.7834518551826477,4.4170119705340704e-05,0.9330877839165131,3040,,,,,,,,,,,
2.717033576965332,0.7866432070732117,4.413175260896256e-05,0.9392265193370166,3060,,,,,,,,,,,
2.69808349609375,0.8146496415138245,4.409338551258441e-05,0.94536525475752,3080,,,,,,,,,,,
2.7525728225708006,0.8519001007080078,4.405501841620626e-05,0.9515039901780233,3100,,,,,,,,,,,
2.7365489959716798,0.8005590438842773,4.4016651319828115e-05,0.9576427255985267,3120,,,,,,,,,,,
2.7095415115356447,0.8412705063819885,4.397828422344997e-05,0.9637814610190301,3140,,,,,,,,,,,
2.695720100402832,0.8508111238479614,4.393991712707183e-05,0.9699201964395334,3160,,,,,,,,,,,
2.7252511978149414,0.8369753360748291,4.390155003069368e-05,0.9760589318600368,3180,,,,,,,,,,,
2.6591604232788084,0.8190509080886841,4.386318293431553e-05,0.9821976672805403,3200,,,,,,,,,,,
2.6687490463256838,0.7631810307502747,4.382481583793739e-05,0.9883364027010436,3220,,,,,,,,,,,
2.656690788269043,0.8246291279792786,4.3786448741559235e-05,0.994475138121547,3240,,,,,,,,,,,
,,,1.0,3258,2.506408929824829,6.431404450373839,31.511617781164418,872.9519,8.994,0.562,,,,,
2.7055986404418944,0.8201629519462585,4.3748081645181096e-05,1.0006138735420504,3260,,,,,,,,,,,
2.6439027786254883,0.8452989459037781,4.370971454880295e-05,1.0067526089625538,3280,,,,,,,,,,,
2.622637176513672,0.8309300541877747,4.3671347452424805e-05,1.0128913443830572,3300,,,,,,,,,,,
2.6674070358276367,0.7701297402381897,4.363298035604665e-05,1.0190300798035605,3320,,,,,,,,,,,
2.650320816040039,0.7584061622619629,4.359461325966851e-05,1.025168815224064,3340,,,,,,,,,,,
2.6303253173828125,0.8388695120811462,4.355624616329037e-05,1.0313075506445673,3360,,,,,,,,,,,
2.6969614028930664,0.8063485622406006,4.351787906691222e-05,1.0374462860650706,3380,,,,,,,,,,,
2.638288879394531,0.8211426734924316,4.347951197053407e-05,1.043585021485574,3400,,,,,,,,,,,
2.60064582824707,0.756354033946991,4.3441144874155925e-05,1.0497237569060773,3420,,,,,,,,,,,
2.5989084243774414,0.8734130263328552,4.340277777777778e-05,1.0558624923265807,3440,,,,,,,,,,,
2.6441509246826174,0.7878459692001343,4.3364410681399634e-05,1.062001227747084,3460,,,,,,,,,,,
2.5453786849975586,0.8424466252326965,4.332604358502149e-05,1.0681399631675874,3480,,,,,,,,,,,
2.5886974334716797,0.8107163310050964,4.328767648864334e-05,1.0742786985880908,3500,,,,,,,,,,,
2.61147518157959,0.7805548906326294,4.32493093922652e-05,1.0804174340085941,3520,,,,,,,,,,,
2.6363027572631834,0.7748972177505493,4.3210942295887045e-05,1.0865561694290977,3540,,,,,,,,,,,
2.659742736816406,0.8021068572998047,4.31725751995089e-05,1.092694904849601,3560,,,,,,,,,,,
2.6396888732910155,0.7605435252189636,4.313420810313076e-05,1.0988336402701044,3580,,,,,,,,,,,
2.651326370239258,0.7921923995018005,4.3095841006752615e-05,1.1049723756906078,3600,,,,,,,,,,,
2.611744689941406,0.8556405901908875,4.305747391037446e-05,1.1111111111111112,3620,,,,,,,,,,,
2.5989425659179686,0.8799426555633545,4.301910681399632e-05,1.1172498465316145,3640,,,,,,,,,,,
2.640842628479004,0.7875699996948242,4.298073971761817e-05,1.1233885819521179,3660,,,,,,,,,,,
2.5750965118408202,0.8058149218559265,4.2942372621240026e-05,1.1295273173726212,3680,,,,,,,,,,,
2.6563976287841795,0.8158832788467407,4.290400552486188e-05,1.1356660527931246,3700,,,,,,,,,,,
2.573097801208496,0.7916716933250427,4.2865638428483735e-05,1.141804788213628,3720,,,,,,,,,,,
2.5562921524047852,0.8369672298431396,4.282727133210559e-05,1.1479435236341313,3740,,,,,,,,,,,
2.6084722518920898,0.791968584060669,4.278890423572744e-05,1.1540822590546347,3760,,,,,,,,,,,
2.599613380432129,0.7403913140296936,4.27505371393493e-05,1.160220994475138,3780,,,,,,,,,,,
2.5841848373413088,0.9083828926086426,4.271217004297115e-05,1.1663597298956414,3800,,,,,,,,,,,
2.6138322830200194,0.8195015788078308,4.267380294659301e-05,1.1724984653161448,3820,,,,,,,,,,,
2.596755027770996,0.7963790893554688,4.2635435850214854e-05,1.1786372007366483,3840,,,,,,,,,,,
2.5871652603149413,0.8276151418685913,4.259706875383671e-05,1.1847759361571517,3860,,,,,,,,,,,
2.6180004119873046,1.1004279851913452,4.255870165745856e-05,1.190914671577655,3880,,,,,,,,,,,
2.580867576599121,0.7967963218688965,4.2520334561080425e-05,1.1970534069981584,3900,,,,,,,,,,,
2.651384735107422,0.8102751970291138,4.248196746470227e-05,1.2031921424186618,3920,,,,,,,,,,,
2.6001596450805664,0.8482246994972229,4.244360036832413e-05,1.2093308778391652,3940,,,,,,,,,,,
2.5636007308959963,0.8076358437538147,4.240523327194598e-05,1.2154696132596685,3960,,,,,,,,,,,
2.5684076309204102,0.8272485733032227,4.2366866175567835e-05,1.2216083486801719,3980,,,,,,,,,,,
2.552676773071289,0.9137091636657715,4.232849907918969e-05,1.2277470841006752,4000,,,,,,,,,,,
2.559025764465332,0.8733683228492737,4.2290131982811544e-05,1.2338858195211786,4020,,,,,,,,,,,
2.572916030883789,0.8200175166130066,4.22517648864334e-05,1.240024554941682,4040,,,,,,,,,,,
2.587461471557617,0.7884946465492249,4.2213397790055246e-05,1.2461632903621853,4060,,,,,,,,,,,
2.5509944915771485,0.8383907675743103,4.21750306936771e-05,1.2523020257826887,4080,,,,,,,,,,,
2.4889198303222657,0.8315375447273254,4.213666359729896e-05,1.2584407612031923,4100,,,,,,,,,,,
2.5505182266235353,0.7518451809883118,4.2098296500920816e-05,1.2645794966236954,4120,,,,,,,,,,,
2.5099897384643555,0.8491470217704773,4.2059929404542664e-05,1.270718232044199,4140,,,,,,,,,,,
2.5200550079345705,0.7992393970489502,4.202156230816452e-05,1.2768569674647023,4160,,,,,,,,,,,
2.4830081939697264,0.7621911764144897,4.198319521178637e-05,1.2829957028852057,4180,,,,,,,,,,,
2.531043815612793,0.8382610082626343,4.194482811540823e-05,1.289134438305709,4200,,,,,,,,,,,
2.5453929901123047,0.8549509644508362,4.190646101903008e-05,1.2952731737262124,4220,,,,,,,,,,,
2.542056655883789,0.8467565774917603,4.1868093922651936e-05,1.3014119091467158,4240,,,,,,,,,,,
2.5177949905395507,0.8371729254722595,4.182972682627379e-05,1.3075506445672191,4260,,,,,,,,,,,
2.50726318359375,0.9055609107017517,4.1791359729895645e-05,1.3136893799877225,4280,,,,,,,,,,,
2.5459100723266603,3.2576076984405518,4.175299263351749e-05,1.3198281154082259,4300,,,,,,,,,,,
2.5518064498901367,0.9323027729988098,4.1714625537139354e-05,1.3259668508287292,4320,,,,,,,,,,,
2.526641273498535,0.8557249903678894,4.167625844076121e-05,1.3321055862492326,4340,,,,,,,,,,,
2.5529607772827148,0.8237931728363037,4.1637891344383056e-05,1.3382443216697362,4360,,,,,,,,,,,
2.5169851303100588,1.988563060760498,4.159952424800491e-05,1.3443830570902393,4380,,,,,,,,,,,
2.520242118835449,0.8496542572975159,4.1561157151626765e-05,1.350521792510743,4400,,,,,,,,,,,
2.463286781311035,0.7704997062683105,4.152279005524862e-05,1.356660527931246,4420,,,,,,,,,,,
2.482859230041504,0.8476537466049194,4.1484422958870474e-05,1.3627992633517496,4440,,,,,,,,,,,
2.559706115722656,0.8375150561332703,4.144605586249233e-05,1.368937998772253,4460,,,,,,,,,,,
2.517624282836914,0.7829844951629639,4.140768876611418e-05,1.3750767341927563,4480,,,,,,,,,,,
2.494256591796875,0.7994502782821655,4.136932166973604e-05,1.3812154696132597,4500,,,,,,,,,,,
2.5131736755371095,0.9566067457199097,4.133095457335789e-05,1.387354205033763,4520,,,,,,,,,,,
2.5007558822631837,0.9109118580818176,4.1292587476979746e-05,1.3934929404542664,4540,,,,,,,,,,,
2.5582757949829102,0.8295336365699768,4.12542203806016e-05,1.3996316758747698,4560,,,,,,,,,,,
2.4794183731079102,0.8162745833396912,4.1215853284223455e-05,1.4057704112952731,4580,,,,,,,,,,,
2.487113189697266,0.9058666229248047,4.11774861878453e-05,1.4119091467157765,4600,,,,,,,,,,,
2.463814353942871,0.8648487329483032,4.113911909146716e-05,1.4180478821362799,4620,,,,,,,,,,,
2.4549800872802736,0.8911238312721252,4.110075199508902e-05,1.4241866175567832,4640,,,,,,,,,,,
2.4710271835327147,0.8452984690666199,4.1062384898710866e-05,1.4303253529772868,4660,,,,,,,,,,,
2.5131181716918944,0.8183286190032959,4.102401780233272e-05,1.43646408839779,4680,,,,,,,,,,,
2.412323760986328,0.8407513499259949,4.0985650705954575e-05,1.4426028238182935,4700,,,,,,,,,,,
2.4368520736694337,0.8130929470062256,4.094728360957643e-05,1.4487415592387969,4720,,,,,,,,,,,
2.4901090621948243,0.8052091002464294,4.0908916513198283e-05,1.4548802946593002,4740,,,,,,,,,,,
2.468547248840332,0.9016997814178467,4.087054941682014e-05,1.4610190300798036,4760,,,,,,,,,,,
2.498097610473633,0.8830162286758423,4.083218232044199e-05,1.467157765500307,4780,,,,,,,,,,,
2.477768898010254,0.8522540926933289,4.079381522406385e-05,1.4732965009208103,4800,,,,,,,,,,,
2.4534912109375,0.9043689370155334,4.0755448127685694e-05,1.4794352363413137,4820,,,,,,,,,,,
2.4276426315307615,0.851094126701355,4.0717081031307556e-05,1.485573971761817,4840,,,,,,,,,,,
2.43082218170166,0.8280013799667358,4.067871393492941e-05,1.4917127071823204,4860,,,,,,,,,,,
2.4429407119750977,0.8010141253471375,4.0640346838551264e-05,1.4978514426028238,4880,,,,,,,,,,,
2.4650295257568358,0.7989040017127991,4.060197974217311e-05,1.5039901780233271,4900,,,,,,,,,,,
2.492395210266113,0.7968520522117615,4.0563612645794967e-05,1.5101289134438307,4920,,,,,,,,,,,
2.436434745788574,0.8833634853363037,4.052524554941682e-05,1.5162676488643339,4940,,,,,,,,,,,
2.428252601623535,0.8813725709915161,4.0486878453038675e-05,1.5224063842848374,4960,,,,,,,,,,,
2.483259391784668,0.9246981143951416,4.044851135666053e-05,1.5285451197053406,4980,,,,,,,,,,,
2.4075719833374025,0.8670541048049927,4.0410144260282384e-05,1.5346838551258442,5000,,,,,,,,,,,
2.445003128051758,0.8235710263252258,4.037177716390424e-05,1.5408225905463473,5020,,,,,,,,,,,
2.465239906311035,0.8163397312164307,4.0333410067526086e-05,1.5469613259668509,5040,,,,,,,,,,,
2.472278594970703,0.8582334518432617,4.029504297114795e-05,1.5531000613873542,5060,,,,,,,,,,,
2.4362873077392577,0.7993440628051758,4.02566758747698e-05,1.5592387968078576,5080,,,,,,,,,,,
2.4281194686889647,0.7796849608421326,4.0218308778391656e-05,1.565377532228361,5100,,,,,,,,,,,
2.4365655899047853,0.8502955436706543,4.0179941682013504e-05,1.5715162676488643,5120,,,,,,,,,,,
2.446120834350586,0.8355190753936768,4.014157458563536e-05,1.5776550030693677,5140,,,,,,,,,,,
2.4671772003173826,0.7738901376724243,4.010320748925721e-05,1.583793738489871,5160,,,,,,,,,,,
2.402672004699707,0.8790297508239746,4.006484039287907e-05,1.5899324739103746,5180,,,,,,,,,,,
2.41744384765625,0.8995026350021362,4.002647329650092e-05,1.5960712093308778,5200,,,,,,,,,,,
2.4205753326416017,0.8317259550094604,3.9988106200122776e-05,1.6022099447513813,5220,,,,,,,,,,,
2.422121047973633,0.8394733667373657,3.994973910374463e-05,1.6083486801718845,5240,,,,,,,,,,,
2.4558313369750975,0.8342990875244141,3.9911372007366485e-05,1.614487415592388,5260,,,,,,,,,,,
2.424418067932129,0.8692982196807861,3.987300491098834e-05,1.6206261510128912,5280,,,,,,,,,,,
2.430930328369141,0.8005154132843018,3.9834637814610194e-05,1.6267648864333948,5300,,,,,,,,,,,
2.383380126953125,0.8253448605537415,3.979627071823205e-05,1.6329036218538981,5320,,,,,,,,,,,
2.441070556640625,0.781924307346344,3.9757903621853896e-05,1.6390423572744015,5340,,,,,,,,,,,
2.4446983337402344,0.950650155544281,3.971953652547575e-05,1.6451810926949049,5360,,,,,,,,,,,
2.406932067871094,0.919201135635376,3.968116942909761e-05,1.6513198281154082,5380,,,,,,,,,,,
2.377802276611328,0.7729846835136414,3.9642802332719466e-05,1.6574585635359116,5400,,,,,,,,,,,
2.3728376388549806,0.8145018219947815,3.9604435236341314e-05,1.663597298956415,5420,,,,,,,,,,,
2.3870744705200195,0.8104854226112366,3.956606813996317e-05,1.6697360343769183,5440,,,,,,,,,,,
2.4250606536865233,0.8818327784538269,3.952770104358502e-05,1.6758747697974217,5460,,,,,,,,,,,
2.38604736328125,0.8426553010940552,3.948933394720688e-05,1.6820135052179253,5480,,,,,,,,,,,
2.3724451065063477,0.8166777491569519,3.945096685082873e-05,1.6881522406384284,5500,,,,,,,,,,,
2.3770259857177733,0.8236976861953735,3.9412599754450586e-05,1.694290976058932,5520,,,,,,,,,,,
2.421661376953125,0.8027639985084534,3.937423265807244e-05,1.7004297114794351,5540,,,,,,,,,,,
2.3854343414306642,0.8241018652915955,3.933586556169429e-05,1.7065684468999387,5560,,,,,,,,,,,
2.3917490005493165,0.8563557267189026,3.929749846531615e-05,1.7127071823204418,5580,,,,,,,,,,,
2.3829635620117187,0.7818743586540222,3.9259131368938004e-05,1.7188459177409454,5600,,,,,,,,,,,
2.4285465240478517,0.8295961022377014,3.922076427255986e-05,1.7249846531614488,5620,,,,,,,,,,,
2.3593828201293947,0.7943788766860962,3.9182397176181706e-05,1.7311233885819521,5640,,,,,,,,,,,
2.4130126953125,0.8164346814155579,3.914403007980356e-05,1.7372621240024555,5660,,,,,,,,,,,
2.362211799621582,0.8034661412239075,3.9105662983425415e-05,1.7434008594229589,5680,,,,,,,,,,,
2.3834489822387694,0.8576599955558777,3.9067295887047276e-05,1.7495395948434622,5700,,,,,,,,,,,
2.3492458343505858,0.9134867787361145,3.9028928790669123e-05,1.7556783302639656,5720,,,,,,,,,,,
2.3679840087890627,0.8927297592163086,3.899056169429098e-05,1.7618170656844692,5740,,,,,,,,,,,
2.3811885833740236,0.8572720289230347,3.895219459791283e-05,1.7679558011049723,5760,,,,,,,,,,,
2.375682067871094,0.8737650513648987,3.891382750153468e-05,1.7740945365254759,5780,,,,,,,,,,,
2.3787019729614256,0.7788026332855225,3.887546040515654e-05,1.780233271945979,5800,,,,,,,,,,,
2.339711380004883,0.8071509599685669,3.8837093308778396e-05,1.7863720073664826,5820,,,,,,,,,,,
2.352340316772461,0.8116368651390076,3.879872621240025e-05,1.7925107427869857,5840,,,,,,,,,,,
2.288543128967285,0.9076836705207825,3.87603591160221e-05,1.7986494782074893,5860,,,,,,,,,,,
2.3235511779785156,0.8047353029251099,3.872199201964395e-05,1.8047882136279927,5880,,,,,,,,,,,
2.3671876907348635,0.7915434241294861,3.8683624923265807e-05,1.810926949048496,5900,,,,,,,,,,,
2.3324138641357424,0.7939772009849548,3.864525782688767e-05,1.8170656844689994,5920,,,,,,,,,,,
2.377580261230469,0.8695348501205444,3.8606890730509515e-05,1.8232044198895028,5940,,,,,,,,,,,
2.382386016845703,1.0869699716567993,3.856852363413137e-05,1.8293431553100061,5960,,,,,,,,,,,
2.2993452072143556,0.8079701066017151,3.8530156537753224e-05,1.8354818907305095,5980,,,,,,,,,,,
2.3914709091186523,0.8208346962928772,3.849178944137508e-05,1.8416206261510129,6000,,,,,,,,,,,
2.375283432006836,0.8267679214477539,3.845342234499693e-05,1.8477593615715162,6020,,,,,,,,,,,
2.3407224655151366,0.8838800191879272,3.841505524861879e-05,1.8538980969920198,6040,,,,,,,,,,,
2.3220638275146483,0.7719367742538452,3.837668815224064e-05,1.860036832412523,6060,,,,,,,,,,,
2.338203239440918,0.7983205914497375,3.833832105586249e-05,1.8661755678330265,6080,,,,,,,,,,,
2.2928775787353515,0.7893316745758057,3.8299953959484344e-05,1.8723143032535297,6100,,,,,,,,,,,
2.3350908279418947,0.8666988015174866,3.8261586863106205e-05,1.8784530386740332,6120,,,,,,,,,,,
2.377482604980469,0.8117898106575012,3.822321976672806e-05,1.8845917740945364,6140,,,,,,,,,,,
2.3049041748046877,0.7811051607131958,3.818485267034991e-05,1.89073050951504,6160,,,,,,,,,,,
2.3478010177612303,0.7656898498535156,3.814648557397176e-05,1.8968692449355433,6180,,,,,,,,,,,
2.3895492553710938,0.913852870464325,3.8108118477593616e-05,1.9030079803560467,6200,,,,,,,,,,,
2.3246200561523436,0.910355806350708,3.806975138121547e-05,1.90914671577655,6220,,,,,,,,,,,
2.305840492248535,0.8264777660369873,3.8031384284837325e-05,1.9152854511970534,6240,,,,,,,,,,,
2.307064247131348,0.9053013920783997,3.799301718845918e-05,1.9214241866175568,6260,,,,,,,,,,,
2.303394317626953,0.8353864550590515,3.7954650092081034e-05,1.9275629220380601,6280,,,,,,,,,,,
2.3307001113891603,0.8637681007385254,3.791628299570289e-05,1.9337016574585635,6300,,,,,,,,,,,
2.3129959106445312,0.8568741083145142,3.787791589932474e-05,1.9398403928790668,6320,,,,,,,,,,,
2.3207172393798827,0.8871854543685913,3.78395488029466e-05,1.9459791282995704,6340,,,,,,,,,,,
2.3272523880004883,0.8662412762641907,3.780118170656845e-05,1.9521178637200736,6360,,,,,,,,,,,
2.2990955352783202,0.8663492798805237,3.77628146101903e-05,1.9582565991405771,6380,,,,,,,,,,,
2.2979373931884766,0.7877238988876343,3.7724447513812154e-05,1.9643953345610803,6400,,,,,,,,,,,
2.3276603698730467,0.9189186692237854,3.768608041743401e-05,1.9705340699815839,6420,,,,,,,,,,,
2.318013000488281,0.8846683502197266,3.764771332105587e-05,1.976672805402087,6440,,,,,,,,,,,
2.2505008697509767,0.8836080431938171,3.760934622467772e-05,1.9828115408225906,6460,,,,,,,,,,,
2.326131820678711,0.8053486943244934,3.757097912829957e-05,1.988950276243094,6480,,,,,,,,,,,
2.3445762634277343,0.8052676916122437,3.7532612031921426e-05,1.9950890116635973,6500,,,,,,,,,,,
,,,2.0,6516,2.159528970718384,8.524336969547635,35.17844276675385,603.0141,13.02,0.814,,,,,
2.3670942306518556,0.8107309341430664,3.749424493554328e-05,2.001227747084101,6520,,,,,,,,,,,
2.2296636581420897,0.80164635181427,3.7455877839165135e-05,2.007366482504604,6540,,,,,,,,,,,
2.330885124206543,0.7923329472541809,3.741751074278699e-05,2.0135052179251076,6560,,,,,,,,,,,
2.278176498413086,0.8041402697563171,3.7379143646408844e-05,2.0196439533456108,6580,,,,,,,,,,,
2.2844566345214843,0.8444036245346069,3.734077655003069e-05,2.0257826887661143,6600,,,,,,,,,,,
2.32142333984375,0.7872961759567261,3.7302409453652546e-05,2.0319214241866175,6620,,,,,,,,,,,
2.3302621841430664,0.7882041931152344,3.726404235727441e-05,2.038060159607121,6640,,,,,,,,,,,
2.3119382858276367,0.8219102025032043,3.722567526089626e-05,2.044198895027624,6660,,,,,,,,,,,
2.2817798614501954,0.855809211730957,3.718730816451811e-05,2.050337630448128,6680,,,,,,,,,,,
2.2760543823242188,0.8414640426635742,3.7148941068139963e-05,2.056476365868631,6700,,,,,,,,,,,
2.3288909912109377,0.7874495387077332,3.711057397176182e-05,2.0626151012891345,6720,,,,,,,,,,,
2.3155038833618162,0.8768631815910339,3.707220687538367e-05,2.0687538367096376,6740,,,,,,,,,,,
2.2830610275268555,0.8243445158004761,3.703383977900553e-05,2.074892572130141,6760,,,,,,,,,,,
2.3503002166748046,0.8724962472915649,3.699547268262738e-05,2.0810313075506444,6780,,,,,,,,,,,
2.2593463897705077,0.8035387992858887,3.6957105586249236e-05,2.087170042971148,6800,,,,,,,,,,,
2.308472442626953,0.8412951231002808,3.691873848987109e-05,2.0933087783916515,6820,,,,,,,,,,,
2.268460273742676,0.8320803046226501,3.688037139349294e-05,2.0994475138121547,6840,,,,,,,,,,,
2.2961254119873047,0.7830589413642883,3.68420042971148e-05,2.1055862492326582,6860,,,,,,,,,,,
2.2382814407348635,0.7498936653137207,3.680363720073665e-05,2.1117249846531614,6880,,,,,,,,,,,
2.290167236328125,0.8308216333389282,3.67652701043585e-05,2.117863720073665,6900,,,,,,,,,,,
2.285362434387207,0.898990273475647,3.6726903007980355e-05,2.124002455494168,6920,,,,,,,,,,,
2.2715553283691405,0.8788498640060425,3.668853591160221e-05,2.1301411909146717,6940,,,,,,,,,,,
2.3011369705200195,0.8207892179489136,3.6650168815224064e-05,2.136279926335175,6960,,,,,,,,,,,
2.2489089965820312,0.8350773453712463,3.661180171884592e-05,2.1424186617556784,6980,,,,,,,,,,,
2.2281707763671874,0.8306145668029785,3.657343462246777e-05,2.1485573971761815,7000,,,,,,,,,,,
2.247157669067383,0.7962182760238647,3.653506752608963e-05,2.154696132596685,7020,,,,,,,,,,,
2.3090858459472656,0.832439124584198,3.649670042971148e-05,2.1608348680171883,7040,,,,,,,,,,,
2.2372821807861327,0.7996610403060913,3.6458333333333336e-05,2.166973603437692,7060,,,,,,,,,,,
2.2534116744995116,0.7373698949813843,3.641996623695519e-05,2.1731123388581954,7080,,,,,,,,,,,
2.260283851623535,0.8343526721000671,3.6381599140577045e-05,2.1792510742786986,7100,,,,,,,,,,,
2.268882179260254,0.8580942153930664,3.63432320441989e-05,2.185389809699202,7120,,,,,,,,,,,
2.2933095932006835,0.736240029335022,3.630486494782075e-05,2.1915285451197053,7140,,,,,,,,,,,
2.259713554382324,0.8632053136825562,3.62664978514426e-05,2.197667280540209,7160,,,,,,,,,,,
2.248870849609375,0.8322799801826477,3.622813075506446e-05,2.203806015960712,7180,,,,,,,,,,,
2.2284238815307615,0.8268225789070129,3.618976365868631e-05,2.2099447513812156,7200,,,,,,,,,,,
2.2257614135742188,0.857580840587616,3.6151396562308165e-05,2.2160834868017187,7220,,,,,,,,,,,
2.230973815917969,0.8081324696540833,3.611302946593002e-05,2.2222222222222223,7240,,,,,,,,,,,
2.2370368957519533,0.8060320019721985,3.6074662369551874e-05,2.2283609576427255,7260,,,,,,,,,,,
2.2394012451171874,0.7719210982322693,3.603629527317373e-05,2.234499693063229,7280,,,,,,,,,,,
2.275706481933594,0.7764860391616821,3.599792817679558e-05,2.240638428483732,7300,,,,,,,,,,,
2.248443031311035,0.8277310132980347,3.595956108041744e-05,2.2467771639042358,7320,,,,,,,,,,,
2.2770599365234374,0.7880330681800842,3.592119398403929e-05,2.252915899324739,7340,,,,,,,,,,,
2.230256462097168,0.8194406032562256,3.588282688766114e-05,2.2590546347452425,7360,,,,,,,,,,,
2.2735822677612303,0.8395667672157288,3.5844459791283e-05,2.265193370165746,7380,,,,,,,,,,,
2.1802436828613283,0.8257797360420227,3.5806092694904855e-05,2.271332105586249,7400,,,,,,,,,,,
2.2184797286987306,0.8523015379905701,3.576772559852671e-05,2.277470841006753,7420,,,,,,,,,,,
2.2178091049194335,0.8266739845275879,3.572935850214856e-05,2.283609576427256,7440,,,,,,,,,,,
2.2615943908691407,0.7979459762573242,3.569099140577041e-05,2.2897483118477595,7460,,,,,,,,,,,
2.2268714904785156,0.8646538257598877,3.5652624309392266e-05,2.2958870472682626,7480,,,,,,,,,,,
2.245078277587891,0.8167235851287842,3.561425721301412e-05,2.3020257826887662,7500,,,,,,,,,,,
2.195754814147949,0.8336904048919678,3.5575890116635975e-05,2.3081645181092694,7520,,,,,,,,,,,
2.248206901550293,0.937035322189331,3.553752302025783e-05,2.314303253529773,7540,,,,,,,,,,,
2.235940933227539,0.8366706967353821,3.5499155923879684e-05,2.320441988950276,7560,,,,,,,,,,,
2.2718107223510744,0.8354902863502502,3.546078882750153e-05,2.3265807243707797,7580,,,,,,,,,,,
2.2291566848754885,0.9252161979675293,3.542242173112339e-05,2.332719459791283,7600,,,,,,,,,,,
2.2137584686279297,0.745586097240448,3.538405463474525e-05,2.3388581952117864,7620,,,,,,,,,,,
2.20259952545166,0.8317999243736267,3.53456875383671e-05,2.3449969306322895,7640,,,,,,,,,,,
2.2399192810058595,0.8611142039299011,3.530732044198895e-05,2.351135666052793,7660,,,,,,,,,,,
2.2330150604248047,0.7654275298118591,3.52689533456108e-05,2.3572744014732967,7680,,,,,,,,,,,
2.212088775634766,0.8424773216247559,3.523058624923266e-05,2.3634131368938,7700,,,,,,,,,,,
2.1829790115356444,0.8835071921348572,3.519221915285452e-05,2.3695518723143034,7720,,,,,,,,,,,
2.252864646911621,0.7998267412185669,3.515385205647637e-05,2.3756906077348066,7740,,,,,,,,,,,
2.256082534790039,0.8290793299674988,3.511548496009822e-05,2.38182934315531,7760,,,,,,,,,,,
2.19388427734375,0.8159305453300476,3.5077117863720075e-05,2.3879680785758133,7780,,,,,,,,,,,
2.197225570678711,0.830985426902771,3.503875076734193e-05,2.394106813996317,7800,,,,,,,,,,,
2.253972053527832,0.7837575674057007,3.5000383670963784e-05,2.40024554941682,7820,,,,,,,,,,,
2.282528114318848,0.8020787239074707,3.496201657458564e-05,2.4063842848373236,7840,,,,,,,,,,,
2.220036506652832,0.9522724747657776,3.492364947820749e-05,2.4125230202578267,7860,,,,,,,,,,,
2.1885408401489257,0.7928760647773743,3.488528238182934e-05,2.4186617556783303,7880,,,,,,,,,,,
2.2251523971557616,0.8898689150810242,3.4846915285451195e-05,2.424800491098834,7900,,,,,,,,,,,
2.228549575805664,0.8820791244506836,3.4808548189073057e-05,2.430939226519337,7920,,,,,,,,,,,
2.1747440338134765,0.8259239792823792,3.477018109269491e-05,2.43707796193984,7940,,,,,,,,,,,
2.232923126220703,0.8064299821853638,3.473181399631676e-05,2.4432166973603437,7960,,,,,,,,,,,
2.246417236328125,0.8321124911308289,3.469344689993861e-05,2.4493554327808473,7980,,,,,,,,,,,
2.2575475692749025,0.7737653851509094,3.465507980356047e-05,2.4554941682013505,8000,,,,,,,,,,,
2.193853759765625,0.816068172454834,3.461671270718232e-05,2.461632903621854,8020,,,,,,,,,,,
2.2281898498535155,0.779933512210846,3.4578345610804176e-05,2.467771639042357,8040,,,,,,,,,,,
2.213814926147461,0.7543771862983704,3.453997851442603e-05,2.4739103744628608,8060,,,,,,,,,,,
2.2056976318359376,0.8326987028121948,3.4501611418047885e-05,2.480049109883364,8080,,,,,,,,,,,
2.2147394180297852,0.8020216226577759,3.446324432166973e-05,2.4861878453038675,8100,,,,,,,,,,,
2.1666852951049806,0.7752331495285034,3.4424877225291594e-05,2.4923265807243706,8120,,,,,,,,,,,
2.2204874038696287,0.8311017155647278,3.438651012891345e-05,2.498465316144874,8140,,,,,,,,,,,
2.2038505554199217,0.817518413066864,3.43481430325353e-05,2.5046040515653774,8160,,,,,,,,,,,
2.1912252426147463,0.7204161286354065,3.430977593615715e-05,2.510742786985881,8180,,,,,,,,,,,
2.1758678436279295,0.8043838739395142,3.4271408839779005e-05,2.5168815224063845,8200,,,,,,,,,,,
2.148431968688965,0.7921544313430786,3.423304174340086e-05,2.5230202578268877,8220,,,,,,,,,,,
2.2247867584228516,0.8783237338066101,3.419467464702272e-05,2.529158993247391,8240,,,,,,,,,,,
2.1495832443237304,0.7521155476570129,3.415630755064457e-05,2.5352977286678944,8260,,,,,,,,,,,
2.1884511947631835,0.7948349118232727,3.411794045426642e-05,2.541436464088398,8280,,,,,,,,,,,
2.239693260192871,0.8413076996803284,3.407957335788828e-05,2.547575199508901,8300,,,,,,,,,,,
2.1588314056396483,0.9012266397476196,3.4041206261510125e-05,2.5537139349294047,8320,,,,,,,,,,,
2.1690162658691405,0.8086518049240112,3.4002839165131986e-05,2.559852670349908,8340,,,,,,,,,,,
2.1880475997924806,0.839496374130249,3.396447206875384e-05,2.5659914057704114,8360,,,,,,,,,,,
2.1900651931762694,0.7919626832008362,3.3926104972375695e-05,2.5721301411909145,8380,,,,,,,,,,,
2.184978485107422,0.7949566841125488,3.388773787599754e-05,2.578268876611418,8400,,,,,,,,,,,
2.152557373046875,0.8244102597236633,3.38493707796194e-05,2.5844076120319213,8420,,,,,,,,,,,
2.154051971435547,0.8493760824203491,3.381100368324125e-05,2.590546347452425,8440,,,,,,,,,,,
2.1955284118652343,0.7583286166191101,3.377263658686311e-05,2.596685082872928,8460,,,,,,,,,,,
2.170520210266113,0.8488638997077942,3.373426949048496e-05,2.6028238182934316,8480,,,,,,,,,,,
2.19797420501709,0.8229859471321106,3.3695902394106815e-05,2.608962553713935,8500,,,,,,,,,,,
2.1269193649291993,0.7819112539291382,3.365753529772867e-05,2.6151012891344383,8520,,,,,,,,,,,
2.1663839340209963,0.8451616168022156,3.3619168201350523e-05,2.6212400245549414,8540,,,,,,,,,,,
2.1322174072265625,0.7764754295349121,3.358080110497238e-05,2.627378759975445,8560,,,,,,,,,,,
2.163370704650879,0.7451139092445374,3.354243400859423e-05,2.6335174953959486,8580,,,,,,,,,,,
2.25191593170166,0.8031187653541565,3.350406691221609e-05,2.6396562308164517,8600,,,,,,,,,,,
2.2082706451416017,0.759147584438324,3.3465699815837934e-05,2.6457949662369553,8620,,,,,,,,,,,
2.2014673233032225,0.8165493607521057,3.342733271945979e-05,2.6519337016574585,8640,,,,,,,,,,,
2.1760881423950194,0.8148017525672913,3.338896562308165e-05,2.658072437077962,8660,,,,,,,,,,,
2.166354942321777,0.7591125965118408,3.3350598526703505e-05,2.664211172498465,8680,,,,,,,,,,,
2.164890480041504,0.8237209916114807,3.331223143032535e-05,2.6703499079189688,8700,,,,,,,,,,,
2.1431102752685547,0.7937747836112976,3.3273864333947207e-05,2.6764886433394723,8720,,,,,,,,,,,
2.162881851196289,0.8125801682472229,3.323549723756906e-05,2.6826273787599755,8740,,,,,,,,,,,
2.2081186294555666,0.837458610534668,3.3197130141190915e-05,2.6887661141804786,8760,,,,,,,,,,,
2.1619428634643554,0.8251175880432129,3.315876304481277e-05,2.694904849600982,8780,,,,,,,,,,,
2.115749740600586,0.8141459226608276,3.3120395948434624e-05,2.701043585021486,8800,,,,,,,,,,,
2.1942129135131836,0.8892049789428711,3.308202885205648e-05,2.707182320441989,8820,,,,,,,,,,,
2.1221813201904296,0.7530315518379211,3.304366175567833e-05,2.713321055862492,8840,,,,,,,,,,,
2.160407829284668,0.7835357189178467,3.300529465930019e-05,2.7194597912829956,8860,,,,,,,,,,,
2.1608560562133787,0.7880920767784119,3.296692756292204e-05,2.7255985267034992,8880,,,,,,,,,,,
2.1412561416625975,0.8350729942321777,3.2928560466543896e-05,2.7317372621240024,8900,,,,,,,,,,,
2.151572036743164,0.7926033735275269,3.2890193370165744e-05,2.737875997544506,8920,,,,,,,,,,,
2.181087684631348,0.8547603487968445,3.28518262737876e-05,2.744014732965009,8940,,,,,,,,,,,
2.152587890625,0.78948575258255,3.281345917740945e-05,2.7501534683855127,8960,,,,,,,,,,,
2.151067924499512,0.8482350707054138,3.2775092081031314e-05,2.756292203806016,8980,,,,,,,,,,,
2.1715108871459963,0.8362727165222168,3.273672498465316e-05,2.7624309392265194,9000,,,,,,,,,,,
2.1641471862792967,0.7501277923583984,3.2698357888275016e-05,2.768569674647023,9020,,,,,,,,,,,
2.210340118408203,0.7601474523544312,3.265999079189687e-05,2.774708410067526,9040,,,,,,,,,,,
2.193675994873047,0.805899441242218,3.2621623695518725e-05,2.7808471454880292,9060,,,,,,,,,,,
2.188381385803223,0.8723980188369751,3.258325659914058e-05,2.786985880908533,9080,,,,,,,,,,,
2.1223873138427733,0.8464086651802063,3.2544889502762434e-05,2.7931246163290364,9100,,,,,,,,,,,
2.163675880432129,0.8391769528388977,3.250652240638429e-05,2.7992633517495396,9120,,,,,,,,,,,
2.168853187561035,0.8401656746864319,3.2468155310006136e-05,2.805402087170043,9140,,,,,,,,,,,
2.178336334228516,0.8942321538925171,3.242978821362799e-05,2.8115408225905463,9160,,,,,,,,,,,
2.1748977661132813,0.8908382058143616,3.2391421117249845e-05,2.81767955801105,9180,,,,,,,,,,,
2.1403127670288087,0.8774981498718262,3.2353054020871706e-05,2.823818293431553,9200,,,,,,,,,,,
2.158458137512207,0.8287567496299744,3.2314686924493554e-05,2.8299570288520566,9220,,,,,,,,,,,
2.105612564086914,0.7591367363929749,3.227631982811541e-05,2.8360957642725597,9240,,,,,,,,,,,
2.1356531143188477,0.8686373233795166,3.223795273173726e-05,2.8422344996930633,9260,,,,,,,,,,,
2.1954675674438477,0.8235408663749695,3.219958563535912e-05,2.8483732351135664,9280,,,,,,,,,,,
2.205123519897461,0.8388027548789978,3.216121853898097e-05,2.85451197053407,9300,,,,,,,,,,,
2.128792381286621,0.8236439824104309,3.2122851442602826e-05,2.8606507059545736,9320,,,,,,,,,,,
2.1662960052490234,0.8669695258140564,3.208448434622468e-05,2.8667894413750767,9340,,,,,,,,,,,
2.161846160888672,0.7498932480812073,3.2046117249846535e-05,2.87292817679558,9360,,,,,,,,,,,
2.1303499221801756,0.8228352069854736,3.200775015346838e-05,2.8790669122160835,9380,,,,,,,,,,,
2.1879438400268554,0.9987567663192749,3.1969383057090244e-05,2.885205647636587,9400,,,,,,,,,,,
2.113627624511719,0.7356014251708984,3.19310159607121e-05,2.89134438305709,9420,,,,,,,,,,,
2.1079607009887695,0.7108889222145081,3.1892648864333946e-05,2.8974831184775938,9440,,,,,,,,,,,
2.1817211151123046,0.7478224635124207,3.18542817679558e-05,2.903621853898097,9460,,,,,,,,,,,
2.124297523498535,0.7787179350852966,3.1815914671577655e-05,2.9097605893186005,9480,,,,,,,,,,,
2.142811584472656,0.8221339583396912,3.177754757519951e-05,2.9158993247391036,9500,,,,,,,,,,,
2.1197330474853517,0.7487148642539978,3.1739180478821363e-05,2.922038060159607,9520,,,,,,,,,,,
2.1645992279052733,0.7476488947868347,3.170081338244322e-05,2.9281767955801103,9540,,,,,,,,,,,
2.107270050048828,0.9707273840904236,3.166244628606507e-05,2.934315531000614,9560,,,,,,,,,,,
2.081928253173828,0.7832080721855164,3.162407918968693e-05,2.940454266421117,9580,,,,,,,,,,,
2.1559911727905274,0.826346218585968,3.158571209330878e-05,2.9465930018416207,9600,,,,,,,,,,,
2.1981950759887696,0.8514881134033203,3.1547344996930636e-05,2.9527317372621242,9620,,,,,,,,,,,
2.1680377960205077,0.8931012153625488,3.150897790055249e-05,2.9588704726826274,9640,,,,,,,,,,,
2.184914970397949,0.7711121439933777,3.1470610804174344e-05,2.9650092081031305,9660,,,,,,,,,,,
2.1046981811523438,0.7867094278335571,3.143224370779619e-05,2.971147943523634,9680,,,,,,,,,,,
2.1230337142944338,0.8514971137046814,3.1393876611418047e-05,2.9772866789441377,9700,,,,,,,,,,,
2.134435272216797,0.8151193261146545,3.135550951503991e-05,2.983425414364641,9720,,,,,,,,,,,
2.113862991333008,0.8261309862136841,3.1317142418661755e-05,2.9895641497851444,9740,,,,,,,,,,,
2.1669240951538087,0.803839385509491,3.127877532228361e-05,2.9957028852056475,9760,,,,,,,,,,,
,,,3.0,9774,1.99049711227417,10.260123495919553,37.86165425613115,576.6828,13.614,0.851,,,,,
2.135499382019043,0.7557536959648132,3.1240408225905464e-05,3.001841620626151,9780,,,,,,,,,,,
2.1783443450927735,0.7024660706520081,3.120204112952732e-05,3.0079803560466543,9800,,,,,,,,,,,
2.14300422668457,0.8020629286766052,3.116367403314917e-05,3.014119091467158,9820,,,,,,,,,,,
2.141133499145508,0.8584773540496826,3.112530693677103e-05,3.020257826887661,9840,,,,,,,,,,,
2.1184362411499023,0.7685831785202026,3.108693984039288e-05,3.0263965623081646,9860,,,,,,,,,,,
2.0981977462768553,0.8467511534690857,3.1048572744014736e-05,3.0325352977286677,9880,,,,,,,,,,,
2.1327030181884767,0.7778164744377136,3.1010205647636584e-05,3.0386740331491713,9900,,,,,,,,,,,
2.0594274520874025,0.8049314022064209,3.0971838551258445e-05,3.044812768569675,9920,,,,,,,,,,,
2.1228179931640625,0.7960327863693237,3.09334714548803e-05,3.050951503990178,9940,,,,,,,,,,,
2.123212432861328,0.7847869992256165,3.0895104358502154e-05,3.0570902394106816,9960,,,,,,,,,,,
2.152835464477539,0.8055858612060547,3.0856737262124e-05,3.0632289748311847,9980,,,,,,,,,,,
2.1297609329223635,0.8025127053260803,3.0818370165745856e-05,3.0693677102516883,10000,,,,,,,,,,,
2.091722106933594,0.7854082584381104,3.078000306936771e-05,3.0755064456721914,10020,,,,,,,,,,,
2.0651643753051756,0.7828155159950256,3.0741635972989565e-05,3.081645181092695,10040,,,,,,,,,,,
2.132391929626465,0.7836472988128662,3.070326887661142e-05,3.087783916513198,10060,,,,,,,,,,,
2.1110950469970704,0.7240735292434692,3.0664901780233274e-05,3.0939226519337018,10080,,,,,,,,,,,
2.1109140396118162,0.8496502041816711,3.062653468385513e-05,3.100061387354205,10100,,,,,,,,,,,
2.115693473815918,0.7940462231636047,3.0588167587476976e-05,3.1062001227747085,10120,,,,,,,,,,,
2.1071540832519533,0.8761124610900879,3.054980049109884e-05,3.1123388581952116,10140,,,,,,,,,,,
2.1175811767578123,0.778364896774292,3.0511433394720688e-05,3.118477593615715,10160,,,,,,,,,,,
2.0881620407104493,0.7858489751815796,3.0473066298342546e-05,3.1246163290362183,10180,,,,,,,,,,,
2.113656997680664,0.7671862840652466,3.0434699201964394e-05,3.130755064456722,10200,,,,,,,,,,,
2.093316650390625,0.8560193777084351,3.039633210558625e-05,3.1368937998772255,10220,,,,,,,,,,,
2.0806659698486327,0.8119214773178101,3.0357965009208106e-05,3.1430325352977286,10240,,,,,,,,,,,
2.0696714401245115,0.8072936534881592,3.031959791282996e-05,3.149171270718232,10260,,,,,,,,,,,
2.0602743148803713,0.9253568053245544,3.028123081645181e-05,3.1553100061387354,10280,,,,,,,,,,,
2.0774969100952148,0.8603596091270447,3.0242863720073666e-05,3.161448741559239,10300,,,,,,,,,,,
2.0928773880004883,0.8141628503799438,3.020449662369552e-05,3.167587476979742,10320,,,,,,,,,,,
2.1255517959594727,0.7652413249015808,3.016612952731737e-05,3.1737262124002457,10340,,,,,,,,,,,
2.1111728668212892,0.7742692828178406,3.0127762430939226e-05,3.179864947820749,10360,,,,,,,,,,,
2.0746715545654295,0.8003013134002686,3.0089395334561084e-05,3.1860036832412524,10380,,,,,,,,,,,
2.132486343383789,0.8101105690002441,3.0051028238182938e-05,3.1921424186617555,10400,,,,,,,,,,,
2.0671424865722656,0.7558256387710571,3.001266114180479e-05,3.198281154082259,10420,,,,,,,,,,,
2.0777652740478514,0.81032794713974,2.9974294045426643e-05,3.2044198895027622,10440,,,,,,,,,,,
2.097999382019043,0.7903128266334534,2.9935926949048498e-05,3.210558624923266,10460,,,,,,,,,,,
2.0663873672485353,0.8144146800041199,2.9897559852670352e-05,3.216697360343769,10480,,,,,,,,,,,
2.0941188812255858,0.7816964983940125,2.9859192756292203e-05,3.2228360957642725,10500,,,,,,,,,,,
2.083469200134277,0.779106080532074,2.9820825659914058e-05,3.228974831184776,10520,,,,,,,,,,,
2.098145866394043,0.7753618955612183,2.9782458563535916e-05,3.2351135666052793,10540,,,,,,,,,,,
2.096746063232422,0.8014336824417114,2.9744091467157763e-05,3.241252302025783,10560,,,,,,,,,,,
2.0883665084838867,0.7909041047096252,2.970572437077962e-05,3.247391037446286,10580,,,,,,,,,,,
2.089910316467285,0.861785888671875,2.9667357274401476e-05,3.2535297728667896,10600,,,,,,,,,,,
2.119822311401367,0.8291611075401306,2.962899017802333e-05,3.2596685082872927,10620,,,,,,,,,,,
2.0725589752197267,0.7962469458580017,2.959062308164518e-05,3.2658072437077963,10640,,,,,,,,,,,
2.1087692260742186,0.9197354912757874,2.9552255985267035e-05,3.2719459791282994,10660,,,,,,,,,,,
2.1013952255249024,0.7851933836936951,2.951388888888889e-05,3.278084714548803,10680,,,,,,,,,,,
2.120682144165039,0.9281190633773804,2.9475521792510748e-05,3.284223449969306,10700,,,,,,,,,,,
2.1260492324829103,0.8972801566123962,2.9437154696132595e-05,3.2903621853898097,10720,,,,,,,,,,,
2.0808921813964845,0.7606114149093628,2.9398787599754453e-05,3.2965009208103133,10740,,,,,,,,,,,
2.0940574645996093,0.7160611152648926,2.9360420503376308e-05,3.3026396562308165,10760,,,,,,,,,,,
2.1025936126708986,0.8620492219924927,2.9322053406998162e-05,3.3087783916513196,10780,,,,,,,,,,,
2.0941387176513673,0.7981628179550171,2.9283686310620013e-05,3.314917127071823,10800,,,,,,,,,,,
2.0420398712158203,0.8529826402664185,2.9245319214241867e-05,3.3210558624923268,10820,,,,,,,,,,,
2.091180610656738,0.8482321500778198,2.9206952117863722e-05,3.32719459791283,10840,,,,,,,,,,,
2.0705432891845703,0.7674238085746765,2.9168585021485573e-05,3.3333333333333335,10860,,,,,,,,,,,
2.069670486450195,0.7942584753036499,2.9130217925107427e-05,3.3394720687538366,10880,,,,,,,,,,,
2.1143299102783204,0.8014564514160156,2.9091850828729282e-05,3.34561080417434,10900,,,,,,,,,,,
2.089731788635254,0.793552041053772,2.905348373235114e-05,3.3517495395948433,10920,,,,,,,,,,,
2.0688941955566404,0.790038526058197,2.9015116635972987e-05,3.357888275015347,10940,,,,,,,,,,,
2.040496826171875,0.8272560238838196,2.8976749539594845e-05,3.36402701043585,10960,,,,,,,,,,,
2.0808635711669923,0.8335197567939758,2.89383824432167e-05,3.3701657458563536,10980,,,,,,,,,,,
2.067993927001953,0.816554605960846,2.8900015346838554e-05,3.376304481276857,11000,,,,,,,,,,,
2.021450424194336,1.5784252882003784,2.8861648250460405e-05,3.3824432166973604,11020,,,,,,,,,,,
2.091722869873047,0.8266075253486633,2.882328115408226e-05,3.388581952117864,11040,,,,,,,,,,,
2.132290840148926,0.8709933161735535,2.8784914057704114e-05,3.394720687538367,11060,,,,,,,,,,,
2.0668380737304686,0.818676769733429,2.8746546961325972e-05,3.4008594229588702,11080,,,,,,,,,,,
2.0393295288085938,0.7254648208618164,2.870817986494782e-05,3.406998158379374,11100,,,,,,,,,,,
2.0385372161865236,0.8095387816429138,2.8669812768569677e-05,3.4131368937998774,11120,,,,,,,,,,,
2.0989252090454102,0.799030065536499,2.863144567219153e-05,3.4192756292203805,11140,,,,,,,,,,,
2.0728416442871094,0.7494669556617737,2.8593078575813383e-05,3.425414364640884,11160,,,,,,,,,,,
2.084013748168945,0.7816057801246643,2.8554711479435237e-05,3.4315531000613873,11180,,,,,,,,,,,
2.082097053527832,0.8038049936294556,2.851634438305709e-05,3.437691835481891,11200,,,,,,,,,,,
2.0538894653320314,0.844740629196167,2.8477977286678946e-05,3.443830570902394,11220,,,,,,,,,,,
2.035966682434082,0.8210510015487671,2.8439610190300797e-05,3.4499693063228976,11240,,,,,,,,,,,
2.0731826782226563,0.7652201056480408,2.840124309392265e-05,3.4561080417434007,11260,,,,,,,,,,,
2.04312801361084,0.8225488662719727,2.836287599754451e-05,3.4622467771639043,11280,,,,,,,,,,,
2.070436477661133,0.7921096682548523,2.8324508901166364e-05,3.4683855125844074,11300,,,,,,,,,,,
2.046712875366211,0.7335643768310547,2.8286141804788215e-05,3.474524248004911,11320,,,,,,,,,,,
2.1158761978149414,0.8420236706733704,2.824777470841007e-05,3.4806629834254146,11340,,,,,,,,,,,
2.0596940994262694,0.7867236733436584,2.8209407612031924e-05,3.4868017188459177,11360,,,,,,,,,,,
2.097507286071777,0.8656500577926636,2.8171040515653778e-05,3.4929404542664213,11380,,,,,,,,,,,
2.0987476348876952,0.8706243634223938,2.813267341927563e-05,3.4990791896869244,11400,,,,,,,,,,,
2.0534990310668944,0.7686296105384827,2.8094306322897483e-05,3.505217925107428,11420,,,,,,,,,,,
2.0628377914428713,0.8234246969223022,2.805593922651934e-05,3.511356660527931,11440,,,,,,,,,,,
2.0720109939575195,0.8028848171234131,2.801757213014119e-05,3.5174953959484347,11460,,,,,,,,,,,
2.0305400848388673,0.790290355682373,2.7979205033763047e-05,3.523634131368938,11480,,,,,,,,,,,
2.065658760070801,0.749974250793457,2.79408379373849e-05,3.5297728667894415,11500,,,,,,,,,,,
2.056764030456543,0.7838287353515625,2.7902470841006756e-05,3.5359116022099446,11520,,,,,,,,,,,
2.0583251953125,0.793990969657898,2.7864103744628607e-05,3.542050337630448,11540,,,,,,,,,,,
2.0478286743164062,0.8347004055976868,2.782573664825046e-05,3.5481890730509518,11560,,,,,,,,,,,
2.0272056579589846,0.8736469745635986,2.7787369551872316e-05,3.554327808471455,11580,,,,,,,,,,,
2.056843566894531,0.790213406085968,2.7749002455494173e-05,3.560466543891958,11600,,,,,,,,,,,
2.0605491638183593,0.7587014436721802,2.771063535911602e-05,3.5666052793124616,11620,,,,,,,,,,,
2.061594009399414,0.7310561537742615,2.7672268262737875e-05,3.572744014732965,11640,,,,,,,,,,,
2.085948944091797,0.9985146522521973,2.7633901166359733e-05,3.5788827501534684,11660,,,,,,,,,,,
2.0265829086303713,0.7779651284217834,2.7595534069981588e-05,3.5850214855739715,11680,,,,,,,,,,,
2.0606006622314452,1.7946275472640991,2.755716697360344e-05,3.591160220994475,11700,,,,,,,,,,,
2.047439384460449,0.7655783891677856,2.7518799877225293e-05,3.5972989564149787,11720,,,,,,,,,,,
2.052349662780762,0.8223668932914734,2.7480432780847148e-05,3.603437691835482,11740,,,,,,,,,,,
2.054373550415039,0.7677143216133118,2.7442065684469e-05,3.6095764272559854,11760,,,,,,,,,,,
2.00939998626709,0.7689087390899658,2.7403698588090853e-05,3.6157151626764885,11780,,,,,,,,,,,
2.0453039169311524,0.7759603261947632,2.7365331491712707e-05,3.621853898096992,11800,,,,,,,,,,,
2.0561748504638673,0.8711345195770264,2.7326964395334565e-05,3.6279926335174952,11820,,,,,,,,,,,
2.0708038330078127,0.8396230936050415,2.7288597298956413e-05,3.634131368937999,11840,,,,,,,,,,,
2.033403778076172,0.8702786564826965,2.725023020257827e-05,3.6402701043585024,11860,,,,,,,,,,,
2.0306087493896485,0.7860366106033325,2.7211863106200125e-05,3.6464088397790055,11880,,,,,,,,,,,
2.0496631622314454,0.7922852039337158,2.717349600982198e-05,3.6525475751995087,11900,,,,,,,,,,,
1.988887405395508,0.7724905610084534,2.713512891344383e-05,3.6586863106200123,11920,,,,,,,,,,,
2.0366352081298826,0.8103291392326355,2.7096761817065685e-05,3.664825046040516,11940,,,,,,,,,,,
2.0469741821289062,0.8302691578865051,2.705839472068754e-05,3.670963781461019,11960,,,,,,,,,,,
2.107268524169922,0.7298970222473145,2.702002762430939e-05,3.6771025168815226,11980,,,,,,,,,,,
2.0108720779418947,0.7487793564796448,2.6981660527931245e-05,3.6832412523020257,12000,,,,,,,,,,,
1.9892417907714843,0.7933924794197083,2.6943293431553103e-05,3.6893799877225293,12020,,,,,,,,,,,
1.9930339813232423,0.8233792781829834,2.6904926335174957e-05,3.6955187231430324,12040,,,,,,,,,,,
2.042953300476074,0.8066257834434509,2.6866559238796808e-05,3.701657458563536,12060,,,,,,,,,,,
2.0316001892089846,0.7230227589607239,2.6828192142418663e-05,3.707796193984039,12080,,,,,,,,,,,
2.0557762145996095,0.8092028498649597,2.6789825046040517e-05,3.7139349294045427,12100,,,,,,,,,,,
2.079145812988281,0.8124997019767761,2.675145794966237e-05,3.720073664825046,12120,,,,,,,,,,,
2.0403263092041017,0.798812210559845,2.6713090853284223e-05,3.7262124002455494,12140,,,,,,,,,,,
2.086033248901367,0.8117794394493103,2.6674723756906077e-05,3.732351135666053,12160,,,,,,,,,,,
2.0605094909667967,0.7536646723747253,2.6636356660527935e-05,3.738489871086556,12180,,,,,,,,,,,
2.088999557495117,0.8469409942626953,2.659798956414979e-05,3.7446286065070593,12200,,,,,,,,,,,
2.0057294845581053,0.774058997631073,2.655962246777164e-05,3.750767341927563,12220,,,,,,,,,,,
1.9871393203735352,0.7267756462097168,2.6521255371393495e-05,3.7569060773480665,12240,,,,,,,,,,,
1.9930280685424804,0.8752654194831848,2.648288827501535e-05,3.7630448127685696,12260,,,,,,,,,,,
2.0410383224487303,0.8661037683486938,2.64445211786372e-05,3.769183548189073,12280,,,,,,,,,,,
2.0249282836914064,0.8547987937927246,2.6406154082259055e-05,3.7753222836095763,12300,,,,,,,,,,,
2.024707794189453,0.7772908806800842,2.636778698588091e-05,3.78146101903008,12320,,,,,,,,,,,
2.0559356689453123,0.8030074238777161,2.6329419889502767e-05,3.787599754450583,12340,,,,,,,,,,,
2.0293336868286134,0.7427783608436584,2.6291052793124615e-05,3.7937384898710866,12360,,,,,,,,,,,
1.9716938018798829,0.7765237092971802,2.6252685696746472e-05,3.7998772252915898,12380,,,,,,,,,,,
2.049358940124512,0.8291513323783875,2.6214318600368327e-05,3.8060159607120934,12400,,,,,,,,,,,
2.0548519134521483,0.7820196747779846,2.617595150399018e-05,3.8121546961325965,12420,,,,,,,,,,,
2.0073474884033202,0.7759230136871338,2.6137584407612032e-05,3.8182934315531,12440,,,,,,,,,,,
2.0283689498901367,0.811191737651825,2.6099217311233887e-05,3.8244321669736037,12460,,,,,,,,,,,
2.048031044006348,0.8636182546615601,2.606085021485574e-05,3.830570902394107,12480,,,,,,,,,,,
2.034697151184082,0.8104637861251831,2.60224831184776e-05,3.83670963781461,12500,,,,,,,,,,,
2.023369789123535,0.7631667256355286,2.5984116022099447e-05,3.8428483732351135,12520,,,,,,,,,,,
2.03539924621582,0.7835906744003296,2.59457489257213e-05,3.848987108655617,12540,,,,,,,,,,,
2.0262424468994142,0.8026504516601562,2.590738182934316e-05,3.8551258440761202,12560,,,,,,,,,,,
1.9924575805664062,0.8533254265785217,2.5869014732965006e-05,3.861264579496624,12580,,,,,,,,,,,
2.0001031875610353,0.8063092827796936,2.5830647636586864e-05,3.867403314917127,12600,,,,,,,,,,,
1.959735107421875,0.7290278673171997,2.579228054020872e-05,3.8735420503376305,12620,,,,,,,,,,,
2.017538833618164,0.7379125356674194,2.5753913443830573e-05,3.8796807857581337,12640,,,,,,,,,,,
1.997270393371582,0.7961166501045227,2.5715546347452424e-05,3.8858195211786373,12660,,,,,,,,,,,
1.9679136276245117,0.775224506855011,2.567717925107428e-05,3.891958256599141,12680,,,,,,,,,,,
1.992630386352539,0.871586799621582,2.5638812154696133e-05,3.898096992019644,12700,,,,,,,,,,,
2.0227630615234373,0.7710473537445068,2.560044505831799e-05,3.904235727440147,12720,,,,,,,,,,,
2.0476348876953123,0.8544124960899353,2.556207796193984e-05,3.9103744628606507,12740,,,,,,,,,,,
2.0399091720581053,0.8654440641403198,2.5523710865561696e-05,3.9165131982811543,12760,,,,,,,,,,,
2.033950614929199,0.7785632014274597,2.548534376918355e-05,3.9226519337016574,12780,,,,,,,,,,,
2.024420166015625,0.8331732153892517,2.5446976672805405e-05,3.9287906691221606,12800,,,,,,,,,,,
2.0569568634033204,0.8388349413871765,2.5408609576427256e-05,3.934929404542664,12820,,,,,,,,,,,
2.013450813293457,0.8427483439445496,2.537024248004911e-05,3.9410681399631677,12840,,,,,,,,,,,
2.000699043273926,0.762393593788147,2.5331875383670965e-05,3.947206875383671,12860,,,,,,,,,,,
2.008906364440918,0.780587911605835,2.5293508287292816e-05,3.9533456108041745,12880,,,,,,,,,,,
2.0490486145019533,0.8161030411720276,2.525514119091467e-05,3.9594843462246776,12900,,,,,,,,,,,
2.0231414794921876,0.7179151177406311,2.521677409453653e-05,3.965623081645181,12920,,,,,,,,,,,
1.9991378784179688,0.8183324337005615,2.5178406998158383e-05,3.9717618170656843,12940,,,,,,,,,,,
2.0476621627807616,0.7509891986846924,2.5140039901780234e-05,3.977900552486188,12960,,,,,,,,,,,
1.9930597305297852,0.7878747582435608,2.510167280540209e-05,3.9840392879066915,12980,,,,,,,,,,,
1.9549705505371093,0.8156153559684753,2.5063305709023943e-05,3.9901780233271946,13000,,,,,,,,,,,
2.0034202575683593,0.8324199318885803,2.5024938612645797e-05,3.9963167587476978,13020,,,,,,,,,,,
,,,4.0,13032,1.8917204141616821,11.495630603188149,39.35244386696528,563.3234,13.937,0.872,,,,,
2.0059383392333983,0.8057522177696228,2.498657151626765e-05,4.002455494168202,13040,,,,,,,,,,,
1.9874900817871093,0.8318660259246826,2.4948204419889503e-05,4.008594229588705,13060,,,,,,,,,,,
1.9856586456298828,0.8129664063453674,2.490983732351136e-05,4.014732965009208,13080,,,,,,,,,,,
2.0248979568481444,0.8034061193466187,2.487147022713321e-05,4.020871700429711,13100,,,,,,,,,,,
1.9834318161010742,0.7863249778747559,2.4833103130755066e-05,4.027010435850215,13120,,,,,,,,,,,
2.022268295288086,0.7992261648178101,2.479473603437692e-05,4.033149171270718,13140,,,,,,,,,,,
1.9553499221801758,0.7258781790733337,2.475636893799877e-05,4.0392879066912215,13160,,,,,,,,,,,
2.0181365966796876,0.7763107419013977,2.471800184162063e-05,4.045426642111725,13180,,,,,,,,,,,
2.0032691955566406,0.7675278186798096,2.467963474524248e-05,4.051565377532229,13200,,,,,,,,,,,
2.026508331298828,0.8136265277862549,2.4641267648864335e-05,4.057704112952732,13220,,,,,,,,,,,
1.973045539855957,0.7403274178504944,2.460290055248619e-05,4.063842848373235,13240,,,,,,,,,,,
2.0076393127441405,0.7295575737953186,2.4564533456108044e-05,4.069981583793738,13260,,,,,,,,,,,
2.008132743835449,0.7424333095550537,2.4526166359729898e-05,4.076120319214242,13280,,,,,,,,,,,
2.029075813293457,0.7779373526573181,2.4487799263351752e-05,4.082259054634745,13300,,,,,,,,,,,
1.9658357620239257,0.7807786464691162,2.4449432166973603e-05,4.088397790055248,13320,,,,,,,,,,,
1.9668081283569336,0.7258323431015015,2.441106507059546e-05,4.094536525475752,13340,,,,,,,,,,,
2.000831413269043,0.7543005347251892,2.4372697974217312e-05,4.100675260896256,13360,,,,,,,,,,,
2.014107513427734,0.7851950526237488,2.4334330877839167e-05,4.106813996316759,13380,,,,,,,,,,,
2.0000513076782225,0.8034529685974121,2.429596378146102e-05,4.112952731737262,13400,,,,,,,,,,,
2.01802921295166,0.8257676959037781,2.4257596685082872e-05,4.119091467157766,13420,,,,,,,,,,,
1.9949937820434571,0.7832003235816956,2.4219229588704727e-05,4.125230202578269,13440,,,,,,,,,,,
2.0044288635253906,0.8522972464561462,2.418086249232658e-05,4.131368937998772,13460,,,,,,,,,,,
2.0192384719848633,0.7767322659492493,2.4142495395948436e-05,4.137507673419275,13480,,,,,,,,,,,
2.027810287475586,0.8376618027687073,2.410412829957029e-05,4.143646408839779,13500,,,,,,,,,,,
1.9573564529418945,0.7493453621864319,2.4065761203192144e-05,4.149785144260282,13520,,,,,,,,,,,
1.9668991088867187,0.74004727602005,2.4027394106813995e-05,4.155923879680786,13540,,,,,,,,,,,
2.011304473876953,0.7361965775489807,2.3989027010435853e-05,4.162062615101289,13560,,,,,,,,,,,
1.9735956192016602,0.8641625046730042,2.3950659914057704e-05,4.168201350521793,13580,,,,,,,,,,,
1.9473581314086914,0.7427598237991333,2.391229281767956e-05,4.174340085942296,13600,,,,,,,,,,,
2.006791877746582,0.7508006691932678,2.3873925721301413e-05,4.180478821362799,13620,,,,,,,,,,,
1.9875371932983399,0.7181037068367004,2.3835558624923268e-05,4.186617556783303,13640,,,,,,,,,,,
1.9670251846313476,0.7367526292800903,2.3797191528545122e-05,4.192756292203806,13660,,,,,,,,,,,
2.045191192626953,0.9669318795204163,2.3758824432166973e-05,4.198895027624309,13680,,,,,,,,,,,
1.941624069213867,0.8069328665733337,2.3720457335788827e-05,4.2050337630448125,13700,,,,,,,,,,,
1.9800628662109374,0.8039631843566895,2.3682090239410682e-05,4.2111724984653165,13720,,,,,,,,,,,
2.019771194458008,0.7943012118339539,2.3643723143032536e-05,4.21731123388582,13740,,,,,,,,,,,
2.0050546646118166,0.7781394720077515,2.360535604665439e-05,4.223449969306323,13760,,,,,,,,,,,
2.0052846908569335,0.7280048727989197,2.3566988950276245e-05,4.229588704726826,13780,,,,,,,,,,,
1.9493968963623047,0.7649661898612976,2.3528621853898096e-05,4.23572744014733,13800,,,,,,,,,,,
1.989970588684082,1.0856356620788574,2.3490254757519954e-05,4.241866175567833,13820,,,,,,,,,,,
2.027060317993164,0.7526147961616516,2.3451887661141805e-05,4.248004910988336,13840,,,,,,,,,,,
1.99930419921875,0.8145292401313782,2.341352056476366e-05,4.25414364640884,13860,,,,,,,,,,,
2.003004455566406,0.761498212814331,2.3375153468385514e-05,4.260282381829343,13880,,,,,,,,,,,
1.9846012115478515,0.7943532466888428,2.333678637200737e-05,4.2664211172498465,13900,,,,,,,,,,,
1.9837339401245118,0.7889249324798584,2.3298419275629223e-05,4.27255985267035,13920,,,,,,,,,,,
2.0264560699462892,0.7391281723976135,2.3260052179251077e-05,4.278698588090854,13940,,,,,,,,,,,
1.9495819091796875,0.776726484298706,2.3221685082872928e-05,4.284837323511357,13960,,,,,,,,,,,
2.014517402648926,0.8494697213172913,2.3183317986494783e-05,4.29097605893186,13980,,,,,,,,,,,
1.987302589416504,0.8090758323669434,2.3144950890116637e-05,4.297114794352363,14000,,,,,,,,,,,
2.024802589416504,0.738368034362793,2.310658379373849e-05,4.303253529772867,14020,,,,,,,,,,,
1.984226608276367,0.9355156421661377,2.3068216697360346e-05,4.30939226519337,14040,,,,,,,,,,,
2.0028078079223635,0.7676175832748413,2.3029849600982197e-05,4.315531000613873,14060,,,,,,,,,,,
1.9578052520751954,0.702979564666748,2.2991482504604055e-05,4.3216697360343765,14080,,,,,,,,,,,
1.9831148147583009,0.8240538835525513,2.2953115408225906e-05,4.327808471454881,14100,,,,,,,,,,,
1.977069091796875,0.8161889314651489,2.291474831184776e-05,4.333947206875384,14120,,,,,,,,,,,
1.9507925033569335,0.7841753959655762,2.2876381215469615e-05,4.340085942295887,14140,,,,,,,,,,,
1.9383584976196289,0.7481986284255981,2.283801411909147e-05,4.346224677716391,14160,,,,,,,,,,,
1.9457290649414063,0.801088809967041,2.279964702271332e-05,4.352363413136894,14180,,,,,,,,,,,
1.9795721054077149,0.7983389496803284,2.2761279926335178e-05,4.358502148557397,14200,,,,,,,,,,,
2.020206260681152,0.7909289598464966,2.272291282995703e-05,4.3646408839779,14220,,,,,,,,,,,
1.9233919143676759,0.8097639679908752,2.2684545733578884e-05,4.370779619398404,14240,,,,,,,,,,,
2.02010555267334,0.811482310295105,2.2646178637200738e-05,4.3769183548189075,14260,,,,,,,,,,,
1.9963874816894531,0.7551100254058838,2.260781154082259e-05,4.383057090239411,14280,,,,,,,,,,,
1.9594249725341797,0.8453788757324219,2.2569444444444447e-05,4.389195825659914,14300,,,,,,,,,,,
2.009205436706543,0.7389497756958008,2.2531077348066298e-05,4.395334561080418,14320,,,,,,,,,,,
2.0110408782958986,0.7657854557037354,2.2492710251688152e-05,4.401473296500921,14340,,,,,,,,,,,
1.960957908630371,0.7831655144691467,2.2454343155310007e-05,4.407612031921424,14360,,,,,,,,,,,
1.9765363693237306,0.7656967043876648,2.241597605893186e-05,4.413750767341927,14380,,,,,,,,,,,
1.949681282043457,0.7606810331344604,2.2377608962553716e-05,4.419889502762431,14400,,,,,,,,,,,
1.9926664352416992,0.8383246064186096,2.233924186617557e-05,4.426028238182934,14420,,,,,,,,,,,
1.9537956237792968,0.704009473323822,2.230087476979742e-05,4.4321669736034375,14440,,,,,,,,,,,
1.9568727493286133,0.7271711826324463,2.226250767341928e-05,4.4383057090239415,14460,,,,,,,,,,,
1.9917593002319336,0.7436214685440063,2.222414057704113e-05,4.444444444444445,14480,,,,,,,,,,,
1.9387321472167969,0.7735446095466614,2.2185773480662984e-05,4.450583179864948,14500,,,,,,,,,,,
2.0171878814697264,0.8958129286766052,2.214740638428484e-05,4.456721915285451,14520,,,,,,,,,,,
1.9944271087646483,0.789439857006073,2.210903928790669e-05,4.462860650705955,14540,,,,,,,,,,,
1.9874675750732422,0.765163779258728,2.2070672191528548e-05,4.468999386126458,14560,,,,,,,,,,,
1.9295679092407227,0.8251763582229614,2.20323050951504e-05,4.475138121546961,14580,,,,,,,,,,,
1.9541091918945312,0.8490816950798035,2.1993937998772253e-05,4.481276856967464,14600,,,,,,,,,,,
1.9459196090698243,0.7992894649505615,2.1955570902394108e-05,4.487415592387968,14620,,,,,,,,,,,
1.942826271057129,0.7870099544525146,2.1917203806015962e-05,4.4935543278084715,14640,,,,,,,,,,,
2.0068777084350584,0.7827858328819275,2.1878836709637816e-05,4.499693063228975,14660,,,,,,,,,,,
1.9658679962158203,0.8061219453811646,2.184046961325967e-05,4.505831798649478,14680,,,,,,,,,,,
1.9961767196655273,0.7246039509773254,2.1802102516881522e-05,4.511970534069982,14700,,,,,,,,,,,
2.0006046295166016,0.7534161806106567,2.176373542050338e-05,4.518109269490485,14720,,,,,,,,,,,
1.9479167938232422,0.769167959690094,2.172536832412523e-05,4.524248004910988,14740,,,,,,,,,,,
1.9238229751586915,0.79038405418396,2.1687001227747085e-05,4.530386740331492,14760,,,,,,,,,,,
1.9882619857788086,0.7378696799278259,2.164863413136894e-05,4.536525475751995,14780,,,,,,,,,,,
1.9874443054199218,0.8216503262519836,2.1610267034990794e-05,4.542664211172498,14800,,,,,,,,,,,
1.9587160110473634,0.7610632181167603,2.157189993861265e-05,4.5488029465930016,14820,,,,,,,,,,,
1.9798393249511719,0.7962021827697754,2.15335328422345e-05,4.554941682013506,14840,,,,,,,,,,,
1.9241966247558593,0.7437158823013306,2.1495165745856354e-05,4.561080417434009,14860,,,,,,,,,,,
1.9738704681396484,0.8492445349693298,2.145679864947821e-05,4.567219152854512,14880,,,,,,,,,,,
1.9123462677001952,0.821496307849884,2.1418431553100063e-05,4.573357888275015,14900,,,,,,,,,,,
1.9249082565307618,0.7622381448745728,2.1380064456721917e-05,4.579496623695519,14920,,,,,,,,,,,
1.938399314880371,0.7678859829902649,2.134169736034377e-05,4.585635359116022,14940,,,,,,,,,,,
1.9723655700683593,0.7729514241218567,2.1303330263965623e-05,4.591774094536525,14960,,,,,,,,,,,
1.9629220962524414,0.7551755905151367,2.126496316758748e-05,4.597912829957028,14980,,,,,,,,,,,
1.9357196807861328,0.7937106490135193,2.122659607120933e-05,4.6040515653775325,15000,,,,,,,,,,,
1.9332792282104492,0.8646917939186096,2.1188228974831186e-05,4.610190300798036,15020,,,,,,,,,,,
2.0051958084106447,0.712652862071991,2.114986187845304e-05,4.616329036218539,15040,,,,,,,,,,,
1.9645483016967773,0.8223749995231628,2.1111494782074895e-05,4.622467771639043,15060,,,,,,,,,,,
1.9260648727416991,0.7578220367431641,2.1073127685696746e-05,4.628606507059546,15080,,,,,,,,,,,
1.9991247177124023,0.7979350090026855,2.10347605893186e-05,4.634745242480049,15100,,,,,,,,,,,
1.945216751098633,0.808814287185669,2.0996393492940455e-05,4.640883977900552,15120,,,,,,,,,,,
1.9562191009521483,0.7904647588729858,2.095802639656231e-05,4.647022713321056,15140,,,,,,,,,,,
1.9719499588012694,0.7828490138053894,2.0919659300184164e-05,4.653161448741559,15160,,,,,,,,,,,
1.9591991424560546,0.781801164150238,2.0881292203806015e-05,4.6593001841620625,15180,,,,,,,,,,,
1.9465961456298828,0.7763434648513794,2.0842925107427872e-05,4.665438919582566,15200,,,,,,,,,,,
1.9965255737304688,0.8648977279663086,2.0804558011049723e-05,4.67157765500307,15220,,,,,,,,,,,
1.944536018371582,0.8004134893417358,2.0766190914671578e-05,4.677716390423573,15240,,,,,,,,,,,
1.9825393676757812,0.8319098353385925,2.0727823818293432e-05,4.683855125844076,15260,,,,,,,,,,,
1.9370027542114259,0.8105896711349487,2.0689456721915287e-05,4.689993861264579,15280,,,,,,,,,,,
1.964411735534668,0.7112090587615967,2.065108962553714e-05,4.696132596685083,15300,,,,,,,,,,,
1.9680784225463868,0.801870584487915,2.0612722529158996e-05,4.702271332105586,15320,,,,,,,,,,,
2.0067722320556642,0.8369408845901489,2.0574355432780847e-05,4.708410067526089,15340,,,,,,,,,,,
1.9617212295532227,0.7215356826782227,2.0535988336402704e-05,4.714548802946593,15360,,,,,,,,,,,
1.9679882049560546,0.7929043769836426,2.0497621240024556e-05,4.7206875383670965,15380,,,,,,,,,,,
1.9622282028198241,0.7854949235916138,2.045925414364641e-05,4.7268262737876,15400,,,,,,,,,,,
1.9321325302124024,0.8644180297851562,2.0420887047268264e-05,4.732965009208103,15420,,,,,,,,,,,
1.9596080780029297,0.7446158528327942,2.0382519950890115e-05,4.739103744628607,15440,,,,,,,,,,,
1.9912288665771485,0.7422712445259094,2.0344152854511973e-05,4.74524248004911,15460,,,,,,,,,,,
1.9738603591918946,0.7384293675422668,2.0305785758133824e-05,4.751381215469613,15480,,,,,,,,,,,
2.008926200866699,0.7908231616020203,2.026741866175568e-05,4.757519950890116,15500,,,,,,,,,,,
1.8988718032836913,0.8459577560424805,2.0229051565377533e-05,4.76365868631062,15520,,,,,,,,,,,
1.9813352584838868,0.8396385312080383,2.0190684468999388e-05,4.769797421731123,15540,,,,,,,,,,,
1.9562091827392578,0.7705405950546265,2.0152317372621242e-05,4.775936157151627,15560,,,,,,,,,,,
1.9900392532348632,0.774625837802887,2.0113950276243096e-05,4.78207489257213,15580,,,,,,,,,,,
1.950096893310547,0.7537006735801697,2.0075583179864947e-05,4.788213627992634,15600,,,,,,,,,,,
1.9408475875854492,0.8046452403068542,2.0037216083486805e-05,4.794352363413137,15620,,,,,,,,,,,
1.9678512573242188,0.7858796715736389,1.9998848987108656e-05,4.80049109883364,15640,,,,,,,,,,,
1.901681137084961,0.7444787621498108,1.996048189073051e-05,4.806629834254144,15660,,,,,,,,,,,
1.9339872360229493,0.8759588599205017,1.9922114794352365e-05,4.812768569674647,15680,,,,,,,,,,,
1.9540618896484374,0.7698901891708374,1.9883747697974216e-05,4.81890730509515,15700,,,,,,,,,,,
1.954508399963379,0.790000855922699,1.9845380601596074e-05,4.8250460405156534,15720,,,,,,,,,,,
1.9445182800292968,0.7719322443008423,1.9807013505217925e-05,4.8311847759361575,15740,,,,,,,,,,,
1.9339523315429688,0.683280885219574,1.976864640883978e-05,4.837323511356661,15760,,,,,,,,,,,
1.962500762939453,0.8234167098999023,1.9730279312461634e-05,4.843462246777164,15780,,,,,,,,,,,
1.9346172332763671,0.7534958720207214,1.969191221608349e-05,4.849600982197668,15800,,,,,,,,,,,
1.9683996200561524,0.7619538307189941,1.965354511970534e-05,4.855739717618171,15820,,,,,,,,,,,
1.9280046463012694,0.7535964846611023,1.9615178023327197e-05,4.861878453038674,15840,,,,,,,,,,,
1.9335121154785155,0.7878152132034302,1.9576810926949048e-05,4.868017188459177,15860,,,,,,,,,,,
1.9257610321044922,0.7707146406173706,1.9538443830570906e-05,4.87415592387968,15880,,,,,,,,,,,
1.9213953018188477,0.7784424424171448,1.9500076734192757e-05,4.880294659300184,15900,,,,,,,,,,,
1.9840381622314454,0.745610773563385,1.946170963781461e-05,4.8864333947206875,15920,,,,,,,,,,,
1.955287551879883,0.7952689528465271,1.9423342541436466e-05,4.892572130141191,15940,,,,,,,,,,,
1.9188753128051759,0.7911479473114014,1.9384975445058317e-05,4.898710865561695,15960,,,,,,,,,,,
1.9360601425170898,0.8429384827613831,1.934660834868017e-05,4.904849600982198,15980,,,,,,,,,,,
1.980105209350586,0.7584252953529358,1.9308241252302026e-05,4.910988336402701,16000,,,,,,,,,,,
1.9871402740478517,0.7709228992462158,1.926987415592388e-05,4.917127071823204,16020,,,,,,,,,,,
1.9301591873168946,0.747696578502655,1.9231507059545735e-05,4.923265807243708,16040,,,,,,,,,,,
1.914175033569336,0.7313078045845032,1.919313996316759e-05,4.929404542664211,16060,,,,,,,,,,,
1.9371370315551757,0.8396482467651367,1.915477286678944e-05,4.935543278084714,16080,,,,,,,,,,,
1.9464488983154298,0.9004359841346741,1.9116405770411298e-05,4.941682013505218,16100,,,,,,,,,,,
1.9312448501586914,0.7753971815109253,1.907803867403315e-05,4.9478207489257215,16120,,,,,,,,,,,
1.9332529067993165,0.7901439070701599,1.9039671577655004e-05,4.953959484346225,16140,,,,,,,,,,,
1.9775148391723634,0.8013530373573303,1.9001304481276858e-05,4.960098219766728,16160,,,,,,,,,,,
1.9350784301757813,0.7516571879386902,1.8962937384898712e-05,4.966236955187231,16180,,,,,,,,,,,
1.9590553283691405,0.761642336845398,1.8924570288520567e-05,4.972375690607735,16200,,,,,,,,,,,
1.9635860443115234,0.7978131771087646,1.888620319214242e-05,4.978514426028238,16220,,,,,,,,,,,
1.989659881591797,0.8429750204086304,1.8847836095764272e-05,4.984653161448741,16240,,,,,,,,,,,
1.9728664398193358,0.7582141757011414,1.8809468999386127e-05,4.990791896869245,16260,,,,,,,,,,,
1.935966682434082,0.7780596017837524,1.877110190300798e-05,4.996930632289748,16280,,,,,,,,,,,
,,,5.0,16290,1.8294289112091064,12.327050014993844,40.3776897871727,555.18,14.141,0.884,,,,,
1.9570133209228515,0.7315607666969299,1.8732734806629836e-05,5.003069367710252,16300,,,,,,,,,,,
1.9459707260131835,0.7694751024246216,1.869436771025169e-05,5.009208103130755,16320,,,,,,,,,,,
1.9657699584960937,0.7521571516990662,1.865600061387354e-05,5.015346838551259,16340,,,,,,,,,,,
1.9378957748413086,0.7298365831375122,1.86176335174954e-05,5.021485573971762,16360,,,,,,,,,,,
1.9460905075073243,0.7952836751937866,1.857926642111725e-05,5.027624309392265,16380,,,,,,,,,,,
1.9260658264160155,0.7523971199989319,1.8540899324739104e-05,5.033763044812768,16400,,,,,,,,,,,
1.9959657669067383,0.7205649018287659,1.850253222836096e-05,5.039901780233272,16420,,,,,,,,,,,
1.9354133605957031,0.7480536103248596,1.8464165131982813e-05,5.046040515653775,16440,,,,,,,,,,,
1.8988719940185548,0.8023430705070496,1.8425798035604668e-05,5.0521792510742785,16460,,,,,,,,,,,
1.9039772033691407,0.8055467009544373,1.8387430939226522e-05,5.0583179864947825,16480,,,,,,,,,,,
1.9062795639038086,0.7768512964248657,1.8349063842848373e-05,5.064456721915286,16500,,,,,,,,,,,
1.9553752899169923,0.7641614079475403,1.8310696746470228e-05,5.070595457335789,16520,,,,,,,,,,,
1.9171852111816405,0.7289367914199829,1.8272329650092082e-05,5.076734192756292,16540,,,,,,,,,,,
1.9349475860595704,0.810516357421875,1.8233962553713936e-05,5.082872928176796,16560,,,,,,,,,,,
1.9260957717895508,0.7713537812232971,1.819559545733579e-05,5.089011663597299,16580,,,,,,,,,,,
1.957503318786621,0.7668676376342773,1.8157228360957642e-05,5.095150399017802,16600,,,,,,,,,,,
1.8795251846313477,0.7659899592399597,1.81188612645795e-05,5.101289134438305,16620,,,,,,,,,,,
1.9284601211547852,0.7944003343582153,1.808049416820135e-05,5.107427869858809,16640,,,,,,,,,,,
1.9863288879394532,0.8871836066246033,1.8042127071823205e-05,5.1135666052793125,16660,,,,,,,,,,,
1.9534997940063477,0.7470162510871887,1.800375997544506e-05,5.119705340699816,16680,,,,,,,,,,,
1.8930246353149414,0.7526676654815674,1.7965392879066914e-05,5.12584407612032,16700,,,,,,,,,,,
1.9303035736083984,0.7095065116882324,1.7927025782688765e-05,5.131982811540823,16720,,,,,,,,,,,
1.9394723892211914,0.7384778261184692,1.7888658686310623e-05,5.138121546961326,16740,,,,,,,,,,,
1.9200817108154298,0.7586174607276917,1.7850291589932474e-05,5.144260282381829,16760,,,,,,,,,,,
1.8826671600341798,0.7986725568771362,1.781192449355433e-05,5.150399017802333,16780,,,,,,,,,,,
1.9093446731567383,0.8126838803291321,1.7773557397176183e-05,5.156537753222836,16800,,,,,,,,,,,
1.9241121292114258,0.8187351226806641,1.7735190300798034e-05,5.162676488643339,16820,,,,,,,,,,,
1.9489543914794922,0.7608088850975037,1.769682320441989e-05,5.1688152240638425,16840,,,,,,,,,,,
1.898963737487793,0.7658163905143738,1.7658456108041743e-05,5.1749539594843466,16860,,,,,,,,,,,
1.890941047668457,0.7934278249740601,1.7620089011663597e-05,5.18109269490485,16880,,,,,,,,,,,
1.9805791854858399,0.7702502608299255,1.758172191528545e-05,5.187231430325353,16900,,,,,,,,,,,
1.9540040969848633,0.7484012246131897,1.7543354818907306e-05,5.193370165745856,16920,,,,,,,,,,,
1.8720588684082031,0.7785571813583374,1.750498772252916e-05,5.19950890116636,16940,,,,,,,,,,,
1.9099288940429688,0.7556686997413635,1.7466620626151015e-05,5.205647636586863,16960,,,,,,,,,,,
1.8661491394042968,0.7551375031471252,1.7428253529772866e-05,5.211786372007366,16980,,,,,,,,,,,
1.9038387298583985,0.8607068657875061,1.7389886433394724e-05,5.21792510742787,17000,,,,,,,,,,,
1.911268424987793,0.8185530304908752,1.7351519337016575e-05,5.224063842848373,17020,,,,,,,,,,,
1.9040987014770507,0.752373993396759,1.731315224063843e-05,5.230202578268877,17040,,,,,,,,,,,
1.9094141006469727,0.7222780585289001,1.7274785144260284e-05,5.23634131368938,17060,,,,,,,,,,,
1.855678176879883,0.755776584148407,1.7236418047882135e-05,5.242480049109884,17080,,,,,,,,,,,
1.9404464721679688,0.7858138680458069,1.7198050951503992e-05,5.248618784530387,17100,,,,,,,,,,,
1.8824117660522461,0.7848225235939026,1.7159683855125843e-05,5.25475751995089,17120,,,,,,,,,,,
1.9679969787597655,0.8347830176353455,1.7121316758747698e-05,5.260896255371393,17140,,,,,,,,,,,
1.8920528411865234,0.8251299858093262,1.7082949662369552e-05,5.267034990791897,17160,,,,,,,,,,,
1.8800642013549804,0.7532793879508972,1.7044582565991407e-05,5.2731737262124,17180,,,,,,,,,,,
1.9336418151855468,0.8351253867149353,1.700621546961326e-05,5.2793124616329035,17200,,,,,,,,,,,
1.93831787109375,0.853238582611084,1.6967848373235116e-05,5.285451197053407,17220,,,,,,,,,,,
1.925368309020996,0.8519567251205444,1.6929481276856967e-05,5.291589932473911,17240,,,,,,,,,,,
1.9357061386108398,0.7006227374076843,1.6891114180478824e-05,5.297728667894414,17260,,,,,,,,,,,
1.8768487930297852,0.7733440399169922,1.6852747084100676e-05,5.303867403314917,17280,,,,,,,,,,,
1.9614540100097657,0.7357601523399353,1.681437998772253e-05,5.310006138735421,17300,,,,,,,,,,,
1.9500951766967773,0.7404131293296814,1.6776012891344384e-05,5.316144874155924,17320,,,,,,,,,,,
1.923675537109375,0.8466939330101013,1.673764579496624e-05,5.322283609576427,17340,,,,,,,,,,,
1.9586366653442382,0.7901642918586731,1.6699278698588093e-05,5.32842234499693,17360,,,,,,,,,,,
1.8656465530395507,0.7810770273208618,1.6660911602209944e-05,5.334561080417434,17380,,,,,,,,,,,
1.8893049240112305,0.7994795441627502,1.66225445058318e-05,5.3406998158379375,17400,,,,,,,,,,,
1.926462173461914,0.7642713189125061,1.6584177409453653e-05,5.346838551258441,17420,,,,,,,,,,,
1.900177574157715,0.7662398815155029,1.6545810313075508e-05,5.352977286678944,17440,,,,,,,,,,,
1.9024768829345704,0.7772886753082275,1.650744321669736e-05,5.359116022099448,17460,,,,,,,,,,,
1.8951251983642579,0.765143871307373,1.6469076120319216e-05,5.365254757519951,17480,,,,,,,,,,,
1.9002412796020507,0.8274938464164734,1.6430709023941067e-05,5.371393492940454,17500,,,,,,,,,,,
1.910750389099121,0.698175311088562,1.6392341927562925e-05,5.377532228360957,17520,,,,,,,,,,,
1.9756999969482423,0.704143226146698,1.6353974831184776e-05,5.383670963781461,17540,,,,,,,,,,,
1.936479377746582,0.8493171334266663,1.631560773480663e-05,5.389809699201964,17560,,,,,,,,,,,
1.9151601791381836,0.7626639604568481,1.6277240638428485e-05,5.3959484346224675,17580,,,,,,,,,,,
1.9170974731445312,0.7315101027488708,1.623887354205034e-05,5.402087170042972,17600,,,,,,,,,,,
1.9824941635131836,0.7785420417785645,1.620050644567219e-05,5.408225905463475,17620,,,,,,,,,,,
1.8993335723876954,0.7497981786727905,1.6162139349294045e-05,5.414364640883978,17640,,,,,,,,,,,
1.924163818359375,0.8233397006988525,1.61237722529159e-05,5.420503376304481,17660,,,,,,,,,,,
1.883415412902832,0.779560387134552,1.6085405156537754e-05,5.426642111724985,17680,,,,,,,,,,,
1.8974483489990235,0.8339541554450989,1.604703806015961e-05,5.432780847145488,17700,,,,,,,,,,,
1.9301128387451172,0.7532426118850708,1.600867096378146e-05,5.438919582565991,17720,,,,,,,,,,,
1.8648694992065429,0.7570086121559143,1.5970303867403317e-05,5.445058317986494,17740,,,,,,,,,,,
1.8636659622192382,0.7947701215744019,1.5931936771025168e-05,5.4511970534069984,17760,,,,,,,,,,,
1.911775779724121,0.7780844569206238,1.5893569674647023e-05,5.457335788827502,17780,,,,,,,,,,,
1.8963823318481445,0.7327133417129517,1.5855202578268877e-05,5.463474524248005,17800,,,,,,,,,,,
1.943741798400879,0.8271000981330872,1.581683548189073e-05,5.469613259668508,17820,,,,,,,,,,,
1.9273521423339843,0.7223191857337952,1.5778468385512586e-05,5.475751995089012,17840,,,,,,,,,,,
1.902431106567383,0.7536885738372803,1.574010128913444e-05,5.481890730509515,17860,,,,,,,,,,,
1.9470352172851562,0.7950589060783386,1.570173419275629e-05,5.488029465930018,17880,,,,,,,,,,,
1.9262378692626954,0.8322227597236633,1.566336709637815e-05,5.494168201350522,17900,,,,,,,,,,,
1.897979736328125,0.8098421692848206,1.5625e-05,5.500306936771025,17920,,,,,,,,,,,
1.9181938171386719,0.863406240940094,1.5586632903621855e-05,5.5064456721915285,17940,,,,,,,,,,,
1.922267532348633,0.7292033433914185,1.554826580724371e-05,5.512584407612032,17960,,,,,,,,,,,
1.8914466857910157,0.801192045211792,1.550989871086556e-05,5.518723143032536,17980,,,,,,,,,,,
1.9730817794799804,0.7825721502304077,1.5471531614487418e-05,5.524861878453039,18000,,,,,,,,,,,
1.880049705505371,0.745542049407959,1.543316451810927e-05,5.531000613873542,18020,,,,,,,,,,,
1.9435541152954101,0.7228180766105652,1.5394797421731124e-05,5.537139349294045,18040,,,,,,,,,,,
1.9099876403808593,0.7346353530883789,1.5356430325352978e-05,5.543278084714549,18060,,,,,,,,,,,
1.8853490829467774,0.7824879884719849,1.5318063228974832e-05,5.549416820135052,18080,,,,,,,,,,,
1.9140508651733399,0.7974826693534851,1.5279696132596687e-05,5.555555555555555,18100,,,,,,,,,,,
1.9417917251586914,0.8248074650764465,1.5241329036218541e-05,5.5616942909760585,18120,,,,,,,,,,,
1.9561687469482423,0.7765188217163086,1.5202961939840394e-05,5.5678330263965625,18140,,,,,,,,,,,
1.889305305480957,0.7916205525398254,1.5164594843462248e-05,5.573971761817066,18160,,,,,,,,,,,
1.9129440307617187,0.8278286457061768,1.5126227747084101e-05,5.580110497237569,18180,,,,,,,,,,,
1.9154556274414063,0.8017852306365967,1.5087860650705957e-05,5.586249232658073,18200,,,,,,,,,,,
1.8734766006469727,0.7880082130432129,1.504949355432781e-05,5.592387968078576,18220,,,,,,,,,,,
1.8389789581298828,0.7317068576812744,1.5011126457949661e-05,5.598526703499079,18240,,,,,,,,,,,
1.8806259155273437,0.7691957950592041,1.4972759361571517e-05,5.604665438919582,18260,,,,,,,,,,,
1.9130821228027344,0.8254380226135254,1.493439226519337e-05,5.610804174340086,18280,,,,,,,,,,,
1.8867769241333008,0.8023360371589661,1.4896025168815226e-05,5.616942909760589,18300,,,,,,,,,,,
1.900186538696289,0.8344805240631104,1.4857658072437077e-05,5.6230816451810925,18320,,,,,,,,,,,
1.851487159729004,0.8397160768508911,1.4819290976058933e-05,5.629220380601596,18340,,,,,,,,,,,
1.9047601699829102,0.7982116341590881,1.4780923879680786e-05,5.6353591160221,18360,,,,,,,,,,,
1.9184709548950196,0.7459979057312012,1.4742556783302642e-05,5.641497851442603,18380,,,,,,,,,,,
1.9151292800903321,0.7347529530525208,1.4704189686924493e-05,5.647636586863106,18400,,,,,,,,,,,
1.9236261367797851,0.7559142708778381,1.466582259054635e-05,5.653775322283609,18420,,,,,,,,,,,
1.9188827514648437,0.7452108860015869,1.4627455494168202e-05,5.659914057704113,18440,,,,,,,,,,,
1.9318607330322266,0.836733341217041,1.4589088397790056e-05,5.666052793124616,18460,,,,,,,,,,,
1.9333112716674805,0.7255998253822327,1.4550721301411909e-05,5.672191528545119,18480,,,,,,,,,,,
1.9031862258911132,0.7758134007453918,1.4512354205033762e-05,5.6783302639656235,18500,,,,,,,,,,,
1.9622900009155273,0.7925293445587158,1.4473987108655618e-05,5.684468999386127,18520,,,,,,,,,,,
1.8910894393920898,0.7895209789276123,1.443562001227747e-05,5.69060773480663,18540,,,,,,,,,,,
1.9179933547973633,0.8232970833778381,1.4397252915899325e-05,5.696746470227133,18560,,,,,,,,,,,
1.909078598022461,0.7469838261604309,1.4358885819521178e-05,5.702885205647637,18580,,,,,,,,,,,
1.8571355819702149,0.7978902459144592,1.4320518723143034e-05,5.70902394106814,18600,,,,,,,,,,,
1.8635873794555664,0.8034275770187378,1.4282151626764887e-05,5.715162676488643,18620,,,,,,,,,,,
1.9020483016967773,0.7104668021202087,1.4243784530386741e-05,5.721301411909147,18640,,,,,,,,,,,
1.8832735061645507,0.7961356043815613,1.4205417434008594e-05,5.72744014732965,18660,,,,,,,,,,,
1.9254478454589843,0.8057861328125,1.416705033763045e-05,5.7335788827501535,18680,,,,,,,,,,,
1.912501335144043,0.8763720989227295,1.4128683241252303e-05,5.739717618170657,18700,,,,,,,,,,,
1.9248401641845703,0.761217474937439,1.4090316144874157e-05,5.74585635359116,18720,,,,,,,,,,,
1.8929054260253906,0.7318367958068848,1.405194904849601e-05,5.751995089011664,18740,,,,,,,,,,,
1.8958576202392579,0.7207964658737183,1.4013581952117866e-05,5.758133824432167,18760,,,,,,,,,,,
1.9057571411132812,0.9185420274734497,1.3975214855739719e-05,5.76427255985267,18780,,,,,,,,,,,
1.94616756439209,0.7439343333244324,1.3936847759361572e-05,5.770411295273174,18800,,,,,,,,,,,
1.9170717239379882,0.7913215756416321,1.3898480662983426e-05,5.776550030693677,18820,,,,,,,,,,,
1.9401451110839845,0.9678587913513184,1.3860113566605279e-05,5.78268876611418,18840,,,,,,,,,,,
1.947727584838867,0.8015577793121338,1.3821746470227135e-05,5.7888275015346835,18860,,,,,,,,,,,
1.9123586654663085,0.7863942980766296,1.3783379373848988e-05,5.7949662369551875,18880,,,,,,,,,,,
1.9034000396728517,0.9070306420326233,1.3745012277470842e-05,5.801104972375691,18900,,,,,,,,,,,
1.931673812866211,0.737269937992096,1.3706645181092695e-05,5.807243707796194,18920,,,,,,,,,,,
1.890182113647461,0.740119993686676,1.366827808471455e-05,5.813382443216698,18940,,,,,,,,,,,
1.8904176712036134,0.7947409749031067,1.3629910988336404e-05,5.819521178637201,18960,,,,,,,,,,,
1.8856773376464844,0.7377933859825134,1.3591543891958258e-05,5.825659914057704,18980,,,,,,,,,,,
1.8893959045410156,0.8139897584915161,1.355317679558011e-05,5.831798649478207,19000,,,,,,,,,,,
1.9223115921020508,0.7358183264732361,1.3514809699201967e-05,5.83793738489871,19020,,,,,,,,,,,
1.9109004974365233,0.7111268639564514,1.347644260282382e-05,5.844076120319214,19040,,,,,,,,,,,
1.910883903503418,0.741925060749054,1.3438075506445672e-05,5.850214855739718,19060,,,,,,,,,,,
1.8946285247802734,0.7759658098220825,1.3399708410067527e-05,5.856353591160221,19080,,,,,,,,,,,
1.902421760559082,0.8538116216659546,1.336134131368938e-05,5.862492326580725,19100,,,,,,,,,,,
1.8918973922729492,0.7616164088249207,1.3322974217311236e-05,5.868631062001228,19120,,,,,,,,,,,
1.8603633880615233,0.7264840006828308,1.3284607120933087e-05,5.874769797421731,19140,,,,,,,,,,,
1.9017930984497071,0.7841802835464478,1.3246240024554943e-05,5.880908532842234,19160,,,,,,,,,,,
1.9019411087036133,0.7119786739349365,1.3207872928176796e-05,5.887047268262738,19180,,,,,,,,,,,
1.9069292068481445,0.7115040421485901,1.3169505831798652e-05,5.893186003683241,19200,,,,,,,,,,,
1.9001747131347657,0.8096168637275696,1.3131138735420503e-05,5.899324739103744,19220,,,,,,,,,,,
1.9322914123535155,0.7739883065223694,1.3092771639042359e-05,5.9054634745242485,19240,,,,,,,,,,,
1.8916313171386718,0.7375110387802124,1.3054404542664212e-05,5.911602209944752,19260,,,,,,,,,,,
1.895354652404785,0.7854471206665039,1.3016037446286066e-05,5.917740945365255,19280,,,,,,,,,,,
1.8728487014770507,0.7210164070129395,1.2977670349907919e-05,5.923879680785758,19300,,,,,,,,,,,
1.9119640350341798,0.841973066329956,1.2939303253529775e-05,5.930018416206261,19320,,,,,,,,,,,
1.897854995727539,0.771115243434906,1.2900936157151628e-05,5.936157151626765,19340,,,,,,,,,,,
1.8653366088867187,0.7877338528633118,1.286256906077348e-05,5.942295887047268,19360,,,,,,,,,,,
1.9622941970825196,0.73307865858078,1.2824201964395335e-05,5.948434622467771,19380,,,,,,,,,,,
1.8548704147338868,0.760823130607605,1.2785834868017187e-05,5.954573357888275,19400,,,,,,,,,,,
1.9327590942382813,0.780460774898529,1.2747467771639044e-05,5.9607120933087785,19420,,,,,,,,,,,
1.9219320297241211,0.7725280523300171,1.2709100675260896e-05,5.966850828729282,19440,,,,,,,,,,,
1.8859394073486329,0.7916098833084106,1.267073357888275e-05,5.972989564149785,19460,,,,,,,,,,,
1.8792285919189453,0.7781012058258057,1.2632366482504603e-05,5.979128299570289,19480,,,,,,,,,,,
1.8996467590332031,0.8207729458808899,1.259399938612646e-05,5.985267034990792,19500,,,,,,,,,,,
1.8792613983154296,0.7348484992980957,1.2555632289748312e-05,5.991405770411295,19520,,,,,,,,,,,
1.9197540283203125,0.755838930606842,1.2517265193370167e-05,5.997544505831799,19540,,,,,,,,,,,
,,,6.0,19548,1.789634108543396,12.717775512301001,40.88295509813411,550.2529,14.268,0.892,,,,,
1.8904367446899415,0.717962384223938,1.247889809699202e-05,6.003683241252302,19560,,,,,,,,,,,
1.8735578536987305,0.8168310523033142,1.2440531000613874e-05,6.009821976672805,19580,,,,,,,,,,,
1.913926124572754,0.7316877245903015,1.2402163904235728e-05,6.0159607120933085,19600,,,,,,,,,,,
1.8699102401733398,0.7389168739318848,1.2363796807857581e-05,6.0220994475138125,19620,,,,,,,,,,,
1.9243806838989257,0.8149635791778564,1.2325429711479436e-05,6.028238182934316,19640,,,,,,,,,,,
1.930014419555664,0.7682469487190247,1.228706261510129e-05,6.034376918354819,19660,,,,,,,,,,,
1.8810054779052734,0.7240543961524963,1.2248695518723144e-05,6.040515653775322,19680,,,,,,,,,,,
1.9082584381103516,0.7560262680053711,1.2210328422344997e-05,6.046654389195826,19700,,,,,,,,,,,
1.893537712097168,0.8427473902702332,1.2171961325966852e-05,6.052793124616329,19720,,,,,,,,,,,
1.8892341613769532,0.7058719396591187,1.2133594229588706e-05,6.058931860036832,19740,,,,,,,,,,,
1.8897476196289062,0.7140020132064819,1.209522713321056e-05,6.065070595457335,19760,,,,,,,,,,,
1.8957063674926757,0.9631191492080688,1.2056860036832413e-05,6.071209330877839,19780,,,,,,,,,,,
1.874374008178711,0.7379743456840515,1.2018492940454266e-05,6.077348066298343,19800,,,,,,,,,,,
1.925398063659668,0.8315966725349426,1.198012584407612e-05,6.083486801718846,19820,,,,,,,,,,,
1.846688461303711,0.8231827020645142,1.1941758747697975e-05,6.08962553713935,19840,,,,,,,,,,,
1.842452621459961,0.7803051471710205,1.190339165131983e-05,6.095764272559853,19860,,,,,,,,,,,
1.8808134078979493,0.7796465754508972,1.1865024554941682e-05,6.101903007980356,19880,,,,,,,,,,,
1.9076555252075196,0.7642805576324463,1.1826657458563536e-05,6.108041743400859,19900,,,,,,,,,,,
1.8706815719604493,0.8315302133560181,1.178829036218539e-05,6.114180478821363,19920,,,,,,,,,,,
1.8941158294677733,0.7392107844352722,1.1749923265807245e-05,6.120319214241866,19940,,,,,,,,,,,
1.8798776626586915,0.841694712638855,1.1711556169429098e-05,6.1264579496623695,19960,,,,,,,,,,,
1.8586206436157227,0.7275506258010864,1.1673189073050952e-05,6.132596685082873,19980,,,,,,,,,,,
1.8871213912963867,0.7917364835739136,1.1634821976672807e-05,6.138735420503377,20000,,,,,,,,,,,
1.8942070007324219,0.7834250330924988,1.1596454880294661e-05,6.14487415592388,20020,,,,,,,,,,,
1.8846763610839843,0.7343053817749023,1.1558087783916514e-05,6.151012891344383,20040,,,,,,,,,,,
1.8899114608764649,0.7264499664306641,1.1519720687538367e-05,6.157151626764886,20060,,,,,,,,,,,
1.8869646072387696,0.8314701914787292,1.1481353591160221e-05,6.16329036218539,20080,,,,,,,,,,,
1.9137580871582032,0.774015486240387,1.1442986494782076e-05,6.169429097605893,20100,,,,,,,,,,,
1.8894123077392577,0.7906148433685303,1.1404619398403928e-05,6.175567833026396,20120,,,,,,,,,,,
1.9126672744750977,0.7507562041282654,1.1366252302025783e-05,6.1817065684469,20140,,,,,,,,,,,
1.8595787048339845,0.721245527267456,1.1327885205647637e-05,6.1878453038674035,20160,,,,,,,,,,,
1.885628890991211,0.7492012977600098,1.1289518109269492e-05,6.193984039287907,20180,,,,,,,,,,,
1.8868335723876952,0.796326220035553,1.1251151012891344e-05,6.20012277470841,20200,,,,,,,,,,,
1.8208547592163087,0.7904497385025024,1.1212783916513199e-05,6.206261510128914,20220,,,,,,,,,,,
1.8447158813476563,0.7621046900749207,1.1174416820135053e-05,6.212400245549417,20240,,,,,,,,,,,
1.86200008392334,0.8272004723548889,1.1136049723756908e-05,6.21853898096992,20260,,,,,,,,,,,
1.904508399963379,0.7647468447685242,1.109768262737876e-05,6.224677716390423,20280,,,,,,,,,,,
1.865473175048828,0.7438059449195862,1.1059315531000615e-05,6.230816451810927,20300,,,,,,,,,,,
1.866854476928711,0.7233571410179138,1.102094843462247e-05,6.23695518723143,20320,,,,,,,,,,,
1.9216012954711914,0.7169761061668396,1.0982581338244322e-05,6.2430939226519335,20340,,,,,,,,,,,
1.9156206130981446,0.7621118426322937,1.0944214241866176e-05,6.249232658072437,20360,,,,,,,,,,,
1.9046497344970703,0.8160969614982605,1.0905847145488029e-05,6.255371393492941,20380,,,,,,,,,,,
1.8425621032714843,0.726752519607544,1.0867480049109884e-05,6.261510128913444,20400,,,,,,,,,,,
1.8911848068237305,0.760861873626709,1.0829112952731738e-05,6.267648864333947,20420,,,,,,,,,,,
1.9006603240966797,0.7075797915458679,1.079074585635359e-05,6.273787599754451,20440,,,,,,,,,,,
1.8756357192993165,0.697866678237915,1.0752378759975445e-05,6.279926335174954,20460,,,,,,,,,,,
1.8945999145507812,0.7251819372177124,1.07140116635973e-05,6.286065070595457,20480,,,,,,,,,,,
1.8945577621459961,0.7928628921508789,1.0675644567219154e-05,6.29220380601596,20500,,,,,,,,,,,
1.9037105560302734,0.7543861269950867,1.0637277470841007e-05,6.298342541436464,20520,,,,,,,,,,,
1.8698780059814453,0.8026512265205383,1.0598910374462861e-05,6.304481276856968,20540,,,,,,,,,,,
1.8818185806274415,0.7672523856163025,1.0560543278084716e-05,6.310620012277471,20560,,,,,,,,,,,
1.9031133651733398,0.762815535068512,1.052217618170657e-05,6.316758747697974,20580,,,,,,,,,,,
1.874711799621582,0.81618332862854,1.0483809085328423e-05,6.322897483118478,20600,,,,,,,,,,,
1.886348342895508,0.8230085968971252,1.0445441988950275e-05,6.329036218538981,20620,,,,,,,,,,,
1.8905326843261718,0.7501569986343384,1.040707489257213e-05,6.335174953959484,20640,,,,,,,,,,,
1.8828760147094727,0.7833781242370605,1.0368707796193984e-05,6.341313689379987,20660,,,,,,,,,,,
1.9170499801635743,0.7575465440750122,1.0330340699815839e-05,6.347452424800491,20680,,,,,,,,,,,
1.8873420715332032,0.8031609654426575,1.0291973603437692e-05,6.3535911602209945,20700,,,,,,,,,,,
1.9006690979003906,0.8025621175765991,1.0253606507059546e-05,6.359729895641498,20720,,,,,,,,,,,
1.8534700393676757,0.8394057154655457,1.02152394106814e-05,6.365868631062002,20740,,,,,,,,,,,
1.8826333999633789,0.775986909866333,1.0176872314303255e-05,6.372007366482505,20760,,,,,,,,,,,
1.860432243347168,0.7501040101051331,1.0138505217925108e-05,6.378146101903008,20780,,,,,,,,,,,
1.9115898132324218,0.7611030340194702,1.0100138121546962e-05,6.384284837323511,20800,,,,,,,,,,,
1.875762367248535,0.7199246883392334,1.0061771025168816e-05,6.390423572744015,20820,,,,,,,,,,,
1.8766984939575195,0.7690677046775818,1.002340392879067e-05,6.396562308164518,20840,,,,,,,,,,,
1.8828832626342773,0.7397278547286987,9.985036832412524e-06,6.402701043585021,20860,,,,,,,,,,,
1.8819734573364257,0.7332813739776611,9.946669736034378e-06,6.4088397790055245,20880,,,,,,,,,,,
1.8234241485595704,0.7334963083267212,9.90830263965623e-06,6.4149785144260285,20900,,,,,,,,,,,
1.8817569732666015,0.8016279339790344,9.869935543278085e-06,6.421117249846532,20920,,,,,,,,,,,
1.8938541412353516,0.8837377429008484,9.831568446899938e-06,6.427255985267035,20940,,,,,,,,,,,
1.837996482849121,0.7133316397666931,9.793201350521792e-06,6.433394720687538,20960,,,,,,,,,,,
1.8542858123779298,0.7802429795265198,9.754834254143647e-06,6.439533456108042,20980,,,,,,,,,,,
1.8766651153564453,0.9871606230735779,9.716467157765501e-06,6.445672191528545,21000,,,,,,,,,,,
1.8986419677734374,0.815807044506073,9.678100061387354e-06,6.451810926949048,21020,,,,,,,,,,,
1.8790172576904296,0.7501547336578369,9.639732965009208e-06,6.457949662369552,21040,,,,,,,,,,,
1.8950681686401367,0.7599221467971802,9.601365868631063e-06,6.464088397790055,21060,,,,,,,,,,,
1.9015424728393555,0.8193773031234741,9.562998772252917e-06,6.4702271332105585,21080,,,,,,,,,,,
1.8566694259643555,0.811499834060669,9.52463167587477e-06,6.476365868631062,21100,,,,,,,,,,,
1.8754688262939454,0.7603130340576172,9.486264579496624e-06,6.482504604051566,21120,,,,,,,,,,,
1.8996509552001952,0.7543231844902039,9.447897483118479e-06,6.488643339472069,21140,,,,,,,,,,,
1.8930633544921875,0.7275145649909973,9.409530386740333e-06,6.494782074892572,21160,,,,,,,,,,,
1.9039142608642579,0.789292573928833,9.371163290362186e-06,6.500920810313076,21180,,,,,,,,,,,
1.8865659713745118,0.6977431774139404,9.332796193984039e-06,6.507059545733579,21200,,,,,,,,,,,
1.8606843948364258,0.7320140600204468,9.294429097605893e-06,6.513198281154082,21220,,,,,,,,,,,
1.8661003112792969,0.7398755550384521,9.256062001227748e-06,6.519337016574585,21240,,,,,,,,,,,
1.9231260299682618,0.8267194032669067,9.2176949048496e-06,6.525475751995089,21260,,,,,,,,,,,
1.8554702758789063,0.7286468744277954,9.179327808471455e-06,6.531614487415593,21280,,,,,,,,,,,
1.8838552474975585,0.7444660067558289,9.14096071209331e-06,6.537753222836096,21300,,,,,,,,,,,
1.8948930740356444,0.8027250170707703,9.102593615715164e-06,6.543891958256599,21320,,,,,,,,,,,
1.922297477722168,0.7051429152488708,9.064226519337016e-06,6.550030693677103,21340,,,,,,,,,,,
1.872087287902832,0.7638363838195801,9.02585942295887e-06,6.556169429097606,21360,,,,,,,,,,,
1.8955467224121094,0.7586716413497925,8.987492326580725e-06,6.562308164518109,21380,,,,,,,,,,,
1.900614356994629,0.704663097858429,8.94912523020258e-06,6.568446899938612,21400,,,,,,,,,,,
1.8625104904174805,0.7865732312202454,8.910758133824432e-06,6.574585635359116,21420,,,,,,,,,,,
1.875370979309082,0.7678180932998657,8.872391037446287e-06,6.5807243707796195,21440,,,,,,,,,,,
1.872654914855957,0.7158675789833069,8.834023941068141e-06,6.586863106200123,21460,,,,,,,,,,,
1.9160943984985352,0.7767716646194458,8.795656844689994e-06,6.593001841620627,21480,,,,,,,,,,,
1.8771190643310547,0.7740186452865601,8.757289748311848e-06,6.59914057704113,21500,,,,,,,,,,,
1.9202539443969726,0.7258243560791016,8.718922651933701e-06,6.605279312461633,21520,,,,,,,,,,,
1.8471235275268554,0.7643896341323853,8.680555555555556e-06,6.611418047882136,21540,,,,,,,,,,,
1.8651893615722657,0.7529414892196655,8.64218845917741e-06,6.617556783302639,21560,,,,,,,,,,,
1.8432098388671876,0.752700686454773,8.603821362799264e-06,6.623695518723143,21580,,,,,,,,,,,
1.893772506713867,0.8349863290786743,8.565454266421117e-06,6.629834254143646,21600,,,,,,,,,,,
1.8690893173217773,0.7967543601989746,8.527087170042972e-06,6.6359729895641495,21620,,,,,,,,,,,
1.9036420822143554,0.7481632232666016,8.488720073664826e-06,6.6421117249846535,21640,,,,,,,,,,,
1.9552465438842774,0.7649284601211548,8.45035297728668e-06,6.648250460405157,21660,,,,,,,,,,,
1.88799991607666,0.7943929433822632,8.411985880908533e-06,6.65438919582566,21680,,,,,,,,,,,
1.879506492614746,0.7639887928962708,8.373618784530388e-06,6.660527931246163,21700,,,,,,,,,,,
1.8553844451904298,0.7788866758346558,8.335251688152242e-06,6.666666666666667,21720,,,,,,,,,,,
1.854264259338379,0.7527995109558105,8.296884591774095e-06,6.67280540208717,21740,,,,,,,,,,,
1.7873186111450194,0.7706421613693237,8.258517495395947e-06,6.678944137507673,21760,,,,,,,,,,,
1.8580158233642579,0.8733949661254883,8.220150399017802e-06,6.685082872928177,21780,,,,,,,,,,,
1.8637971878051758,0.7473251223564148,8.181783302639656e-06,6.69122160834868,21800,,,,,,,,,,,
1.8451688766479493,0.7854318618774414,8.14341620626151e-06,6.6973603437691835,21820,,,,,,,,,,,
1.8722345352172851,0.7497700452804565,8.105049109883364e-06,6.703499079189687,21840,,,,,,,,,,,
1.903447151184082,0.7394619584083557,8.066682013505218e-06,6.70963781461019,21860,,,,,,,,,,,
1.8290218353271483,0.755463182926178,8.028314917127072e-06,6.715776550030694,21880,,,,,,,,,,,
1.8973840713500976,0.7860037088394165,7.989947820748927e-06,6.721915285451197,21900,,,,,,,,,,,
1.829416275024414,0.704541027545929,7.95158072437078e-06,6.7280540208717,21920,,,,,,,,,,,
1.8501081466674805,0.7846603989601135,7.913213627992634e-06,6.734192756292204,21940,,,,,,,,,,,
1.8939548492431642,0.6923069357872009,7.874846531614488e-06,6.740331491712707,21960,,,,,,,,,,,
1.8706220626831054,0.7364049553871155,7.836479435236343e-06,6.74647022713321,21980,,,,,,,,,,,
1.8520574569702148,0.7649598121643066,7.798112338858196e-06,6.752608962553714,22000,,,,,,,,,,,
1.8385101318359376,0.8455807566642761,7.75974524248005e-06,6.758747697974218,22020,,,,,,,,,,,
1.8450103759765626,0.7687955498695374,7.721378146101903e-06,6.764886433394721,22040,,,,,,,,,,,
1.8757286071777344,0.8311423063278198,7.683011049723757e-06,6.771025168815224,22060,,,,,,,,,,,
1.8341945648193358,0.785742461681366,7.64464395334561e-06,6.777163904235728,22080,,,,,,,,,,,
1.8584949493408203,0.7823764085769653,7.606276856967464e-06,6.783302639656231,22100,,,,,,,,,,,
1.884955596923828,0.8318073749542236,7.567909760589319e-06,6.789441375076734,22120,,,,,,,,,,,
1.850228500366211,0.785302460193634,7.529542664211172e-06,6.795580110497237,22140,,,,,,,,,,,
1.8460500717163086,0.73236483335495,7.491175567833027e-06,6.8017188459177405,22160,,,,,,,,,,,
1.8990228652954102,0.7545342445373535,7.45280847145488e-06,6.8078575813382445,22180,,,,,,,,,,,
1.8739004135131836,0.8327301144599915,7.414441375076735e-06,6.813996316758748,22200,,,,,,,,,,,
1.9134624481201172,0.8283987641334534,7.376074278698588e-06,6.820135052179251,22220,,,,,,,,,,,
1.9091800689697265,0.7967998385429382,7.337707182320443e-06,6.826273787599755,22240,,,,,,,,,,,
1.8519111633300782,0.7336399555206299,7.299340085942296e-06,6.832412523020258,22260,,,,,,,,,,,
1.8809871673583984,0.7651833295822144,7.260972989564151e-06,6.838551258440761,22280,,,,,,,,,,,
1.8569896697998047,0.7892515659332275,7.222605893186004e-06,6.844689993861264,22300,,,,,,,,,,,
1.833188247680664,0.6920969486236572,7.184238796807857e-06,6.850828729281768,22320,,,,,,,,,,,
1.8804115295410155,0.8543039560317993,7.1458717004297116e-06,6.856967464702271,22340,,,,,,,,,,,
1.812485694885254,0.7954769134521484,7.107504604051565e-06,6.8631062001227745,22360,,,,,,,,,,,
1.861670684814453,0.7958614230155945,7.0691375076734196e-06,6.8692449355432785,22380,,,,,,,,,,,
1.881062126159668,0.7142691016197205,7.030770411295273e-06,6.875383670963782,22400,,,,,,,,,,,
1.9015636444091797,0.7242021560668945,6.992403314917128e-06,6.881522406384285,22420,,,,,,,,,,,
1.8861186981201172,0.7403755784034729,6.954036218538981e-06,6.887661141804788,22440,,,,,,,,,,,
1.8897918701171874,0.7763394713401794,6.915669122160836e-06,6.893799877225292,22460,,,,,,,,,,,
1.9085947036743165,0.766895592212677,6.877302025782689e-06,6.899938612645795,22480,,,,,,,,,,,
1.8563289642333984,0.8345184922218323,6.838934929404544e-06,6.906077348066298,22500,,,,,,,,,,,
1.8347848892211913,0.8468394875526428,6.800567833026397e-06,6.912216083486801,22520,,,,,,,,,,,
1.9006515502929688,0.7580357789993286,6.762200736648252e-06,6.918354818907305,22540,,,,,,,,,,,
1.8448976516723632,0.7642017602920532,6.723833640270105e-06,6.9244935543278086,22560,,,,,,,,,,,
1.897705078125,0.8116462826728821,6.685466543891959e-06,6.930632289748312,22580,,,,,,,,,,,
1.8616157531738282,0.7832002639770508,6.6470994475138115e-06,6.936771025168815,22600,,,,,,,,,,,
1.8503170013427734,0.828601062297821,6.608732351135666e-06,6.942909760589319,22620,,,,,,,,,,,
1.8409698486328125,0.7346293926239014,6.5703652547575195e-06,6.949048496009822,22640,,,,,,,,,,,
1.8875102996826172,0.8223419785499573,6.531998158379374e-06,6.955187231430325,22660,,,,,,,,,,,
1.8185598373413085,0.7663002014160156,6.4936310620012276e-06,6.961325966850829,22680,,,,,,,,,,,
1.8923942565917968,0.8083993196487427,6.455263965623082e-06,6.967464702271332,22700,,,,,,,,,,,
1.840836524963379,0.7332112193107605,6.4168968692449356e-06,6.973603437691835,22720,,,,,,,,,,,
1.8433273315429688,0.8068013787269592,6.37852977286679e-06,6.979742173112339,22740,,,,,,,,,,,
1.8334217071533203,0.7689270973205566,6.3401626764886436e-06,6.985880908532843,22760,,,,,,,,,,,
1.862750244140625,0.8262759447097778,6.301795580110498e-06,6.992019643953346,22780,,,,,,,,,,,
1.9159414291381835,0.7530481219291687,6.263428483732352e-06,6.998158379373849,22800,,,,,,,,,,,
,,,7.0,22806,1.7683351039886475,13.05563192549747,41.33960482151656,547.1193,14.35,0.897,,,,,
1.910420036315918,0.8161050081253052,6.225061387354205e-06,7.004297114794352,22820,,,,,,,,,,,
1.8474252700805665,0.7469726204872131,6.186694290976059e-06,7.010435850214856,22840,,,,,,,,,,,
1.8522750854492187,0.8273382782936096,6.148327194597913e-06,7.016574585635359,22860,,,,,,,,,,,
1.9003761291503907,0.749657928943634,6.109960098219767e-06,7.022713321055862,22880,,,,,,,,,,,
1.8756305694580078,0.8089991807937622,6.071593001841621e-06,7.0288520564763655,22900,,,,,,,,,,,
1.847432518005371,0.7681971788406372,6.033225905463475e-06,7.0349907918968695,22920,,,,,,,,,,,
1.815148162841797,0.7901405692100525,5.994858809085329e-06,7.041129527317373,22940,,,,,,,,,,,
1.8152708053588866,0.6802576780319214,5.956491712707182e-06,7.047268262737876,22960,,,,,,,,,,,
1.8511943817138672,0.7370995879173279,5.918124616329036e-06,7.05340699815838,22980,,,,,,,,,,,
1.8618627548217774,0.7714731097221375,5.87975751995089e-06,7.059545733578883,23000,,,,,,,,,,,
1.9104555130004883,0.7724934220314026,5.841390423572744e-06,7.065684468999386,23020,,,,,,,,,,,
1.8637317657470702,0.7501437664031982,5.803023327194598e-06,7.071823204419889,23040,,,,,,,,,,,
1.9133745193481446,0.7846024632453918,5.764656230816452e-06,7.077961939840393,23060,,,,,,,,,,,
1.8547086715698242,0.7558684349060059,5.726289134438306e-06,7.084100675260896,23080,,,,,,,,,,,
1.883378791809082,0.727658748626709,5.6879220380601596e-06,7.0902394106813995,23100,,,,,,,,,,,
1.8880050659179688,0.8184886574745178,5.649554941682014e-06,7.096378146101903,23120,,,,,,,,,,,
1.8297163009643556,0.7908998131752014,5.6111878453038676e-06,7.102516881522407,23140,,,,,,,,,,,
1.7916706085205079,0.714023768901825,5.572820748925721e-06,7.10865561694291,23160,,,,,,,,,,,
1.8339557647705078,0.7620831727981567,5.534453652547576e-06,7.114794352363413,23180,,,,,,,,,,,
1.8740650177001954,0.7728579640388489,5.496086556169429e-06,7.120933087783916,23200,,,,,,,,,,,
1.8279207229614258,0.7458425164222717,5.457719459791284e-06,7.12707182320442,23220,,,,,,,,,,,
1.8343389511108399,0.7750691175460815,5.419352363413137e-06,7.133210558624923,23240,,,,,,,,,,,
1.858024787902832,0.7954882979393005,5.380985267034991e-06,7.139349294045426,23260,,,,,,,,,,,
1.8638891220092773,0.7160167694091797,5.342618170656845e-06,7.14548802946593,23280,,,,,,,,,,,
1.8511465072631836,0.7085855603218079,5.304251074278699e-06,7.151626764886434,23300,,,,,,,,,,,
1.8231800079345704,0.848802387714386,5.265883977900553e-06,7.157765500306937,23320,,,,,,,,,,,
1.8488481521606446,0.7343505024909973,5.227516881522407e-06,7.16390423572744,23340,,,,,,,,,,,
1.8777559280395508,0.805037796497345,5.189149785144261e-06,7.170042971147944,23360,,,,,,,,,,,
1.8498264312744142,0.7743889093399048,5.150782688766114e-06,7.176181706568447,23380,,,,,,,,,,,
1.8489883422851563,0.8184136748313904,5.112415592387968e-06,7.18232044198895,23400,,,,,,,,,,,
1.8430755615234375,0.8328161835670471,5.074048496009822e-06,7.188459177409453,23420,,,,,,,,,,,
1.881110382080078,0.7221224308013916,5.035681399631676e-06,7.194597912829957,23440,,,,,,,,,,,
1.842984390258789,0.8158509135246277,4.99731430325353e-06,7.2007366482504604,23460,,,,,,,,,,,
1.8857885360717774,0.7918884754180908,4.958947206875384e-06,7.206875383670964,23480,,,,,,,,,,,
1.810573196411133,0.7157244086265564,4.920580110497238e-06,7.213014119091467,23500,,,,,,,,,,,
1.8603347778320312,0.7971306443214417,4.882213014119092e-06,7.219152854511971,23520,,,,,,,,,,,
1.8484037399291993,0.7767152190208435,4.843845917740945e-06,7.225291589932474,23540,,,,,,,,,,,
1.8509361267089843,0.7410174608230591,4.8054788213628e-06,7.231430325352977,23560,,,,,,,,,,,
1.8681005477905273,0.7785694599151611,4.767111724984653e-06,7.237569060773481,23580,,,,,,,,,,,
1.840798568725586,0.7989742755889893,4.728744628606508e-06,7.243707796193984,23600,,,,,,,,,,,
1.8868852615356446,0.7863033413887024,4.690377532228361e-06,7.249846531614487,23620,,,,,,,,,,,
1.8964929580688477,0.9212230443954468,4.652010435850216e-06,7.2559852670349905,23640,,,,,,,,,,,
1.871959114074707,0.987013041973114,4.613643339472068e-06,7.2621240024554945,23660,,,,,,,,,,,
1.8849315643310547,0.7662359476089478,4.575276243093923e-06,7.268262737875998,23680,,,,,,,,,,,
1.8537548065185547,0.7586132287979126,4.536909146715776e-06,7.274401473296501,23700,,,,,,,,,,,
1.8426319122314454,0.7438323497772217,4.498542050337631e-06,7.280540208717004,23720,,,,,,,,,,,
1.8900949478149414,0.8370361924171448,4.460174953959484e-06,7.286678944137508,23740,,,,,,,,,,,
1.9058324813842773,0.7905359864234924,4.421807857581339e-06,7.292817679558011,23760,,,,,,,,,,,
1.8481006622314453,0.7697743773460388,4.383440761203192e-06,7.298956414978514,23780,,,,,,,,,,,
1.8799636840820313,0.8086205720901489,4.345073664825046e-06,7.305095150399017,23800,,,,,,,,,,,
1.870985221862793,0.7494173049926758,4.3067065684468996e-06,7.311233885819521,23820,,,,,,,,,,,
1.8897289276123046,0.8226574063301086,4.268339472068754e-06,7.3173726212400245,23840,,,,,,,,,,,
1.8618568420410155,0.7654662728309631,4.2299723756906076e-06,7.323511356660528,23860,,,,,,,,,,,
1.8488382339477538,0.7283591628074646,4.191605279312462e-06,7.329650092081032,23880,,,,,,,,,,,
1.8449169158935548,0.7202745079994202,4.153238182934316e-06,7.335788827501535,23900,,,,,,,,,,,
1.8526424407958983,0.7095017433166504,4.11487108655617e-06,7.341927562922038,23920,,,,,,,,,,,
1.8303977966308593,0.7797262668609619,4.076503990178024e-06,7.348066298342541,23940,,,,,,,,,,,
1.814737892150879,0.7809605598449707,4.038136893799877e-06,7.354205033763045,23960,,,,,,,,,,,
1.840355682373047,0.7935267686843872,3.999769797421731e-06,7.360343769183548,23980,,,,,,,,,,,
1.844482421875,0.8812702298164368,3.961402701043585e-06,7.366482504604051,24000,,,,,,,,,,,
1.8483568191528321,0.7734677195549011,3.923035604665439e-06,7.3726212400245545,24020,,,,,,,,,,,
1.875894546508789,0.8052967190742493,3.884668508287293e-06,7.378759975445059,24040,,,,,,,,,,,
1.8731739044189453,0.8315161466598511,3.846301411909147e-06,7.384898710865562,24060,,,,,,,,,,,
1.8968170166015625,0.7308721542358398,3.807934315531001e-06,7.391037446286065,24080,,,,,,,,,,,
1.8512975692749023,0.7377836108207703,3.7695672191528544e-06,7.397176181706568,24100,,,,,,,,,,,
1.8945337295532227,0.767344057559967,3.7312001227747084e-06,7.403314917127072,24120,,,,,,,,,,,
1.873358154296875,0.7520692348480225,3.6928330263965624e-06,7.409453652547575,24140,,,,,,,,,,,
1.8533544540405273,0.715115487575531,3.6544659300184164e-06,7.415592387968078,24160,,,,,,,,,,,
1.8354873657226562,0.7726684212684631,3.6160988336402704e-06,7.421731123388582,24180,,,,,,,,,,,
1.842045211791992,0.7654061317443848,3.5777317372621244e-06,7.4278698588090855,24200,,,,,,,,,,,
1.829736328125,0.7409906983375549,3.5393646408839784e-06,7.434008594229589,24220,,,,,,,,,,,
1.8141977310180664,0.7609759569168091,3.5009975445058316e-06,7.440147329650092,24240,,,,,,,,,,,
1.8761064529418945,0.7859175801277161,3.4626304481276856e-06,7.446286065070596,24260,,,,,,,,,,,
1.8577693939208983,0.7361885905265808,3.4242633517495396e-06,7.452424800491099,24280,,,,,,,,,,,
1.8416221618652344,0.726745069026947,3.3858962553713936e-06,7.458563535911602,24300,,,,,,,,,,,
1.8361095428466796,0.7728325128555298,3.3475291589932476e-06,7.464702271332105,24320,,,,,,,,,,,
1.8592939376831055,0.780693531036377,3.3091620626151016e-06,7.470841006752609,24340,,,,,,,,,,,
1.8153188705444336,1.3377431631088257,3.2707949662369556e-06,7.476979742173112,24360,,,,,,,,,,,
1.859443473815918,0.7711929678916931,3.2324278698588088e-06,7.4831184775936155,24380,,,,,,,,,,,
1.8663848876953124,0.7691473364830017,3.1940607734806628e-06,7.4892572130141195,24400,,,,,,,,,,,
1.8770818710327148,0.8066138625144958,3.1556936771025168e-06,7.495395948434623,24420,,,,,,,,,,,
1.8580812454223632,0.7861434817314148,3.1173265807243708e-06,7.501534683855126,24440,,,,,,,,,,,
1.8990089416503906,0.766700267791748,3.0789594843462248e-06,7.507673419275629,24460,,,,,,,,,,,
1.8711278915405274,0.7893996238708496,3.040592387968079e-06,7.513812154696133,24480,,,,,,,,,,,
1.8458045959472655,0.7424784898757935,3.0022252915899324e-06,7.519950890116636,24500,,,,,,,,,,,
1.8384719848632813,0.7473120093345642,2.9638581952117864e-06,7.526089625537139,24520,,,,,,,,,,,
1.8936161041259765,0.7461327314376831,2.9254910988336404e-06,7.532228360957642,24540,,,,,,,,,,,
1.8988780975341797,0.7841931581497192,2.8871240024554944e-06,7.538367096378146,24560,,,,,,,,,,,
1.8713661193847657,0.7711194157600403,2.8487569060773484e-06,7.5445058317986495,24580,,,,,,,,,,,
1.859821891784668,0.7443740963935852,2.8103898096992024e-06,7.550644567219153,24600,,,,,,,,,,,
1.9140396118164062,0.8063307404518127,2.772022713321056e-06,7.556783302639657,24620,,,,,,,,,,,
1.9199756622314452,0.7761181592941284,2.73365561694291e-06,7.56292203806016,24640,,,,,,,,,,,
1.875688362121582,0.7707434296607971,2.695288520564764e-06,7.569060773480663,24660,,,,,,,,,,,
1.8211875915527345,0.7630534768104553,2.656921424186618e-06,7.575199508901166,24680,,,,,,,,,,,
1.8641735076904298,0.7513325214385986,2.6185543278084716e-06,7.581338244321669,24700,,,,,,,,,,,
1.8527633666992187,0.7352975606918335,2.5801872314303256e-06,7.587476979742173,24720,,,,,,,,,,,
1.8596954345703125,0.8601403832435608,2.5418201350521796e-06,7.593615715162676,24740,,,,,,,,,,,
1.911005401611328,0.714905321598053,2.503453038674033e-06,7.5997544505831796,24760,,,,,,,,,,,
1.8854415893554688,0.7838509678840637,2.465085942295887e-06,7.605893186003684,24780,,,,,,,,,,,
1.8516975402832032,0.7703209519386292,2.426718845917741e-06,7.612031921424187,24800,,,,,,,,,,,
1.8383737564086915,0.8057078719139099,2.388351749539595e-06,7.61817065684469,24820,,,,,,,,,,,
1.8574512481689454,0.7781662940979004,2.349984653161449e-06,7.624309392265193,24840,,,,,,,,,,,
1.9061935424804688,0.7686697840690613,2.311617556783303e-06,7.630448127685697,24860,,,,,,,,,,,
1.7998834609985352,0.7911887168884277,2.273250460405157e-06,7.6365868631062,24880,,,,,,,,,,,
1.854397964477539,0.7429079413414001,2.2348833640270104e-06,7.642725598526703,24900,,,,,,,,,,,
1.8655817031860351,0.6837367415428162,2.1965162676488644e-06,7.648864333947207,24920,,,,,,,,,,,
1.833540916442871,0.8004939556121826,2.1581491712707184e-06,7.6550030693677105,24940,,,,,,,,,,,
1.8278032302856446,0.7919191718101501,2.1197820748925724e-06,7.661141804788214,24960,,,,,,,,,,,
1.8177597045898437,0.7478539943695068,2.081414978514426e-06,7.667280540208717,24980,,,,,,,,,,,
1.8664325714111327,0.7492427825927734,2.04304788213628e-06,7.67341927562922,25000,,,,,,,,,,,
1.886180305480957,0.755628228187561,2.004680785758134e-06,7.679558011049724,25020,,,,,,,,,,,
1.9069664001464843,0.720747709274292,1.9663136893799876e-06,7.685696746470227,25040,,,,,,,,,,,
1.874461555480957,0.7742335796356201,1.9279465930018416e-06,7.69183548189073,25060,,,,,,,,,,,
1.829604721069336,0.7224023342132568,1.8895794966236956e-06,7.697974217311234,25080,,,,,,,,,,,
1.8598148345947265,0.7917312979698181,1.8512124002455496e-06,7.704112952731737,25100,,,,,,,,,,,
1.8761960983276367,0.8591811656951904,1.8128453038674032e-06,7.7102516881522405,25120,,,,,,,,,,,
1.8619205474853515,0.7537473440170288,1.7744782074892572e-06,7.716390423572744,25140,,,,,,,,,,,
1.8536243438720703,0.6841628551483154,1.7361111111111112e-06,7.722529158993248,25160,,,,,,,,,,,
1.8547597885131837,0.7439042925834656,1.697744014732965e-06,7.728667894413751,25180,,,,,,,,,,,
1.8493024826049804,0.7757969498634338,1.659376918354819e-06,7.734806629834254,25200,,,,,,,,,,,
1.8219043731689453,0.7429012060165405,1.621009821976673e-06,7.740945365254758,25220,,,,,,,,,,,
1.8081136703491212,0.7692866325378418,1.5826427255985268e-06,7.747084100675261,25240,,,,,,,,,,,
1.846607780456543,0.9022086262702942,1.5442756292203808e-06,7.753222836095764,25260,,,,,,,,,,,
1.8706550598144531,0.7858145236968994,1.5059085328422346e-06,7.759361571516267,25280,,,,,,,,,,,
1.910947608947754,0.840613603591919,1.4675414364640886e-06,7.765500306936771,25300,,,,,,,,,,,
1.8834667205810547,0.7085521221160889,1.4291743400859424e-06,7.7716390423572745,25320,,,,,,,,,,,
1.868600845336914,0.7284154891967773,1.3908072437077962e-06,7.777777777777778,25340,,,,,,,,,,,
1.855657196044922,0.7784804105758667,1.3524401473296502e-06,7.783916513198281,25360,,,,,,,,,,,
1.8439035415649414,0.683624804019928,1.314073050951504e-06,7.790055248618785,25380,,,,,,,,,,,
1.8713823318481446,0.7661840915679932,1.275705954573358e-06,7.796193984039288,25400,,,,,,,,,,,
1.826400375366211,0.8428579568862915,1.2373388581952118e-06,7.802332719459791,25420,,,,,,,,,,,
1.860605239868164,0.7353658080101013,1.1989717618170658e-06,7.808471454880294,25440,,,,,,,,,,,
1.87182674407959,0.719814121723175,1.1606046654389196e-06,7.814610190300798,25460,,,,,,,,,,,
1.8820856094360352,0.7768020629882812,1.1222375690607736e-06,7.820748925721301,25480,,,,,,,,,,,
1.851456642150879,0.7156703472137451,1.0838704726826274e-06,7.826887661141805,25500,,,,,,,,,,,
1.8498455047607423,0.7973194122314453,1.0455033763044812e-06,7.833026396562309,25520,,,,,,,,,,,
1.8068735122680664,0.739006757736206,1.0071362799263352e-06,7.839165131982812,25540,,,,,,,,,,,
1.8609043121337892,0.7932568192481995,9.68769183548189e-07,7.845303867403315,25560,,,,,,,,,,,
1.9100517272949218,0.7831168174743652,9.304020871700431e-07,7.851442602823818,25580,,,,,,,,,,,
1.8508392333984376,0.7453311681747437,8.920349907918969e-07,7.857581338244322,25600,,,,,,,,,,,
1.8398321151733399,0.8235995173454285,8.536678944137509e-07,7.863720073664825,25620,,,,,,,,,,,
1.8170783996582032,0.7548918128013611,8.153007980356047e-07,7.869858809085328,25640,,,,,,,,,,,
1.8532127380371093,0.7106736302375793,7.769337016574586e-07,7.8759975445058314,25660,,,,,,,,,,,
1.8652662277221679,0.7867435216903687,7.385666052793125e-07,7.8821362799263355,25680,,,,,,,,,,,
1.8683998107910156,0.7932566404342651,7.001995089011664e-07,7.888275015346839,25700,,,,,,,,,,,
1.8181947708129882,0.7672668099403381,6.618324125230203e-07,7.894413750767342,25720,,,,,,,,,,,
1.8742088317871093,0.7688854336738586,6.234653161448742e-07,7.900552486187845,25740,,,,,,,,,,,
1.8470651626586914,0.7328625917434692,5.850982197667281e-07,7.906691221608349,25760,,,,,,,,,,,
1.8988277435302734,0.7796465158462524,5.46731123388582e-07,7.912829957028852,25780,,,,,,,,,,,
1.876488494873047,0.7423709630966187,5.083640270104359e-07,7.918968692449355,25800,,,,,,,,,,,
1.8451709747314453,0.7110950946807861,4.699969306322898e-07,7.925107427869859,25820,,,,,,,,,,,
1.8611486434936524,0.7588426470756531,4.316298342541437e-07,7.931246163290362,25840,,,,,,,,,,,
1.9252544403076173,0.7842186093330383,3.932627378759976e-07,7.9373848987108655,25860,,,,,,,,,,,
1.9445247650146484,0.8751539587974548,3.5489564149785145e-07,7.943523634131369,25880,,,,,,,,,,,
1.9019479751586914,0.7442401647567749,3.1652854511970535e-07,7.949662369551873,25900,,,,,,,,,,,
1.838773536682129,0.7833573818206787,2.7816144874155925e-07,7.955801104972376,25920,,,,,,,,,,,
1.879890251159668,0.7142806053161621,2.3979435236341315e-07,7.961939840392879,25940,,,,,,,,,,,
1.8291511535644531,0.7443933486938477,2.0142725598526705e-07,7.968078575813382,25960,,,,,,,,,,,
1.8728775024414062,0.7818172574043274,1.6306015960712092e-07,7.974217311233886,25980,,,,,,,,,,,
1.8643131256103516,0.7387382388114929,1.2469306322897485e-07,7.980356046654389,26000,,,,,,,,,,,
1.8868278503417968,0.7608858346939087,8.632596685082872e-08,7.986494782074892,26020,,,,,,,,,,,
1.8563098907470703,0.7439286112785339,4.795887047268263e-08,7.9926335174953955,26040,,,,,,,,,,,
1.8964839935302735,0.7743948101997375,9.591774094536527e-09,7.9987722529158995,26060,,,,,,,,,,,
,,,8.0,26064,1.7607660293579102,13.121874352113364,41.444602206601225,547.8117,14.332,0.896,,,,,
,,,8.0,26064,,,,,,,11352.7128,73.451,2.296,1.2794530762752e+17,2.2082887366368333
