loss,grad_norm,learning_rate,epoch,step,eval_loss,eval_bleu,eval_chrf2pp,eval_runtime,eval_samples_per_second,eval_steps_per_second,train_runtime,train_samples_per_second,train_steps_per_second,total_flos,train_loss
5.099491882324219,1.262969732284546,4.9983319286416634e-05,0.0028093833403567917,20,,,,,,,,,,,
4.360739898681641,1.1525042057037354,4.9965760640539406e-05,0.0056187666807135835,40,,,,,,,,,,,
4.151031494140625,1.167223572731018,4.994820199466218e-05,0.008428150021070375,60,,,,,,,,,,,
3.9282199859619142,1.205572247505188,4.993064334878494e-05,0.011237533361427167,80,,,,,,,,,,,
3.7993743896484373,1.2092365026474,4.9913084702907714e-05,0.014046916701783959,100,,,,,,,,,,,
3.6017757415771485,1.2254323959350586,4.9895526057030486e-05,0.01685630004214075,120,,,,,,,,,,,
3.4625179290771486,1.266790747642517,4.987796741115325e-05,0.01966568338249754,140,,,,,,,,,,,
3.380865478515625,1.1628001928329468,4.986040876527602e-05,0.022475066722854334,160,,,,,,,,,,,
3.2457038879394533,1.1827930212020874,4.9842850119398794e-05,0.025284450063211124,180,,,,,,,,,,,
3.306331253051758,1.1992698907852173,4.982529147352156e-05,0.028093833403567917,200,,,,,,,,,,,
3.1897603988647463,1.1416339874267578,4.980773282764433e-05,0.030903216743924707,220,,,,,,,,,,,
3.1533775329589844,1.1750894784927368,4.97901741817671e-05,0.0337126000842815,240,,,,,,,,,,,
3.095341682434082,1.1876600980758667,4.9772615535889874e-05,0.03652198342463829,260,,,,,,,,,,,
3.0824411392211912,1.2625254392623901,4.9755056890012646e-05,0.03933136676499508,280,,,,,,,,,,,
3.015494155883789,1.1171265840530396,4.973749824413542e-05,0.04214075010535188,300,,,,,,,,,,,
2.971971130371094,1.1937780380249023,4.971993959825818e-05,0.04495013344570867,320,,,,,,,,,,,
2.9341201782226562,1.1726666688919067,4.9702380952380955e-05,0.04775951678606546,340,,,,,,,,,,,
2.871889114379883,1.077600359916687,4.9684822306503726e-05,0.05056890012642225,360,,,,,,,,,,,
2.8335765838623046,1.1484771966934204,4.96672636606265e-05,0.053378283466779045,380,,,,,,,,,,,
2.7990182876586913,1.0710057020187378,4.964970501474926e-05,0.056187666807135835,400,,,,,,,,,,,
2.8128641128540037,1.1134127378463745,4.9632146368872035e-05,0.058997050147492625,420,,,,,,,,,,,
2.6889554977416994,1.1044702529907227,4.9614587722994807e-05,0.061806433487849415,440,,,,,,,,,,,
2.7164865493774415,1.2602404356002808,4.959702907711757e-05,0.0646158168282062,460,,,,,,,,,,,
2.752629852294922,1.072015643119812,4.957947043124034e-05,0.067425200168563,480,,,,,,,,,,,
2.6980049133300783,1.2161504030227661,4.9561911785363115e-05,0.0702345835089198,500,,,,,,,,,,,
2.6807987213134767,1.1081887483596802,4.954435313948588e-05,0.07304396684927658,520,,,,,,,,,,,
2.6141014099121094,1.083126187324524,4.952679449360865e-05,0.07585335018963338,540,,,,,,,,,,,
2.6234079360961915,1.2025115489959717,4.950923584773143e-05,0.07866273352999016,560,,,,,,,,,,,
2.5890132904052736,1.0853254795074463,4.9491677201854195e-05,0.08147211687034696,580,,,,,,,,,,,
2.5629472732543945,1.0550875663757324,4.947411855597697e-05,0.08428150021070376,600,,,,,,,,,,,
2.53985595703125,1.0852327346801758,4.945655991009974e-05,0.08709088355106054,620,,,,,,,,,,,
2.524549674987793,1.1245129108428955,4.9439001264222504e-05,0.08990026689141734,640,,,,,,,,,,,
2.53587646484375,1.3403451442718506,4.9421442618345275e-05,0.09270965023177413,660,,,,,,,,,,,
2.5664112091064455,1.1455830335617065,4.940388397246805e-05,0.09551903357213092,680,,,,,,,,,,,
2.4604961395263674,1.3376834392547607,4.938632532659081e-05,0.09832841691248771,700,,,,,,,,,,,
2.4879899978637696,1.1622782945632935,4.9368766680713584e-05,0.1011378002528445,720,,,,,,,,,,,
2.49453067779541,1.1358543634414673,4.9351208034836356e-05,0.10394718359320129,740,,,,,,,,,,,
2.442780303955078,1.0806795358657837,4.933364938895913e-05,0.10675656693355809,760,,,,,,,,,,,
2.4048059463500975,1.0262552499771118,4.931609074308189e-05,0.10956595027391487,780,,,,,,,,,,,
2.376908302307129,1.12888765335083,4.9298532097204664e-05,0.11237533361427167,800,,,,,,,,,,,
2.4194469451904297,1.1036838293075562,4.9280973451327436e-05,0.11518471695462845,820,,,,,,,,,,,
2.32421932220459,1.2742822170257568,4.926341480545021e-05,0.11799410029498525,840,,,,,,,,,,,
2.3839786529541014,1.234002709388733,4.924585615957298e-05,0.12080348363534205,860,,,,,,,,,,,
2.343454933166504,1.177945852279663,4.922829751369575e-05,0.12361286697569883,880,,,,,,,,,,,
2.3293195724487306,0.982116162776947,4.9210738867818516e-05,0.1264222503160556,900,,,,,,,,,,,
2.3604558944702148,1.1573108434677124,4.919318022194129e-05,0.1292316336564124,920,,,,,,,,,,,
2.325669288635254,1.0588784217834473,4.917562157606406e-05,0.1320410169967692,940,,,,,,,,,,,
2.3377151489257812,1.2586021423339844,4.9158062930186824e-05,0.134850400337126,960,,,,,,,,,,,
2.342429542541504,1.1331119537353516,4.9140504284309596e-05,0.1376597836774828,980,,,,,,,,,,,
2.333755111694336,1.0894893407821655,4.912294563843237e-05,0.1404691670178396,1000,,,,,,,,,,,
2.256349563598633,0.9807475209236145,4.910538699255513e-05,0.14327855035819637,1020,,,,,,,,,,,
2.2509212493896484,1.1550501585006714,4.9087828346677905e-05,0.14608793369855316,1040,,,,,,,,,,,
2.2447813034057615,1.094279170036316,4.9070269700800676e-05,0.14889731703890996,1060,,,,,,,,,,,
2.2624969482421875,1.0807069540023804,4.905271105492345e-05,0.15170670037926676,1080,,,,,,,,,,,
2.2230167388916016,1.0675294399261475,4.903515240904621e-05,0.15451608371962355,1100,,,,,,,,,,,
2.277739906311035,1.2463563680648804,4.9017593763168985e-05,0.15732546705998032,1120,,,,,,,,,,,
2.1890213012695314,1.1060302257537842,4.9000035117291757e-05,0.16013485040033712,1140,,,,,,,,,,,
2.2380950927734373,1.172475814819336,4.898247647141453e-05,0.16294423374069392,1160,,,,,,,,,,,
2.1656206130981444,0.9844032526016235,4.89649178255373e-05,0.1657536170810507,1180,,,,,,,,,,,
2.1466140747070312,1.1873513460159302,4.8947359179660065e-05,0.1685630004214075,1200,,,,,,,,,,,
2.1936714172363283,1.0536056756973267,4.892980053378284e-05,0.17137238376176428,1220,,,,,,,,,,,
2.211797523498535,1.1191154718399048,4.891224188790561e-05,0.17418176710212108,1240,,,,,,,,,,,
2.075314521789551,1.0421183109283447,4.889468324202838e-05,0.17699115044247787,1260,,,,,,,,,,,
2.1336544036865233,1.0087121725082397,4.8877124596151145e-05,0.17980053378283467,1280,,,,,,,,,,,
2.1748165130615233,1.097841501235962,4.885956595027392e-05,0.18260991712319147,1300,,,,,,,,,,,
2.1541481018066406,1.1029473543167114,4.884200730439669e-05,0.18541930046354826,1320,,,,,,,,,,,
2.1414154052734373,1.066062092781067,4.8824448658519454e-05,0.18822868380390503,1340,,,,,,,,,,,
2.1561729431152346,1.1475423574447632,4.8806890012642225e-05,0.19103806714426183,1360,,,,,,,,,,,
2.1310386657714844,1.0000693798065186,4.8789331366765e-05,0.19384745048461863,1380,,,,,,,,,,,
2.0981155395507813,1.195846438407898,4.877177272088776e-05,0.19665683382497542,1400,,,,,,,,,,,
2.0838464736938476,1.162656545639038,4.875421407501054e-05,0.19946621716533222,1420,,,,,,,,,,,
2.054484176635742,1.0716147422790527,4.873665542913331e-05,0.202275600505689,1440,,,,,,,,,,,
2.096653938293457,1.1715725660324097,4.871909678325608e-05,0.2050849838460458,1460,,,,,,,,,,,
2.02179012298584,0.9878677129745483,4.870153813737885e-05,0.20789436718640258,1480,,,,,,,,,,,
2.06243782043457,1.0194844007492065,4.868397949150162e-05,0.21070375052675938,1500,,,,,,,,,,,
2.0656627655029296,1.0644110441207886,4.8666420845624386e-05,0.21351313386711618,1520,,,,,,,,,,,
2.0871841430664064,1.0830744504928589,4.864886219974716e-05,0.21632251720747295,1540,,,,,,,,,,,
2.0649835586547853,1.1233799457550049,4.863130355386993e-05,0.21913190054782974,1560,,,,,,,,,,,
2.0260547637939452,1.1466479301452637,4.8613744907992694e-05,0.22194128388818654,1580,,,,,,,,,,,
2.002980613708496,1.0598950386047363,4.8596186262115466e-05,0.22475066722854334,1600,,,,,,,,,,,
2.033468818664551,1.0982238054275513,4.857862761623824e-05,0.22756005056890014,1620,,,,,,,,,,,
2.0152620315551757,1.0534042119979858,4.856106897036101e-05,0.2303694339092569,1640,,,,,,,,,,,
2.036738967895508,1.0694726705551147,4.8543510324483774e-05,0.2331788172496137,1660,,,,,,,,,,,
2.0875375747680662,1.054306983947754,4.8525951678606546e-05,0.2359882005899705,1680,,,,,,,,,,,
1.997532844543457,0.9994467496871948,4.850839303272932e-05,0.2387975839303273,1700,,,,,,,,,,,
2.011130523681641,1.1372265815734863,4.849083438685209e-05,0.2416069672706841,1720,,,,,,,,,,,
1.9583616256713867,0.9827948212623596,4.847327574097486e-05,0.2444163506110409,1740,,,,,,,,,,,
1.9548498153686524,1.0266486406326294,4.845571709509763e-05,0.24722573395139766,1760,,,,,,,,,,,
1.9844905853271484,1.1603561639785767,4.84381584492204e-05,0.2500351172917545,1780,,,,,,,,,,,
2.0468698501586915,1.2212942838668823,4.842059980334317e-05,0.2528445006321112,1800,,,,,,,,,,,
1.9517122268676759,1.044839859008789,4.840304115746594e-05,0.255653883972468,1820,,,,,,,,,,,
1.977105712890625,1.1466679573059082,4.838548251158871e-05,0.2584632673128248,1840,,,,,,,,,,,
1.9956720352172852,1.0831965208053589,4.836792386571148e-05,0.2612726506531816,1860,,,,,,,,,,,
2.0235408782958983,1.0019197463989258,4.835036521983425e-05,0.2640820339935384,1880,,,,,,,,,,,
1.9859508514404296,1.0289002656936646,4.8332806573957015e-05,0.2668914173338952,1900,,,,,,,,,,,
1.932379913330078,1.0418379306793213,4.831524792807979e-05,0.269700800674252,1920,,,,,,,,,,,
1.964952278137207,1.0707379579544067,4.829768928220256e-05,0.2725101840146088,1940,,,,,,,,,,,
1.9472843170166017,1.109811544418335,4.828013063632533e-05,0.2753195673549656,1960,,,,,,,,,,,
1.9389320373535157,1.0426300764083862,4.8262571990448095e-05,0.2781289506953224,1980,,,,,,,,,,,
1.9307075500488282,1.0533112287521362,4.824501334457087e-05,0.2809383340356792,2000,,,,,,,,,,,
1.9812471389770507,1.1310927867889404,4.822745469869364e-05,0.28374771737603594,2020,,,,,,,,,,,
1.9542226791381836,1.0465749502182007,4.820989605281641e-05,0.28655710071639273,2040,,,,,,,,,,,
1.9026411056518555,1.070849061012268,4.819233740693918e-05,0.28936648405674953,2060,,,,,,,,,,,
1.8762950897216797,1.0699151754379272,4.817477876106195e-05,0.2921758673971063,2080,,,,,,,,,,,
1.9013658523559571,1.0728873014450073,4.815722011518472e-05,0.2949852507374631,2100,,,,,,,,,,,
1.880179214477539,1.0325487852096558,4.813966146930749e-05,0.2977946340778199,2120,,,,,,,,,,,
1.8580591201782226,1.0768837928771973,4.812210282343026e-05,0.3006040174181767,2140,,,,,,,,,,,
1.8885122299194337,1.0254701375961304,4.810454417755303e-05,0.3034134007585335,2160,,,,,,,,,,,
1.8944080352783204,0.9854603409767151,4.80869855316758e-05,0.3062227840988903,2180,,,,,,,,,,,
1.9181694030761718,1.078561544418335,4.806942688579857e-05,0.3090321674392471,2200,,,,,,,,,,,
1.8888288497924806,1.0277444124221802,4.8051868239921336e-05,0.3118415507796039,2220,,,,,,,,,,,
1.8770765304565429,1.0667692422866821,4.803430959404411e-05,0.31465093411996065,2240,,,,,,,,,,,
1.847555923461914,0.9801055192947388,4.801675094816688e-05,0.31746031746031744,2260,,,,,,,,,,,
1.8802780151367187,1.0304009914398193,4.7999192302289644e-05,0.32026970080067424,2280,,,,,,,,,,,
1.8116083145141602,0.9761145710945129,4.798163365641242e-05,0.32307908414103104,2300,,,,,,,,,,,
1.8228067398071288,1.0600073337554932,4.7964075010535195e-05,0.32588846748138783,2320,,,,,,,,,,,
1.8473014831542969,1.0111480951309204,4.794651636465796e-05,0.32869785082174463,2340,,,,,,,,,,,
1.84158935546875,1.0059584379196167,4.792895771878073e-05,0.3315072341621014,2360,,,,,,,,,,,
1.810791015625,1.0966432094573975,4.79113990729035e-05,0.3343166175024582,2380,,,,,,,,,,,
1.801824951171875,0.9801120162010193,4.789384042702627e-05,0.337126000842815,2400,,,,,,,,,,,
1.8614971160888671,1.1486669778823853,4.787628178114904e-05,0.3399353841831718,2420,,,,,,,,,,,
1.8634248733520509,1.1306759119033813,4.785872313527181e-05,0.34274476752352856,2440,,,,,,,,,,,
1.8761583328247071,1.0210121870040894,4.784116448939458e-05,0.34555415086388536,2460,,,,,,,,,,,
1.8148035049438476,1.1772021055221558,4.782360584351735e-05,0.34836353420424215,2480,,,,,,,,,,,
1.856475830078125,1.1244407892227173,4.780604719764012e-05,0.35117291754459895,2500,,,,,,,,,,,
1.8238639831542969,1.0074931383132935,4.778848855176289e-05,0.35398230088495575,2520,,,,,,,,,,,
1.8286697387695312,1.0313997268676758,4.777092990588566e-05,0.35679168422531254,2540,,,,,,,,,,,
1.8298036575317382,1.1593667268753052,4.775337126000843e-05,0.35960106756566934,2560,,,,,,,,,,,
1.8315467834472656,0.986588716506958,4.77358126141312e-05,0.36241045090602614,2580,,,,,,,,,,,
1.7789609909057618,0.9736894965171814,4.771825396825397e-05,0.36521983424638294,2600,,,,,,,,,,,
1.8108062744140625,0.9485228061676025,4.7700695322376744e-05,0.36802921758673973,2620,,,,,,,,,,,
1.8144100189208985,1.0191324949264526,4.7683136676499515e-05,0.37083860092709653,2640,,,,,,,,,,,
1.8048383712768554,1.1005799770355225,4.766557803062228e-05,0.37364798426745327,2660,,,,,,,,,,,
1.7796253204345702,0.9977964162826538,4.764801938474505e-05,0.37645736760781007,2680,,,,,,,,,,,
1.8789751052856445,1.0308973789215088,4.7630460738867824e-05,0.37926675094816686,2700,,,,,,,,,,,
1.7639711380004883,1.1022859811782837,4.761290209299059e-05,0.38207613428852366,2720,,,,,,,,,,,
1.8556730270385742,0.961810827255249,4.759534344711336e-05,0.38488551762888046,2740,,,,,,,,,,,
1.815547561645508,1.0567773580551147,4.757778480123613e-05,0.38769490096923725,2760,,,,,,,,,,,
1.7721525192260743,0.9347853064537048,4.75602261553589e-05,0.39050428430959405,2780,,,,,,,,,,,
1.779440689086914,1.0259546041488647,4.754266750948167e-05,0.39331366764995085,2800,,,,,,,,,,,
1.7673511505126953,1.0436341762542725,4.752510886360444e-05,0.39612305099030765,2820,,,,,,,,,,,
1.755047607421875,1.0754971504211426,4.750755021772721e-05,0.39893243433066444,2840,,,,,,,,,,,
1.7628513336181642,1.0119704008102417,4.748999157184998e-05,0.4017418176710212,2860,,,,,,,,,,,
1.8067317962646485,1.1214638948440552,4.747243292597275e-05,0.404551201011378,2880,,,,,,,,,,,
1.7751287460327148,1.1348836421966553,4.745487428009552e-05,0.4073605843517348,2900,,,,,,,,,,,
1.7715179443359375,0.9810034036636353,4.743731563421829e-05,0.4101699676920916,2920,,,,,,,,,,,
1.7148426055908204,1.074562430381775,4.7419756988341064e-05,0.41297935103244837,2940,,,,,,,,,,,
1.76478271484375,0.9615456461906433,4.740219834246383e-05,0.41578873437280517,2960,,,,,,,,,,,
1.74176082611084,0.9861022233963013,4.73846396965866e-05,0.41859811771316197,2980,,,,,,,,,,,
1.7172452926635742,1.0720767974853516,4.736708105070937e-05,0.42140750105351876,3000,,,,,,,,,,,
1.7607410430908204,0.9791479110717773,4.7349522404832145e-05,0.42421688439387556,3020,,,,,,,,,,,
1.7371753692626952,1.1374210119247437,4.733196375895491e-05,0.42702626773423236,3040,,,,,,,,,,,
1.7382373809814453,1.1877354383468628,4.731440511307768e-05,0.42983565107458915,3060,,,,,,,,,,,
1.7187362670898438,1.1580005884170532,4.729684646720045e-05,0.4326450344149459,3080,,,,,,,,,,,
1.7183216094970704,1.0010488033294678,4.727928782132322e-05,0.4354544177553027,3100,,,,,,,,,,,
1.7366827011108399,1.3172487020492554,4.726172917544599e-05,0.4382638010956595,3120,,,,,,,,,,,
1.6646156311035156,0.9796023368835449,4.724417052956876e-05,0.4410731844360163,3140,,,,,,,,,,,
1.7585636138916017,0.9288128614425659,4.7226611883691526e-05,0.4438825677763731,3160,,,,,,,,,,,
1.7946954727172852,1.1636466979980469,4.7209053237814305e-05,0.4466919511167299,3180,,,,,,,,,,,
1.686180877685547,1.0475914478302002,4.719149459193708e-05,0.4495013344570867,3200,,,,,,,,,,,
1.7515829086303711,1.0938656330108643,4.717393594605984e-05,0.4523107177974435,3220,,,,,,,,,,,
1.7083023071289063,1.0531214475631714,4.7156377300182613e-05,0.45512010113780027,3240,,,,,,,,,,,
1.6971923828125,1.0073186159133911,4.7138818654305385e-05,0.45792948447815707,3260,,,,,,,,,,,
1.6320671081542968,1.0358564853668213,4.712126000842815e-05,0.4607388678185138,3280,,,,,,,,,,,
1.7243452072143555,1.084529161453247,4.710370136255092e-05,0.4635482511588706,3300,,,,,,,,,,,
1.7210229873657226,1.079075574874878,4.7086142716673694e-05,0.4663576344992274,3320,,,,,,,,,,,
1.6663949966430665,1.1774452924728394,4.7068584070796465e-05,0.4691670178395842,3340,,,,,,,,,,,
1.6402368545532227,1.034785509109497,4.705102542491923e-05,0.471976401179941,3360,,,,,,,,,,,
1.7179780960083009,1.088268756866455,4.7033466779042e-05,0.4747857845202978,3380,,,,,,,,,,,
1.6394821166992188,1.0236930847167969,4.7015908133164774e-05,0.4775951678606546,3400,,,,,,,,,,,
1.6713279724121093,1.013114333152771,4.699834948728754e-05,0.4804045512010114,3420,,,,,,,,,,,
1.6071077346801759,1.079652190208435,4.698079084141031e-05,0.4832139345413682,3440,,,,,,,,,,,
1.651656723022461,1.112118124961853,4.696323219553308e-05,0.486023317881725,3460,,,,,,,,,,,
1.668421173095703,1.1342135667800903,4.6945673549655854e-05,0.4888327012220818,3480,,,,,,,,,,,
1.7007568359375,0.9873010516166687,4.6928114903778626e-05,0.4916420845624385,3500,,,,,,,,,,,
1.6224313735961915,0.9153803586959839,4.69105562579014e-05,0.4944514679027953,3520,,,,,,,,,,,
1.6574424743652343,1.0487475395202637,4.689299761202416e-05,0.4972608512431521,3540,,,,,,,,,,,
1.6955169677734374,0.92514967918396,4.6875438966146934e-05,0.500070234583509,3560,,,,,,,,,,,
1.6937562942504882,1.0624984502792358,4.6857880320269706e-05,0.5028796179238657,3580,,,,,,,,,,,
1.6397192001342773,0.9869157671928406,4.684032167439247e-05,0.5056890012642224,3600,,,,,,,,,,,
1.6027393341064453,1.0523604154586792,4.682276302851524e-05,0.5084983846045793,3620,,,,,,,,,,,
1.6853965759277343,1.0546495914459229,4.6805204382638014e-05,0.511307767944936,3640,,,,,,,,,,,
1.6658546447753906,1.0017690658569336,4.678764573676078e-05,0.5141171512852929,3660,,,,,,,,,,,
1.5810417175292968,0.938280463218689,4.677008709088355e-05,0.5169265346256496,3680,,,,,,,,,,,
1.6385103225708009,1.0060944557189941,4.675252844500632e-05,0.5197359179660065,3700,,,,,,,,,,,
1.5797144889831543,0.9967988133430481,4.6734969799129095e-05,0.5225453013063632,3720,,,,,,,,,,,
1.682588768005371,0.9999942779541016,4.671741115325186e-05,0.5253546846467201,3740,,,,,,,,,,,
1.597771453857422,0.9365841746330261,4.669985250737464e-05,0.5281640679870768,3760,,,,,,,,,,,
1.6181079864501953,1.0484951734542847,4.66822938614974e-05,0.5309734513274337,3780,,,,,,,,,,,
1.6206214904785157,0.9373869299888611,4.6664735215620175e-05,0.5337828346677904,3800,,,,,,,,,,,
1.6506059646606446,0.9211196899414062,4.6647176569742947e-05,0.5365922180081472,3820,,,,,,,,,,,
1.6039398193359375,0.9917203187942505,4.662961792386572e-05,0.539401601348504,3840,,,,,,,,,,,
1.6679769515991212,1.0548135042190552,4.661205927798848e-05,0.5422109846888608,3860,,,,,,,,,,,
1.5995945930480957,1.0051286220550537,4.6594500632111255e-05,0.5450203680292176,3880,,,,,,,,,,,
1.6300971984863282,1.1121203899383545,4.657694198623403e-05,0.5478297513695743,3900,,,,,,,,,,,
1.6402559280395508,0.9650751948356628,4.655938334035679e-05,0.5506391347099312,3920,,,,,,,,,,,
1.6147987365722656,1.0237843990325928,4.6541824694479563e-05,0.5534485180502879,3940,,,,,,,,,,,
1.639286422729492,0.8872122168540955,4.6524266048602335e-05,0.5562579013906448,3960,,,,,,,,,,,
1.6024606704711915,1.011383056640625,4.65067074027251e-05,0.5590672847310015,3980,,,,,,,,,,,
1.581737232208252,1.092484951019287,4.648914875684787e-05,0.5618766680713584,4000,,,,,,,,,,,
1.5827134132385254,1.0850783586502075,4.6471590110970644e-05,0.5646860514117151,4020,,,,,,,,,,,
1.592382049560547,1.0218830108642578,4.645403146509341e-05,0.5674954347520719,4040,,,,,,,,,,,
1.6206880569458009,1.042751431465149,4.643647281921619e-05,0.5703048180924287,4060,,,,,,,,,,,
1.604207420349121,1.016395092010498,4.641891417333896e-05,0.5731142014327855,4080,,,,,,,,,,,
1.57171630859375,1.069342017173767,4.6401355527461724e-05,0.5759235847731423,4100,,,,,,,,,,,
1.5995867729187012,1.0114572048187256,4.6383796881584496e-05,0.5787329681134991,4120,,,,,,,,,,,
1.5815738677978515,1.1133701801300049,4.636623823570727e-05,0.5815423514538559,4140,,,,,,,,,,,
1.6429079055786133,1.0173968076705933,4.634867958983003e-05,0.5843517347942127,4160,,,,,,,,,,,
1.6074596405029298,0.9733402132987976,4.6331120943952804e-05,0.5871611181345695,4180,,,,,,,,,,,
1.6457321166992187,1.0454022884368896,4.6313562298075576e-05,0.5899705014749262,4200,,,,,,,,,,,
1.5778367042541503,0.93027663230896,4.629600365219835e-05,0.5927798848152831,4220,,,,,,,,,,,
1.5493925094604493,0.9859101176261902,4.627844500632111e-05,0.5955892681556398,4240,,,,,,,,,,,
1.6308162689208985,0.9722604155540466,4.6260886360443884e-05,0.5983986514959966,4260,,,,,,,,,,,
1.57119140625,0.9476003050804138,4.6243327714566656e-05,0.6012080348363534,4280,,,,,,,,,,,
1.5035984992980957,0.9653378129005432,4.622576906868942e-05,0.6040174181767102,4300,,,,,,,,,,,
1.5551800727844238,1.0253220796585083,4.620821042281219e-05,0.606826801517067,4320,,,,,,,,,,,
1.6026412963867187,0.998257577419281,4.6190651776934964e-05,0.6096361848574238,4340,,,,,,,,,,,
1.5578797340393067,0.9452696442604065,4.6173093131057736e-05,0.6124455681977806,4360,,,,,,,,,,,
1.584018611907959,1.0733739137649536,4.615553448518051e-05,0.6152549515381374,4380,,,,,,,,,,,
1.5534121513366699,1.0246518850326538,4.613797583930328e-05,0.6180643348784942,4400,,,,,,,,,,,
1.5039867401123046,1.06173837184906,4.6120417193426045e-05,0.620873718218851,4420,,,,,,,,,,,
1.5506488800048828,1.060987114906311,4.6102858547548816e-05,0.6236831015592078,4440,,,,,,,,,,,
1.5481870651245118,0.9875262975692749,4.608529990167159e-05,0.6264924848995646,4460,,,,,,,,,,,
1.523144245147705,0.9695612192153931,4.606774125579435e-05,0.6293018682399213,4480,,,,,,,,,,,
1.5749116897583009,0.8864956498146057,4.6050182609917125e-05,0.6321112515802781,4500,,,,,,,,,,,
1.5626114845275878,0.9794629216194153,4.6032623964039897e-05,0.6349206349206349,4520,,,,,,,,,,,
1.54453125,1.004892349243164,4.601506531816266e-05,0.6377300182609917,4540,,,,,,,,,,,
1.5358071327209473,1.053701639175415,4.599750667228543e-05,0.6405394016013485,4560,,,,,,,,,,,
1.5255399703979493,1.1080201864242554,4.5979948026408205e-05,0.6433487849417053,4580,,,,,,,,,,,
1.5028838157653808,0.8844109773635864,4.596238938053098e-05,0.6461581682820621,4600,,,,,,,,,,,
1.5058442115783692,0.9729017019271851,4.594483073465374e-05,0.6489675516224189,4620,,,,,,,,,,,
1.5509608268737793,1.0517634153366089,4.592727208877652e-05,0.6517769349627757,4640,,,,,,,,,,,
1.5869135856628418,1.0066038370132446,4.5909713442899285e-05,0.6545863183031324,4660,,,,,,,,,,,
1.528071117401123,0.9380484223365784,4.589215479702206e-05,0.6573957016434893,4680,,,,,,,,,,,
1.4889431953430177,1.0389306545257568,4.587459615114483e-05,0.660205084983846,4700,,,,,,,,,,,
1.5837862014770507,1.05299711227417,4.58570375052676e-05,0.6630144683242029,4720,,,,,,,,,,,
1.5534503936767579,1.0414222478866577,4.5839478859390365e-05,0.6658238516645596,4740,,,,,,,,,,,
1.4700599670410157,1.2176467180252075,4.582192021351314e-05,0.6686332350049164,4760,,,,,,,,,,,
1.517880344390869,1.1260908842086792,4.580436156763591e-05,0.6714426183452732,4780,,,,,,,,,,,
1.5134821891784669,0.9896190166473389,4.5786802921758674e-05,0.67425200168563,4800,,,,,,,,,,,
1.4744369506835937,1.002387523651123,4.5769244275881446e-05,0.6770613850259868,4820,,,,,,,,,,,
1.5264553070068358,1.0819751024246216,4.575168563000422e-05,0.6798707683663436,4840,,,,,,,,,,,
1.4932432174682617,1.0999852418899536,4.573412698412698e-05,0.6826801517067004,4860,,,,,,,,,,,
1.494067096710205,1.0646686553955078,4.5716568338249754e-05,0.6854895350470571,4880,,,,,,,,,,,
1.4520912170410156,1.0098758935928345,4.5699009692372526e-05,0.688298918387414,4900,,,,,,,,,,,
1.4867382049560547,0.9347485303878784,4.568145104649529e-05,0.6911083017277707,4920,,,,,,,,,,,
1.5274422645568848,0.9368188977241516,4.566389240061807e-05,0.6939176850681276,4940,,,,,,,,,,,
1.4781103134155273,0.9943962097167969,4.564633375474084e-05,0.6967270684084843,4960,,,,,,,,,,,
1.5052935600280761,1.0545365810394287,4.5628775108863606e-05,0.6995364517488412,4980,,,,,,,,,,,
1.520676040649414,0.9583342671394348,4.561121646298638e-05,0.7023458350891979,5000,,,,,,,,,,,
1.5285264015197755,1.0284570455551147,4.559365781710915e-05,0.7051552184295548,5020,,,,,,,,,,,
1.4934720993041992,1.0043387413024902,4.5576099171231914e-05,0.7079646017699115,5040,,,,,,,,,,,
1.4796978950500488,0.9704594016075134,4.5558540525354686e-05,0.7107739851102683,5060,,,,,,,,,,,
1.5129964828491211,1.1678712368011475,4.554098187947746e-05,0.7135833684506251,5080,,,,,,,,,,,
1.4513829231262207,1.0079818964004517,4.552342323360023e-05,0.7163927517909818,5100,,,,,,,,,,,
1.471024227142334,0.9771211743354797,4.5505864587722995e-05,0.7192021351313387,5120,,,,,,,,,,,
1.5341787338256836,1.045731782913208,4.5488305941845766e-05,0.7220115184716954,5140,,,,,,,,,,,
1.5151575088500977,0.9737210273742676,4.547074729596854e-05,0.7248209018120523,5160,,,,,,,,,,,
1.4983978271484375,0.9609060883522034,4.54531886500913e-05,0.727630285152409,5180,,,,,,,,,,,
1.4524980545043946,1.0505104064941406,4.5435630004214075e-05,0.7304396684927659,5200,,,,,,,,,,,
1.5266374588012694,0.9192705750465393,4.541807135833685e-05,0.7332490518331226,5220,,,,,,,,,,,
1.5001052856445312,0.8996473550796509,4.540051271245962e-05,0.7360584351734795,5240,,,,,,,,,,,
1.520441436767578,0.9882492423057556,4.538295406658239e-05,0.7388678185138362,5260,,,,,,,,,,,
1.4972253799438477,0.9742473363876343,4.536539542070516e-05,0.7416772018541931,5280,,,,,,,,,,,
1.4856584548950196,0.9740913510322571,4.534783677482793e-05,0.7444865851945498,5300,,,,,,,,,,,
1.4998723030090333,1.0556279420852661,4.53302781289507e-05,0.7472959685349065,5320,,,,,,,,,,,
1.4614163398742677,1.0067744255065918,4.531271948307347e-05,0.7501053518752634,5340,,,,,,,,,,,
1.4459953308105469,0.9619519710540771,4.5295160837196235e-05,0.7529147352156201,5360,,,,,,,,,,,
1.4837798118591308,0.9691091775894165,4.527760219131901e-05,0.755724118555977,5380,,,,,,,,,,,
1.517469882965088,1.0112496614456177,4.526004354544178e-05,0.7585335018963337,5400,,,,,,,,,,,
1.4932887077331543,1.036818265914917,4.5242484899564544e-05,0.7613428852366906,5420,,,,,,,,,,,
1.5356701850891112,1.0228458642959595,4.5224926253687315e-05,0.7641522685770473,5440,,,,,,,,,,,
1.5058885574340821,1.1454368829727173,4.520736760781009e-05,0.7669616519174042,5460,,,,,,,,,,,
1.4884753227233887,1.0282341241836548,4.518980896193286e-05,0.7697710352577609,5480,,,,,,,,,,,
1.460067081451416,0.865638017654419,4.5172250316055624e-05,0.7725804185981178,5500,,,,,,,,,,,
1.5249531745910645,0.9318305850028992,4.51546916701784e-05,0.7753898019384745,5520,,,,,,,,,,,
1.4609721183776856,0.9466841220855713,4.513713302430117e-05,0.7781991852788313,5540,,,,,,,,,,,
1.4671476364135743,1.1137316226959229,4.511957437842394e-05,0.7810085686191881,5560,,,,,,,,,,,
1.4350318908691406,0.977584958076477,4.510201573254671e-05,0.7838179519595448,5580,,,,,,,,,,,
1.4664293289184571,0.9394241571426392,4.508445708666948e-05,0.7866273352999017,5600,,,,,,,,,,,
1.4646635055541992,0.9873255491256714,4.506689844079225e-05,0.7894367186402584,5620,,,,,,,,,,,
1.463638973236084,0.972240149974823,4.504933979491502e-05,0.7922461019806153,5640,,,,,,,,,,,
1.4723154067993165,1.0796411037445068,4.503178114903779e-05,0.795055485320972,5660,,,,,,,,,,,
1.4147773742675782,1.1273869276046753,4.5014222503160556e-05,0.7978648686613289,5680,,,,,,,,,,,
1.434733009338379,0.9674891829490662,4.499666385728333e-05,0.8006742520016856,5700,,,,,,,,,,,
1.4504480361938477,0.9073881506919861,4.49791052114061e-05,0.8034836353420424,5720,,,,,,,,,,,
1.4142072677612305,0.9247556328773499,4.4961546565528864e-05,0.8062930186823992,5740,,,,,,,,,,,
1.4712257385253906,1.0123759508132935,4.4943987919651636e-05,0.809102402022756,5760,,,,,,,,,,,
1.4344187736511231,0.8761082291603088,4.492642927377441e-05,0.8119117853631128,5780,,,,,,,,,,,
1.4240071296691894,0.9120199084281921,4.490887062789717e-05,0.8147211687034696,5800,,,,,,,,,,,
1.5063186645507813,0.9373112320899963,4.489131198201995e-05,0.8175305520438264,5820,,,,,,,,,,,
1.427612590789795,0.9463726282119751,4.487375333614272e-05,0.8203399353841831,5840,,,,,,,,,,,
1.4729487419128418,0.997618556022644,4.485619469026549e-05,0.82314931872454,5860,,,,,,,,,,,
1.4461068153381347,0.9732878804206848,4.483863604438826e-05,0.8259587020648967,5880,,,,,,,,,,,
1.4088318824768067,1.0275241136550903,4.482107739851103e-05,0.8287680854052536,5900,,,,,,,,,,,
1.475965404510498,1.0540462732315063,4.48035187526338e-05,0.8315774687456103,5920,,,,,,,,,,,
1.3927820205688477,0.9622443318367004,4.478596010675657e-05,0.8343868520859671,5940,,,,,,,,,,,
1.4598240852355957,0.8974183797836304,4.476840146087934e-05,0.8371962354263239,5960,,,,,,,,,,,
1.4622586250305176,0.9568116068840027,4.475084281500211e-05,0.8400056187666807,5980,,,,,,,,,,,
1.4566710472106934,0.9698591828346252,4.473328416912488e-05,0.8428150021070375,6000,,,,,,,,,,,
1.4109182357788086,1.030168890953064,4.471572552324765e-05,0.8456243854473943,6020,,,,,,,,,,,
1.393066692352295,0.9671712517738342,4.469816687737042e-05,0.8484337687877511,6040,,,,,,,,,,,
1.4432490348815918,1.000028133392334,4.4680608231493185e-05,0.8512431521281079,6060,,,,,,,,,,,
1.4368593215942382,0.8992399573326111,4.466304958561596e-05,0.8540525354684647,6080,,,,,,,,,,,
1.4551399230957032,1.0158910751342773,4.4645490939738736e-05,0.8568619188088215,6100,,,,,,,,,,,
1.4599733352661133,0.9650722146034241,4.46279322938615e-05,0.8596713021491783,6120,,,,,,,,,,,
1.41942138671875,0.9736652970314026,4.461037364798427e-05,0.862480685489535,6140,,,,,,,,,,,
1.4319873809814454,1.0165801048278809,4.4592815002107044e-05,0.8652900688298918,6160,,,,,,,,,,,
1.4537970542907714,0.9587358236312866,4.457525635622981e-05,0.8680994521702486,6180,,,,,,,,,,,
1.3947695732116698,1.0896999835968018,4.455769771035258e-05,0.8709088355106054,6200,,,,,,,,,,,
1.445164108276367,1.1296420097351074,4.454013906447535e-05,0.8737182188509622,6220,,,,,,,,,,,
1.4607393264770507,0.9992170333862305,4.452258041859812e-05,0.876527602191319,6240,,,,,,,,,,,
1.441682720184326,1.0220167636871338,4.450502177272089e-05,0.8793369855316758,6260,,,,,,,,,,,
1.442739200592041,0.9669470191001892,4.448746312684366e-05,0.8821463688720326,6280,,,,,,,,,,,
1.3853259086608887,0.9687063097953796,4.4469904480966426e-05,0.8849557522123894,6300,,,,,,,,,,,
1.4108295440673828,0.9952676892280579,4.44523458350892e-05,0.8877651355527462,6320,,,,,,,,,,,
1.4716727256774902,1.0104761123657227,4.443478718921197e-05,0.890574518893103,6340,,,,,,,,,,,
1.3824902534484864,0.9848968982696533,4.441722854333474e-05,0.8933839022334598,6360,,,,,,,,,,,
1.359168243408203,1.0153316259384155,4.4399669897457506e-05,0.8961932855738165,6380,,,,,,,,,,,
1.3821203231811523,1.1644823551177979,4.4382111251580285e-05,0.8990026689141734,6400,,,,,,,,,,,
1.4432602882385255,0.9373055100440979,4.436455260570305e-05,0.9018120522545301,6420,,,,,,,,,,,
1.400546932220459,1.1151039600372314,4.434699395982582e-05,0.904621435594887,6440,,,,,,,,,,,
1.3676661491394042,1.0262497663497925,4.432943531394859e-05,0.9074308189352437,6460,,,,,,,,,,,
1.3474922180175781,0.9209049940109253,4.4311876668071365e-05,0.9102402022756005,6480,,,,,,,,,,,
1.4024872779846191,0.9434229135513306,4.429431802219413e-05,0.9130495856159573,6500,,,,,,,,,,,
1.4087196350097657,1.0992416143417358,4.42767593763169e-05,0.9158589689563141,6520,,,,,,,,,,,
1.354652214050293,1.0336562395095825,4.425920073043967e-05,0.9186683522966709,6540,,,,,,,,,,,
1.3841527938842773,0.9741012454032898,4.424164208456244e-05,0.9214777356370276,6560,,,,,,,,,,,
1.4178278923034668,1.0297585725784302,4.422408343868521e-05,0.9242871189773845,6580,,,,,,,,,,,
1.388211441040039,1.0245914459228516,4.420652479280798e-05,0.9270965023177412,6600,,,,,,,,,,,
1.3990622520446778,0.9406697154045105,4.418896614693075e-05,0.9299058856580981,6620,,,,,,,,,,,
1.4267311096191406,0.9634819626808167,4.417140750105352e-05,0.9327152689984548,6640,,,,,,,,,,,
1.4117547988891601,0.911327064037323,4.415384885517629e-05,0.9355246523388117,6660,,,,,,,,,,,
1.3914463996887207,1.0041872262954712,4.4136290209299055e-05,0.9383340356791684,6680,,,,,,,,,,,
1.409013843536377,1.010949969291687,4.4118731563421834e-05,0.9411434190195253,6700,,,,,,,,,,,
1.3787385940551757,1.089978814125061,4.4101172917544605e-05,0.943952802359882,6720,,,,,,,,,,,
1.41231689453125,1.1239427328109741,4.408361427166737e-05,0.9467621857002388,6740,,,,,,,,,,,
1.4092939376831055,0.9893410801887512,4.406605562579014e-05,0.9495715690405956,6760,,,,,,,,,,,
1.3490649223327638,0.963513970375061,4.4048496979912914e-05,0.9523809523809523,6780,,,,,,,,,,,
1.3215325355529786,1.0005487203598022,4.403093833403568e-05,0.9551903357213092,6800,,,,,,,,,,,
1.3419134140014648,1.0088492631912231,4.401337968815845e-05,0.9579997190616659,6820,,,,,,,,,,,
1.29866943359375,1.1336897611618042,4.399582104228122e-05,0.9608091024020228,6840,,,,,,,,,,,
1.3920491218566895,0.9751806855201721,4.3978262396403994e-05,0.9636184857423795,6860,,,,,,,,,,,
1.3918705940246583,0.9747615456581116,4.396070375052676e-05,0.9664278690827364,6880,,,,,,,,,,,
1.326323890686035,0.9093786478042603,4.394314510464953e-05,0.9692372524230931,6900,,,,,,,,,,,
1.3622797966003417,0.98970627784729,4.39255864587723e-05,0.97204663576345,6920,,,,,,,,,,,
1.3226370811462402,0.9042391777038574,4.390802781289507e-05,0.9748560191038067,6940,,,,,,,,,,,
1.3405553817749023,0.9875486493110657,4.389046916701784e-05,0.9776654024441636,6960,,,,,,,,,,,
1.313148021697998,0.9618136882781982,4.387291052114062e-05,0.9804747857845203,6980,,,,,,,,,,,
1.3983426094055176,0.9443251490592957,4.385535187526338e-05,0.983284169124877,7000,,,,,,,,,,,
1.3974421501159668,1.0825490951538086,4.3837793229386154e-05,0.9860935524652339,7020,,,,,,,,,,,
1.428283977508545,1.0425736904144287,4.3820234583508926e-05,0.9889029358055906,7040,,,,,,,,,,,
1.3732688903808594,0.9705092310905457,4.380267593763169e-05,0.9917123191459475,7060,,,,,,,,,,,
1.3743268966674804,0.9789440631866455,4.378511729175446e-05,0.9945217024863042,7080,,,,,,,,,,,
1.392494297027588,1.3231450319290161,4.3767558645877235e-05,0.9973310858266611,7100,,,,,,,,,,,
,,,1.0,7119,1.4234883785247803,21.35903768676551,45.64787688335484,256.1004,13.296,0.832,,,,,
1.3468976974487306,1.0090961456298828,4.375e-05,1.000140469167018,7120,,,,,,,,,,,
1.2993165016174317,1.0133154392242432,4.373244135412277e-05,1.0029498525073746,7140,,,,,,,,,,,
1.328600788116455,0.9492968916893005,4.371488270824554e-05,1.0057592358477314,7160,,,,,,,,,,,
1.2957779884338378,0.9707382321357727,4.369732406236831e-05,1.0085686191880883,7180,,,,,,,,,,,
1.2444873809814454,1.0437369346618652,4.367976541649108e-05,1.011378002528445,7200,,,,,,,,,,,
1.2757733345031739,0.8884443640708923,4.366220677061385e-05,1.0141873858688017,7220,,,,,,,,,,,
1.289176082611084,1.0037496089935303,4.364464812473662e-05,1.0169967692091586,7240,,,,,,,,,,,
1.3019124031066895,1.0629963874816895,4.362708947885939e-05,1.0198061525495155,7260,,,,,,,,,,,
1.3346049308776855,1.0713297128677368,4.360953083298217e-05,1.022615535889872,7280,,,,,,,,,,,
1.2674980163574219,0.9868022203445435,4.359197218710493e-05,1.025424919230229,7300,,,,,,,,,,,
1.2937919616699218,0.9511799216270447,4.3574413541227703e-05,1.0282343025705858,7320,,,,,,,,,,,
1.3626659393310547,1.1220048666000366,4.3556854895350475e-05,1.0310436859109426,7340,,,,,,,,,,,
1.301303005218506,0.9329758882522583,4.353929624947325e-05,1.0338530692512993,7360,,,,,,,,,,,
1.3033312797546386,0.9629687070846558,4.352173760359601e-05,1.0366624525916561,7380,,,,,,,,,,,
1.28140230178833,0.9910286664962769,4.3504178957718784e-05,1.039471835932013,7400,,,,,,,,,,,
1.2871574401855468,0.9680516719818115,4.3486620311841555e-05,1.0422812192723696,7420,,,,,,,,,,,
1.304366683959961,0.9326651692390442,4.346906166596432e-05,1.0450906026127265,7440,,,,,,,,,,,
1.3012300491333009,0.9870530366897583,4.345150302008709e-05,1.0478999859530833,7460,,,,,,,,,,,
1.2740199089050293,0.9240584969520569,4.3433944374209864e-05,1.0507093692934402,7480,,,,,,,,,,,
1.3236424446105957,0.9331837296485901,4.341638572833263e-05,1.0535187526337968,7500,,,,,,,,,,,
1.353140926361084,1.091264247894287,4.33988270824554e-05,1.0563281359741536,7520,,,,,,,,,,,
1.2691741943359376,0.8989311456680298,4.338126843657817e-05,1.0591375193145105,7540,,,,,,,,,,,
1.3229765892028809,0.9259325861930847,4.3363709790700944e-05,1.0619469026548674,7560,,,,,,,,,,,
1.2654069900512694,0.9042616486549377,4.3346151144823716e-05,1.064756285995224,7580,,,,,,,,,,,
1.245492935180664,1.0569130182266235,4.332859249894649e-05,1.0675656693355808,7600,,,,,,,,,,,
1.2739008903503417,0.9771000742912292,4.331103385306925e-05,1.0703750526759377,7620,,,,,,,,,,,
1.2809868812561036,1.0024410486221313,4.3293475207192024e-05,1.0731844360162945,7640,,,,,,,,,,,
1.318655300140381,0.9274921417236328,4.3275916561314796e-05,1.0759938193566512,7660,,,,,,,,,,,
1.2564740180969238,0.9765663743019104,4.325835791543756e-05,1.078803202697008,7680,,,,,,,,,,,
1.2409613609313965,0.9954078197479248,4.324079926956033e-05,1.0816125860373649,7700,,,,,,,,,,,
1.272353172302246,1.009537696838379,4.3223240623683104e-05,1.0844219693777215,7720,,,,,,,,,,,
1.2865680694580077,0.9786546230316162,4.3205681977805876e-05,1.0872313527180784,7740,,,,,,,,,,,
1.320057201385498,0.9292782545089722,4.318812333192864e-05,1.0900407360584352,7760,,,,,,,,,,,
1.2588242530822753,1.0439425706863403,4.317056468605141e-05,1.092850119398792,7780,,,,,,,,,,,
1.2526538848876954,0.9391250610351562,4.3153006040174185e-05,1.0956595027391487,7800,,,,,,,,,,,
1.2447900772094727,1.054853081703186,4.313544739429695e-05,1.0984688860795055,7820,,,,,,,,,,,
1.3176630973815917,1.0304495096206665,4.311788874841972e-05,1.1012782694198624,7840,,,,,,,,,,,
1.248762035369873,0.9467915892601013,4.31003301025425e-05,1.104087652760219,7860,,,,,,,,,,,
1.2744494438171388,0.9571493864059448,4.3082771456665265e-05,1.1068970361005759,7880,,,,,,,,,,,
1.2899889945983887,0.9707478880882263,4.3065212810788037e-05,1.1097064194409327,7900,,,,,,,,,,,
1.2975264549255372,0.9758214354515076,4.304765416491081e-05,1.1125158027812896,7920,,,,,,,,,,,
1.2856965065002441,1.0054330825805664,4.303009551903357e-05,1.1153251861216462,7940,,,,,,,,,,,
1.2462491035461425,1.0233293771743774,4.3012536873156345e-05,1.118134569462003,7960,,,,,,,,,,,
1.2244683265686036,0.9852403402328491,4.299497822727912e-05,1.12094395280236,7980,,,,,,,,,,,
1.3018477439880372,1.0865681171417236,4.297741958140188e-05,1.1237533361427168,8000,,,,,,,,,,,
1.2954504013061523,0.9105269312858582,4.2959860935524653e-05,1.1265627194830734,8020,,,,,,,,,,,
1.219820213317871,0.9856118559837341,4.2942302289647425e-05,1.1293721028234303,8040,,,,,,,,,,,
1.2417974472045898,0.8408569693565369,4.292474364377019e-05,1.132181486163787,8060,,,,,,,,,,,
1.2577099800109863,0.9044941067695618,4.290718499789296e-05,1.134990869504144,8080,,,,,,,,,,,
1.2761361122131347,1.0648081302642822,4.2889626352015734e-05,1.1378002528445006,8100,,,,,,,,,,,
1.2836111068725586,0.9535692930221558,4.2872067706138505e-05,1.1406096361848574,8120,,,,,,,,,,,
1.2662211418151856,0.9895261526107788,4.285450906026127e-05,1.1434190195252143,8140,,,,,,,,,,,
1.2420162200927733,0.9215356111526489,4.283695041438405e-05,1.146228402865571,8160,,,,,,,,,,,
1.2231841087341309,1.0603185892105103,4.2819391768506814e-05,1.1490377862059278,8180,,,,,,,,,,,
1.225337600708008,0.9219282269477844,4.2801833122629586e-05,1.1518471695462846,8200,,,,,,,,,,,
1.2480558395385741,0.969558596611023,4.278427447675236e-05,1.1546565528866415,8220,,,,,,,,,,,
1.2310778617858886,0.9944092035293579,4.276671583087513e-05,1.1574659362269981,8240,,,,,,,,,,,
1.2333136558532716,0.8751288056373596,4.2749157184997894e-05,1.160275319567355,8260,,,,,,,,,,,
1.2338848114013672,0.9891001582145691,4.2731598539120666e-05,1.1630847029077118,8280,,,,,,,,,,,
1.1644341468811035,1.0128198862075806,4.271403989324344e-05,1.1658940862480685,8300,,,,,,,,,,,
1.2905604362487793,1.0149656534194946,4.26964812473662e-05,1.1687034695884253,8320,,,,,,,,,,,
1.261040496826172,0.9946869611740112,4.2678922601488974e-05,1.1715128529287822,8340,,,,,,,,,,,
1.2839437484741212,0.9099318981170654,4.2661363955611746e-05,1.174322236269139,8360,,,,,,,,,,,
1.2547147750854493,0.954840362071991,4.264380530973451e-05,1.1771316196094956,8380,,,,,,,,,,,
1.255417823791504,0.9333540201187134,4.262624666385728e-05,1.1799410029498525,8400,,,,,,,,,,,
1.2302170753479005,0.9752202033996582,4.2608688017980054e-05,1.1827503862902093,8420,,,,,,,,,,,
1.2504589080810546,1.0342892408370972,4.2591129372102826e-05,1.185559769630566,8440,,,,,,,,,,,
1.2648134231567383,1.012110948562622,4.25735707262256e-05,1.1883691529709228,8460,,,,,,,,,,,
1.2347105979919433,0.9520676136016846,4.255601208034837e-05,1.1911785363112797,8480,,,,,,,,,,,
1.211417293548584,0.8543440103530884,4.2538453434471135e-05,1.1939879196516365,8500,,,,,,,,,,,
1.2276408195495605,1.1119260787963867,4.2520894788593906e-05,1.1967973029919932,8520,,,,,,,,,,,
1.2559293746948241,0.9290447235107422,4.250333614271668e-05,1.19960668633235,8540,,,,,,,,,,,
1.2622775077819823,0.9414950013160706,4.248577749683944e-05,1.2024160696727069,8560,,,,,,,,,,,
1.2124202728271485,0.9533994197845459,4.2468218850962215e-05,1.2052254530130637,8580,,,,,,,,,,,
1.2157166481018067,1.0463080406188965,4.2450660205084987e-05,1.2080348363534203,8600,,,,,,,,,,,
1.2371252059936524,1.0481295585632324,4.243310155920776e-05,1.2108442196937772,8620,,,,,,,,,,,
1.2437573432922364,0.906586766242981,4.241554291333052e-05,1.213653603034134,8640,,,,,,,,,,,
1.2512438774108887,0.9631050825119019,4.2397984267453295e-05,1.216462986374491,8660,,,,,,,,,,,
1.2571869850158692,1.027857780456543,4.238042562157607e-05,1.2192723697148475,8680,,,,,,,,,,,
1.2928603172302247,1.0531847476959229,4.236286697569883e-05,1.2220817530552044,8700,,,,,,,,,,,
1.2633115768432617,1.078089952468872,4.2345308329821603e-05,1.2248911363955612,8720,,,,,,,,,,,
1.2363117218017579,0.9850046634674072,4.232774968394438e-05,1.2277005197359179,8740,,,,,,,,,,,
1.2229906082153321,0.9540938138961792,4.231019103806715e-05,1.2305099030762747,8760,,,,,,,,,,,
1.2441303253173828,0.9632028341293335,4.229263239218992e-05,1.2333192864166316,8780,,,,,,,,,,,
1.215959644317627,0.9473385214805603,4.227507374631269e-05,1.2361286697569884,8800,,,,,,,,,,,
1.2447181701660157,1.0024471282958984,4.2257515100435455e-05,1.238938053097345,8820,,,,,,,,,,,
1.255948543548584,0.9352843165397644,4.223995645455823e-05,1.241747436437702,8840,,,,,,,,,,,
1.2494117736816406,1.050371527671814,4.2222397808681e-05,1.2445568197780588,8860,,,,,,,,,,,
1.2227118492126465,0.8634852766990662,4.2204839162803764e-05,1.2473662031184154,8880,,,,,,,,,,,
1.2502604484558106,0.9505218267440796,4.2187280516926536e-05,1.2501755864587722,8900,,,,,,,,,,,
1.2387274742126464,0.865571916103363,4.216972187104931e-05,1.252984969799129,8920,,,,,,,,,,,
1.2463830947875976,1.0016101598739624,4.215216322517207e-05,1.255794353139486,8940,,,,,,,,,,,
1.2143009185791016,1.0098240375518799,4.2134604579294844e-05,1.2586037364798428,8960,,,,,,,,,,,
1.2347347259521484,1.1023410558700562,4.2117045933417616e-05,1.2614131198201994,8980,,,,,,,,,,,
1.205727481842041,1.0110353231430054,4.209948728754039e-05,1.2642225031605563,9000,,,,,,,,,,,
1.1569801330566407,0.9908419847488403,4.208192864166315e-05,1.267031886500913,9020,,,,,,,,,,,
1.2200830459594727,0.914473295211792,4.206436999578593e-05,1.2698412698412698,9040,,,,,,,,,,,
1.209411334991455,0.9407690167427063,4.2046811349908696e-05,1.2726506531816266,9060,,,,,,,,,,,
1.2151602745056151,1.019448161125183,4.202925270403147e-05,1.2754600365219835,9080,,,,,,,,,,,
1.1850441932678222,1.0003303289413452,4.201169405815424e-05,1.2782694198623403,9100,,,,,,,,,,,
1.219810962677002,0.9050265550613403,4.199413541227701e-05,1.281078803202697,9120,,,,,,,,,,,
1.2370054244995117,0.9672310948371887,4.1976576766399776e-05,1.2838881865430538,9140,,,,,,,,,,,
1.2073023796081543,0.9159625172615051,4.195901812052255e-05,1.2866975698834107,9160,,,,,,,,,,,
1.1552264213562011,0.9318938255310059,4.194145947464532e-05,1.2895069532237673,9180,,,,,,,,,,,
1.1906076431274415,0.8909468650817871,4.1923900828768085e-05,1.2923163365641241,9200,,,,,,,,,,,
1.150723934173584,1.015360713005066,4.1906342182890856e-05,1.295125719904481,9220,,,,,,,,,,,
1.2316112518310547,0.9537767171859741,4.188878353701363e-05,1.2979351032448379,9240,,,,,,,,,,,
1.229853916168213,1.0092679262161255,4.187122489113639e-05,1.3007444865851945,9260,,,,,,,,,,,
1.2338375091552733,0.8748455047607422,4.1853666245259165e-05,1.3035538699255513,9280,,,,,,,,,,,
1.2010064125061035,1.0871667861938477,4.1836107599381937e-05,1.3063632532659082,9300,,,,,,,,,,,
1.2206345558166505,1.081112027168274,4.181854895350471e-05,1.3091726366062648,9320,,,,,,,,,,,
1.2133036613464356,0.9323605298995972,4.180099030762748e-05,1.3119820199466217,9340,,,,,,,,,,,
1.2545845985412598,0.9902177453041077,4.178343166175025e-05,1.3147914032869785,9360,,,,,,,,,,,
1.2038389205932618,0.9716916680335999,4.176587301587302e-05,1.3176007866273354,9380,,,,,,,,,,,
1.2365280151367188,0.9834728837013245,4.174831436999579e-05,1.3204101699676922,9400,,,,,,,,,,,
1.1859144210815429,0.9844788312911987,4.173075572411856e-05,1.3232195533080489,9420,,,,,,,,,,,
1.169196891784668,1.002020001411438,4.1713197078241325e-05,1.3260289366484057,9440,,,,,,,,,,,
1.218790626525879,1.037562370300293,4.16956384323641e-05,1.3288383199887623,9460,,,,,,,,,,,
1.223332691192627,0.8665788173675537,4.167807978648687e-05,1.3316477033291192,9480,,,,,,,,,,,
1.1546788215637207,1.001168131828308,4.166052114060964e-05,1.334457086669476,9500,,,,,,,,,,,
1.2219769477844238,0.9430235028266907,4.1642962494732405e-05,1.337266470009833,9520,,,,,,,,,,,
1.2168245315551758,0.91730135679245,4.162540384885518e-05,1.3400758533501897,9540,,,,,,,,,,,
1.2399202346801759,1.012261152267456,4.160784520297795e-05,1.3428852366905464,9560,,,,,,,,,,,
1.1885396003723145,1.1020252704620361,4.1590286557100714e-05,1.3456946200309032,9580,,,,,,,,,,,
1.2251383781433105,0.9480316638946533,4.1572727911223486e-05,1.34850400337126,9600,,,,,,,,,,,
1.1805182456970216,0.9192525744438171,4.1555169265346264e-05,1.3513133867116167,9620,,,,,,,,,,,
1.170999526977539,0.9649114608764648,4.153761061946903e-05,1.3541227700519736,9640,,,,,,,,,,,
1.1416054725646974,0.9346256256103516,4.15200519735918e-05,1.3569321533923304,9660,,,,,,,,,,,
1.2319207191467285,0.9802421927452087,4.150249332771457e-05,1.3597415367326873,9680,,,,,,,,,,,
1.2538207054138184,0.9684659242630005,4.148493468183734e-05,1.362550920073044,9700,,,,,,,,,,,
1.236107063293457,1.2245322465896606,4.146737603596011e-05,1.3653603034134008,9720,,,,,,,,,,,
1.197856616973877,1.0233138799667358,4.144981739008288e-05,1.3681696867537576,9740,,,,,,,,,,,
1.1920677185058595,1.0838494300842285,4.1432258744205646e-05,1.3709790700941142,9760,,,,,,,,,,,
1.1537294387817383,0.866491436958313,4.141470009832842e-05,1.373788453434471,9780,,,,,,,,,,,
1.1747910499572753,0.884939968585968,4.139714145245119e-05,1.376597836774828,9800,,,,,,,,,,,
1.2847424507141114,1.0103532075881958,4.1379582806573954e-05,1.3794072201151848,9820,,,,,,,,,,,
1.2036614418029785,0.9975480437278748,4.1362024160696726e-05,1.3822166034555414,9840,,,,,,,,,,,
1.197648811340332,0.9599202275276184,4.13444655148195e-05,1.3850259867958983,9860,,,,,,,,,,,
1.1876686096191407,0.9642747640609741,4.132690686894227e-05,1.3878353701362551,9880,,,,,,,,,,,
1.1525283813476563,0.9265005588531494,4.130934822306504e-05,1.3906447534766118,9900,,,,,,,,,,,
1.2418527603149414,0.9938721656799316,4.129178957718781e-05,1.3934541368169686,9920,,,,,,,,,,,
1.1920165061950683,1.0907881259918213,4.127423093131058e-05,1.3962635201573255,9940,,,,,,,,,,,
1.1677913665771484,0.911817193031311,4.125667228543335e-05,1.3990729034976823,9960,,,,,,,,,,,
1.193526840209961,0.9707762002944946,4.123911363955612e-05,1.4018822868380392,9980,,,,,,,,,,,
1.171613597869873,0.9248170256614685,4.122155499367889e-05,1.4046916701783958,10000,,,,,,,,,,,
1.1556986808776855,0.981848418712616,4.120399634780166e-05,1.4075010535187527,10020,,,,,,,,,,,
1.2470746994018556,1.0276941061019897,4.118643770192443e-05,1.4103104368591095,10040,,,,,,,,,,,
1.2308013916015625,1.0400686264038086,4.11688790560472e-05,1.4131198201994661,10060,,,,,,,,,,,
1.1087064743041992,0.9543744921684265,4.115132041016997e-05,1.415929203539823,10080,,,,,,,,,,,
1.185991382598877,1.033418893814087,4.113376176429274e-05,1.4187385868801798,10100,,,,,,,,,,,
1.1751932144165038,0.9285045266151428,4.111620311841551e-05,1.4215479702205367,10120,,,,,,,,,,,
1.2256197929382324,0.9806675314903259,4.1098644472538275e-05,1.4243573535608933,10140,,,,,,,,,,,
1.1956348419189453,0.8998146653175354,4.108108582666105e-05,1.4271667369012502,10160,,,,,,,,,,,
1.2304182052612305,0.909058690071106,4.106352718078382e-05,1.429976120241607,10180,,,,,,,,,,,
1.1807592391967774,1.1448246240615845,4.104596853490659e-05,1.4327855035819637,10200,,,,,,,,,,,
1.1581897735595703,1.2175341844558716,4.102840988902936e-05,1.4355948869223205,10220,,,,,,,,,,,
1.1850105285644532,0.9512548446655273,4.1010851243152134e-05,1.4384042702626774,10240,,,,,,,,,,,
1.2380370140075683,1.0329622030258179,4.09932925972749e-05,1.4412136536030342,10260,,,,,,,,,,,
1.1316015243530273,1.0983755588531494,4.097573395139767e-05,1.4440230369433908,10280,,,,,,,,,,,
1.1322996139526367,0.9263393878936768,4.095817530552044e-05,1.4468324202837477,10300,,,,,,,,,,,
1.2142911911010743,0.9577047824859619,4.094061665964321e-05,1.4496418036241046,10320,,,,,,,,,,,
1.1465171813964843,0.9925774931907654,4.092305801376598e-05,1.4524511869644612,10340,,,,,,,,,,,
1.1634674072265625,0.9923442602157593,4.090549936788875e-05,1.455260570304818,10360,,,,,,,,,,,
1.2093891143798827,0.9881447553634644,4.088794072201152e-05,1.4580699536451749,10380,,,,,,,,,,,
1.1451202392578126,1.02646005153656,4.087038207613429e-05,1.4608793369855317,10400,,,,,,,,,,,
1.1535586357116698,0.9145329594612122,4.085282343025706e-05,1.4636887203258886,10420,,,,,,,,,,,
1.150214672088623,1.034855604171753,4.083526478437983e-05,1.4664981036662452,10440,,,,,,,,,,,
1.1222591400146484,1.009826898574829,4.0817706138502596e-05,1.469307487006602,10460,,,,,,,,,,,
1.1318086624145507,1.1785742044448853,4.080014749262537e-05,1.4721168703469587,10480,,,,,,,,,,,
1.1299724578857422,1.004263162612915,4.0782588846748146e-05,1.4749262536873156,10500,,,,,,,,,,,
1.1841538429260254,0.9260106682777405,4.076503020087091e-05,1.4777356370276724,10520,,,,,,,,,,,
1.1888873100280761,1.0302680730819702,4.074747155499368e-05,1.4805450203680293,10540,,,,,,,,,,,
1.182759952545166,0.9787026047706604,4.0729912909116455e-05,1.4833544037083861,10560,,,,,,,,,,,
1.1558595657348634,0.9767398834228516,4.071235426323922e-05,1.4861637870487427,10580,,,,,,,,,,,
1.1351998329162598,1.0631085634231567,4.069479561736199e-05,1.4889731703890996,10600,,,,,,,,,,,
1.146684455871582,1.078561544418335,4.067723697148476e-05,1.4917825537294565,10620,,,,,,,,,,,
1.1562514305114746,0.8924850821495056,4.065967832560753e-05,1.494591937069813,10640,,,,,,,,,,,
1.1398682594299316,0.8960050344467163,4.06421196797303e-05,1.49740132041017,10660,,,,,,,,,,,
1.1923306465148926,1.0011860132217407,4.062456103385307e-05,1.5002107037505268,10680,,,,,,,,,,,
1.1751858711242675,0.8855600953102112,4.060700238797584e-05,1.5030200870908836,10700,,,,,,,,,,,
1.1577752113342286,1.0029370784759521,4.058944374209861e-05,1.5058294704312405,10720,,,,,,,,,,,
1.1266474723815918,1.0259790420532227,4.057188509622138e-05,1.5086388537715971,10740,,,,,,,,,,,
1.1961021423339844,0.95824134349823,4.055432645034415e-05,1.511448237111954,10760,,,,,,,,,,,
1.1592056274414062,1.0058988332748413,4.0536767804466924e-05,1.5142576204523106,10780,,,,,,,,,,,
1.1320736885070801,1.0052379369735718,4.0519209158589695e-05,1.5170670037926675,10800,,,,,,,,,,,
1.1743467330932618,0.8836171627044678,4.050165051271246e-05,1.5198763871330243,10820,,,,,,,,,,,
1.1464247703552246,0.9363147020339966,4.048409186683523e-05,1.5226857704733812,10840,,,,,,,,,,,
1.1340034484863282,0.9347858428955078,4.0466533220958004e-05,1.525495153813738,10860,,,,,,,,,,,
1.1815264701843262,0.9025759100914001,4.0448974575080776e-05,1.5283045371540946,10880,,,,,,,,,,,
1.1371960639953613,0.993588924407959,4.043141592920354e-05,1.5311139204944515,10900,,,,,,,,,,,
1.1433720588684082,0.9663837552070618,4.041385728332631e-05,1.5339233038348081,10920,,,,,,,,,,,
1.114620304107666,0.9521439671516418,4.0396298637449084e-05,1.536732687175165,10940,,,,,,,,,,,
1.1350187301635741,0.9667887687683105,4.037873999157185e-05,1.5395420705155218,10960,,,,,,,,,,,
1.1240750312805177,1.003951072692871,4.036118134569462e-05,1.5423514538558787,10980,,,,,,,,,,,
1.1590129852294921,0.9856544137001038,4.034362269981739e-05,1.5451608371962355,11000,,,,,,,,,,,
1.195565414428711,0.9921264052391052,4.032606405394016e-05,1.5479702205365922,11020,,,,,,,,,,,
1.1255510330200196,0.9372740983963013,4.030850540806293e-05,1.550779603876949,11040,,,,,,,,,,,
1.1372838973999024,0.9251343011856079,4.02909467621857e-05,1.5535889872173057,11060,,,,,,,,,,,
1.1535610198974608,1.004021406173706,4.027338811630847e-05,1.5563983705576625,11080,,,,,,,,,,,
1.1601874351501464,1.0006824731826782,4.0255829470431244e-05,1.5592077538980194,11100,,,,,,,,,,,
1.1739229202270507,0.9679526686668396,4.0238270824554016e-05,1.5620171372383762,11120,,,,,,,,,,,
1.1310187339782716,0.9443382620811462,4.022071217867678e-05,1.564826520578733,11140,,,,,,,,,,,
1.1440305709838867,0.951431930065155,4.020315353279955e-05,1.56763590391909,11160,,,,,,,,,,,
1.0914041519165039,0.98101806640625,4.0185594886922325e-05,1.5704452872594465,11180,,,,,,,,,,,
1.1286416053771973,0.905552089214325,4.016803624104509e-05,1.5732546705998034,11200,,,,,,,,,,,
1.1403843879699707,0.9928022623062134,4.015047759516786e-05,1.57606405394016,11220,,,,,,,,,,,
1.170478630065918,0.9666258096694946,4.013291894929063e-05,1.5788734372805169,11240,,,,,,,,,,,
1.1656851768493652,1.0313403606414795,4.0115360303413405e-05,1.5816828206208737,11260,,,,,,,,,,,
1.199089527130127,0.9853914380073547,4.009780165753617e-05,1.5844922039612306,11280,,,,,,,,,,,
1.1079224586486816,0.9327120184898376,4.008024301165894e-05,1.5873015873015874,11300,,,,,,,,,,,
1.1311223983764649,0.9095451235771179,4.006268436578171e-05,1.590110970641944,11320,,,,,,,,,,,
1.1379252433776856,1.0042495727539062,4.004512571990448e-05,1.592920353982301,11340,,,,,,,,,,,
1.156723690032959,0.973555326461792,4.002756707402726e-05,1.5957297373226575,11360,,,,,,,,,,,
1.076070785522461,1.0303635597229004,4.001000842815003e-05,1.5985391206630144,11380,,,,,,,,,,,
1.15107421875,1.001584529876709,3.9992449782272793e-05,1.6013485040033713,11400,,,,,,,,,,,
1.1062535285949706,1.1309112310409546,3.9974891136395565e-05,1.604157887343728,11420,,,,,,,,,,,
1.1057761192321778,0.9559353590011597,3.995733249051834e-05,1.606967270684085,11440,,,,,,,,,,,
1.1517709732055663,0.9640918374061584,3.99397738446411e-05,1.6097766540244416,11460,,,,,,,,,,,
1.1202313423156738,0.9208923578262329,3.9922215198763874e-05,1.6125860373647984,11480,,,,,,,,,,,
1.1610589981079102,0.9576911330223083,3.9904656552886645e-05,1.615395420705155,11500,,,,,,,,,,,
1.1478943824768066,0.9947357773780823,3.988709790700941e-05,1.618204804045512,11520,,,,,,,,,,,
1.1208646774291993,0.9063525795936584,3.986953926113218e-05,1.6210141873858688,11540,,,,,,,,,,,
1.1347412109375,0.9644396901130676,3.9851980615254954e-05,1.6238235707262256,11560,,,,,,,,,,,
1.1288996696472169,0.9519917964935303,3.983442196937772e-05,1.6266329540665825,11580,,,,,,,,,,,
1.1273271560668945,1.0756915807724,3.981686332350049e-05,1.6294423374069393,11600,,,,,,,,,,,
1.1057682037353516,0.8842323422431946,3.979930467762326e-05,1.632251720747296,11620,,,,,,,,,,,
1.116448974609375,0.9337872862815857,3.9781746031746034e-05,1.6350611040876526,11640,,,,,,,,,,,
1.0927312850952149,1.0177596807479858,3.9764187385868806e-05,1.6378704874280094,11660,,,,,,,,,,,
1.1289743423461913,1.0004785060882568,3.974662873999158e-05,1.6406798707683663,11680,,,,,,,,,,,
1.178807258605957,1.0105395317077637,3.972907009411434e-05,1.6434892541087232,11700,,,,,,,,,,,
1.1331000328063965,1.097886085510254,3.9711511448237114e-05,1.64629863744908,11720,,,,,,,,,,,
1.097324275970459,0.9588404297828674,3.9693952802359886e-05,1.6491080207894369,11740,,,,,,,,,,,
1.1409640312194824,1.0630972385406494,3.967639415648266e-05,1.6519174041297935,11760,,,,,,,,,,,
1.091049861907959,0.9101963639259338,3.965883551060542e-05,1.6547267874701503,11780,,,,,,,,,,,
1.1522432327270509,0.9687135219573975,3.9641276864728194e-05,1.657536170810507,11800,,,,,,,,,,,
1.1093185424804688,0.917349636554718,3.9623718218850966e-05,1.6603455541508638,11820,,,,,,,,,,,
1.164712905883789,1.01760995388031,3.960615957297373e-05,1.6631549374912207,11840,,,,,,,,,,,
1.121964454650879,0.9092947840690613,3.95886009270965e-05,1.6659643208315775,11860,,,,,,,,,,,
1.0825368881225585,1.005977988243103,3.9571042281219275e-05,1.6687737041719344,11880,,,,,,,,,,,
1.1445261001586915,0.9078077077865601,3.955348363534204e-05,1.671583087512291,11900,,,,,,,,,,,
1.1428843498229981,0.9678170680999756,3.953592498946481e-05,1.6743924708526479,11920,,,,,,,,,,,
1.0855619430541992,0.9442721009254456,3.951836634358758e-05,1.6772018541930045,11940,,,,,,,,,,,
1.1492810249328613,0.9377812743186951,3.9500807697710355e-05,1.6800112375333613,11960,,,,,,,,,,,
1.094436264038086,0.9957104921340942,3.9483249051833127e-05,1.6828206208737182,11980,,,,,,,,,,,
1.148196315765381,0.978499710559845,3.94656904059559e-05,1.685630004214075,12000,,,,,,,,,,,
1.1523686408996583,0.9980252981185913,3.944813176007866e-05,1.688439387554432,12020,,,,,,,,,,,
1.1424846649169922,0.9782504439353943,3.9430573114201435e-05,1.6912487708947888,12040,,,,,,,,,,,
1.086597728729248,1.0324015617370605,3.941301446832421e-05,1.6940581542351454,12060,,,,,,,,,,,
1.111946964263916,0.9478797912597656,3.939545582244697e-05,1.696867537575502,12080,,,,,,,,,,,
1.107652473449707,1.0462490320205688,3.9377897176569743e-05,1.6996769209158589,12100,,,,,,,,,,,
1.100343894958496,1.0530143976211548,3.9360338530692515e-05,1.7024863042562157,12120,,,,,,,,,,,
1.0762479782104493,0.9764939546585083,3.934277988481529e-05,1.7052956875965726,12140,,,,,,,,,,,
1.1161580085754395,0.9545168876647949,3.932522123893805e-05,1.7081050709369294,12160,,,,,,,,,,,
1.1043240547180175,0.9516459703445435,3.9307662593060824e-05,1.7109144542772863,12180,,,,,,,,,,,
1.1024246215820312,0.9931797981262207,3.9290103947183595e-05,1.713723837617643,12200,,,,,,,,,,,
1.0466084480285645,0.954433798789978,3.927254530130636e-05,1.7165332209579998,12220,,,,,,,,,,,
1.081324005126953,1.0001764297485352,3.925498665542914e-05,1.7193426042983564,12240,,,,,,,,,,,
1.0898329734802246,1.01764976978302,3.923742800955191e-05,1.7221519876387132,12260,,,,,,,,,,,
1.112790584564209,0.9244099855422974,3.9219869363674676e-05,1.72496137097907,12280,,,,,,,,,,,
1.0744390487670898,0.9825857877731323,3.920231071779745e-05,1.727770754319427,12300,,,,,,,,,,,
1.1147931098937989,0.9267587661743164,3.918475207192022e-05,1.7305801376597838,12320,,,,,,,,,,,
1.1918366432189942,1.0367138385772705,3.9167193426042984e-05,1.7333895210001404,12340,,,,,,,,,,,
1.1088829040527344,1.3135572671890259,3.9149634780165756e-05,1.7361989043404973,12360,,,,,,,,,,,
1.068572425842285,1.141063928604126,3.913207613428853e-05,1.739008287680854,12380,,,,,,,,,,,
1.1320508003234864,1.0625860691070557,3.911451748841129e-05,1.7418176710212108,12400,,,,,,,,,,,
1.09090576171875,0.9442026615142822,3.9096958842534064e-05,1.7446270543615676,12420,,,,,,,,,,,
1.0799633979797363,1.0114654302597046,3.9079400196656836e-05,1.7474364377019245,12440,,,,,,,,,,,
1.0711255073547363,0.9468377828598022,3.90618415507796e-05,1.7502458210422813,12460,,,,,,,,,,,
1.1000149726867676,0.9337098598480225,3.904428290490237e-05,1.7530552043826382,12480,,,,,,,,,,,
1.130976963043213,1.0220860242843628,3.9026724259025144e-05,1.7558645877229948,12500,,,,,,,,,,,
1.0953778266906737,0.9652194976806641,3.9009165613147916e-05,1.7586739710633514,12520,,,,,,,,,,,
1.0836701393127441,0.9181552529335022,3.899160696727069e-05,1.7614833544037083,12540,,,,,,,,,,,
1.1169375419616698,0.8480545282363892,3.897404832139346e-05,1.7642927377440651,12560,,,,,,,,,,,
1.0685858726501465,0.8921726942062378,3.8956489675516225e-05,1.767102121084422,12580,,,,,,,,,,,
1.0771930694580079,1.0322858095169067,3.8938931029638996e-05,1.7699115044247788,12600,,,,,,,,,,,
1.1351571083068848,0.8952030539512634,3.892137238376177e-05,1.7727208877651357,12620,,,,,,,,,,,
1.1223529815673827,0.9715149998664856,3.890381373788454e-05,1.7755302711054923,12640,,,,,,,,,,,
1.0733813285827636,1.121649146080017,3.8886255092007305e-05,1.7783396544458492,12660,,,,,,,,,,,
1.0939907073974608,0.9031785130500793,3.8868696446130077e-05,1.7811490377862058,12680,,,,,,,,,,,
1.1386723518371582,1.0734174251556396,3.885113780025285e-05,1.7839584211265627,12700,,,,,,,,,,,
1.0683284759521485,0.9885773658752441,3.883357915437561e-05,1.7867678044669195,12720,,,,,,,,,,,
1.0999391555786133,0.9967859387397766,3.8816020508498385e-05,1.7895771878072764,12740,,,,,,,,,,,
1.1117901802062988,1.006377100944519,3.879846186262116e-05,1.7923865711476332,12760,,,,,,,,,,,
1.0682307243347169,0.9124919176101685,3.878090321674392e-05,1.7951959544879899,12780,,,,,,,,,,,
1.013096809387207,0.9685124754905701,3.8763344570866693e-05,1.7980053378283467,12800,,,,,,,,,,,
1.0669127464294434,0.9209645390510559,3.8745785924989465e-05,1.8008147211687033,12820,,,,,,,,,,,
1.018402671813965,1.0681205987930298,3.872822727911224e-05,1.8036241045090602,12840,,,,,,,,,,,
1.1028643608093263,0.9459871649742126,3.871066863323501e-05,1.806433487849417,12860,,,,,,,,,,,
1.0275460243225099,1.0167771577835083,3.869310998735778e-05,1.809242871189774,12880,,,,,,,,,,,
1.092702293395996,0.9925509691238403,3.8675551341480545e-05,1.8120522545301307,12900,,,,,,,,,,,
1.1035664558410645,0.9998763203620911,3.865799269560332e-05,1.8148616378704874,12920,,,,,,,,,,,
1.0800048828125,0.9431425333023071,3.864043404972609e-05,1.8176710212108442,12940,,,,,,,,,,,
1.029317283630371,1.051529049873352,3.8622875403848854e-05,1.8204804045512009,12960,,,,,,,,,,,
1.1016999244689942,0.9827617406845093,3.8605316757971626e-05,1.8232897878915577,12980,,,,,,,,,,,
1.0883518218994142,0.9633596539497375,3.85877581120944e-05,1.8260991712319146,13000,,,,,,,,,,,
1.0342959403991698,1.0181366205215454,3.857019946621717e-05,1.8289085545722714,13020,,,,,,,,,,,
1.0638608932495117,0.9983264803886414,3.8552640820339934e-05,1.8317179379126283,13040,,,,,,,,,,,
1.0834058761596679,0.8666815757751465,3.8535082174462706e-05,1.8345273212529851,13060,,,,,,,,,,,
1.0885401725769044,0.9107866287231445,3.851752352858548e-05,1.8373367045933418,13080,,,,,,,,,,,
1.0994874000549317,1.0360759496688843,3.849996488270824e-05,1.8401460879336986,13100,,,,,,,,,,,
1.0608901023864745,0.8661602735519409,3.848240623683102e-05,1.8429554712740552,13120,,,,,,,,,,,
1.0714582443237304,1.0466010570526123,3.846484759095379e-05,1.845764854614412,13140,,,,,,,,,,,
1.0377337455749511,0.9310848116874695,3.844728894507656e-05,1.848574237954769,13160,,,,,,,,,,,
1.0706607818603515,0.8727694153785706,3.842973029919933e-05,1.8513836212951258,13180,,,,,,,,,,,
1.0786974906921387,1.0481455326080322,3.84121716533221e-05,1.8541930046354826,13200,,,,,,,,,,,
1.0466672897338867,1.0348044633865356,3.8394613007444866e-05,1.8570023879758393,13220,,,,,,,,,,,
1.1161844253540039,0.9772416353225708,3.837705436156764e-05,1.8598117713161961,13240,,,,,,,,,,,
1.083575439453125,0.9792889952659607,3.835949571569041e-05,1.8626211546565528,13260,,,,,,,,,,,
1.0653477668762208,0.9935823678970337,3.8341937069813175e-05,1.8654305379969096,13280,,,,,,,,,,,
1.098955249786377,1.0836305618286133,3.8324378423935946e-05,1.8682399213372665,13300,,,,,,,,,,,
1.0294023513793946,0.8925108313560486,3.830681977805872e-05,1.8710493046776233,13320,,,,,,,,,,,
1.0697971343994142,1.1159383058547974,3.828926113218148e-05,1.8738586880179802,13340,,,,,,,,,,,
1.1387001991271972,0.9054619073867798,3.8271702486304255e-05,1.8766680713583368,13360,,,,,,,,,,,
1.0818228721618652,0.9497449994087219,3.8254143840427027e-05,1.8794774546986937,13380,,,,,,,,,,,
1.040695571899414,0.8885542750358582,3.82365851945498e-05,1.8822868380390503,13400,,,,,,,,,,,
1.0654331207275392,0.9866138100624084,3.821902654867257e-05,1.8850962213794071,13420,,,,,,,,,,,
1.0884392738342286,0.9668477773666382,3.820146790279534e-05,1.887905604719764,13440,,,,,,,,,,,
1.1026902198791504,0.9345857501029968,3.818390925691811e-05,1.8907149880601208,13460,,,,,,,,,,,
1.078586483001709,0.9160423278808594,3.816635061104088e-05,1.8935243714004777,13480,,,,,,,,,,,
1.0640338897705077,0.953276515007019,3.814879196516365e-05,1.8963337547408345,13500,,,,,,,,,,,
1.034584903717041,1.073493242263794,3.813123331928642e-05,1.8991431380811912,13520,,,,,,,,,,,
1.0721389770507812,0.9443309307098389,3.811367467340919e-05,1.9019525214215478,13540,,,,,,,,,,,
1.0716739654541017,1.022190809249878,3.809611602753196e-05,1.9047619047619047,13560,,,,,,,,,,,
1.091521644592285,1.0099647045135498,3.807855738165473e-05,1.9075712881022615,13580,,,,,,,,,,,
1.0459378242492676,0.9766814112663269,3.8060998735777495e-05,1.9103806714426184,13600,,,,,,,,,,,
1.1023757934570313,0.9094648361206055,3.804344008990027e-05,1.9131900547829752,13620,,,,,,,,,,,
1.054202938079834,0.873637855052948,3.802588144402304e-05,1.915999438123332,13640,,,,,,,,,,,
1.0387593269348145,1.0804561376571655,3.8008322798145804e-05,1.9188088214636887,13660,,,,,,,,,,,
1.0582406997680665,0.9240092039108276,3.7990764152268576e-05,1.9216182048040455,13680,,,,,,,,,,,
1.0369503974914551,0.9542338848114014,3.7973205506391354e-05,1.9244275881444022,13700,,,,,,,,,,,
1.07435941696167,0.9455272555351257,3.795564686051412e-05,1.927236971484759,13720,,,,,,,,,,,
1.0430715560913086,1.0167547464370728,3.793808821463689e-05,1.9300463548251159,13740,,,,,,,,,,,
1.0265645027160644,0.9862717986106873,3.792052956875966e-05,1.9328557381654727,13760,,,,,,,,,,,
1.0575636863708495,1.0832574367523193,3.790297092288243e-05,1.9356651215058296,13780,,,,,,,,,,,
1.0362286567687988,0.9219948053359985,3.78854122770052e-05,1.9384745048461862,13800,,,,,,,,,,,
1.0407068252563476,0.8965256214141846,3.786785363112797e-05,1.941283888186543,13820,,,,,,,,,,,
1.0614402770996094,0.8326518535614014,3.7850294985250736e-05,1.9440932715268997,13840,,,,,,,,,,,
1.0274266242980956,1.0720436573028564,3.783273633937351e-05,1.9469026548672566,13860,,,,,,,,,,,
1.0674460411071778,1.0030568838119507,3.781517769349628e-05,1.9497120382076134,13880,,,,,,,,,,,
1.070302391052246,0.9677822589874268,3.779761904761905e-05,1.9525214215479703,13900,,,,,,,,,,,
1.0469472885131836,0.9746255278587341,3.7780060401741816e-05,1.9553308048883271,13920,,,,,,,,,,,
1.0502338409423828,0.9791672229766846,3.776250175586459e-05,1.958140188228684,13940,,,,,,,,,,,
1.0406760215759276,0.9149104952812195,3.774494310998736e-05,1.9609495715690406,13960,,,,,,,,,,,
0.9975814819335938,1.015041708946228,3.7727384464110125e-05,1.9637589549093972,13980,,,,,,,,,,,
1.0049251556396483,0.9645013213157654,3.77098258182329e-05,1.966568338249754,14000,,,,,,,,,,,
0.9842823028564454,1.0842622518539429,3.7692267172355675e-05,1.969377721590111,14020,,,,,,,,,,,
1.0541664123535157,1.0109543800354004,3.767470852647844e-05,1.9721871049304678,14040,,,,,,,,,,,
1.039393424987793,0.9839224815368652,3.765714988060121e-05,1.9749964882708246,14060,,,,,,,,,,,
1.020669174194336,0.9031932950019836,3.763959123472398e-05,1.9778058716111815,14080,,,,,,,,,,,
1.0727548599243164,0.9785309433937073,3.762203258884675e-05,1.9806152549515381,14100,,,,,,,,,,,
1.0402491569519043,0.9837172031402588,3.760447394296952e-05,1.983424638291895,14120,,,,,,,,,,,
1.026474380493164,1.039005994796753,3.758691529709229e-05,1.9862340216322516,14140,,,,,,,,,,,
1.0589138984680175,0.95977383852005,3.756935665121506e-05,1.9890434049726085,14160,,,,,,,,,,,
1.0270544052124024,0.937171995639801,3.755179800533783e-05,1.9918527883129653,14180,,,,,,,,,,,
0.9853420257568359,0.9531038403511047,3.75342393594606e-05,1.9946621716533222,14200,,,,,,,,,,,
1.0318964958190917,1.0221344232559204,3.751668071358337e-05,1.997471554993679,14220,,,,,,,,,,,
,,,2.0,14238,1.2821869850158691,24.101933197642488,48.16583530329706,254.0197,13.404,0.839,,,,,
1.025392436981201,0.955941915512085,3.749912206770614e-05,2.000280938334036,14240,,,,,,,,,,,
1.0091413497924804,0.9544474482536316,3.748156342182891e-05,2.0030903216743923,14260,,,,,,,,,,,
0.9874992370605469,0.8642377853393555,3.746400477595168e-05,2.005899705014749,14280,,,,,,,,,,,
0.9796594619750977,0.9206624627113342,3.744644613007445e-05,2.008709088355106,14300,,,,,,,,,,,
0.9828304290771485,0.9730401635169983,3.7428887484197224e-05,2.011518471695463,14320,,,,,,,,,,,
0.9836688995361328,0.9118162393569946,3.741132883831999e-05,2.0143278550358197,14340,,,,,,,,,,,
0.9859724998474121,0.980157732963562,3.739377019244276e-05,2.0171372383761765,14360,,,,,,,,,,,
1.0144746780395508,0.935212254524231,3.737621154656553e-05,2.0199466217165334,14380,,,,,,,,,,,
1.0358900070190429,0.9162414073944092,3.7358652900688304e-05,2.02275600505689,14400,,,,,,,,,,,
1.005014991760254,0.862640917301178,3.734109425481107e-05,2.0255653883972466,14420,,,,,,,,,,,
1.0023305892944336,1.040161371231079,3.732353560893384e-05,2.0283747717376035,14440,,,,,,,,,,,
1.017483901977539,0.9953178763389587,3.730597696305661e-05,2.0311841550779604,14460,,,,,,,,,,,
0.9906797409057617,0.9416821002960205,3.728841831717938e-05,2.033993538418317,14480,,,,,,,,,,,
1.0016631126403808,0.9518927335739136,3.727085967130215e-05,2.036802921758674,14500,,,,,,,,,,,
0.9960181236267089,1.210731029510498,3.725330102542492e-05,2.039612305099031,14520,,,,,,,,,,,
1.0195724487304687,0.891394853591919,3.7235742379547686e-05,2.0424216884393878,14540,,,,,,,,,,,
0.9280437469482422,0.9305124282836914,3.721818373367046e-05,2.045231071779744,14560,,,,,,,,,,,
0.967800235748291,1.3761264085769653,3.7200625087793236e-05,2.048040455120101,14580,,,,,,,,,,,
0.9834070205688477,0.9534294009208679,3.7183066441916e-05,2.050849838460458,14600,,,,,,,,,,,
0.9727763175964356,1.0327520370483398,3.716550779603877e-05,2.0536592218008147,14620,,,,,,,,,,,
0.9745633125305175,0.9908380508422852,3.7147949150161545e-05,2.0564686051411716,14640,,,,,,,,,,,
0.9858077049255372,0.9720730185508728,3.713039050428431e-05,2.0592779884815284,14660,,,,,,,,,,,
0.9933234214782715,1.0359095335006714,3.711283185840708e-05,2.0620873718218853,14680,,,,,,,,,,,
0.9997655868530273,0.9825347661972046,3.709527321252985e-05,2.0648967551622417,14700,,,,,,,,,,,
0.9838121414184571,0.9483388066291809,3.707771456665262e-05,2.0677061385025985,14720,,,,,,,,,,,
1.0037187576293944,0.8752959370613098,3.706015592077539e-05,2.0705155218429554,14740,,,,,,,,,,,
1.0213306427001954,1.0238780975341797,3.704259727489816e-05,2.0733249051833123,14760,,,,,,,,,,,
1.011208724975586,1.1120045185089111,3.7025038629020933e-05,2.076134288523669,14780,,,,,,,,,,,
1.001621150970459,0.9520279169082642,3.70074799831437e-05,2.078943671864026,14800,,,,,,,,,,,
0.9623311042785645,0.9197319149971008,3.698992133726647e-05,2.081753055204383,14820,,,,,,,,,,,
0.9390177726745605,0.9990702271461487,3.697236269138924e-05,2.084562438544739,14840,,,,,,,,,,,
0.9836770057678222,1.0432029962539673,3.695480404551201e-05,2.087371821885096,14860,,,,,,,,,,,
0.9604180335998536,1.0696643590927124,3.6937245399634785e-05,2.090181205225453,14880,,,,,,,,,,,
0.9862841606140137,0.9588403701782227,3.691968675375756e-05,2.0929905885658098,14900,,,,,,,,,,,
0.9650384902954101,1.0024816989898682,3.690212810788032e-05,2.0957999719061666,14920,,,,,,,,,,,
1.0139361381530763,1.1016868352890015,3.6884569462003094e-05,2.0986093552465235,14940,,,,,,,,,,,
0.9974005699157715,1.0872827768325806,3.6867010816125866e-05,2.1014187385868803,14960,,,,,,,,,,,
0.9644261360168457,0.9190639853477478,3.684945217024863e-05,2.104228121927237,14980,,,,,,,,,,,
1.0106959342956543,0.9385896921157837,3.68318935243714e-05,2.1070375052675936,15000,,,,,,,,,,,
0.9193925857543945,0.900269627571106,3.6814334878494174e-05,2.1098468886079504,15020,,,,,,,,,,,
0.9739175796508789,0.9255655407905579,3.679677623261694e-05,2.1126562719483073,15040,,,,,,,,,,,
0.9728413581848144,0.9932186603546143,3.677921758673971e-05,2.115465655288664,15060,,,,,,,,,,,
1.0344162940979005,1.006544589996338,3.676165894086248e-05,2.118275038629021,15080,,,,,,,,,,,
0.9889052391052247,1.0077940225601196,3.6744100294985254e-05,2.121084421969378,15100,,,,,,,,,,,
0.9843894004821777,1.006085991859436,3.672654164910802e-05,2.1238938053097347,15120,,,,,,,,,,,
0.9347446441650391,0.9551805853843689,3.670898300323079e-05,2.126703188650091,15140,,,,,,,,,,,
1.0252203941345215,0.9735212922096252,3.669142435735356e-05,2.129512571990448,15160,,,,,,,,,,,
0.9639834403991699,0.9183520078659058,3.6673865711476334e-05,2.132321955330805,15180,,,,,,,,,,,
0.9605703353881836,1.0076018571853638,3.6656307065599106e-05,2.1351313386711617,15200,,,,,,,,,,,
0.9797072410583496,0.9094288349151611,3.663874841972187e-05,2.1379407220115185,15220,,,,,,,,,,,
0.9527852058410644,0.9944738745689392,3.662118977384464e-05,2.1407501053518754,15240,,,,,,,,,,,
0.9776435852050781,1.044590950012207,3.6603631127967415e-05,2.1435594886922322,15260,,,,,,,,,,,
0.9980036735534668,0.9704927206039429,3.6586072482090186e-05,2.146368872032589,15280,,,,,,,,,,,
0.9454574584960938,0.9557334780693054,3.656851383621295e-05,2.1491782553729455,15300,,,,,,,,,,,
0.9975717544555665,1.0966821908950806,3.655095519033572e-05,2.1519876387133023,15320,,,,,,,,,,,
1.0168365478515624,1.027388095855713,3.6533396544458495e-05,2.154797022053659,15340,,,,,,,,,,,
0.9905403137207032,1.0909940004348755,3.651583789858126e-05,2.157606405394016,15360,,,,,,,,,,,
0.958559226989746,1.0106699466705322,3.649827925270403e-05,2.160415788734373,15380,,,,,,,,,,,
0.9467571258544922,1.050697684288025,3.64807206068268e-05,2.1632251720747298,15400,,,,,,,,,,,
0.9783870697021484,1.0978496074676514,3.646316196094957e-05,2.166034555415086,15420,,,,,,,,,,,
0.9139408111572266,1.0372529029846191,3.644560331507234e-05,2.168843938755443,15440,,,,,,,,,,,
0.9712136268615723,1.0331788063049316,3.642804466919512e-05,2.1716533220958,15460,,,,,,,,,,,
0.922641658782959,0.9389773607254028,3.6410486023317883e-05,2.1744627054361567,15480,,,,,,,,,,,
0.9730950355529785,0.9851780533790588,3.6392927377440655e-05,2.1772720887765136,15500,,,,,,,,,,,
1.0085227966308594,0.9374542832374573,3.637536873156343e-05,2.1800814721168704,15520,,,,,,,,,,,
0.9596615791320801,1.0589332580566406,3.635781008568619e-05,2.1828908554572273,15540,,,,,,,,,,,
0.9988118171691894,0.9807523488998413,3.6340251439808964e-05,2.185700238797584,15560,,,,,,,,,,,
1.0149941444396973,0.9660448431968689,3.6322692793931735e-05,2.1885096221379405,15580,,,,,,,,,,,
0.9634531021118165,0.9810587167739868,3.630513414805451e-05,2.1913190054782974,15600,,,,,,,,,,,
0.9718611717224122,1.064835786819458,3.628757550217727e-05,2.1941283888186542,15620,,,,,,,,,,,
0.9561151504516602,1.069992184638977,3.6270016856300044e-05,2.196937772159011,15640,,,,,,,,,,,
0.9516446113586425,1.0778917074203491,3.6252458210422816e-05,2.199747155499368,15660,,,,,,,,,,,
1.0066790580749512,0.8787897229194641,3.623489956454558e-05,2.202556538839725,15680,,,,,,,,,,,
0.9662363052368164,0.9707803726196289,3.621734091866835e-05,2.2053659221800817,15700,,,,,,,,,,,
1.0000237464904784,0.9211031198501587,3.6199782272791124e-05,2.208175305520438,15720,,,,,,,,,,,
0.9612848281860351,1.0477941036224365,3.618222362691389e-05,2.210984688860795,15740,,,,,,,,,,,
0.9127189636230468,1.0260801315307617,3.616466498103667e-05,2.2137940722011518,15760,,,,,,,,,,,
0.9769957542419434,0.8305295705795288,3.614710633515944e-05,2.2166034555415086,15780,,,,,,,,,,,
0.9370500564575195,1.0364309549331665,3.6129547689282204e-05,2.2194128388818655,15800,,,,,,,,,,,
0.9273635864257812,0.8967511057853699,3.6111989043404976e-05,2.2222222222222223,15820,,,,,,,,,,,
0.9367185592651367,1.014108657836914,3.609443039752775e-05,2.225031605562579,15840,,,,,,,,,,,
0.9641839981079101,0.9614613056182861,3.607687175165051e-05,2.227840988902936,15860,,,,,,,,,,,
0.9349147796630859,0.9937843680381775,3.6059313105773284e-05,2.2306503722432924,15880,,,,,,,,,,,
0.9997897148132324,0.966967761516571,3.6041754459896056e-05,2.2334597555836493,15900,,,,,,,,,,,
1.0137139320373536,1.1041477918624878,3.602419581401882e-05,2.236269138924006,15920,,,,,,,,,,,
0.9728890419006347,1.0003159046173096,3.600663716814159e-05,2.239078522264363,15940,,,,,,,,,,,
0.9728799819946289,1.0365771055221558,3.5989078522264365e-05,2.24188790560472,15960,,,,,,,,,,,
0.9617902755737304,0.9162328243255615,3.5971519876387136e-05,2.2446972889450767,15980,,,,,,,,,,,
0.958043384552002,0.9798739552497864,3.59539612305099e-05,2.2475066722854335,16000,,,,,,,,,,,
0.9715072631835937,0.9410158395767212,3.593640258463267e-05,2.25031605562579,16020,,,,,,,,,,,
0.9555475234985351,0.9137633442878723,3.5918843938755445e-05,2.253125438966147,16040,,,,,,,,,,,
0.9540961265563965,1.0444289445877075,3.5901285292878217e-05,2.2559348223065037,16060,,,,,,,,,,,
0.9620305061340332,1.1478090286254883,3.588372664700099e-05,2.2587442056468605,16080,,,,,,,,,,,
0.9944512367248535,1.0241447687149048,3.586616800112376e-05,2.2615535889872174,16100,,,,,,,,,,,
0.9327305793762207,0.9575831294059753,3.5848609355246525e-05,2.264362972327574,16120,,,,,,,,,,,
0.9290892601013183,0.9954427480697632,3.58310507093693e-05,2.267172355667931,16140,,,,,,,,,,,
0.9659007072448731,1.1216559410095215,3.581349206349207e-05,2.269981739008288,16160,,,,,,,,,,,
0.9643453598022461,1.0318392515182495,3.5795933417614833e-05,2.2727911223486443,16180,,,,,,,,,,,
0.9331920623779297,0.9513869881629944,3.5778374771737605e-05,2.275600505689001,16200,,,,,,,,,,,
0.9352836608886719,0.9560492038726807,3.576081612586038e-05,2.278409889029358,16220,,,,,,,,,,,
0.9490056991577148,1.0037108659744263,3.574325747998314e-05,2.281219272369715,16240,,,,,,,,,,,
0.9925443649291992,0.885942816734314,3.5725698834105914e-05,2.2840286557100717,16260,,,,,,,,,,,
0.9805224418640137,1.1467334032058716,3.5708140188228685e-05,2.2868380390504286,16280,,,,,,,,,,,
0.9514472961425782,0.8889231085777283,3.569058154235145e-05,2.289647422390785,16300,,,,,,,,,,,
0.9393464088439941,0.9131132364273071,3.567302289647422e-05,2.292456805731142,16320,,,,,,,,,,,
0.9512832641601563,0.9430677890777588,3.5655464250597e-05,2.2952661890714987,16340,,,,,,,,,,,
0.9958321571350097,0.9255391359329224,3.5637905604719766e-05,2.2980755724118556,16360,,,,,,,,,,,
0.9982325553894043,0.9971930384635925,3.562034695884254e-05,2.3008849557522124,16380,,,,,,,,,,,
0.9078521728515625,1.1138365268707275,3.560278831296531e-05,2.3036943390925693,16400,,,,,,,,,,,
0.9264151573181152,0.9694457054138184,3.5585229667088074e-05,2.306503722432926,16420,,,,,,,,,,,
0.9445123672485352,0.948273777961731,3.5567671021210846e-05,2.309313105773283,16440,,,,,,,,,,,
0.946658992767334,1.0946779251098633,3.555011237533362e-05,2.3121224891136394,16460,,,,,,,,,,,
0.9748387336730957,0.9604490399360657,3.553255372945639e-05,2.3149318724539962,16480,,,,,,,,,,,
0.9274935722351074,0.942318856716156,3.5514995083579154e-05,2.317741255794353,16500,,,,,,,,,,,
0.9353965759277344,1.179595708847046,3.5497436437701926e-05,2.32055063913471,16520,,,,,,,,,,,
0.948514461517334,0.9836931228637695,3.54798777918247e-05,2.323360022475067,16540,,,,,,,,,,,
0.9443572998046875,0.9177736043930054,3.546231914594746e-05,2.3261694058154236,16560,,,,,,,,,,,
0.9276421546936036,0.9904027581214905,3.5444760500070234e-05,2.3289787891557805,16580,,,,,,,,,,,
0.9377574920654297,1.0006150007247925,3.5427201854193006e-05,2.331788172496137,16600,,,,,,,,,,,
0.9101998329162597,1.0499197244644165,3.540964320831577e-05,2.3345975558364938,16620,,,,,,,,,,,
0.9295535087585449,0.9857304096221924,3.539208456243855e-05,2.3374069391768506,16640,,,,,,,,,,,
0.9153597831726075,0.9885581135749817,3.537452591656132e-05,2.3402163225172075,16660,,,,,,,,,,,
0.9353035926818848,1.0830156803131104,3.5356967270684086e-05,2.3430257058575643,16680,,,,,,,,,,,
0.9289105415344239,1.0399478673934937,3.533940862480686e-05,2.345835089197921,16700,,,,,,,,,,,
0.9803470611572266,0.9782145619392395,3.532184997892963e-05,2.348644472538278,16720,,,,,,,,,,,
0.9677043914794922,1.0152745246887207,3.5304291333052395e-05,2.351453855878635,16740,,,,,,,,,,,
0.9918478965759278,1.4415370225906372,3.5286732687175167e-05,2.3542632392189913,16760,,,,,,,,,,,
0.9051053047180175,0.9346784353256226,3.526917404129794e-05,2.357072622559348,16780,,,,,,,,,,,
0.9397518157958984,0.9416016340255737,3.52516153954207e-05,2.359882005899705,16800,,,,,,,,,,,
0.9573404312133789,0.9904940128326416,3.5234056749543475e-05,2.362691389240062,16820,,,,,,,,,,,
0.9153639793395996,1.175960898399353,3.521649810366625e-05,2.3655007725804187,16840,,,,,,,,,,,
0.9387455940246582,1.0765905380249023,3.519893945778902e-05,2.3683101559207755,16860,,,,,,,,,,,
0.9170487403869629,0.9738699197769165,3.5181380811911783e-05,2.371119539261132,16880,,,,,,,,,,,
0.9332492828369141,0.9927038550376892,3.5163822166034555e-05,2.373928922601489,16900,,,,,,,,,,,
0.9490252494812011,0.9402251839637756,3.514626352015733e-05,2.3767383059418457,16920,,,,,,,,,,,
0.9810821533203125,0.9812362194061279,3.51287048742801e-05,2.3795476892822025,16940,,,,,,,,,,,
0.9753349304199219,1.019156813621521,3.511114622840287e-05,2.3823570726225594,16960,,,,,,,,,,,
0.941832447052002,0.9653964042663574,3.509358758252564e-05,2.385166455962916,16980,,,,,,,,,,,
0.924470043182373,1.1023569107055664,3.507602893664841e-05,2.387975839303273,17000,,,,,,,,,,,
0.9813457489013672,0.979443371295929,3.505847029077118e-05,2.39078522264363,17020,,,,,,,,,,,
0.9363214492797851,0.9447382092475891,3.504091164489395e-05,2.3935946059839863,17040,,,,,,,,,,,
0.8957158088684082,0.9799373745918274,3.5023352999016716e-05,2.396403989324343,17060,,,,,,,,,,,
0.9309588432312011,0.957652747631073,3.500579435313949e-05,2.3992133726647,17080,,,,,,,,,,,
0.8895713806152343,0.9808912873268127,3.498823570726226e-05,2.402022756005057,17100,,,,,,,,,,,
0.9448648452758789,1.0109018087387085,3.4970677061385024e-05,2.4048321393454137,17120,,,,,,,,,,,
0.9125809669494629,0.8876086473464966,3.4953118415507796e-05,2.4076415226857706,17140,,,,,,,,,,,
0.9432767868041992,0.9166629314422607,3.493555976963057e-05,2.4104509060261274,17160,,,,,,,,,,,
0.9384341239929199,0.9335563778877258,3.491800112375333e-05,2.413260289366484,17180,,,,,,,,,,,
0.9563998222351074,0.902272641658783,3.4900442477876104e-05,2.4160696727068407,17200,,,,,,,,,,,
0.9195863723754882,0.8707568049430847,3.488288383199888e-05,2.4188790560471976,17220,,,,,,,,,,,
0.8726707458496094,0.942660927772522,3.486532518612165e-05,2.4216884393875544,17240,,,,,,,,,,,
0.9348540306091309,1.0401666164398193,3.484776654024442e-05,2.4244978227279113,17260,,,,,,,,,,,
0.9139764785766602,1.0925862789154053,3.483020789436719e-05,2.427307206068268,17280,,,,,,,,,,,
0.9315323829650879,1.106369972229004,3.4812649248489956e-05,2.430116589408625,17300,,,,,,,,,,,
0.9432014465332031,1.0006669759750366,3.479509060261273e-05,2.432925972748982,17320,,,,,,,,,,,
0.8933688163757324,0.88266521692276,3.47775319567355e-05,2.435735356089338,17340,,,,,,,,,,,
0.9395233154296875,0.9147348999977112,3.475997331085827e-05,2.438544739429695,17360,,,,,,,,,,,
0.9383514404296875,1.013516902923584,3.4742414664981036e-05,2.441354122770052,17380,,,,,,,,,,,
0.8968864440917969,0.9981086254119873,3.472485601910381e-05,2.444163506110409,17400,,,,,,,,,,,
0.9605354309082031,0.9597100615501404,3.470729737322658e-05,2.4469728894507656,17420,,,,,,,,,,,
0.9510647773742675,1.008130669593811,3.4689738727349345e-05,2.4497822727911225,17440,,,,,,,,,,,
0.9399843215942383,1.0528274774551392,3.4672180081472117e-05,2.452591656131479,17460,,,,,,,,,,,
0.989631175994873,1.0207138061523438,3.465462143559489e-05,2.4554010394718357,17480,,,,,,,,,,,
0.9386305809020996,0.9228121638298035,3.463706278971766e-05,2.4582104228121926,17500,,,,,,,,,,,
0.909215259552002,1.0913820266723633,3.461950414384043e-05,2.4610198061525494,17520,,,,,,,,,,,
0.8879538536071777,1.1398605108261108,3.4601945497963204e-05,2.4638291894929063,17540,,,,,,,,,,,
0.8848019599914551,0.8826985359191895,3.458438685208597e-05,2.466638572833263,17560,,,,,,,,,,,
0.8864878654479981,1.0288268327713013,3.456682820620874e-05,2.46944795617362,17580,,,,,,,,,,,
0.8991430282592774,1.3824143409729004,3.454926956033151e-05,2.472257339513977,17600,,,,,,,,,,,
0.9407087326049804,0.8510627150535583,3.453171091445428e-05,2.4750667228543337,17620,,,,,,,,,,,
0.967586898803711,1.0837070941925049,3.451415226857705e-05,2.47787610619469,17640,,,,,,,,,,,
0.9696203231811523,0.9539933204650879,3.449659362269982e-05,2.480685489535047,17660,,,,,,,,,,,
0.8770181655883789,1.097395658493042,3.4479034976822585e-05,2.483494872875404,17680,,,,,,,,,,,
0.9172249794006347,1.0130342245101929,3.446147633094536e-05,2.4863042562157607,17700,,,,,,,,,,,
0.9096185684204101,0.8700343370437622,3.444391768506813e-05,2.4891136395561175,17720,,,,,,,,,,,
0.9622532844543457,0.9873532652854919,3.44263590391909e-05,2.4919230228964744,17740,,,,,,,,,,,
0.9150675773620606,1.0116610527038574,3.4408800393313666e-05,2.494732406236831,17760,,,,,,,,,,,
0.8852140426635742,0.9917340874671936,3.439124174743644e-05,2.4975417895771876,17780,,,,,,,,,,,
0.9272829055786133,1.052765965461731,3.437368310155921e-05,2.5003511729175445,17800,,,,,,,,,,,
0.8739094734191895,0.9894880652427673,3.435612445568198e-05,2.5031605562579013,17820,,,,,,,,,,,
0.937657642364502,0.9798272848129272,3.433856580980475e-05,2.505969939598258,17840,,,,,,,,,,,
0.910439395904541,1.0251904726028442,3.4321007163927524e-05,2.508779322938615,17860,,,,,,,,,,,
0.9136448860168457,0.9362188577651978,3.430344851805029e-05,2.511588706278972,17880,,,,,,,,,,,
0.9384479522705078,0.9588132500648499,3.428588987217306e-05,2.5143980896193288,17900,,,,,,,,,,,
0.9019807815551758,1.0718474388122559,3.426833122629583e-05,2.5172074729596856,17920,,,,,,,,,,,
0.8855338096618652,0.9409624338150024,3.42507725804186e-05,2.520016856300042,17940,,,,,,,,,,,
0.9118841171264649,1.0125446319580078,3.423321393454137e-05,2.522826239640399,17960,,,,,,,,,,,
0.9225534439086914,0.9766225218772888,3.421565528866414e-05,2.5256356229807557,17980,,,,,,,,,,,
0.8602421760559082,0.9956210851669312,3.4198096642786906e-05,2.5284450063211126,18000,,,,,,,,,,,
0.9060732841491699,0.9614482522010803,3.418053799690968e-05,2.5312543896614694,18020,,,,,,,,,,,
0.9133403778076172,0.9608832001686096,3.416297935103245e-05,2.534063773001826,18040,,,,,,,,,,,
0.9064168930053711,1.0701175928115845,3.4145420705155215e-05,2.5368731563421827,18060,,,,,,,,,,,
0.9328054428100586,0.9469349980354309,3.4127862059277986e-05,2.5396825396825395,18080,,,,,,,,,,,
0.9088445663452148,1.1362006664276123,3.4110303413400765e-05,2.5424919230228964,18100,,,,,,,,,,,
0.9232239723205566,0.9996985197067261,3.409274476752353e-05,2.5453013063632532,18120,,,,,,,,,,,
0.9314753532409668,0.9910534024238586,3.40751861216463e-05,2.54811068970361,18140,,,,,,,,,,,
0.8887890815734864,1.0288604497909546,3.405762747576907e-05,2.550920073043967,18160,,,,,,,,,,,
0.9095494270324707,0.9727877974510193,3.404006882989184e-05,2.553729456384324,18180,,,,,,,,,,,
0.9275238990783692,1.0897799730300903,3.402251018401461e-05,2.5565388397246807,18200,,,,,,,,,,,
0.8772650718688965,0.9807036519050598,3.400495153813738e-05,2.559348223065037,18220,,,,,,,,,,,
0.9086482048034668,1.03315007686615,3.3987392892260154e-05,2.562157606405394,18240,,,,,,,,,,,
0.9503438949584961,0.9916881322860718,3.396983424638292e-05,2.5649669897457508,18260,,,,,,,,,,,
0.8947657585144043,0.9269149899482727,3.395227560050569e-05,2.5677763730861076,18280,,,,,,,,,,,
0.9151947975158692,0.8653227686882019,3.393471695462846e-05,2.5705857564264645,18300,,,,,,,,,,,
0.9149680137634277,1.0076225996017456,3.391715830875123e-05,2.5733951397668213,18320,,,,,,,,,,,
0.9102595329284668,1.0480246543884277,3.3899599662874e-05,2.5762045231071777,18340,,,,,,,,,,,
0.8935382843017579,0.9497413635253906,3.388204101699677e-05,2.5790139064475346,18360,,,,,,,,,,,
0.8748746871948242,0.9408026933670044,3.386448237111954e-05,2.5818232897878914,18380,,,,,,,,,,,
0.9363270759582519,1.0176845788955688,3.3846923725242314e-05,2.5846326731282483,18400,,,,,,,,,,,
0.9433351516723633,0.9525372385978699,3.3829365079365086e-05,2.587442056468605,18420,,,,,,,,,,,
0.949276351928711,0.9190232157707214,3.381180643348785e-05,2.590251439808962,18440,,,,,,,,,,,
0.9001028060913085,1.11650812625885,3.379424778761062e-05,2.593060823149319,18460,,,,,,,,,,,
0.9272636413574219,0.9672634601593018,3.3776689141733394e-05,2.5958702064896757,18480,,,,,,,,,,,
0.9115854263305664,0.8682129383087158,3.375913049585616e-05,2.5986795898300326,18500,,,,,,,,,,,
0.8919670104980468,0.9159548282623291,3.374157184997893e-05,2.601488973170389,18520,,,,,,,,,,,
0.8870644569396973,1.0507276058197021,3.37240132041017e-05,2.604298356510746,18540,,,,,,,,,,,
0.8844313621520996,1.1439725160598755,3.370645455822447e-05,2.6071077398511027,18560,,,,,,,,,,,
0.9153334617614746,1.069669485092163,3.368889591234724e-05,2.6099171231914595,18580,,,,,,,,,,,
0.8733811378479004,0.9305224418640137,3.367133726647001e-05,2.6127265065318164,18600,,,,,,,,,,,
0.8966328620910644,1.0916986465454102,3.365377862059278e-05,2.615535889872173,18620,,,,,,,,,,,
0.8834036827087403,0.9984765648841858,3.363621997471555e-05,2.6183452732125296,18640,,,,,,,,,,,
0.9326379776000977,1.0336536169052124,3.361866132883832e-05,2.6211546565528865,18660,,,,,,,,,,,
0.9223442077636719,1.0540083646774292,3.360110268296109e-05,2.6239640398932433,18680,,,,,,,,,,,
0.9417057991027832,0.9837566614151001,3.358354403708386e-05,2.6267734232336,18700,,,,,,,,,,,
0.9239962577819825,1.032555341720581,3.3565985391206635e-05,2.629582806573957,18720,,,,,,,,,,,
0.9209048271179199,1.038706660270691,3.3548426745329406e-05,2.632392189914314,18740,,,,,,,,,,,
0.8951930046081543,1.1941720247268677,3.353086809945217e-05,2.6352015732546707,18760,,,,,,,,,,,
0.8823673248291015,0.9192261099815369,3.351330945357494e-05,2.6380109565950276,18780,,,,,,,,,,,
0.8862600326538086,1.0306706428527832,3.3495750807697715e-05,2.6408203399353845,18800,,,,,,,,,,,
0.9058345794677735,0.9023513793945312,3.347819216182048e-05,2.643629723275741,18820,,,,,,,,,,,
0.8425095558166504,0.9263483285903931,3.346063351594325e-05,2.6464391066160977,18840,,,,,,,,,,,
0.8784273147583008,0.9679373502731323,3.3443074870066023e-05,2.6492484899564546,18860,,,,,,,,,,,
0.9047663688659668,0.9836377501487732,3.342551622418879e-05,2.6520578732968114,18880,,,,,,,,,,,
0.8896009445190429,0.9065148234367371,3.340795757831156e-05,2.6548672566371683,18900,,,,,,,,,,,
0.8921060562133789,0.9336363673210144,3.339039893243433e-05,2.6576766399775247,18920,,,,,,,,,,,
0.8701912879943847,1.616222858428955,3.33728402865571e-05,2.6604860233178815,18940,,,,,,,,,,,
0.9166737556457519,1.0039293766021729,3.335528164067987e-05,2.6632954066582384,18960,,,,,,,,,,,
0.9099739074707032,0.8986358046531677,3.333772299480265e-05,2.6661047899985952,18980,,,,,,,,,,,
0.8891102790832519,0.9897512793540955,3.332016434892541e-05,2.668914173338952,19000,,,,,,,,,,,
0.9229106903076172,1.0709939002990723,3.3302605703048184e-05,2.671723556679309,19020,,,,,,,,,,,
0.9282961845397949,0.9580959677696228,3.3285047057170956e-05,2.674532940019666,19040,,,,,,,,,,,
0.8700252532958984,0.9374573230743408,3.326748841129372e-05,2.6773423233600226,19060,,,,,,,,,,,
0.8626943588256836,0.9811754822731018,3.324992976541649e-05,2.6801517067003795,19080,,,,,,,,,,,
0.9314558982849122,0.9217754602432251,3.3232371119539264e-05,2.682961090040736,19100,,,,,,,,,,,
0.8572285652160645,0.9496406316757202,3.3214812473662036e-05,2.6857704733810928,19120,,,,,,,,,,,
0.9132120132446289,1.0204758644104004,3.31972538277848e-05,2.6885798567214496,19140,,,,,,,,,,,
0.9167974472045899,0.9051254391670227,3.317969518190757e-05,2.6913892400618065,19160,,,,,,,,,,,
0.8935094833374023,0.9903753995895386,3.3162136536030344e-05,2.6941986234021633,19180,,,,,,,,,,,
0.9451517105102539,0.9317325353622437,3.314457789015311e-05,2.69700800674252,19200,,,,,,,,,,,
0.8716512680053711,0.9358989000320435,3.312701924427588e-05,2.6998173900828766,19220,,,,,,,,,,,
0.8947934150695801,0.9792078137397766,3.310946059839865e-05,2.7026267734232334,19240,,,,,,,,,,,
0.8944987297058106,0.9007928967475891,3.3091901952521424e-05,2.7054361567635903,19260,,,,,,,,,,,
0.8610399246215821,0.9570115804672241,3.3074343306644196e-05,2.708245540103947,19280,,,,,,,,,,,
0.8605481147766113,1.0647881031036377,3.305678466076697e-05,2.711054923444304,19300,,,,,,,,,,,
0.897641944885254,0.8262007236480713,3.303922601488973e-05,2.713864306784661,19320,,,,,,,,,,,
0.8889148712158204,0.9302071332931519,3.3021667369012505e-05,2.7166736901250177,19340,,,,,,,,,,,
0.8932126045227051,0.8788255453109741,3.3004108723135276e-05,2.7194830734653745,19360,,,,,,,,,,,
0.8989483833312988,0.8875340223312378,3.298655007725804e-05,2.7222924568057314,19380,,,,,,,,,,,
0.8793992042541504,1.0584043264389038,3.296899143138081e-05,2.725101840146088,19400,,,,,,,,,,,
0.870483112335205,0.9711632132530212,3.2951432785503585e-05,2.7279112234864447,19420,,,,,,,,,,,
0.8696491241455078,1.0095292329788208,3.293387413962635e-05,2.7307206068268015,19440,,,,,,,,,,,
0.8949295997619628,1.0403085947036743,3.291631549374912e-05,2.7335299901671584,19460,,,,,,,,,,,
0.9200305938720703,0.9940639734268188,3.289875684787189e-05,2.736339373507515,19480,,,,,,,,,,,
0.8730284690856933,1.0276081562042236,3.2881198201994665e-05,2.7391487568478716,19500,,,,,,,,,,,
0.8789019584655762,1.0699691772460938,3.286363955611743e-05,2.7419581401882285,19520,,,,,,,,,,,
0.8639461517333984,0.9357571601867676,3.28460809102402e-05,2.7447675235285853,19540,,,,,,,,,,,
0.9234573364257812,0.9542802572250366,3.2828522264362973e-05,2.747576906868942,19560,,,,,,,,,,,
0.8836580276489258,0.9977898597717285,3.2810963618485745e-05,2.750386290209299,19580,,,,,,,,,,,
0.8665889739990235,0.9257389307022095,3.279340497260852e-05,2.753195673549656,19600,,,,,,,,,,,
0.8675054550170899,1.112525224685669,3.277584632673129e-05,2.7560050568900127,19620,,,,,,,,,,,
0.845033836364746,1.0620925426483154,3.2758287680854054e-05,2.7588144402303696,19640,,,,,,,,,,,
0.8927844047546387,0.9911874532699585,3.2740729034976825e-05,2.7616238235707264,19660,,,,,,,,,,,
0.9181368827819825,0.8566834926605225,3.27231703890996e-05,2.764433206911083,19680,,,,,,,,,,,
0.8760701179504394,0.8992347121238708,3.270561174322236e-05,2.7672425902514397,19700,,,,,,,,,,,
0.8675370216369629,0.9926765561103821,3.2688053097345134e-05,2.7700519735917966,19720,,,,,,,,,,,
0.9198126792907715,1.0684212446212769,3.2670494451467906e-05,2.7728613569321534,19740,,,,,,,,,,,
0.9097326278686524,1.0493016242980957,3.265293580559067e-05,2.7756707402725103,19760,,,,,,,,,,,
0.8456377029418946,0.9548231363296509,3.263537715971344e-05,2.778480123612867,19780,,,,,,,,,,,
0.8376317977905273,0.9175319671630859,3.2617818513836214e-05,2.7812895069532235,19800,,,,,,,,,,,
0.9031752586364746,1.004448413848877,3.260025986795898e-05,2.7840988902935804,19820,,,,,,,,,,,
0.866458797454834,0.9777024388313293,3.258270122208176e-05,2.7869082736339372,19840,,,,,,,,,,,
0.8721491813659668,1.0060112476348877,3.256514257620453e-05,2.789717656974294,19860,,,,,,,,,,,
0.9061984062194824,0.9786102175712585,3.2547583930327294e-05,2.792527040314651,19880,,,,,,,,,,,
0.9153105735778808,1.109818696975708,3.2530025284450066e-05,2.795336423655008,19900,,,,,,,,,,,
0.9092325210571289,1.0179475545883179,3.251246663857284e-05,2.7981458069953646,19920,,,,,,,,,,,
0.8961251258850098,0.9615275263786316,3.24949079926956e-05,2.8009551903357215,19940,,,,,,,,,,,
0.9097729682922363,0.9833515882492065,3.2477349346818374e-05,2.8037645736760783,19960,,,,,,,,,,,
0.9108343124389648,0.9667423963546753,3.2459790700941146e-05,2.8065739570164348,19980,,,,,,,,,,,
0.8355288505554199,1.0561178922653198,3.244223205506392e-05,2.8093833403567916,20000,,,,,,,,,,,
0.9227839469909668,1.1266047954559326,3.242467340918668e-05,2.8121927236971485,20020,,,,,,,,,,,
0.894955062866211,0.861903727054596,3.2407114763309455e-05,2.8150021070375053,20040,,,,,,,,,,,
0.8693011283874512,0.827311635017395,3.2389556117432226e-05,2.817811490377862,20060,,,,,,,,,,,
0.8919194221496582,2.6791563034057617,3.237199747155499e-05,2.820620873718219,20080,,,,,,,,,,,
0.8685381889343262,0.9236502647399902,3.235443882567776e-05,2.8234302570585754,20100,,,,,,,,,,,
0.9100242614746094,0.9353852868080139,3.2336880179800535e-05,2.8262396403989323,20120,,,,,,,,,,,
0.8551912307739258,1.0168750286102295,3.2319321533923307e-05,2.829049023739289,20140,,,,,,,,,,,
0.8674249649047852,1.0250169038772583,3.230176288804608e-05,2.831858407079646,20160,,,,,,,,,,,
0.86880464553833,1.075199007987976,3.228420424216885e-05,2.834667790420003,20180,,,,,,,,,,,
0.8916090965270996,0.9887727499008179,3.2266645596291615e-05,2.8374771737603597,20200,,,,,,,,,,,
0.905575180053711,1.0409502983093262,3.224908695041439e-05,2.8402865571007165,20220,,,,,,,,,,,
0.8827863693237304,1.016761064529419,3.223152830453716e-05,2.8430959404410734,20240,,,,,,,,,,,
0.8163751602172852,1.0214197635650635,3.2213969658659923e-05,2.8459053237814302,20260,,,,,,,,,,,
0.8630452156066895,0.9564687609672546,3.2196411012782695e-05,2.8487147071217866,20280,,,,,,,,,,,
0.8803199768066406,1.0518261194229126,3.217885236690547e-05,2.8515240904621435,20300,,,,,,,,,,,
0.8371184349060059,1.049735188484192,3.216129372102823e-05,2.8543334738025004,20320,,,,,,,,,,,
0.866412353515625,0.9508510828018188,3.2143735075151004e-05,2.857142857142857,20340,,,,,,,,,,,
0.8487788200378418,0.9598203897476196,3.2126176429273775e-05,2.859952240483214,20360,,,,,,,,,,,
0.8556421279907227,0.8903542160987854,3.210861778339655e-05,2.8627616238235705,20380,,,,,,,,,,,
0.8508625984191894,0.8818882703781128,3.209105913751931e-05,2.8655710071639273,20400,,,,,,,,,,,
0.8599827766418457,0.9508911967277527,3.2073500491642084e-05,2.868380390504284,20420,,,,,,,,,,,
0.9098587989807129,0.9525871872901917,3.2055941845764856e-05,2.871189773844641,20440,,,,,,,,,,,
0.8715167045593262,0.9530850648880005,3.203838319988763e-05,2.873999157184998,20460,,,,,,,,,,,
0.8469058036804199,0.9380409121513367,3.20208245540104e-05,2.8768085405253547,20480,,,,,,,,,,,
0.8516119003295899,1.1466314792633057,3.200326590813317e-05,2.8796179238657116,20500,,,,,,,,,,,
0.8751007080078125,1.0195986032485962,3.1985707262255936e-05,2.8824273072060684,20520,,,,,,,,,,,
0.845730972290039,0.9382115602493286,3.196814861637871e-05,2.8852366905464253,20540,,,,,,,,,,,
0.887885570526123,1.0319538116455078,3.195058997050148e-05,2.8880460738867817,20560,,,,,,,,,,,
0.8638883590698242,0.8815946578979492,3.1933031324624244e-05,2.8908554572271385,20580,,,,,,,,,,,
0.8821069717407226,0.9277334809303284,3.1915472678747016e-05,2.8936648405674954,20600,,,,,,,,,,,
0.9043156623840332,1.0225895643234253,3.189791403286979e-05,2.8964742239078523,20620,,,,,,,,,,,
0.8535605430603027,1.044620394706726,3.188035538699255e-05,2.899283607248209,20640,,,,,,,,,,,
0.8326898574829101,1.2319570779800415,3.1862796741115324e-05,2.902092990588566,20660,,,,,,,,,,,
0.9024470329284668,0.9343554377555847,3.1845238095238096e-05,2.9049023739289224,20680,,,,,,,,,,,
0.8738864898681641,0.9833884239196777,3.182767944936086e-05,2.907711757269279,20700,,,,,,,,,,,
0.8920710563659668,1.0738078355789185,3.181012080348364e-05,2.910521140609636,20720,,,,,,,,,,,
0.8671716690063477,1.0810431241989136,3.179256215760641e-05,2.913330523949993,20740,,,,,,,,,,,
0.8441230773925781,1.0105754137039185,3.1775003511729176e-05,2.9161399072903498,20760,,,,,,,,,,,
0.8305179595947265,0.9870184063911438,3.175744486585195e-05,2.9189492906307066,20780,,,,,,,,,,,
0.8563612937927246,1.0827460289001465,3.173988621997472e-05,2.9217586739710635,20800,,,,,,,,,,,
0.8722277641296386,0.9615708589553833,3.1722327574097485e-05,2.9245680573114203,20820,,,,,,,,,,,
0.8462084770202637,1.0126594305038452,3.1704768928220257e-05,2.927377440651777,20840,,,,,,,,,,,
0.8385173797607421,0.8977886438369751,3.168721028234303e-05,2.9301868239921336,20860,,,,,,,,,,,
0.8677454948425293,1.2278245687484741,3.16696516364658e-05,2.9329962073324904,20880,,,,,,,,,,,
0.8516318321228027,0.9645463824272156,3.1652092990588565e-05,2.9358055906728473,20900,,,,,,,,,,,
0.8978967666625977,0.9458639025688171,3.163453434471134e-05,2.938614974013204,20920,,,,,,,,,,,
0.8967452049255371,0.9912289381027222,3.161697569883411e-05,2.941424357353561,20940,,,,,,,,,,,
0.8536103248596192,0.9785853624343872,3.1599417052956873e-05,2.9442337406939174,20960,,,,,,,,,,,
0.8373926162719727,0.9811298847198486,3.1581858407079645e-05,2.9470431240342743,20980,,,,,,,,,,,
0.8596539497375488,0.9756847620010376,3.156429976120242e-05,2.949852507374631,21000,,,,,,,,,,,
0.8566837310791016,1.0496572256088257,3.154674111532519e-05,2.952661890714988,21020,,,,,,,,,,,
0.8483309745788574,1.1755200624465942,3.152918246944796e-05,2.955471274055345,21040,,,,,,,,,,,
0.8483465194702149,1.0116349458694458,3.151162382357073e-05,2.9582806573957017,21060,,,,,,,,,,,
0.835261344909668,1.0069390535354614,3.14940651776935e-05,2.9610900407360585,21080,,,,,,,,,,,
0.8436372756958008,0.9162708520889282,3.147650653181627e-05,2.9638994240764154,21100,,,,,,,,,,,
0.8872692108154296,0.9323724508285522,3.145894788593904e-05,2.9667088074167722,21120,,,,,,,,,,,
0.8301995277404786,0.9883823990821838,3.1441389240061806e-05,2.969518190757129,21140,,,,,,,,,,,
0.8643223762512207,1.0121177434921265,3.142383059418458e-05,2.9723275740974855,21160,,,,,,,,,,,
0.8173502922058106,1.0716701745986938,3.140627194830735e-05,2.9751369574378423,21180,,,,,,,,,,,
0.8691983222961426,0.7974942922592163,3.1388713302430114e-05,2.977946340778199,21200,,,,,,,,,,,
0.8959856033325195,0.9081860780715942,3.1371154656552886e-05,2.980755724118556,21220,,,,,,,,,,,
0.8482150077819824,0.9186372756958008,3.135359601067566e-05,2.983565107458913,21240,,,,,,,,,,,
0.8826885223388672,0.9887099266052246,3.133603736479843e-05,2.9863744907992693,21260,,,,,,,,,,,
0.8241470336914063,1.0589897632598877,3.1318478718921194e-05,2.989183874139626,21280,,,,,,,,,,,
0.8397994995117187,1.0896344184875488,3.130092007304397e-05,2.991993257479983,21300,,,,,,,,,,,
0.8469229698181152,0.970129668712616,3.128336142716674e-05,2.99480264082034,21320,,,,,,,,,,,
0.8697226524353028,1.0173497200012207,3.126580278128951e-05,2.9976120241606967,21340,,,,,,,,,,,
,,,3.0,21357,1.2509318590164185,27.682322853109962,50.33276355505457,221.8638,15.347,0.96,,,,,
0.7883054733276367,1.0289655923843384,3.124824413541228e-05,3.0004214075010536,21360,,,,,,,,,,,
0.7863666534423828,1.0518922805786133,3.123068548953505e-05,3.0032307908414104,21380,,,,,,,,,,,
0.833042049407959,1.4300154447555542,3.121312684365782e-05,3.0060401741817673,21400,,,,,,,,,,,
0.806559944152832,0.8857851028442383,3.119556819778059e-05,3.0088495575221237,21420,,,,,,,,,,,
0.8290862083435059,0.9683287143707275,3.117800955190336e-05,3.0116589408624805,21440,,,,,,,,,,,
0.8147091865539551,0.8988463878631592,3.1160450906026126e-05,3.0144683242028374,21460,,,,,,,,,,,
0.8134119987487793,1.0090441703796387,3.11428922601489e-05,3.0172777075431942,21480,,,,,,,,,,,
0.8126558303833008,0.9552004337310791,3.112533361427167e-05,3.020087090883551,21500,,,,,,,,,,,
0.7781439304351807,0.915361762046814,3.1107774968394435e-05,3.022896474223908,21520,,,,,,,,,,,
0.7868302345275879,1.0411818027496338,3.1090216322517207e-05,3.025705857564265,21540,,,,,,,,,,,
0.797654390335083,1.0262949466705322,3.107265767663998e-05,3.0285152409046217,21560,,,,,,,,,,,
0.8205848693847656,1.0112206935882568,3.105509903076274e-05,3.031324624244978,21580,,,,,,,,,,,
0.8135333061218262,0.9767272472381592,3.103754038488552e-05,3.034134007585335,21600,,,,,,,,,,,
0.8066496849060059,0.9364955425262451,3.1019981739008294e-05,3.0369433909256918,21620,,,,,,,,,,,
0.8410799026489257,1.1341872215270996,3.100242309313106e-05,3.0397527742660486,21640,,,,,,,,,,,
0.7837587356567383,0.9233195781707764,3.098486444725383e-05,3.0425621576064055,21660,,,,,,,,,,,
0.7975752353668213,0.9296867251396179,3.09673058013766e-05,3.0453715409467623,21680,,,,,,,,,,,
0.7994145393371582,1.0906084775924683,3.094974715549937e-05,3.048180924287119,21700,,,,,,,,,,,
0.8232684135437012,0.9960740804672241,3.093218850962214e-05,3.0509903076274756,21720,,,,,,,,,,,
0.8344671249389648,0.9416537284851074,3.091462986374491e-05,3.0537996909678324,21740,,,,,,,,,,,
0.8195348739624023,1.1147165298461914,3.089707121786768e-05,3.0566090743081893,21760,,,,,,,,,,,
0.8234919548034668,0.9897890686988831,3.087951257199045e-05,3.059418457648546,21780,,,,,,,,,,,
0.7776158332824707,0.9110506772994995,3.086195392611322e-05,3.062227840988903,21800,,,,,,,,,,,
0.8180060386657715,0.866727352142334,3.084439528023599e-05,3.06503722432926,21820,,,,,,,,,,,
0.8252982139587403,0.899002194404602,3.0826836634358756e-05,3.0678466076696167,21840,,,,,,,,,,,
0.7938567638397217,0.9737828373908997,3.080927798848153e-05,3.070655991009973,21860,,,,,,,,,,,
0.7772528648376464,0.939709484577179,3.07917193426043e-05,3.07346537435033,21880,,,,,,,,,,,
0.7890454769134522,1.0125449895858765,3.077416069672707e-05,3.076274757690687,21900,,,,,,,,,,,
0.8061882019042969,1.1026524305343628,3.075660205084984e-05,3.0790841410310437,21920,,,,,,,,,,,
0.7683509826660156,0.8798749446868896,3.0739043404972614e-05,3.0818935243714005,21940,,,,,,,,,,,
0.815367317199707,0.9257852435112,3.072148475909538e-05,3.0847029077117574,21960,,,,,,,,,,,
0.7784661769866943,0.9724427461624146,3.070392611321815e-05,3.087512291052114,21980,,,,,,,,,,,
0.7886372089385987,1.080671787261963,3.068636746734092e-05,3.090321674392471,22000,,,,,,,,,,,
0.8321003913879395,0.9785692095756531,3.066880882146369e-05,3.0931310577328275,22020,,,,,,,,,,,
0.8004558563232422,1.0270557403564453,3.065125017558646e-05,3.0959404410731843,22040,,,,,,,,,,,
0.7765284061431885,1.0962603092193604,3.063369152970923e-05,3.098749824413541,22060,,,,,,,,,,,
0.7854185104370117,0.9197821021080017,3.0616132883831996e-05,3.101559207753898,22080,,,,,,,,,,,
0.8136612892150878,0.9272578358650208,3.059857423795477e-05,3.104368591094255,22100,,,,,,,,,,,
0.7891632556915283,1.0249478816986084,3.058101559207754e-05,3.1071779744346117,22120,,,,,,,,,,,
0.7858550548553467,1.0375230312347412,3.056345694620031e-05,3.1099873577749686,22140,,,,,,,,,,,
0.762831163406372,0.9976868033409119,3.0545898300323076e-05,3.112796741115325,22160,,,,,,,,,,,
0.7951362609863282,0.9450564384460449,3.0528339654445855e-05,3.115606124455682,22180,,,,,,,,,,,
0.8188289642333985,1.0573937892913818,3.0510781008568623e-05,3.1184155077960387,22200,,,,,,,,,,,
0.8185709953308106,0.9088891744613647,3.049322236269139e-05,3.1212248911363956,22220,,,,,,,,,,,
0.7434600830078125,1.0388535261154175,3.0475663716814163e-05,3.1240342744767524,22240,,,,,,,,,,,
0.7861768722534179,0.9267348647117615,3.0458105070936932e-05,3.1268436578171093,22260,,,,,,,,,,,
0.7726256370544433,0.9077974557876587,3.04405464250597e-05,3.129653041157466,22280,,,,,,,,,,,
0.828753662109375,1.0659081935882568,3.0422987779182472e-05,3.1324624244978225,22300,,,,,,,,,,,
0.7882675170898438,0.9976310133934021,3.040542913330524e-05,3.1352718078381794,22320,,,,,,,,,,,
0.803565502166748,0.9404098391532898,3.0387870487428012e-05,3.1380811911785362,22340,,,,,,,,,,,
0.8021822929382324,0.9875425696372986,3.037031184155078e-05,3.140890574518893,22360,,,,,,,,,,,
0.789490795135498,1.083211898803711,3.035275319567355e-05,3.14369995785925,22380,,,,,,,,,,,
0.826053237915039,0.9541020393371582,3.033519454979632e-05,3.146509341199607,22400,,,,,,,,,,,
0.8217531204223633,0.9467378854751587,3.031763590391909e-05,3.1493187245399636,22420,,,,,,,,,,,
0.7888771057128906,0.9851547479629517,3.030007725804186e-05,3.15212810788032,22440,,,,,,,,,,,
0.8455130577087402,0.933467447757721,3.028251861216463e-05,3.154937491220677,22460,,,,,,,,,,,
0.8126513481140136,0.9593725800514221,3.0264959966287404e-05,3.1577468745610338,22480,,,,,,,,,,,
0.7700884342193604,0.9527698755264282,3.0247401320410172e-05,3.1605562579013906,22500,,,,,,,,,,,
0.7670880317687988,0.8998016119003296,3.0229842674532944e-05,3.1633656412417475,22520,,,,,,,,,,,
0.7850486278533936,1.0148646831512451,3.0212284028655712e-05,3.1661750245821043,22540,,,,,,,,,,,
0.8263134002685547,0.9193190932273865,3.0194725382778484e-05,3.168984407922461,22560,,,,,,,,,,,
0.8182272911071777,0.9872872233390808,3.0177166736901253e-05,3.171793791262818,22580,,,,,,,,,,,
0.7882928371429443,0.9412119388580322,3.015960809102402e-05,3.1746031746031744,22600,,,,,,,,,,,
0.7574069499969482,1.0109128952026367,3.0142049445146793e-05,3.1774125579435313,22620,,,,,,,,,,,
0.7827906131744384,0.9033426642417908,3.012449079926956e-05,3.180221941283888,22640,,,,,,,,,,,
0.8239972114562988,0.9591912627220154,3.010693215339233e-05,3.183031324624245,22660,,,,,,,,,,,
0.8259675979614258,0.8971850872039795,3.00893735075151e-05,3.185840707964602,22680,,,,,,,,,,,
0.8085081100463867,1.0236057043075562,3.007181486163787e-05,3.1886500913049587,22700,,,,,,,,,,,
0.7640358448028565,0.9197160601615906,3.005425621576064e-05,3.1914594746453155,22720,,,,,,,,,,,
0.807319164276123,0.9144732356071472,3.003669756988341e-05,3.194268857985672,22740,,,,,,,,,,,
0.780819034576416,1.0134828090667725,3.0019138924006178e-05,3.197078241326029,22760,,,,,,,,,,,
0.7973023891448975,0.8805522918701172,3.0001580278128953e-05,3.1998876246663857,22780,,,,,,,,,,,
0.793271255493164,1.0165379047393799,2.9984021632251725e-05,3.2026970080067425,22800,,,,,,,,,,,
0.7652050495147705,1.0231144428253174,2.9966462986374493e-05,3.2055063913470994,22820,,,,,,,,,,,
0.8082677841186523,0.9194643497467041,2.9948904340497265e-05,3.208315774687456,22840,,,,,,,,,,,
0.7975620269775391,0.9979770183563232,2.9931345694620033e-05,3.211125158027813,22860,,,,,,,,,,,
0.8184366226196289,1.0244336128234863,2.99137870487428e-05,3.21393454136817,22880,,,,,,,,,,,
0.7874782085418701,0.8987756967544556,2.9896228402865573e-05,3.2167439247085263,22900,,,,,,,,,,,
0.7930150508880616,0.996629536151886,2.987866975698834e-05,3.219553308048883,22920,,,,,,,,,,,
0.7815339088439941,0.9897242784500122,2.9861111111111113e-05,3.22236269138924,22940,,,,,,,,,,,
0.771236515045166,0.9560168981552124,2.9843552465233882e-05,3.225172074729597,22960,,,,,,,,,,,
0.7725739479064941,1.032402753829956,2.982599381935665e-05,3.2279814580699537,22980,,,,,,,,,,,
0.8266055107116699,0.9134154319763184,2.9808435173479422e-05,3.2307908414103106,23000,,,,,,,,,,,
0.7994784832000732,0.9699065685272217,2.979087652760219e-05,3.233600224750667,23020,,,,,,,,,,,
0.7904860973358154,0.8966397643089294,2.9773317881724962e-05,3.236409608091024,23040,,,,,,,,,,,
0.8104671478271485,1.0882676839828491,2.9755759235847737e-05,3.2392189914313807,23060,,,,,,,,,,,
0.7705530166625977,0.9316868782043457,2.9738200589970505e-05,3.2420283747717376,23080,,,,,,,,,,,
0.7906456470489502,0.8718875646591187,2.9720641944093274e-05,3.2448377581120944,23100,,,,,,,,,,,
0.7987709999084472,1.0920422077178955,2.9703083298216046e-05,3.2476471414524513,23120,,,,,,,,,,,
0.8340886116027832,1.0376701354980469,2.9685524652338814e-05,3.250456524792808,23140,,,,,,,,,,,
0.7680570602416992,1.0529899597167969,2.9667966006461582e-05,3.253265908133165,23160,,,,,,,,,,,
0.8229791641235351,0.9696945548057556,2.9650407360584354e-05,3.2560752914735214,23180,,,,,,,,,,,
0.7954008102416992,0.9803192615509033,2.9632848714707122e-05,3.2588846748138782,23200,,,,,,,,,,,
0.7754816055297852,0.9644169807434082,2.9615290068829894e-05,3.261694058154235,23220,,,,,,,,,,,
0.7829644203186035,1.1049935817718506,2.9597731422952662e-05,3.264503441494592,23240,,,,,,,,,,,
0.7835308074951172,1.0018211603164673,2.958017277707543e-05,3.267312824834949,23260,,,,,,,,,,,
0.7797571182250976,0.921381950378418,2.9562614131198203e-05,3.2701222081753056,23280,,,,,,,,,,,
0.8005680084228516,0.941860020160675,2.954505548532097e-05,3.2729315915156625,23300,,,,,,,,,,,
0.8170907020568847,0.9741705656051636,2.9527496839443743e-05,3.275740974856019,23320,,,,,,,,,,,
0.7741801261901855,0.9601488709449768,2.950993819356651e-05,3.2785503581963757,23340,,,,,,,,,,,
0.7702033042907714,1.0983669757843018,2.9492379547689286e-05,3.2813597415367326,23360,,,,,,,,,,,
0.8140146255493164,1.0280141830444336,2.9474820901812054e-05,3.2841691248770895,23380,,,,,,,,,,,
0.8172059059143066,0.9790273904800415,2.9457262255934826e-05,3.2869785082174463,23400,,,,,,,,,,,
0.7734795570373535,0.9403395652770996,2.9439703610057595e-05,3.289787891557803,23420,,,,,,,,,,,
0.7991913318634033,0.9709581136703491,2.9422144964180366e-05,3.29259727489816,23440,,,,,,,,,,,
0.7670772075653076,0.9853647947311401,2.9404586318303135e-05,3.295406658238517,23460,,,,,,,,,,,
0.7899221897125244,0.8761036992073059,2.9387027672425903e-05,3.2982160415788733,23480,,,,,,,,,,,
0.7745872020721436,0.9192686080932617,2.9369469026548675e-05,3.30102542491923,23500,,,,,,,,,,,
0.7867341041564941,0.9789135456085205,2.9351910380671443e-05,3.303834808259587,23520,,,,,,,,,,,
0.7632287025451661,0.9056598544120789,2.9334351734794215e-05,3.306644191599944,23540,,,,,,,,,,,
0.7944690704345703,1.0530284643173218,2.9316793088916983e-05,3.3094535749403007,23560,,,,,,,,,,,
0.7603733539581299,0.9698486924171448,2.929923444303975e-05,3.3122629582806575,23580,,,,,,,,,,,
0.7743738651275635,0.9520760774612427,2.9281675797162523e-05,3.315072341621014,23600,,,,,,,,,,,
0.7755974769592285,1.0419410467147827,2.926411715128529e-05,3.317881724961371,23620,,,,,,,,,,,
0.7892989158630371,0.9736966490745544,2.9246558505408067e-05,3.3206911083017276,23640,,,,,,,,,,,
0.8033298492431641,0.9614560604095459,2.9228999859530835e-05,3.3235004916420845,23660,,,,,,,,,,,
0.7874557971954346,1.0135246515274048,2.9211441213653607e-05,3.3263098749824414,23680,,,,,,,,,,,
0.7872391700744629,0.8832903504371643,2.9193882567776375e-05,3.329119258322798,23700,,,,,,,,,,,
0.7924007415771485,1.0633666515350342,2.9176323921899147e-05,3.331928641663155,23720,,,,,,,,,,,
0.7724590301513672,1.0015954971313477,2.9158765276021915e-05,3.334738025003512,23740,,,,,,,,,,,
0.8221399307250976,0.8885489702224731,2.9141206630144684e-05,3.3375474083438688,23760,,,,,,,,,,,
0.7676787376403809,1.2661070823669434,2.9123647984267455e-05,3.340356791684225,23780,,,,,,,,,,,
0.7749372482299804,0.8982931971549988,2.9106089338390224e-05,3.343166175024582,23800,,,,,,,,,,,
0.7657779693603516,1.0295624732971191,2.9088530692512996e-05,3.345975558364939,23820,,,,,,,,,,,
0.7805538654327393,0.9811730980873108,2.9070972046635764e-05,3.3487849417052957,23840,,,,,,,,,,,
0.8188589096069336,1.1605347394943237,2.9053413400758532e-05,3.3515943250456526,23860,,,,,,,,,,,
0.7684069156646729,0.9866279363632202,2.9035854754881304e-05,3.3544037083860094,23880,,,,,,,,,,,
0.8017403602600097,0.9911958575248718,2.9018296109004072e-05,3.357213091726366,23900,,,,,,,,,,,
0.7727909088134766,0.9757822751998901,2.9000737463126844e-05,3.3600224750667227,23920,,,,,,,,,,,
0.7608171939849854,0.9232771992683411,2.898317881724962e-05,3.3628318584070795,23940,,,,,,,,,,,
0.7504901885986328,1.016098976135254,2.8965620171372388e-05,3.3656412417474364,23960,,,,,,,,,,,
0.7718742847442627,0.9660109877586365,2.8948061525495156e-05,3.3684506250877932,23980,,,,,,,,,,,
0.7829227924346924,0.9364513158798218,2.8930502879617928e-05,3.37126000842815,24000,,,,,,,,,,,
0.7618409633636475,0.9509969353675842,2.8912944233740696e-05,3.374069391768507,24020,,,,,,,,,,,
0.8026410102844238,1.1089049577713013,2.8895385587863464e-05,3.376878775108864,24040,,,,,,,,,,,
0.773019552230835,0.9718051552772522,2.8877826941986236e-05,3.37968815844922,24060,,,,,,,,,,,
0.7873273849487304,0.9536556005477905,2.8860268296109004e-05,3.382497541789577,24080,,,,,,,,,,,
0.7429039955139161,0.8849770426750183,2.8842709650231776e-05,3.385306925129934,24100,,,,,,,,,,,
0.8164167404174805,0.9491279125213623,2.8825151004354545e-05,3.3881163084702908,24120,,,,,,,,,,,
0.7599617004394531,0.9934328198432922,2.8807592358477313e-05,3.3909256918106476,24140,,,,,,,,,,,
0.7633509159088134,1.150328516960144,2.8790033712600085e-05,3.3937350751510045,24160,,,,,,,,,,,
0.754188060760498,1.0847095251083374,2.8772475066722853e-05,3.3965444584913613,24180,,,,,,,,,,,
0.788743543624878,1.014127254486084,2.8754916420845625e-05,3.3993538418317177,24200,,,,,,,,,,,
0.755521821975708,0.9907442331314087,2.8737357774968393e-05,3.4021632251720746,24220,,,,,,,,,,,
0.7670093536376953,0.9989155530929565,2.8719799129091168e-05,3.4049726085124314,24240,,,,,,,,,,,
0.7450098037719727,0.9965082406997681,2.8702240483213937e-05,3.4077819918527883,24260,,,,,,,,,,,
0.7860769271850586,0.9171953797340393,2.868468183733671e-05,3.410591375193145,24280,,,,,,,,,,,
0.7945283412933349,0.9515626430511475,2.8667123191459477e-05,3.413400758533502,24300,,,,,,,,,,,
0.7738001823425293,1.0813134908676147,2.864956454558225e-05,3.416210141873859,24320,,,,,,,,,,,
0.7854170322418212,1.1167309284210205,2.8632005899705017e-05,3.4190195252142157,24340,,,,,,,,,,,
0.7747199058532714,1.111634373664856,2.8614447253827785e-05,3.421828908554572,24360,,,,,,,,,,,
0.7531460762023926,0.9615643620491028,2.8596888607950557e-05,3.424638291894929,24380,,,,,,,,,,,
0.7555564403533935,0.8702839016914368,2.8579329962073325e-05,3.427447675235286,24400,,,,,,,,,,,
0.792969036102295,1.037335753440857,2.8561771316196097e-05,3.4302570585756427,24420,,,,,,,,,,,
0.8101080894470215,1.0624794960021973,2.8544212670318865e-05,3.4330664419159995,24440,,,,,,,,,,,
0.7731581687927246,0.9587920308113098,2.8526654024441634e-05,3.4358758252563564,24460,,,,,,,,,,,
0.8010669708251953,0.9979057312011719,2.8509095378564405e-05,3.438685208596713,24480,,,,,,,,,,,
0.8308543205261231,1.1662628650665283,2.8491536732687174e-05,3.4414945919370696,24500,,,,,,,,,,,
0.8139249801635742,1.0127543210983276,2.847397808680995e-05,3.4443039752774265,24520,,,,,,,,,,,
0.7511011123657226,1.0847924947738647,2.8456419440932717e-05,3.4471133586177833,24540,,,,,,,,,,,
0.7749038219451905,1.039021611213684,2.843886079505549e-05,3.44992274195814,24560,,,,,,,,,,,
0.7708810806274414,0.924034059047699,2.8421302149178257e-05,3.452732125298497,24580,,,,,,,,,,,
0.759391975402832,0.9896000623703003,2.840374350330103e-05,3.455541508638854,24600,,,,,,,,,,,
0.7966085910797119,0.9577648639678955,2.8386184857423798e-05,3.4583508919792108,24620,,,,,,,,,,,
0.8005088806152344,1.1007663011550903,2.8368626211546566e-05,3.4611602753195676,24640,,,,,,,,,,,
0.7731318950653077,0.9036223292350769,2.8351067565669338e-05,3.463969658659924,24660,,,,,,,,,,,
0.7730629920959473,1.1076765060424805,2.8333508919792106e-05,3.466779042000281,24680,,,,,,,,,,,
0.7882962703704834,0.9635882377624512,2.8315950273914878e-05,3.4695884253406377,24700,,,,,,,,,,,
0.7372349262237549,0.9776830673217773,2.8298391628037646e-05,3.4723978086809946,24720,,,,,,,,,,,
0.7152415752410889,0.9433265924453735,2.8280832982160414e-05,3.4752071920213514,24740,,,,,,,,,,,
0.7936984539031983,1.0223050117492676,2.8263274336283186e-05,3.4780165753617083,24760,,,,,,,,,,,
0.7829428672790527,0.9277461767196655,2.8245715690405955e-05,3.4808259587020647,24780,,,,,,,,,,,
0.7818473815917969,1.0954643487930298,2.8228157044528726e-05,3.4836353420424215,24800,,,,,,,,,,,
0.7309598922729492,1.018263816833496,2.82105983986515e-05,3.4864447253827784,24820,,,,,,,,,,,
0.7807010650634766,1.0902683734893799,2.819303975277427e-05,3.4892541087231352,24840,,,,,,,,,,,
0.7517940521240234,0.9651058316230774,2.8175481106897038e-05,3.492063492063492,24860,,,,,,,,,,,
0.791227149963379,0.9851772785186768,2.815792246101981e-05,3.494872875403849,24880,,,,,,,,,,,
0.7587339401245117,0.8923524022102356,2.8140363815142578e-05,3.497682258744206,24900,,,,,,,,,,,
0.7669623851776123,0.9781093001365662,2.812280516926535e-05,3.5004916420845626,24920,,,,,,,,,,,
0.7226105213165284,0.97764652967453,2.8105246523388118e-05,3.5033010254249195,24940,,,,,,,,,,,
0.7704167366027832,1.046019196510315,2.8087687877510887e-05,3.506110408765276,24960,,,,,,,,,,,
0.7675374031066895,0.8532991409301758,2.807012923163366e-05,3.5089197921056328,24980,,,,,,,,,,,
0.7377787590026855,0.980521559715271,2.8052570585756427e-05,3.5117291754459896,25000,,,,,,,,,,,
0.7536158561706543,0.9967360496520996,2.8035011939879195e-05,3.5145385587863465,25020,,,,,,,,,,,
0.7766003608703613,1.1019065380096436,2.8017453294001967e-05,3.5173479421267033,25040,,,,,,,,,,,
0.7881018638610839,1.0591050386428833,2.7999894648124735e-05,3.5201573254670597,25060,,,,,,,,,,,
0.7620707511901855,0.9985024929046631,2.7982336002247507e-05,3.5229667088074166,25080,,,,,,,,,,,
0.7829958915710449,0.9796456098556519,2.7964777356370275e-05,3.5257760921477734,25100,,,,,,,,,,,
0.7863842964172363,1.0301450490951538,2.794721871049305e-05,3.5285854754881303,25120,,,,,,,,,,,
0.7282525062561035,0.8845217823982239,2.792966006461582e-05,3.531394858828487,25140,,,,,,,,,,,
0.7601787567138671,0.92325758934021,2.791210141873859e-05,3.534204242168844,25160,,,,,,,,,,,
0.7808180809020996,1.0609266757965088,2.789454277286136e-05,3.537013625509201,25180,,,,,,,,,,,
0.7657846927642822,0.9321691393852234,2.787698412698413e-05,3.5398230088495577,25200,,,,,,,,,,,
0.8097830772399902,0.9479163289070129,2.78594254811069e-05,3.5426323921899145,25220,,,,,,,,,,,
0.7407933712005615,1.009844183921814,2.7841866835229667e-05,3.545441775530271,25240,,,,,,,,,,,
0.748816967010498,1.0588494539260864,2.782430818935244e-05,3.548251158870628,25260,,,,,,,,,,,
0.7999709129333497,0.9456619620323181,2.7806749543475207e-05,3.5510605422109847,25280,,,,,,,,,,,
0.7482140541076661,1.0518625974655151,2.778919089759798e-05,3.5538699255513415,25300,,,,,,,,,,,
0.7601766109466552,0.9030351042747498,2.7771632251720748e-05,3.5566793088916984,25320,,,,,,,,,,,
0.7780412197113037,0.9643275737762451,2.7754073605843516e-05,3.559488692232055,25340,,,,,,,,,,,
0.7408268451690674,1.0643718242645264,2.7736514959966288e-05,3.5622980755724116,25360,,,,,,,,,,,
0.7674397945404052,0.8739431500434875,2.7718956314089056e-05,3.5651074589127685,25380,,,,,,,,,,,
0.7394542217254638,0.9658582210540771,2.770139766821183e-05,3.5679168422531253,25400,,,,,,,,,,,
0.7948837280273438,0.9541327953338623,2.76838390223346e-05,3.570726225593482,25420,,,,,,,,,,,
0.7623179912567138,1.1016579866409302,2.766628037645737e-05,3.573535608933839,25440,,,,,,,,,,,
0.7526815891265869,0.9783296585083008,2.764872173058014e-05,3.576344992274196,25460,,,,,,,,,,,
0.780936336517334,1.0338168144226074,2.763116308470291e-05,3.5791543756145527,25480,,,,,,,,,,,
0.7620774745941162,0.869157075881958,2.761360443882568e-05,3.5819637589549096,25500,,,,,,,,,,,
0.7409681797027587,1.0177133083343506,2.7596045792948448e-05,3.5847731422952664,25520,,,,,,,,,,,
0.7799681186676025,0.9115946888923645,2.757848714707122e-05,3.587582525635623,25540,,,,,,,,,,,
0.7882278442382813,1.0262795686721802,2.7560928501193988e-05,3.5903919089759797,25560,,,,,,,,,,,
0.7386014461517334,0.8812764286994934,2.754336985531676e-05,3.5932012923163366,25580,,,,,,,,,,,
0.741656494140625,1.0348409414291382,2.7525811209439528e-05,3.5960106756566934,25600,,,,,,,,,,,
0.7923515319824219,1.1351958513259888,2.7508252563562297e-05,3.5988200589970503,25620,,,,,,,,,,,
0.7437381744384766,1.0400575399398804,2.749069391768507e-05,3.6016294423374067,25640,,,,,,,,,,,
0.776831579208374,1.0545021295547485,2.7473135271807837e-05,3.6044388256777635,25660,,,,,,,,,,,
0.7508244991302491,1.008088231086731,2.745557662593061e-05,3.6072482090181204,25680,,,,,,,,,,,
0.7824333667755127,1.0594509840011597,2.7438017980053384e-05,3.6100575923584772,25700,,,,,,,,,,,
0.736028003692627,0.9642546772956848,2.7420459334176152e-05,3.612866975698834,25720,,,,,,,,,,,
0.7531509399414062,0.9898117184638977,2.740290068829892e-05,3.615676359039191,25740,,,,,,,,,,,
0.7189611434936524,0.9283589124679565,2.7385342042421692e-05,3.618485742379548,25760,,,,,,,,,,,
0.741856050491333,0.8850702047348022,2.736778339654446e-05,3.6212951257199046,25780,,,,,,,,,,,
0.7358986854553222,1.0530943870544434,2.7350224750667232e-05,3.6241045090602615,25800,,,,,,,,,,,
0.7902196407318115,0.9078978300094604,2.733266610479e-05,3.626913892400618,25820,,,,,,,,,,,
0.8023694038391114,0.94185870885849,2.731510745891277e-05,3.6297232757409748,25840,,,,,,,,,,,
0.7624725341796875,0.8308650255203247,2.729754881303554e-05,3.6325326590813316,25860,,,,,,,,,,,
0.7811246395111084,1.031903624534607,2.727999016715831e-05,3.6353420424216885,25880,,,,,,,,,,,
0.7662073612213135,0.9782193303108215,2.7262431521281077e-05,3.6381514257620453,25900,,,,,,,,,,,
0.7556301593780518,0.9377537369728088,2.724487287540385e-05,3.640960809102402,25920,,,,,,,,,,,
0.7794231414794922,0.9868184924125671,2.7227314229526617e-05,3.6437701924427586,25940,,,,,,,,,,,
0.7409621715545655,1.1048736572265625,2.720975558364939e-05,3.6465795757831154,25960,,,,,,,,,,,
0.7589783191680908,0.8992798328399658,2.7192196937772164e-05,3.6493889591234723,25980,,,,,,,,,,,
0.7900030612945557,0.9862497448921204,2.7174638291894933e-05,3.652198342463829,26000,,,,,,,,,,,
0.7449886322021484,0.9910850524902344,2.71570796460177e-05,3.655007725804186,26020,,,,,,,,,,,
0.7255875587463378,0.9869092702865601,2.7139521000140473e-05,3.657817109144543,26040,,,,,,,,,,,
0.7737308502197265,0.863246500492096,2.712196235426324e-05,3.6606264924848997,26060,,,,,,,,,,,
0.7816565990447998,1.0338577032089233,2.7104403708386013e-05,3.6634358758252565,26080,,,,,,,,,,,
0.7575968265533447,0.8698745369911194,2.708684506250878e-05,3.6662452591656134,26100,,,,,,,,,,,
0.7434165954589844,0.9222174286842346,2.706928641663155e-05,3.66905464250597,26120,,,,,,,,,,,
0.7477229118347168,0.9285809993743896,2.705172777075432e-05,3.6718640258463267,26140,,,,,,,,,,,
0.7868498802185059,0.9879703521728516,2.703416912487709e-05,3.6746734091866835,26160,,,,,,,,,,,
0.7537207126617431,1.0062168836593628,2.701661047899986e-05,3.6774827925270404,26180,,,,,,,,,,,
0.7622322082519531,1.1514484882354736,2.699905183312263e-05,3.680292175867397,26200,,,,,,,,,,,
0.7497426033020019,0.8968142867088318,2.6981493187245398e-05,3.683101559207754,26220,,,,,,,,,,,
0.7490181446075439,0.9740757942199707,2.696393454136817e-05,3.6859109425481105,26240,,,,,,,,,,,
0.7529120445251465,0.9589930772781372,2.6946375895490938e-05,3.6887203258884673,26260,,,,,,,,,,,
0.7827390193939209,0.9318257570266724,2.6928817249613713e-05,3.691529709228824,26280,,,,,,,,,,,
0.7193329334259033,1.0604989528656006,2.6911258603736485e-05,3.694339092569181,26300,,,,,,,,,,,
0.7773087501525879,1.0929433107376099,2.6893699957859253e-05,3.697148475909538,26320,,,,,,,,,,,
0.7298832893371582,0.9098842144012451,2.6876141311982022e-05,3.6999578592498947,26340,,,,,,,,,,,
0.7893229484558105,1.0298550128936768,2.6858582666104793e-05,3.7027672425902516,26360,,,,,,,,,,,
0.7367929935455322,1.0893051624298096,2.6841024020227562e-05,3.7055766259306084,26380,,,,,,,,,,,
0.7454045295715332,0.964210569858551,2.682346537435033e-05,3.7083860092709653,26400,,,,,,,,,,,
0.7509082317352295,1.011873722076416,2.6805906728473102e-05,3.7111953926113217,26420,,,,,,,,,,,
0.7238301277160645,0.9439425468444824,2.678834808259587e-05,3.7140047759516785,26440,,,,,,,,,,,
0.7660094738006592,0.9756864905357361,2.6770789436718642e-05,3.7168141592920354,26460,,,,,,,,,,,
0.783043622970581,0.9442344307899475,2.675323079084141e-05,3.7196235426323923,26480,,,,,,,,,,,
0.7622793197631836,0.9470105767250061,2.673567214496418e-05,3.722432925972749,26500,,,,,,,,,,,
0.7168359756469727,0.9620333909988403,2.671811349908695e-05,3.7252423093131055,26520,,,,,,,,,,,
0.7472063541412354,0.9115918874740601,2.670055485320972e-05,3.7280516926534624,26540,,,,,,,,,,,
0.7501806735992431,0.9789913296699524,2.668299620733249e-05,3.730861075993819,26560,,,,,,,,,,,
0.7568611145019531,1.0218695402145386,2.6665437561455266e-05,3.733670459334176,26580,,,,,,,,,,,
0.7494197368621827,0.985715925693512,2.6647878915578034e-05,3.736479842674533,26600,,,,,,,,,,,
0.7091001510620117,1.0553443431854248,2.6630320269700802e-05,3.7392892260148898,26620,,,,,,,,,,,
0.7980836868286133,0.9812967777252197,2.6612761623823574e-05,3.7420986093552466,26640,,,,,,,,,,,
0.7393385887145996,0.9674758911132812,2.6595202977946343e-05,3.7449079926956035,26660,,,,,,,,,,,
0.7710683345794678,0.9717814922332764,2.6577644332069114e-05,3.7477173760359603,26680,,,,,,,,,,,
0.7265353679656983,0.924237072467804,2.6560085686191883e-05,3.7505267593763167,26700,,,,,,,,,,,
0.793373441696167,1.0294736623764038,2.654252704031465e-05,3.7533361427166736,26720,,,,,,,,,,,
0.756946325302124,1.0624841451644897,2.6524968394437423e-05,3.7561455260570304,26740,,,,,,,,,,,
0.7303462028503418,0.9889991879463196,2.650740974856019e-05,3.7589549093973873,26760,,,,,,,,,,,
0.7421206951141357,0.8663695454597473,2.648985110268296e-05,3.761764292737744,26780,,,,,,,,,,,
0.6753522872924804,0.9357204437255859,2.647229245680573e-05,3.764573676078101,26800,,,,,,,,,,,
0.7423259258270264,0.8618825078010559,2.64547338109285e-05,3.7673830594184574,26820,,,,,,,,,,,
0.7540213108062744,1.0071394443511963,2.643717516505127e-05,3.7701924427588143,26840,,,,,,,,,,,
0.7103325843811035,0.9455903768539429,2.6419616519174046e-05,3.773001826099171,26860,,,,,,,,,,,
0.7354966640472412,1.0057554244995117,2.6402057873296815e-05,3.775811209439528,26880,,,,,,,,,,,
0.780552864074707,1.0576871633529663,2.6384499227419583e-05,3.778620592779885,26900,,,,,,,,,,,
0.7142881393432617,0.9794543981552124,2.6366940581542355e-05,3.7814299761202417,26920,,,,,,,,,,,
0.7176495552062988,0.9994735717773438,2.6349381935665123e-05,3.7842393594605985,26940,,,,,,,,,,,
0.7505327224731445,0.9356948733329773,2.6331823289787895e-05,3.7870487428009554,26960,,,,,,,,,,,
0.7500144481658936,1.0405149459838867,2.6314264643910663e-05,3.7898581261413122,26980,,,,,,,,,,,
0.7410195350646973,1.0306905508041382,2.629670599803343e-05,3.7926675094816686,27000,,,,,,,,,,,
0.7682748317718506,0.9230194687843323,2.6279147352156203e-05,3.7954768928220255,27020,,,,,,,,,,,
0.7485783100128174,1.04579496383667,2.6261588706278972e-05,3.7982862761623823,27040,,,,,,,,,,,
0.7278587818145752,0.9548376798629761,2.6244030060401743e-05,3.801095659502739,27060,,,,,,,,,,,
0.7559102058410645,0.9279383420944214,2.6226471414524512e-05,3.803905042843096,27080,,,,,,,,,,,
0.7139019966125488,1.1012358665466309,2.620891276864728e-05,3.8067144261834525,27100,,,,,,,,,,,
0.7180416107177734,1.0694111585617065,2.6191354122770052e-05,3.8095238095238093,27120,,,,,,,,,,,
0.7530927181243896,0.9969990253448486,2.617379547689282e-05,3.812333192864166,27140,,,,,,,,,,,
0.7453650951385498,0.9351609349250793,2.6156236831015595e-05,3.815142576204523,27160,,,,,,,,,,,
0.7497567176818848,1.0589200258255005,2.6138678185138367e-05,3.81795195954488,27180,,,,,,,,,,,
0.7446843147277832,0.8657760620117188,2.6121119539261136e-05,3.8207613428852367,27200,,,,,,,,,,,
0.758463191986084,1.0310935974121094,2.6103560893383904e-05,3.8235707262255936,27220,,,,,,,,,,,
0.7575456619262695,1.0337128639221191,2.6086002247506676e-05,3.8263801095659504,27240,,,,,,,,,,,
0.7201405048370362,0.8900904059410095,2.6068443601629444e-05,3.8291894929063073,27260,,,,,,,,,,,
0.7763048648834229,0.9946334958076477,2.6050884955752212e-05,3.831998876246664,27280,,,,,,,,,,,
0.8148393630981445,0.9830842018127441,2.6033326309874984e-05,3.8348082595870205,27300,,,,,,,,,,,
0.7266062736511231,0.8831731677055359,2.6015767663997752e-05,3.8376176429273774,27320,,,,,,,,,,,
0.7642440795898438,0.9460245370864868,2.5998209018120524e-05,3.8404270262677342,27340,,,,,,,,,,,
0.7519456386566162,1.0197505950927734,2.5980650372243293e-05,3.843236409608091,27360,,,,,,,,,,,
0.720895528793335,1.0162618160247803,2.596309172636606e-05,3.846045792948448,27380,,,,,,,,,,,
0.7902865409851074,1.0515995025634766,2.5945533080488833e-05,3.8488551762888044,27400,,,,,,,,,,,
0.7229586601257324,1.1563302278518677,2.59279744346116e-05,3.851664559629161,27420,,,,,,,,,,,
0.7586915969848633,0.9481161236763,2.5910415788734376e-05,3.854473942969518,27440,,,,,,,,,,,
0.7242443561553955,1.0756651163101196,2.5892857142857148e-05,3.857283326309875,27460,,,,,,,,,,,
0.6915197372436523,0.9497337341308594,2.5875298496979916e-05,3.8600927096502318,27480,,,,,,,,,,,
0.7482326984405517,1.0280572175979614,2.5857739851102685e-05,3.8629020929905886,27500,,,,,,,,,,,
0.7240142822265625,0.9998586773872375,2.5840181205225456e-05,3.8657114763309455,27520,,,,,,,,,,,
0.7275920391082764,1.0012893676757812,2.5822622559348225e-05,3.8685208596713023,27540,,,,,,,,,,,
0.7195212364196777,1.146385669708252,2.5805063913470996e-05,3.871330243011659,27560,,,,,,,,,,,
0.7767848014831543,0.9427990913391113,2.5787505267593765e-05,3.8741396263520156,27580,,,,,,,,,,,
0.7657589435577392,1.0303016901016235,2.5769946621716533e-05,3.8769490096923724,27600,,,,,,,,,,,
0.762274169921875,1.016614317893982,2.5752387975839305e-05,3.8797583930327293,27620,,,,,,,,,,,
0.7351806640625,0.954089879989624,2.5734829329962073e-05,3.882567776373086,27640,,,,,,,,,,,
0.7515853881835938,0.9581764936447144,2.571727068408484e-05,3.885377159713443,27660,,,,,,,,,,,
0.7387768745422363,1.0075700283050537,2.5699712038207613e-05,3.8881865430538,27680,,,,,,,,,,,
0.713925838470459,0.8685272932052612,2.568215339233038e-05,3.8909959263941563,27700,,,,,,,,,,,
0.6932897090911865,0.9513967633247375,2.5664594746453153e-05,3.893805309734513,27720,,,,,,,,,,,
0.712891674041748,1.0246981382369995,2.564703610057593e-05,3.89661469307487,27740,,,,,,,,,,,
0.7158254146575928,1.0917158126831055,2.5629477454698697e-05,3.899424076415227,27760,,,,,,,,,,,
0.7336670875549316,0.9698997139930725,2.5611918808821465e-05,3.9022334597555837,27780,,,,,,,,,,,
0.7609920501708984,0.9317240715026855,2.5594360162944237e-05,3.9050428430959405,27800,,,,,,,,,,,
0.7444927215576171,0.9413974285125732,2.5576801517067005e-05,3.9078522264362974,27820,,,,,,,,,,,
0.7181576728820801,1.0813937187194824,2.5559242871189777e-05,3.9106616097766542,27840,,,,,,,,,,,
0.7071699619293212,1.0588809251785278,2.5541684225312545e-05,3.913470993117011,27860,,,,,,,,,,,
0.7053451061248779,1.024859070777893,2.5524125579435314e-05,3.9162803764573675,27880,,,,,,,,,,,
0.7475285053253173,1.0494470596313477,2.5506566933558086e-05,3.9190897597977243,27900,,,,,,,,,,,
0.7264833927154541,1.0747138261795044,2.5489008287680854e-05,3.921899143138081,27920,,,,,,,,,,,
0.7928114891052246,0.9344415068626404,2.5471449641803626e-05,3.924708526478438,27940,,,,,,,,,,,
0.7280860900878906,0.9151347875595093,2.5453890995926394e-05,3.927517909818795,27960,,,,,,,,,,,
0.7892877578735351,0.9848816990852356,2.5436332350049162e-05,3.9303272931591513,27980,,,,,,,,,,,
0.7420388221740722,0.9297309517860413,2.5418773704171934e-05,3.933136676499508,28000,,,,,,,,,,,
0.7485658168792725,0.9563893675804138,2.5401215058294702e-05,3.935946059839865,28020,,,,,,,,,,,
0.7574898719787597,1.0143288373947144,2.5383656412417478e-05,3.938755443180222,28040,,,,,,,,,,,
0.7191089153289795,0.9040270447731018,2.536609776654025e-05,3.9415648265205787,28060,,,,,,,,,,,
0.7356045722961426,1.058711290359497,2.5348539120663018e-05,3.9443742098609356,28080,,,,,,,,,,,
0.7566074848175048,1.037069320678711,2.5330980474785786e-05,3.9471835932012924,28100,,,,,,,,,,,
0.7554372787475586,0.959767758846283,2.5313421828908558e-05,3.9499929765416493,28120,,,,,,,,,,,
0.7210883140563965,1.0511071681976318,2.5295863183031326e-05,3.952802359882006,28140,,,,,,,,,,,
0.6963351726531982,0.925613522529602,2.5278304537154094e-05,3.9556117432223625,28160,,,,,,,,,,,
0.7299379825592041,1.1049673557281494,2.5260745891276866e-05,3.9584211265627194,28180,,,,,,,,,,,
0.7038129806518555,0.9142880439758301,2.5243187245399635e-05,3.9612305099030762,28200,,,,,,,,,,,
0.736396598815918,0.9510478377342224,2.5225628599522406e-05,3.964039893243433,28220,,,,,,,,,,,
0.7049097061157227,1.0010905265808105,2.5208069953645175e-05,3.96684927658379,28240,,,,,,,,,,,
0.7268210411071777,0.9451985955238342,2.5190511307767943e-05,3.969658659924147,28260,,,,,,,,,,,
0.7355950355529786,1.0839643478393555,2.5172952661890715e-05,3.972468043264503,28280,,,,,,,,,,,
0.7606065750122071,0.9571624398231506,2.5155394016013483e-05,3.97527742660486,28300,,,,,,,,,,,
0.724360990524292,1.014846920967102,2.5137835370136258e-05,3.978086809945217,28320,,,,,,,,,,,
0.7237130641937256,0.9821950793266296,2.512027672425903e-05,3.9808961932855738,28340,,,,,,,,,,,
0.7188209056854248,0.9360708594322205,2.51027180783818e-05,3.9837055766259306,28360,,,,,,,,,,,
0.7378279209136963,0.9850886464118958,2.5085159432504567e-05,3.9865149599662875,28380,,,,,,,,,,,
0.7148366451263428,1.0519108772277832,2.506760078662734e-05,3.9893243433066443,28400,,,,,,,,,,,
0.7403402328491211,1.025747299194336,2.5050042140750107e-05,3.992133726647001,28420,,,,,,,,,,,
0.7215595245361328,0.9102288484573364,2.503248349487288e-05,3.994943109987358,28440,,,,,,,,,,,
0.7456607341766357,1.0277055501937866,2.5014924848995647e-05,3.9977524933277144,28460,,,,,,,,,,,
,,,4.0,28476,1.2574292421340942,31.05277423040223,52.7408220863405,218.8799,15.556,0.973,,,,,
0.7215258598327636,0.8369419574737549,2.4997366203118415e-05,4.000561876668072,28480,,,,,,,,,,,
0.6758138179779053,0.9439132809638977,2.4979807557241187e-05,4.003371260008429,28500,,,,,,,,,,,
0.7045763492584228,1.0794790983200073,2.4962248911363955e-05,4.0061806433487845,28520,,,,,,,,,,,
0.7186619758605957,1.0435634851455688,2.4944690265486727e-05,4.008990026689141,28540,,,,,,,,,,,
0.7078612804412842,0.9327024817466736,2.49271316196095e-05,4.011799410029498,28560,,,,,,,,,,,
0.6866329669952392,0.8378539681434631,2.4909572973732267e-05,4.014608793369855,28580,,,,,,,,,,,
0.7081385135650635,1.037609577178955,2.4892014327855036e-05,4.017418176710212,28600,,,,,,,,,,,
0.70487380027771,0.9684315919876099,2.4874455681977807e-05,4.020227560050569,28620,,,,,,,,,,,
0.6723687171936035,1.0106379985809326,2.4856897036100576e-05,4.023036943390926,28640,,,,,,,,,,,
0.6760415077209473,1.0653064250946045,2.4839338390223347e-05,4.0258463267312825,28660,,,,,,,,,,,
0.7017289638519287,0.9323519468307495,2.4821779744346116e-05,4.028655710071639,28680,,,,,,,,,,,
0.6796344757080078,0.9816128611564636,2.4804221098468887e-05,4.031465093411996,28700,,,,,,,,,,,
0.7143443107604981,0.9932485222816467,2.478666245259166e-05,4.034274476752353,28720,,,,,,,,,,,
0.6750392913818359,1.0480577945709229,2.4769103806714428e-05,4.03708386009271,28740,,,,,,,,,,,
0.724467658996582,1.0532026290893555,2.4751545160837196e-05,4.039893243433067,28760,,,,,,,,,,,
0.659907865524292,1.0398340225219727,2.4733986514959968e-05,4.042702626773424,28780,,,,,,,,,,,
0.6996545314788818,0.9396120309829712,2.4716427869082736e-05,4.04551201011378,28800,,,,,,,,,,,
0.7204383850097656,1.1002379655838013,2.4698869223205508e-05,4.048321393454136,28820,,,,,,,,,,,
0.6744214057922363,0.9479652643203735,2.468131057732828e-05,4.051130776794493,28840,,,,,,,,,,,
0.6993057250976562,1.0359382629394531,2.4663751931451048e-05,4.05394016013485,28860,,,,,,,,,,,
0.6726364135742188,1.0377117395401,2.464619328557382e-05,4.056749543475207,28880,,,,,,,,,,,
0.694825267791748,0.896785318851471,2.4628634639696588e-05,4.059558926815564,28900,,,,,,,,,,,
0.6942718029022217,0.9719318747520447,2.4611075993819356e-05,4.062368310155921,28920,,,,,,,,,,,
0.7032086372375488,0.9973121285438538,2.4593517347942128e-05,4.0651776934962776,28940,,,,,,,,,,,
0.709077787399292,0.9928959012031555,2.4575958702064896e-05,4.067987076836634,28960,,,,,,,,,,,
0.7123590469360351,0.9978083968162537,2.4558400056187668e-05,4.070796460176991,28980,,,,,,,,,,,
0.700844144821167,1.0147862434387207,2.454084141031044e-05,4.073605843517348,29000,,,,,,,,,,,
0.7134326934814453,1.0788633823394775,2.4523282764433208e-05,4.076415226857705,29020,,,,,,,,,,,
0.684203815460205,1.1392818689346313,2.4505724118555977e-05,4.079224610198062,29040,,,,,,,,,,,
0.6816252708435059,1.1066534519195557,2.448816547267875e-05,4.082033993538419,29060,,,,,,,,,,,
0.6709751605987548,0.9215902090072632,2.4470606826801517e-05,4.0848433768787755,29080,,,,,,,,,,,
0.6816588878631592,0.9535132050514221,2.445304818092429e-05,4.0876527602191315,29100,,,,,,,,,,,
0.680911636352539,1.02778160572052,2.4435489535047057e-05,4.090462143559488,29120,,,,,,,,,,,
0.6589026927947998,1.0313184261322021,2.441793088916983e-05,4.093271526899845,29140,,,,,,,,,,,
0.6736758708953857,0.9949127435684204,2.44003722432926e-05,4.096080910240202,29160,,,,,,,,,,,
0.6564080238342285,1.0752198696136475,2.438281359741537e-05,4.098890293580559,29180,,,,,,,,,,,
0.6849829673767089,0.9046923518180847,2.4365254951538137e-05,4.101699676920916,29200,,,,,,,,,,,
0.6891743659973144,0.9828476905822754,2.434769630566091e-05,4.104509060261273,29220,,,,,,,,,,,
0.6635671615600586,0.8635043501853943,2.4330137659783677e-05,4.1073184436016295,29240,,,,,,,,,,,
0.6804720878601074,0.911196768283844,2.431257901390645e-05,4.110127826941986,29260,,,,,,,,,,,
0.6904811382293701,0.8434407114982605,2.429502036802922e-05,4.112937210282343,29280,,,,,,,,,,,
0.6973238468170166,0.9763839840888977,2.427746172215199e-05,4.1157465936227,29300,,,,,,,,,,,
0.6864466190338134,1.0631096363067627,2.425990307627476e-05,4.118555976963057,29320,,,,,,,,,,,
0.6739004135131836,0.9985483288764954,2.424234443039753e-05,4.121365360303414,29340,,,,,,,,,,,
0.6982917308807373,0.9617199301719666,2.4224785784520297e-05,4.124174743643771,29360,,,,,,,,,,,
0.7386975765228272,1.0252922773361206,2.420722713864307e-05,4.1269841269841265,29380,,,,,,,,,,,
0.6922647953033447,1.0188260078430176,2.4189668492765838e-05,4.129793510324483,29400,,,,,,,,,,,
0.692314624786377,1.027732014656067,2.417210984688861e-05,4.13260289366484,29420,,,,,,,,,,,
0.707312536239624,0.936729371547699,2.415455120101138e-05,4.135412277005197,29440,,,,,,,,,,,
0.6919646739959717,1.0555304288864136,2.413699255513415e-05,4.138221660345554,29460,,,,,,,,,,,
0.7026397228240967,1.00272536277771,2.4119433909256918e-05,4.141031043685911,29480,,,,,,,,,,,
0.6755524635314941,0.9824113845825195,2.410187526337969e-05,4.143840427026268,29500,,,,,,,,,,,
0.6804946422576904,1.033477544784546,2.4084316617502458e-05,4.1466498103666245,29520,,,,,,,,,,,
0.6626323223114013,0.9094419479370117,2.406675797162523e-05,4.149459193706981,29540,,,,,,,,,,,
0.7014801979064942,0.9719984531402588,2.4049199325748e-05,4.152268577047338,29560,,,,,,,,,,,
0.6955369472503662,1.050958275794983,2.403164067987077e-05,4.155077960387695,29580,,,,,,,,,,,
0.6796293735504151,1.0199629068374634,2.401408203399354e-05,4.157887343728052,29600,,,,,,,,,,,
0.6800844669342041,0.8805252909660339,2.399652338811631e-05,4.160696727068409,29620,,,,,,,,,,,
0.6859852790832519,0.9411827325820923,2.3978964742239078e-05,4.163506110408766,29640,,,,,,,,,,,
0.6884975910186768,0.9417526721954346,2.396140609636185e-05,4.1663154937491225,29660,,,,,,,,,,,
0.6717116355895996,1.0863077640533447,2.3943847450484618e-05,4.169124877089478,29680,,,,,,,,,,,
0.6780695915222168,0.9229677319526672,2.392628880460739e-05,4.171934260429835,29700,,,,,,,,,,,
0.7229629516601562,0.9561164975166321,2.390873015873016e-05,4.174743643770192,29720,,,,,,,,,,,
0.6663322448730469,0.96073317527771,2.389117151285293e-05,4.177553027110549,29740,,,,,,,,,,,
0.6812888145446777,0.917094886302948,2.3873612866975702e-05,4.180362410450906,29760,,,,,,,,,,,
0.6830216884613037,0.989255964756012,2.385605422109847e-05,4.183171793791263,29780,,,,,,,,,,,
0.6465689182281494,1.0518577098846436,2.383849557522124e-05,4.1859811771316195,29800,,,,,,,,,,,
0.6914440155029297,0.9760631322860718,2.382093692934401e-05,4.188790560471976,29820,,,,,,,,,,,
0.7141756534576416,0.9875810146331787,2.380337828346678e-05,4.191599943812333,29840,,,,,,,,,,,
0.6835090637207031,0.9849404096603394,2.378581963758955e-05,4.19440932715269,29860,,,,,,,,,,,
0.7296414852142334,0.9182900786399841,2.3768260991712322e-05,4.197218710493047,29880,,,,,,,,,,,
0.7129501342773438,0.9804863333702087,2.375070234583509e-05,4.200028093833404,29900,,,,,,,,,,,
0.6597753524780273,0.847174882888794,2.373314369995786e-05,4.202837477173761,29920,,,,,,,,,,,
0.6777458667755127,1.2569684982299805,2.371558505408063e-05,4.2056468605141175,29940,,,,,,,,,,,
0.6762174129486084,0.9646151661872864,2.36980264082034e-05,4.208456243854474,29960,,,,,,,,,,,
0.6933462142944335,0.9452655911445618,2.368046776232617e-05,4.21126562719483,29980,,,,,,,,,,,
0.6948890209197998,0.913223385810852,2.3662909116448942e-05,4.214075010535187,30000,,,,,,,,,,,
0.7064748287200928,1.04041588306427,2.364535047057171e-05,4.216884393875544,30020,,,,,,,,,,,
0.7168008327484131,0.8991525173187256,2.3627791824694482e-05,4.219693777215901,30040,,,,,,,,,,,
0.6684093475341797,0.9446523189544678,2.361023317881725e-05,4.222503160556258,30060,,,,,,,,,,,
0.6915107250213623,0.9982849955558777,2.359267453294002e-05,4.225312543896615,30080,,,,,,,,,,,
0.6633745670318604,0.9466603398323059,2.357511588706279e-05,4.2281219272369714,30100,,,,,,,,,,,
0.6632725715637207,0.9722281694412231,2.355755724118556e-05,4.230931310577328,30120,,,,,,,,,,,
0.669691514968872,1.0165202617645264,2.353999859530833e-05,4.233740693917685,30140,,,,,,,,,,,
0.6707588195800781,1.0024341344833374,2.3522439949431103e-05,4.236550077258042,30160,,,,,,,,,,,
0.6671102046966553,1.024283528327942,2.350488130355387e-05,4.239359460598399,30180,,,,,,,,,,,
0.6477215766906739,0.9315404295921326,2.3487322657676643e-05,4.242168843938756,30200,,,,,,,,,,,
0.6691487789154053,1.1009716987609863,2.346976401179941e-05,4.244978227279113,30220,,,,,,,,,,,
0.7099855899810791,0.9337359666824341,2.345220536592218e-05,4.247787610619469,30240,,,,,,,,,,,
0.6511959075927735,1.0244485139846802,2.343464672004495e-05,4.250596993959826,30260,,,,,,,,,,,
0.7000852108001709,0.9729832410812378,2.341708807416772e-05,4.253406377300182,30280,,,,,,,,,,,
0.6466588020324707,0.9755544662475586,2.339952942829049e-05,4.256215760640539,30300,,,,,,,,,,,
0.6645499229431152,0.8516811728477478,2.3381970782413263e-05,4.259025143980896,30320,,,,,,,,,,,
0.6656020641326904,0.9901183843612671,2.336441213653603e-05,4.261834527321253,30340,,,,,,,,,,,
0.708015251159668,1.055363416671753,2.33468534906588e-05,4.26464391066161,30360,,,,,,,,,,,
0.6821621894836426,0.9654529690742493,2.332929484478157e-05,4.2674532940019665,30380,,,,,,,,,,,
0.7024363994598388,1.0879669189453125,2.331173619890434e-05,4.270262677342323,30400,,,,,,,,,,,
0.6624842643737793,0.9757082462310791,2.3294177553027112e-05,4.27307206068268,30420,,,,,,,,,,,
0.6903964042663574,0.9137369394302368,2.3276618907149883e-05,4.275881444023037,30440,,,,,,,,,,,
0.6713666439056396,1.2217735052108765,2.3259060261272652e-05,4.278690827363394,30460,,,,,,,,,,,
0.6845186233520508,0.9424266219139099,2.3241501615395424e-05,4.281500210703751,30480,,,,,,,,,,,
0.7018204689025879,0.9798784255981445,2.3223942969518192e-05,4.284309594044108,30500,,,,,,,,,,,
0.6473361015319824,0.9866315722465515,2.320638432364096e-05,4.2871189773844645,30520,,,,,,,,,,,
0.6596522331237793,0.9428881406784058,2.3188825677763732e-05,4.289928360724821,30540,,,,,,,,,,,
0.6883882045745849,0.874157726764679,2.31712670318865e-05,4.292737744065178,30560,,,,,,,,,,,
0.685419750213623,1.0250211954116821,2.3153708386009272e-05,4.295547127405534,30580,,,,,,,,,,,
0.6687264442443848,1.0774157047271729,2.3136149740132044e-05,4.298356510745891,30600,,,,,,,,,,,
0.6959712982177735,1.0150893926620483,2.3118591094254812e-05,4.301165894086248,30620,,,,,,,,,,,
0.669627571105957,0.9304139018058777,2.3101032448377584e-05,4.303975277426605,30640,,,,,,,,,,,
0.689686632156372,0.918394148349762,2.3083473802500352e-05,4.3067846607669615,30660,,,,,,,,,,,
0.6674697875976563,0.8370318412780762,2.306591515662312e-05,4.309594044107318,30680,,,,,,,,,,,
0.7028112411499023,0.9011165499687195,2.3048356510745892e-05,4.312403427447675,30700,,,,,,,,,,,
0.6909549236297607,1.021748423576355,2.303079786486866e-05,4.315212810788032,30720,,,,,,,,,,,
0.6741316795349122,0.9097349047660828,2.3013239218991432e-05,4.318022194128389,30740,,,,,,,,,,,
0.7194395542144776,0.9795762300491333,2.2995680573114204e-05,4.320831577468746,30760,,,,,,,,,,,
0.7179579734802246,0.9604281187057495,2.2978121927236973e-05,4.323640960809103,30780,,,,,,,,,,,
0.6700192928314209,0.9323322176933289,2.2960563281359744e-05,4.3264503441494595,30800,,,,,,,,,,,
0.6947330474853516,0.8919677138328552,2.2943004635482513e-05,4.329259727489816,30820,,,,,,,,,,,
0.6481053352355957,0.9934174418449402,2.292544598960528e-05,4.332069110830172,30840,,,,,,,,,,,
0.670877742767334,0.8814948201179504,2.2907887343728053e-05,4.334878494170529,30860,,,,,,,,,,,
0.7117328643798828,1.0549927949905396,2.2890328697850825e-05,4.337687877510886,30880,,,,,,,,,,,
0.6412826538085937,0.9191443920135498,2.2872770051973593e-05,4.340497260851243,30900,,,,,,,,,,,
0.6982048511505127,1.0576083660125732,2.2855211406096365e-05,4.3433066441916,30920,,,,,,,,,,,
0.6983481407165527,0.9928285479545593,2.2837652760219133e-05,4.346116027531957,30940,,,,,,,,,,,
0.6553725719451904,0.9752576947212219,2.28200941143419e-05,4.348925410872313,30960,,,,,,,,,,,
0.6814993381500244,0.9553484916687012,2.2802535468464673e-05,4.35173479421267,30980,,,,,,,,,,,
0.687076187133789,1.0282728672027588,2.278497682258744e-05,4.354544177553027,31000,,,,,,,,,,,
0.6680812835693359,0.9171397089958191,2.2767418176710213e-05,4.357353560893384,31020,,,,,,,,,,,
0.7174051761627197,1.160239815711975,2.2749859530832985e-05,4.360162944233741,31040,,,,,,,,,,,
0.6401240348815918,0.938251256942749,2.2732300884955753e-05,4.362972327574098,31060,,,,,,,,,,,
0.688026237487793,0.9334160089492798,2.2714742239078525e-05,4.3657817109144545,31080,,,,,,,,,,,
0.6445491790771485,1.0167043209075928,2.2697183593201293e-05,4.368591094254811,31100,,,,,,,,,,,
0.6754299163818359,1.0323346853256226,2.2679624947324062e-05,4.371400477595168,31120,,,,,,,,,,,
0.6749567985534668,0.9949754476547241,2.2662066301446833e-05,4.374209860935524,31140,,,,,,,,,,,
0.6431224346160889,0.9896761775016785,2.2644507655569602e-05,4.377019244275881,31160,,,,,,,,,,,
0.6748500347137452,0.9743965864181519,2.2626949009692374e-05,4.379828627616238,31180,,,,,,,,,,,
0.6920698642730713,1.002682089805603,2.2609390363815145e-05,4.382638010956595,31200,,,,,,,,,,,
0.6541292667388916,1.0723357200622559,2.2591831717937914e-05,4.385447394296952,31220,,,,,,,,,,,
0.7032871723175049,1.039662480354309,2.2574273072060685e-05,4.3882567776373085,31240,,,,,,,,,,,
0.6426041603088379,0.8836871385574341,2.2556714426183454e-05,4.391066160977665,31260,,,,,,,,,,,
0.6929197311401367,0.9945567846298218,2.2539155780306222e-05,4.393875544318022,31280,,,,,,,,,,,
0.6709715366363526,1.1493737697601318,2.2521597134428994e-05,4.396684927658379,31300,,,,,,,,,,,
0.688617753982544,0.9555910229682922,2.2504038488551766e-05,4.399494310998736,31320,,,,,,,,,,,
0.6729062080383301,0.9771578907966614,2.2486479842674534e-05,4.402303694339093,31340,,,,,,,,,,,
0.6491270542144776,1.011364221572876,2.2468921196797306e-05,4.40511307767945,31360,,,,,,,,,,,
0.6885980606079102,1.1085128784179688,2.2451362550920074e-05,4.4079224610198064,31380,,,,,,,,,,,
0.6826406955718994,1.0270812511444092,2.2433803905042842e-05,4.410731844360163,31400,,,,,,,,,,,
0.6611810684204101,0.9588797688484192,2.2416245259165614e-05,4.41354122770052,31420,,,,,,,,,,,
0.6835554599761963,0.9666247367858887,2.2398686613288383e-05,4.416350611040876,31440,,,,,,,,,,,
0.6652565479278565,0.9660503268241882,2.2381127967411154e-05,4.419159994381233,31460,,,,,,,,,,,
0.7050697803497314,0.9558506608009338,2.2363569321533926e-05,4.42196937772159,31480,,,,,,,,,,,
0.6589644432067872,1.0104724168777466,2.2346010675656694e-05,4.424778761061947,31500,,,,,,,,,,,
0.6814188480377197,0.9748637676239014,2.2328452029779466e-05,4.4275881444023035,31520,,,,,,,,,,,
0.6301725387573243,0.9497656226158142,2.2310893383902234e-05,4.43039752774266,31540,,,,,,,,,,,
0.6596530437469482,0.9288358092308044,2.2293334738025003e-05,4.433206911083017,31560,,,,,,,,,,,
0.6631431102752685,1.0179026126861572,2.2275776092147775e-05,4.436016294423374,31580,,,,,,,,,,,
0.6030393123626709,0.9101423621177673,2.2258217446270543e-05,4.438825677763731,31600,,,,,,,,,,,
0.6404005527496338,0.8706449270248413,2.2240658800393315e-05,4.441635061104088,31620,,,,,,,,,,,
0.6736539840698242,1.0615761280059814,2.2223100154516086e-05,4.444444444444445,31640,,,,,,,,,,,
0.6622154712677002,0.995559573173523,2.2205541508638855e-05,4.4472538277848015,31660,,,,,,,,,,,
0.6875409603118896,1.0312129259109497,2.2187982862761626e-05,4.450063211125158,31680,,,,,,,,,,,
0.6728034496307373,1.0422568321228027,2.2170424216884395e-05,4.452872594465515,31700,,,,,,,,,,,
0.6943518161773682,0.9354109168052673,2.2152865571007163e-05,4.455681977805872,31720,,,,,,,,,,,
0.6718730449676513,1.0630319118499756,2.2135306925129935e-05,4.458491361146228,31740,,,,,,,,,,,
0.6793089866638183,0.9962494373321533,2.2117748279252707e-05,4.461300744486585,31760,,,,,,,,,,,
0.6772568702697754,1.1704341173171997,2.2100189633375475e-05,4.464110127826942,31780,,,,,,,,,,,
0.6637767791748047,1.0146138668060303,2.2082630987498247e-05,4.466919511167299,31800,,,,,,,,,,,
0.6862601280212403,0.9016526937484741,2.2065072341621015e-05,4.469728894507655,31820,,,,,,,,,,,
0.6964840888977051,1.0565208196640015,2.2047513695743783e-05,4.472538277848012,31840,,,,,,,,,,,
0.677344799041748,1.0128333568572998,2.2029955049866555e-05,4.475347661188369,31860,,,,,,,,,,,
0.6845171451568604,0.9201570749282837,2.2012396403989324e-05,4.478157044528726,31880,,,,,,,,,,,
0.6352252960205078,0.9563872218132019,2.1994837758112095e-05,4.480966427869083,31900,,,,,,,,,,,
0.647219467163086,0.9432892799377441,2.1977279112234867e-05,4.48377581120944,31920,,,,,,,,,,,
0.6602154731750488,1.0856910943984985,2.1959720466357635e-05,4.4865851945497965,31940,,,,,,,,,,,
0.6944214820861816,1.1020784378051758,2.1942161820480407e-05,4.489394577890153,31960,,,,,,,,,,,
0.6588245391845703,0.942294716835022,2.1924603174603176e-05,4.49220396123051,31980,,,,,,,,,,,
0.6567928314208984,0.9392099380493164,2.1907044528725944e-05,4.495013344570867,32000,,,,,,,,,,,
0.6745669841766357,0.9551591873168945,2.1889485882848716e-05,4.497822727911224,32020,,,,,,,,,,,
0.6851192951202393,1.0092769861221313,2.1871927236971484e-05,4.50063211125158,32040,,,,,,,,,,,
0.6546363830566406,1.0025182962417603,2.1854368591094256e-05,4.503441494591937,32060,,,,,,,,,,,
0.6587400913238526,1.0132519006729126,2.1836809945217027e-05,4.506250877932294,32080,,,,,,,,,,,
0.6587121963500977,1.0428857803344727,2.1819251299339796e-05,4.5090602612726505,32100,,,,,,,,,,,
0.6656097412109375,1.0200263261795044,2.1801692653462568e-05,4.511869644613007,32120,,,,,,,,,,,
0.6457268714904785,1.0116604566574097,2.1784134007585336e-05,4.514679027953364,32140,,,,,,,,,,,
0.6661375522613525,1.0868028402328491,2.1766575361708104e-05,4.517488411293721,32160,,,,,,,,,,,
0.6238853931427002,0.9392422437667847,2.1749016715830876e-05,4.520297794634078,32180,,,,,,,,,,,
0.6425033569335937,0.9845715761184692,2.1731458069953648e-05,4.523107177974435,32200,,,,,,,,,,,
0.6354236602783203,1.0139425992965698,2.1713899424076416e-05,4.525916561314792,32220,,,,,,,,,,,
0.6520110607147217,1.0537577867507935,2.1696340778199188e-05,4.528725944655148,32240,,,,,,,,,,,
0.6292820930480957,0.9283732175827026,2.1678782132321956e-05,4.531535327995505,32260,,,,,,,,,,,
0.663410758972168,0.8849554061889648,2.1661223486444725e-05,4.534344711335862,32280,,,,,,,,,,,
0.6592840671539306,1.0796401500701904,2.1643664840567496e-05,4.537154094676218,32300,,,,,,,,,,,
0.6726996421813964,0.989213228225708,2.1626106194690265e-05,4.539963478016576,32320,,,,,,,,,,,
0.6860161781311035,0.9449489116668701,2.1608547548813036e-05,4.542772861356932,32340,,,,,,,,,,,
0.6652561664581299,0.8641034960746765,2.1590988902935808e-05,4.545582244697289,32360,,,,,,,,,,,
0.6394932746887207,1.0247328281402588,2.1573430257058577e-05,4.5483916280376455,32380,,,,,,,,,,,
0.6752737998962403,0.9794586300849915,2.1555871611181348e-05,4.551201011378002,32400,,,,,,,,,,,
0.6741720199584961,0.9320371747016907,2.1538312965304117e-05,4.554010394718359,32420,,,,,,,,,,,
0.6553902149200439,0.8737993240356445,2.1520754319426885e-05,4.556819778058716,32440,,,,,,,,,,,
0.6894552707672119,1.091931939125061,2.1503195673549657e-05,4.559629161399073,32460,,,,,,,,,,,
0.6320390224456787,0.9101609587669373,2.1485637027672425e-05,4.56243854473943,32480,,,,,,,,,,,
0.6595275402069092,1.1264947652816772,2.1468078381795197e-05,4.565247928079787,32500,,,,,,,,,,,
0.6863648414611816,0.969748854637146,2.145051973591797e-05,4.5680573114201435,32520,,,,,,,,,,,
0.6497896671295166,0.980292558670044,2.1432961090040737e-05,4.5708666947605,32540,,,,,,,,,,,
0.6386302471160888,0.9237948656082153,2.141540244416351e-05,4.573676078100857,32560,,,,,,,,,,,
0.6385756492614746,0.8765919804573059,2.1397843798286277e-05,4.576485461441214,32580,,,,,,,,,,,
0.7006627082824707,1.0061140060424805,2.1380285152409045e-05,4.57929484478157,32600,,,,,,,,,,,
0.6511322498321533,0.8175804018974304,2.1362726506531817e-05,4.582104228121927,32620,,,,,,,,,,,
0.6629640579223632,0.9174416661262512,2.134516786065459e-05,4.584913611462284,32640,,,,,,,,,,,
0.6228631019592286,0.9887819290161133,2.1327609214777357e-05,4.587722994802641,32660,,,,,,,,,,,
0.6522645473480224,0.9183735847473145,2.131005056890013e-05,4.590532378142997,32680,,,,,,,,,,,
0.673021650314331,0.9958322048187256,2.1292491923022897e-05,4.593341761483354,32700,,,,,,,,,,,
0.6158102035522461,0.9026579260826111,2.1274933277145666e-05,4.596151144823711,32720,,,,,,,,,,,
0.6371292114257813,0.883518397808075,2.1257374631268437e-05,4.598960528164068,32740,,,,,,,,,,,
0.6415587425231933,0.979139506816864,2.1239815985391206e-05,4.601769911504425,32760,,,,,,,,,,,
0.6454097270965576,0.9714776277542114,2.1222257339513977e-05,4.604579294844782,32780,,,,,,,,,,,
0.6758083820343017,1.364425778388977,2.120469869363675e-05,4.6073886781851385,32800,,,,,,,,,,,
0.6727231025695801,0.9398746490478516,2.1187140047759518e-05,4.610198061525495,32820,,,,,,,,,,,
0.6414830684661865,0.7911815047264099,2.116958140188229e-05,4.613007444865852,32840,,,,,,,,,,,
0.652339506149292,1.035538911819458,2.1152022756005058e-05,4.615816828206209,32860,,,,,,,,,,,
0.6901825904846192,0.9495025277137756,2.1134464110127826e-05,4.618626211546566,32880,,,,,,,,,,,
0.643642520904541,0.8935615420341492,2.1116905464250598e-05,4.621435594886922,32900,,,,,,,,,,,
0.6507730484008789,0.9843910336494446,2.1099346818373366e-05,4.624244978227279,32920,,,,,,,,,,,
0.632395601272583,0.9730165004730225,2.1081788172496138e-05,4.627054361567636,32940,,,,,,,,,,,
0.6659890651702881,1.0522185564041138,2.106422952661891e-05,4.6298637449079925,32960,,,,,,,,,,,
0.6455844402313232,1.059178113937378,2.1046670880741678e-05,4.632673128248349,32980,,,,,,,,,,,
0.6683914184570312,0.9085305333137512,2.102911223486445e-05,4.635482511588706,33000,,,,,,,,,,,
0.6712120056152344,0.9716918468475342,2.1011553588987218e-05,4.638291894929063,33020,,,,,,,,,,,
0.6778077125549317,0.9490017294883728,2.0993994943109986e-05,4.64110127826942,33040,,,,,,,,,,,
0.697191858291626,0.8596245050430298,2.0976436297232758e-05,4.643910661609777,33060,,,,,,,,,,,
0.6650163173675537,1.128108024597168,2.095887765135553e-05,4.646720044950134,33080,,,,,,,,,,,
0.6625571727752686,1.5929208993911743,2.0941319005478298e-05,4.64952942829049,33100,,,,,,,,,,,
0.673959493637085,1.005154013633728,2.092376035960107e-05,4.652338811630847,33120,,,,,,,,,,,
0.6677985668182373,1.0671391487121582,2.090620171372384e-05,4.655148194971204,33140,,,,,,,,,,,
0.6668593406677246,0.9384015202522278,2.0888643067846607e-05,4.657957578311561,33160,,,,,,,,,,,
0.6732555866241455,0.9849667549133301,2.087108442196938e-05,4.660766961651918,33180,,,,,,,,,,,
0.6864928722381591,0.9962148666381836,2.0853525776092147e-05,4.663576344992274,33200,,,,,,,,,,,
0.6716468811035157,1.0522656440734863,2.083596713021492e-05,4.666385728332631,33220,,,,,,,,,,,
0.6529886245727539,0.8822439312934875,2.081840848433769e-05,4.6691951116729875,33240,,,,,,,,,,,
0.6555006504058838,0.9094836711883545,2.080084983846046e-05,4.672004495013344,33260,,,,,,,,,,,
0.6488069057464599,0.8879802823066711,2.078329119258323e-05,4.674813878353701,33280,,,,,,,,,,,
0.665614652633667,0.9985863566398621,2.0765732546706e-05,4.677623261694058,33300,,,,,,,,,,,
0.6576672077178956,0.9378199577331543,2.0748173900828767e-05,4.680432645034415,33320,,,,,,,,,,,
0.6471871852874755,1.0441173315048218,2.073061525495154e-05,4.683242028374772,33340,,,,,,,,,,,
0.6435020446777344,1.0646402835845947,2.071305660907431e-05,4.686051411715129,33360,,,,,,,,,,,
0.6270434856414795,1.0101356506347656,2.069549796319708e-05,4.6888607950554855,33380,,,,,,,,,,,
0.6678205966949463,1.0338636636734009,2.067793931731985e-05,4.691670178395842,33400,,,,,,,,,,,
0.6815176486968995,0.9888825416564941,2.066038067144262e-05,4.694479561736199,33420,,,,,,,,,,,
0.6668926239013672,1.0269261598587036,2.064282202556539e-05,4.697288945076556,33440,,,,,,,,,,,
0.6529177188873291,0.9927153587341309,2.062526337968816e-05,4.700098328416912,33460,,,,,,,,,,,
0.6883174896240234,1.0711143016815186,2.0607704733810928e-05,4.70290771175727,33480,,,,,,,,,,,
0.6777326583862304,0.9999718070030212,2.05901460879337e-05,4.705717095097626,33500,,,,,,,,,,,
0.6511477470397949,1.0019986629486084,2.057258744205647e-05,4.7085264784379826,33520,,,,,,,,,,,
0.6509536266326904,0.9737887382507324,2.055502879617924e-05,4.711335861778339,33540,,,,,,,,,,,
0.6774301052093505,1.0734511613845825,2.053747015030201e-05,4.714145245118696,33560,,,,,,,,,,,
0.641637659072876,0.9487470388412476,2.051991150442478e-05,4.716954628459053,33580,,,,,,,,,,,
0.6370980262756347,0.9668517112731934,2.0502352858547548e-05,4.71976401179941,33600,,,,,,,,,,,
0.6316461563110352,1.0741926431655884,2.048479421267032e-05,4.722573395139767,33620,,,,,,,,,,,
0.6834230899810791,1.0033124685287476,2.0467235566793088e-05,4.725382778480124,33640,,,,,,,,,,,
0.6341582775115967,0.9888282418251038,2.044967692091586e-05,4.7281921618204805,33660,,,,,,,,,,,
0.6175367832183838,1.0309655666351318,2.043211827503863e-05,4.731001545160837,33680,,,,,,,,,,,
0.6502143859863281,0.9587962627410889,2.04145596291614e-05,4.733810928501194,33700,,,,,,,,,,,
0.6356601238250732,0.8389551043510437,2.039700098328417e-05,4.736620311841551,33720,,,,,,,,,,,
0.6453314304351807,0.9088889360427856,2.037944233740694e-05,4.739429695181908,33740,,,,,,,,,,,
0.6387603282928467,0.975561261177063,2.0361883691529708e-05,4.742239078522264,33760,,,,,,,,,,,
0.6773000240325928,1.0099244117736816,2.034432504565248e-05,4.745048461862622,33780,,,,,,,,,,,
0.65015869140625,0.9939950108528137,2.032676639977525e-05,4.747857845202978,33800,,,,,,,,,,,
0.6634191989898681,0.9713401794433594,2.030920775389802e-05,4.7506672285433345,33820,,,,,,,,,,,
0.6284576892852783,1.0558133125305176,2.0291649108020792e-05,4.753476611883691,33840,,,,,,,,,,,
0.6550449848175048,0.899275004863739,2.027409046214356e-05,4.756285995224048,33860,,,,,,,,,,,
0.6583653450012207,1.0416467189788818,2.0256531816266332e-05,4.759095378564405,33880,,,,,,,,,,,
0.6101549148559571,0.935057520866394,2.02389731703891e-05,4.761904761904762,33900,,,,,,,,,,,
0.6332032680511475,1.026352047920227,2.022141452451187e-05,4.764714145245119,33920,,,,,,,,,,,
0.6751615524291992,1.0576279163360596,2.020385587863464e-05,4.767523528585476,33940,,,,,,,,,,,
0.6889859676361084,1.077300786972046,2.0186297232757412e-05,4.770332911925832,33960,,,,,,,,,,,
0.6360154628753663,1.2009350061416626,2.016873858688018e-05,4.773142295266189,33980,,,,,,,,,,,
0.6392787456512451,1.0151082277297974,2.0151179941002952e-05,4.775951678606546,34000,,,,,,,,,,,
0.6240377426147461,0.9328611493110657,2.013362129512572e-05,4.778761061946903,34020,,,,,,,,,,,
0.6777299880981446,1.0592615604400635,2.011606264924849e-05,4.78157044528726,34040,,,,,,,,,,,
0.6636344432830811,0.9381381869316101,2.009850400337126e-05,4.784379828627616,34060,,,,,,,,,,,
0.620441198348999,0.8808164000511169,2.008094535749403e-05,4.787189211967973,34080,,,,,,,,,,,
0.6537383079528809,1.0180295705795288,2.00633867116168e-05,4.7899985953083295,34100,,,,,,,,,,,
0.6405442237854004,0.959231972694397,2.0045828065739572e-05,4.792807978648686,34120,,,,,,,,,,,
0.6895120143890381,1.1519423723220825,2.002826941986234e-05,4.795617361989043,34140,,,,,,,,,,,
0.6773069381713868,0.8776540756225586,2.0010710773985113e-05,4.7984267453294,34160,,,,,,,,,,,
0.6876272201538086,0.8624206781387329,1.999315212810788e-05,4.801236128669757,34180,,,,,,,,,,,
0.6213302612304688,0.9581570625305176,1.997559348223065e-05,4.804045512010114,34200,,,,,,,,,,,
0.6447124481201172,1.0448209047317505,1.995803483635342e-05,4.806854895350471,34220,,,,,,,,,,,
0.672312879562378,0.8683621287345886,1.9940476190476193e-05,4.8096642786908275,34240,,,,,,,,,,,
0.6847354888916015,0.968651294708252,1.992291754459896e-05,4.812473662031184,34260,,,,,,,,,,,
0.6361368656158447,0.99721759557724,1.9905358898721733e-05,4.815283045371541,34280,,,,,,,,,,,
0.6377645015716553,0.9350873827934265,1.98878002528445e-05,4.818092428711898,34300,,,,,,,,,,,
0.6594292640686035,0.9113433957099915,1.9870241606967273e-05,4.820901812052255,34320,,,,,,,,,,,
0.6441089630126953,0.9424786567687988,1.985268296109004e-05,4.823711195392612,34340,,,,,,,,,,,
0.6663233757019043,1.0354818105697632,1.983512431521281e-05,4.826520578732968,34360,,,,,,,,,,,
0.6581522941589355,0.8560912609100342,1.981756566933558e-05,4.8293299620733245,34380,,,,,,,,,,,
0.6285258293151855,1.0455912351608276,1.9800007023458353e-05,4.832139345413681,34400,,,,,,,,,,,
0.6379494667053223,1.191481590270996,1.978244837758112e-05,4.834948728754038,34420,,,,,,,,,,,
0.6618671894073487,0.9824362993240356,1.9764889731703893e-05,4.837758112094395,34440,,,,,,,,,,,
0.6615715503692627,1.0743975639343262,1.974733108582666e-05,4.840567495434752,34460,,,,,,,,,,,
0.6714089870452881,0.9714985489845276,1.972977243994943e-05,4.843376878775109,34480,,,,,,,,,,,
0.6418975830078125,0.9586845636367798,1.9712213794072202e-05,4.846186262115466,34500,,,,,,,,,,,
0.6419045925140381,1.0259642601013184,1.969465514819497e-05,4.8489956454558225,34520,,,,,,,,,,,
0.6142618656158447,0.8964192867279053,1.9677096502317742e-05,4.851805028796179,34540,,,,,,,,,,,
0.6690366744995118,1.055771827697754,1.9659537856440514e-05,4.854614412136536,34560,,,,,,,,,,,
0.6603757381439209,0.9792431592941284,1.9641979210563282e-05,4.857423795476893,34580,,,,,,,,,,,
0.6343520641326904,0.8536009192466736,1.9624420564686054e-05,4.86023317881725,34600,,,,,,,,,,,
0.6645780086517334,0.8430646061897278,1.9606861918808822e-05,4.863042562157607,34620,,,,,,,,,,,
0.6705933094024659,0.9979428648948669,1.958930327293159e-05,4.865851945497964,34640,,,,,,,,,,,
0.6132004261016846,0.9907177090644836,1.9571744627054362e-05,4.86866132883832,34660,,,,,,,,,,,
0.6201415538787842,1.056555151939392,1.9554185981177134e-05,4.871470712178676,34680,,,,,,,,,,,
0.6309309482574463,0.9930055141448975,1.9536627335299902e-05,4.874280095519033,34700,,,,,,,,,,,
0.6238497257232666,0.9667860269546509,1.9519068689422674e-05,4.87708947885939,34720,,,,,,,,,,,
0.618894386291504,0.9986236095428467,1.9501510043545442e-05,4.879898862199747,34740,,,,,,,,,,,
0.6573302745819092,1.0937267541885376,1.9483951397668214e-05,4.882708245540104,34760,,,,,,,,,,,
0.6473061084747315,1.0224806070327759,1.9466392751790982e-05,4.885517628880461,34780,,,,,,,,,,,
0.6311711311340332,1.0481953620910645,1.944883410591375e-05,4.888327012220818,34800,,,,,,,,,,,
0.6346489429473877,0.9248114824295044,1.9431275460036522e-05,4.891136395561174,34820,,,,,,,,,,,
0.656395673751831,0.8680270314216614,1.9413716814159294e-05,4.893945778901531,34840,,,,,,,,,,,
0.7089043617248535,1.0496598482131958,1.9396158168282063e-05,4.896755162241888,34860,,,,,,,,,,,
0.6528884410858155,1.0660603046417236,1.9378599522404834e-05,4.899564545582245,34880,,,,,,,,,,,
0.639606237411499,1.0905028581619263,1.9361040876527603e-05,4.902373928922602,34900,,,,,,,,,,,
0.6680249691009521,0.9157558679580688,1.934348223065037e-05,4.905183312262958,34920,,,,,,,,,,,
0.604127025604248,1.0572144985198975,1.9325923584773143e-05,4.9079926956033155,34940,,,,,,,,,,,
0.6293246746063232,1.06760573387146,1.930836493889591e-05,4.9108020789436715,34960,,,,,,,,,,,
0.65847749710083,1.0307939052581787,1.9290806293018683e-05,4.913611462284028,34980,,,,,,,,,,,
0.633908748626709,0.9603850841522217,1.9273247647141455e-05,4.916420845624385,35000,,,,,,,,,,,
0.630521011352539,1.012994408607483,1.9255689001264223e-05,4.919230228964742,35020,,,,,,,,,,,
0.6632297992706299,0.9636023044586182,1.9238130355386995e-05,4.922039612305099,35040,,,,,,,,,,,
0.6193668842315674,0.9566552639007568,1.9220571709509763e-05,4.924848995645456,35060,,,,,,,,,,,
0.6590742588043212,0.8770633339881897,1.920301306363253e-05,4.927658378985813,35080,,,,,,,,,,,
0.6285995483398438,0.9272529482841492,1.9185454417755303e-05,4.9304677623261695,35100,,,,,,,,,,,
0.6066041946411133,0.8734780550003052,1.9167895771878075e-05,4.933277145666526,35120,,,,,,,,,,,
0.632844066619873,0.9430235624313354,1.9150337126000843e-05,4.936086529006883,35140,,,,,,,,,,,
0.646213960647583,0.9429817199707031,1.9132778480123615e-05,4.93889591234724,35160,,,,,,,,,,,
0.624451732635498,0.843450129032135,1.9115219834246383e-05,4.941705295687597,35180,,,,,,,,,,,
0.5967460155487061,1.0463709831237793,1.9097661188369155e-05,4.944514679027954,35200,,,,,,,,,,,
0.6312388896942138,0.940075159072876,1.9080102542491923e-05,4.94732406236831,35220,,,,,,,,,,,
0.6308963298797607,0.9869264364242554,1.9062543896614692e-05,4.950133445708667,35240,,,,,,,,,,,
0.6037568569183349,0.8864302635192871,1.9044985250737467e-05,4.952942829049023,35260,,,,,,,,,,,
0.6308329582214356,0.9430553317070007,1.9027426604860235e-05,4.95575221238938,35280,,,,,,,,,,,
0.6410816669464111,0.8865257501602173,1.9009867958983004e-05,4.958561595729737,35300,,,,,,,,,,,
0.6308189868927002,1.0010966062545776,1.8992309313105775e-05,4.961370979070094,35320,,,,,,,,,,,
0.6399541378021241,0.9658513069152832,1.8974750667228544e-05,4.964180362410451,35340,,,,,,,,,,,
0.6452641487121582,0.9590122699737549,1.8957192021351312e-05,4.966989745750808,35360,,,,,,,,,,,
0.646310567855835,0.9759966135025024,1.8939633375474084e-05,4.9697991290911645,35380,,,,,,,,,,,
0.62899169921875,0.9853698015213013,1.8922074729596852e-05,4.972608512431521,35400,,,,,,,,,,,
0.6490667819976806,0.901442289352417,1.8904516083719624e-05,4.975417895771878,35420,,,,,,,,,,,
0.6370872974395752,0.9364709258079529,1.8886957437842396e-05,4.978227279112235,35440,,,,,,,,,,,
0.6633018493652344,1.0597707033157349,1.8869398791965164e-05,4.981036662452592,35460,,,,,,,,,,,
0.6596818923950195,0.9377360343933105,1.8851840146087936e-05,4.983846045792949,35480,,,,,,,,,,,
0.6279826164245605,1.0839728116989136,1.8834281500210704e-05,4.986655429133306,35500,,,,,,,,,,,
0.6384681701660156,0.9716123342514038,1.8816722854333473e-05,4.989464812473662,35520,,,,,,,,,,,
0.6237983703613281,1.0430744886398315,1.8799164208456244e-05,4.992274195814019,35540,,,,,,,,,,,
0.6249954223632812,1.0352100133895874,1.8781605562579016e-05,4.995083579154375,35560,,,,,,,,,,,
0.6580510139465332,1.026870846748352,1.8764046916701784e-05,4.997892962494732,35580,,,,,,,,,,,
,,,5.0,35595,1.2825113534927368,32.744437907448756,54.09040298739405,213.9262,15.917,0.996,,,,,
0.6169530868530273,0.9872913360595703,1.8746488270824556e-05,5.000702345835089,35600,,,,,,,,,,,
0.5904641628265381,0.9633055925369263,1.8728929624947324e-05,5.003511729175446,35620,,,,,,,,,,,
0.6209315299987793,1.050583839416504,1.8711370979070096e-05,5.006321112515803,35640,,,,,,,,,,,
0.5757791519165039,0.9523522257804871,1.8693812333192865e-05,5.0091304958561595,35660,,,,,,,,,,,
0.6124886512756348,1.0407558679580688,1.8676253687315633e-05,5.011939879196516,35680,,,,,,,,,,,
0.6348386287689209,1.0042142868041992,1.8658695041438408e-05,5.014749262536873,35700,,,,,,,,,,,
0.6131370067596436,0.8640953898429871,1.8641136395561176e-05,5.01755864587723,35720,,,,,,,,,,,
0.5973329067230224,1.0261298418045044,1.8623577749683945e-05,5.020368029217587,35740,,,,,,,,,,,
0.6051571846008301,0.9601726531982422,1.8606019103806716e-05,5.023177412557944,35760,,,,,,,,,,,
0.6059380531311035,0.8745244741439819,1.8588460457929485e-05,5.025986795898301,35780,,,,,,,,,,,
0.6243338584899902,0.9558833837509155,1.8570901812052253e-05,5.0287961792386575,35800,,,,,,,,,,,
0.6111756801605225,0.9699699878692627,1.8553343166175025e-05,5.0316055625790135,35820,,,,,,,,,,,
0.6392368316650391,0.9340178370475769,1.8535784520297793e-05,5.03441494591937,35840,,,,,,,,,,,
0.6148641586303711,0.9286239743232727,1.8518225874420565e-05,5.037224329259727,35860,,,,,,,,,,,
0.5937203884124755,1.0613397359848022,1.8500667228543337e-05,5.040033712600084,35880,,,,,,,,,,,
0.5993615627288819,1.1578327417373657,1.8483108582666105e-05,5.042843095940441,35900,,,,,,,,,,,
0.6090828895568847,0.9430515170097351,1.8465549936788877e-05,5.045652479280798,35920,,,,,,,,,,,
0.5959601402282715,0.9784025549888611,1.8447991290911645e-05,5.048461862621155,35940,,,,,,,,,,,
0.6049782752990722,1.0459774732589722,1.8430432645034414e-05,5.0512712459615114,35960,,,,,,,,,,,
0.584604549407959,1.00406014919281,1.8412873999157185e-05,5.054080629301868,35980,,,,,,,,,,,
0.6067994117736817,0.8980801105499268,1.8395315353279957e-05,5.056890012642225,36000,,,,,,,,,,,
0.5988636016845703,0.9594892859458923,1.8377756707402725e-05,5.059699395982582,36020,,,,,,,,,,,
0.6242798805236817,0.9232639670372009,1.8360198061525497e-05,5.062508779322939,36040,,,,,,,,,,,
0.626741361618042,0.9008586406707764,1.8342639415648266e-05,5.065318162663296,36060,,,,,,,,,,,
0.6207957744598389,1.0610371828079224,1.8325080769771037e-05,5.068127546003653,36080,,,,,,,,,,,
0.621946144104004,1.007570743560791,1.8307522123893806e-05,5.070936929344009,36100,,,,,,,,,,,
0.6289080142974853,0.9599062204360962,1.8289963478016574e-05,5.073746312684365,36120,,,,,,,,,,,
0.6059272289276123,0.9329638481140137,1.827240483213935e-05,5.076555696024722,36140,,,,,,,,,,,
0.6105522632598877,0.9117290377616882,1.8254846186262117e-05,5.079365079365079,36160,,,,,,,,,,,
0.6068360328674316,0.9534921050071716,1.8237287540384886e-05,5.082174462705436,36180,,,,,,,,,,,
0.5978020668029785,0.9299030303955078,1.8219728894507658e-05,5.084983846045793,36200,,,,,,,,,,,
0.571655559539795,0.8389981389045715,1.8202170248630426e-05,5.08779322938615,36220,,,,,,,,,,,
0.6272244453430176,1.0397417545318604,1.8184611602753198e-05,5.0906026127265065,36240,,,,,,,,,,,
0.6199607372283935,0.8944974541664124,1.8167052956875966e-05,5.093411996066863,36260,,,,,,,,,,,
0.6053471565246582,1.0019347667694092,1.8149494310998734e-05,5.09622137940722,36280,,,,,,,,,,,
0.6039247035980224,0.9004580974578857,1.8131935665121506e-05,5.099030762747577,36300,,,,,,,,,,,
0.5538809776306153,0.8660303354263306,1.8114377019244278e-05,5.101840146087934,36320,,,,,,,,,,,
0.6182366847991944,0.8496890068054199,1.8096818373367046e-05,5.104649529428291,36340,,,,,,,,,,,
0.590339183807373,0.9390491247177124,1.8079259727489818e-05,5.107458912768648,36360,,,,,,,,,,,
0.576844596862793,0.8655807375907898,1.8061701081612586e-05,5.1102682961090045,36380,,,,,,,,,,,
0.591177225112915,0.9665903449058533,1.8044142435735355e-05,5.113077679449361,36400,,,,,,,,,,,
0.6343663692474365,1.0155062675476074,1.8026583789858126e-05,5.115887062789717,36420,,,,,,,,,,,
0.5987594127655029,0.8928002715110779,1.8009025143980898e-05,5.118696446130074,36440,,,,,,,,,,,
0.5881099224090576,0.9199181199073792,1.7991466498103667e-05,5.121505829470431,36460,,,,,,,,,,,
0.5959269046783447,0.9060546159744263,1.7973907852226438e-05,5.124315212810788,36480,,,,,,,,,,,
0.6274829864501953,0.9820230007171631,1.7956349206349207e-05,5.127124596151145,36500,,,,,,,,,,,
0.5962194442749024,0.8423112630844116,1.793879056047198e-05,5.1299339794915015,36520,,,,,,,,,,,
0.6268228530883789,1.1221389770507812,1.7921231914594747e-05,5.132743362831858,36540,,,,,,,,,,,
0.6258472442626953,1.040953516960144,1.7903673268717515e-05,5.135552746172215,36560,,,,,,,,,,,
0.5749731540679932,1.0937964916229248,1.788611462284029e-05,5.138362129512572,36580,,,,,,,,,,,
0.6326670169830322,1.0139693021774292,1.786855597696306e-05,5.141171512852929,36600,,,,,,,,,,,
0.6164789199829102,0.8983880877494812,1.7850997331085827e-05,5.143980896193286,36620,,,,,,,,,,,
0.5895394325256348,0.9526816606521606,1.78334386852086e-05,5.146790279533643,36640,,,,,,,,,,,
0.6072486400604248,0.9861794710159302,1.7815880039331367e-05,5.1495996628739995,36660,,,,,,,,,,,
0.6232599258422852,1.0935602188110352,1.779832139345414e-05,5.152409046214356,36680,,,,,,,,,,,
0.5730387687683105,1.119033932685852,1.7780762747576907e-05,5.155218429554712,36700,,,,,,,,,,,
0.6504202842712402,0.9123641848564148,1.7763204101699675e-05,5.158027812895069,36720,,,,,,,,,,,
0.6089008331298829,1.0323843955993652,1.7745645455822447e-05,5.160837196235426,36740,,,,,,,,,,,
0.5621835231781006,0.8830090165138245,1.772808680994522e-05,5.163646579575783,36760,,,,,,,,,,,
0.6381824970245361,0.931944727897644,1.7710528164067987e-05,5.16645596291614,36780,,,,,,,,,,,
0.5971726417541504,0.9651929140090942,1.769296951819076e-05,5.169265346256497,36800,,,,,,,,,,,
0.5870543003082276,1.0686249732971191,1.7675410872313527e-05,5.172074729596853,36820,,,,,,,,,,,
0.6283676624298096,1.0343670845031738,1.7657852226436296e-05,5.17488411293721,36840,,,,,,,,,,,
0.6149476528167724,0.9071820378303528,1.7640293580559067e-05,5.177693496277567,36860,,,,,,,,,,,
0.5806137084960937,1.046059012413025,1.762273493468184e-05,5.180502879617924,36880,,,,,,,,,,,
0.629590368270874,0.8134790658950806,1.7605176288804608e-05,5.183312262958281,36900,,,,,,,,,,,
0.5768486499786377,0.9775881767272949,1.758761764292738e-05,5.186121646298638,36920,,,,,,,,,,,
0.6060080528259277,0.9645811915397644,1.7570058997050148e-05,5.1889310296389946,36940,,,,,,,,,,,
0.6127973079681397,0.9464684128761292,1.755250035117292e-05,5.191740412979351,36960,,,,,,,,,,,
0.6124608039855957,0.9836035966873169,1.7534941705295688e-05,5.194549796319707,36980,,,,,,,,,,,
0.6455540180206298,1.0347143411636353,1.7517383059418456e-05,5.197359179660064,37000,,,,,,,,,,,
0.6067068576812744,0.9996038675308228,1.749982441354123e-05,5.200168563000421,37020,,,,,,,,,,,
0.6259255409240723,0.9012739062309265,1.7482265767664e-05,5.202977946340778,37040,,,,,,,,,,,
0.614623737335205,1.0470826625823975,1.7464707121786768e-05,5.205787329681135,37060,,,,,,,,,,,
0.5849423885345459,0.8112375736236572,1.744714847590954e-05,5.208596713021492,37080,,,,,,,,,,,
0.6002676963806153,0.9872854948043823,1.7429589830032308e-05,5.2114060963618485,37100,,,,,,,,,,,
0.6084387302398682,1.0186134576797485,1.741203118415508e-05,5.214215479702205,37120,,,,,,,,,,,
0.5984529495239258,0.9348058700561523,1.7394472538277848e-05,5.217024863042562,37140,,,,,,,,,,,
0.6219748497009278,1.0294567346572876,1.7376913892400617e-05,5.219834246382919,37160,,,,,,,,,,,
0.5963117599487304,0.9455817937850952,1.7359355246523388e-05,5.222643629723276,37180,,,,,,,,,,,
0.623142671585083,0.8621642589569092,1.734179660064616e-05,5.225453013063633,37200,,,,,,,,,,,
0.6552245616912842,0.9812606573104858,1.732423795476893e-05,5.22826239640399,37220,,,,,,,,,,,
0.6076650142669677,0.9425590634346008,1.73066793088917e-05,5.2310717797443465,37240,,,,,,,,,,,
0.5542228698730469,0.9931372404098511,1.728912066301447e-05,5.233881163084703,37260,,,,,,,,,,,
0.5914888381958008,0.9294461607933044,1.7271562017137237e-05,5.236690546425059,37280,,,,,,,,,,,
0.6387162208557129,0.9926460385322571,1.725400337126001e-05,5.239499929765416,37300,,,,,,,,,,,
0.626764965057373,0.8867701292037964,1.723644472538278e-05,5.242309313105773,37320,,,,,,,,,,,
0.6289407730102539,0.9022042155265808,1.721888607950555e-05,5.24511869644613,37340,,,,,,,,,,,
0.6241250991821289,0.9705740809440613,1.720132743362832e-05,5.247928079786487,37360,,,,,,,,,,,
0.6221130847930908,0.8191420435905457,1.718376878775109e-05,5.2507374631268435,37380,,,,,,,,,,,
0.5953351020812988,1.011757254600525,1.716621014187386e-05,5.2535468464672,37400,,,,,,,,,,,
0.6061307430267334,0.8263866901397705,1.714865149599663e-05,5.256356229807557,37420,,,,,,,,,,,
0.5859737873077393,1.0051664113998413,1.7131092850119397e-05,5.259165613147914,37440,,,,,,,,,,,
0.6176623821258544,0.971842348575592,1.7113534204242172e-05,5.261974996488271,37460,,,,,,,,,,,
0.6112554550170899,1.0479965209960938,1.709597555836494e-05,5.264784379828628,37480,,,,,,,,,,,
0.5913033485412598,0.906955897808075,1.707841691248771e-05,5.267593763168985,37500,,,,,,,,,,,
0.5735195636749267,0.9446899890899658,1.706085826661048e-05,5.2704031465093415,37520,,,,,,,,,,,
0.6185649394989013,0.9583971500396729,1.704329962073325e-05,5.273212529849698,37540,,,,,,,,,,,
0.6108228206634522,0.9207983016967773,1.702574097485602e-05,5.276021913190055,37560,,,,,,,,,,,
0.6469722270965577,0.9898325800895691,1.700818232897879e-05,5.278831296530411,37580,,,,,,,,,,,
0.6202140331268311,0.9896631240844727,1.699062368310156e-05,5.281640679870768,37600,,,,,,,,,,,
0.619450569152832,1.012737512588501,1.6973065037224333e-05,5.284450063211125,37620,,,,,,,,,,,
0.5846461296081543,0.9000245928764343,1.69555063913471e-05,5.287259446551482,37640,,,,,,,,,,,
0.5924787044525146,0.9484068751335144,1.693794774546987e-05,5.290068829891839,37660,,,,,,,,,,,
0.5778481006622315,0.8734700679779053,1.692038909959264e-05,5.292878213232195,37680,,,,,,,,,,,
0.5937465190887451,0.855491042137146,1.690283045371541e-05,5.295687596572552,37700,,,,,,,,,,,
0.6019736289978027,1.059219479560852,1.6885271807838178e-05,5.298496979912909,37720,,,,,,,,,,,
0.6030291557312012,0.9825215339660645,1.686771316196095e-05,5.301306363253266,37740,,,,,,,,,,,
0.5880504131317139,0.9835906028747559,1.685015451608372e-05,5.304115746593623,37760,,,,,,,,,,,
0.6114692211151123,0.9322612881660461,1.683259587020649e-05,5.30692512993398,37780,,,,,,,,,,,
0.6068464279174804,1.1294026374816895,1.681503722432926e-05,5.3097345132743365,37800,,,,,,,,,,,
0.603281831741333,0.8508728742599487,1.679747857845203e-05,5.312543896614693,37820,,,,,,,,,,,
0.6000080585479737,1.0101511478424072,1.67799199325748e-05,5.31535327995505,37840,,,,,,,,,,,
0.585624885559082,1.109546422958374,1.676236128669757e-05,5.318162663295407,37860,,,,,,,,,,,
0.6094983100891114,0.9944731593132019,1.6744802640820338e-05,5.320972046635763,37880,,,,,,,,,,,
0.607209587097168,1.1000213623046875,1.6727243994943113e-05,5.32378142997612,37900,,,,,,,,,,,
0.5809418201446533,0.8778071403503418,1.6709685349065882e-05,5.326590813316477,37920,,,,,,,,,,,
0.6069785594940186,0.9000944495201111,1.669212670318865e-05,5.329400196656834,37940,,,,,,,,,,,
0.5568834781646729,0.8803551197052002,1.6674568057311422e-05,5.3322095799971905,37960,,,,,,,,,,,
0.6346220970153809,0.9351787567138672,1.665700941143419e-05,5.335018963337547,37980,,,,,,,,,,,
0.6208600044250489,0.8483878970146179,1.6639450765556962e-05,5.337828346677904,38000,,,,,,,,,,,
0.5841265678405761,0.9551668167114258,1.662189211967973e-05,5.340637730018261,38020,,,,,,,,,,,
0.5873064994812012,1.0917569398880005,1.6604333473802502e-05,5.343447113358618,38040,,,,,,,,,,,
0.6171388149261474,0.9855217933654785,1.6586774827925274e-05,5.346256496698975,38060,,,,,,,,,,,
0.6032899856567383,1.0550204515457153,1.6569216182048042e-05,5.349065880039332,38080,,,,,,,,,,,
0.6149425506591797,0.8753366470336914,1.655165753617081e-05,5.351875263379688,38100,,,,,,,,,,,
0.6187620162963867,0.9718433022499084,1.6534098890293582e-05,5.354684646720045,38120,,,,,,,,,,,
0.5887558460235596,0.9514788389205933,1.651654024441635e-05,5.357494030060402,38140,,,,,,,,,,,
0.5778945446014404,0.7727118730545044,1.649898159853912e-05,5.360303413400759,38160,,,,,,,,,,,
0.6108311653137207,1.059339165687561,1.648142295266189e-05,5.363112796741115,38180,,,,,,,,,,,
0.5721672534942627,0.9100343585014343,1.6463864306784662e-05,5.365922180081472,38200,,,,,,,,,,,
0.6221103668212891,0.9783638715744019,1.644630566090743e-05,5.368731563421829,38220,,,,,,,,,,,
0.602937126159668,1.0538941621780396,1.6428747015030203e-05,5.3715409467621855,38240,,,,,,,,,,,
0.5721724033355713,0.823095977306366,1.641118836915297e-05,5.374350330102542,38260,,,,,,,,,,,
0.6027583599090576,1.2367088794708252,1.6393629723275743e-05,5.377159713442899,38280,,,,,,,,,,,
0.5768015861511231,0.9813874363899231,1.637607107739851e-05,5.379969096783256,38300,,,,,,,,,,,
0.5718519687652588,0.8815884590148926,1.635851243152128e-05,5.382778480123613,38320,,,,,,,,,,,
0.5673229694366455,1.035256266593933,1.6340953785644054e-05,5.38558786346397,38340,,,,,,,,,,,
0.6113855361938476,0.9645935893058777,1.6323395139766823e-05,5.388397246804327,38360,,,,,,,,,,,
0.6092966079711915,0.9636757373809814,1.630583649388959e-05,5.3912066301446835,38380,,,,,,,,,,,
0.6142533779144287,0.8761677145957947,1.6288277848012363e-05,5.39401601348504,38400,,,,,,,,,,,
0.5959050178527832,1.1057698726654053,1.627071920213513e-05,5.396825396825397,38420,,,,,,,,,,,
0.5919449806213379,0.9633467793464661,1.6253160556257903e-05,5.399634780165753,38440,,,,,,,,,,,
0.6092655658721924,0.9429299235343933,1.623560191038067e-05,5.40244416350611,38460,,,,,,,,,,,
0.5903605937957763,0.9352868795394897,1.6218043264503443e-05,5.405253546846467,38480,,,,,,,,,,,
0.5922501564025879,0.8485720157623291,1.6200484618626215e-05,5.408062930186824,38500,,,,,,,,,,,
0.5959871768951416,0.9035080075263977,1.6182925972748983e-05,5.410872313527181,38520,,,,,,,,,,,
0.5870875835418701,1.0640535354614258,1.616536732687175e-05,5.413681696867537,38540,,,,,,,,,,,
0.5772520065307617,0.9108204245567322,1.6147808680994523e-05,5.416491080207894,38560,,,,,,,,,,,
0.6061240673065186,1.012618899345398,1.6130250035117292e-05,5.419300463548251,38580,,,,,,,,,,,
0.5743902206420899,0.993559718132019,1.611269138924006e-05,5.422109846888608,38600,,,,,,,,,,,
0.5915632247924805,0.8868099451065063,1.6095132743362832e-05,5.424919230228965,38620,,,,,,,,,,,
0.5841846466064453,0.9920216202735901,1.6077574097485604e-05,5.427728613569322,38640,,,,,,,,,,,
0.6077930450439453,1.0297068357467651,1.6060015451608372e-05,5.4305379969096785,38660,,,,,,,,,,,
0.5970576763153076,0.9972719550132751,1.6042456805731144e-05,5.433347380250035,38680,,,,,,,,,,,
0.5847353458404541,0.9971281290054321,1.6024898159853912e-05,5.436156763590392,38700,,,,,,,,,,,
0.6064795017242431,1.0101240873336792,1.6007339513976684e-05,5.438966146930749,38720,,,,,,,,,,,
0.6301971435546875,0.8830949664115906,1.5989780868099452e-05,5.441775530271105,38740,,,,,,,,,,,
0.6134429454803467,0.8849958777427673,1.597222222222222e-05,5.444584913611462,38760,,,,,,,,,,,
0.630995225906372,0.9054766893386841,1.5954663576344996e-05,5.447394296951819,38780,,,,,,,,,,,
0.5718024730682373,0.9026841521263123,1.5937104930467764e-05,5.450203680292176,38800,,,,,,,,,,,
0.598317289352417,0.9694153070449829,1.5919546284590532e-05,5.4530130636325325,38820,,,,,,,,,,,
0.5711438655853271,1.0052417516708374,1.5901987638713304e-05,5.455822446972889,38840,,,,,,,,,,,
0.5569819927215576,0.8402408957481384,1.5884428992836072e-05,5.458631830313246,38860,,,,,,,,,,,
0.6251430988311768,0.9213462471961975,1.5866870346958844e-05,5.461441213653603,38880,,,,,,,,,,,
0.6382343292236328,0.9897865653038025,1.5849311701081612e-05,5.46425059699396,38900,,,,,,,,,,,
0.6220787048339844,0.9510473608970642,1.5831753055204384e-05,5.467059980334317,38920,,,,,,,,,,,
0.5784080505371094,0.9677379727363586,1.5814194409327156e-05,5.469869363674674,38940,,,,,,,,,,,
0.5916381359100342,1.003217101097107,1.5796635763449924e-05,5.47267874701503,38960,,,,,,,,,,,
0.5780257225036621,0.9233109354972839,1.5779077117572693e-05,5.475488130355387,38980,,,,,,,,,,,
0.6062376022338867,0.9140093922615051,1.5761518471695464e-05,5.478297513695744,39000,,,,,,,,,,,
0.6092906475067139,1.0080689191818237,1.5743959825818233e-05,5.481106897036101,39020,,,,,,,,,,,
0.6193115711212158,1.1066216230392456,1.5726401179941e-05,5.483916280376457,39040,,,,,,,,,,,
0.6257686138153076,0.9384498000144958,1.5708842534063773e-05,5.486725663716814,39060,,,,,,,,,,,
0.5994863033294677,0.9657452702522278,1.5691283888186545e-05,5.489535047057171,39080,,,,,,,,,,,
0.6422707557678222,0.9683711528778076,1.5673725242309313e-05,5.4923444303975275,39100,,,,,,,,,,,
0.6001186370849609,0.8613415956497192,1.5656166596432085e-05,5.495153813737884,39120,,,,,,,,,,,
0.5989240169525146,1.1587510108947754,1.5638607950554853e-05,5.497963197078241,39140,,,,,,,,,,,
0.5700849533081055,1.1913028955459595,1.5621049304677625e-05,5.500772580418598,39160,,,,,,,,,,,
0.5763733863830567,1.0853245258331299,1.5603490658800393e-05,5.503581963758955,39180,,,,,,,,,,,
0.5939135551452637,0.9265511631965637,1.558593201292316e-05,5.506391347099312,39200,,,,,,,,,,,
0.5886653900146485,1.1355887651443481,1.5568373367045937e-05,5.509200730439669,39220,,,,,,,,,,,
0.5830424308776856,0.954546332359314,1.5550814721168705e-05,5.5120101137800255,39240,,,,,,,,,,,
0.6146090984344482,0.9625745415687561,1.5533256075291473e-05,5.514819497120382,39260,,,,,,,,,,,
0.6288360595703125,0.9362895488739014,1.5515697429414245e-05,5.517628880460739,39280,,,,,,,,,,,
0.6058863639831543,0.8995132446289062,1.5498138783537013e-05,5.520438263801096,39300,,,,,,,,,,,
0.5833884716033936,0.9187496304512024,1.5480580137659785e-05,5.523247647141453,39320,,,,,,,,,,,
0.5795833110809326,0.9430657029151917,1.5463021491782554e-05,5.526057030481809,39340,,,,,,,,,,,
0.5800549507141113,0.8783234357833862,1.5445462845905325e-05,5.528866413822166,39360,,,,,,,,,,,
0.5963917732238769,0.9813634753227234,1.5427904200028097e-05,5.531675797162523,39380,,,,,,,,,,,
0.6119330406188965,0.9126425981521606,1.5410345554150865e-05,5.534485180502879,39400,,,,,,,,,,,
0.5836188793182373,1.3632676601409912,1.5392786908273634e-05,5.537294563843236,39420,,,,,,,,,,,
0.6088702201843261,0.9931287169456482,1.5375228262396406e-05,5.540103947183593,39440,,,,,,,,,,,
0.5786189079284668,1.0515860319137573,1.5357669616519174e-05,5.54291333052395,39460,,,,,,,,,,,
0.5985701560974122,1.068173885345459,1.5340110970641942e-05,5.545722713864307,39480,,,,,,,,,,,
0.599002742767334,0.8930953145027161,1.5322552324764717e-05,5.548532097204664,39500,,,,,,,,,,,
0.6160729408264161,1.0571510791778564,1.5304993678887486e-05,5.5513414805450205,39520,,,,,,,,,,,
0.5962038516998291,1.0163661241531372,1.5287435033010254e-05,5.554150863885377,39540,,,,,,,,,,,
0.5905957221984863,1.0212090015411377,1.5269876387133026e-05,5.556960247225734,39560,,,,,,,,,,,
0.5856156349182129,0.955732524394989,1.5252317741255794e-05,5.559769630566091,39580,,,,,,,,,,,
0.5565157413482666,0.9140280485153198,1.5234759095378564e-05,5.562579013906447,39600,,,,,,,,,,,
0.6216080188751221,0.8937572836875916,1.5217200449501334e-05,5.565388397246805,39620,,,,,,,,,,,
0.5788596630096435,0.9107877016067505,1.5199641803624104e-05,5.568197780587161,39640,,,,,,,,,,,
0.6141593933105469,1.1358468532562256,1.5182083157746876e-05,5.571007163927518,39660,,,,,,,,,,,
0.6166024208068848,0.9753673076629639,1.5164524511869646e-05,5.5738165472678745,39680,,,,,,,,,,,
0.5688300132751465,0.974621057510376,1.5146965865992416e-05,5.576625930608231,39700,,,,,,,,,,,
0.5732903480529785,0.8302054405212402,1.5129407220115186e-05,5.579435313948588,39720,,,,,,,,,,,
0.5398953437805176,0.9406904578208923,1.5111848574237955e-05,5.582244697288945,39740,,,,,,,,,,,
0.608127498626709,0.9683780670166016,1.5094289928360725e-05,5.585054080629302,39760,,,,,,,,,,,
0.5967317581176758,0.975156307220459,1.5076731282483495e-05,5.587863463969659,39780,,,,,,,,,,,
0.6055612564086914,0.9905115365982056,1.5059172636606266e-05,5.590672847310016,39800,,,,,,,,,,,
0.601722526550293,0.8385646343231201,1.5041613990729036e-05,5.593482230650372,39820,,,,,,,,,,,
0.6109830379486084,1.0175334215164185,1.5024055344851806e-05,5.596291613990729,39840,,,,,,,,,,,
0.5860433578491211,1.0795793533325195,1.5006496698974577e-05,5.599100997331086,39860,,,,,,,,,,,
0.5803274154663086,0.9243842959403992,1.4988938053097345e-05,5.601910380671443,39880,,,,,,,,,,,
0.5809812545776367,0.9327946901321411,1.4971379407220115e-05,5.604719764011799,39900,,,,,,,,,,,
0.5722678661346435,0.9018388986587524,1.4953820761342885e-05,5.607529147352157,39920,,,,,,,,,,,
0.6225004673004151,0.8913283944129944,1.4936262115465657e-05,5.610338530692513,39940,,,,,,,,,,,
0.588895606994629,0.9770207405090332,1.4918703469588427e-05,5.6131479140328695,39960,,,,,,,,,,,
0.5785511493682861,0.9308746457099915,1.4901144823711197e-05,5.615957297373226,39980,,,,,,,,,,,
0.5847005844116211,0.8894500136375427,1.4883586177833967e-05,5.618766680713583,40000,,,,,,,,,,,
0.593791913986206,1.1433885097503662,1.4866027531956735e-05,5.62157606405394,40020,,,,,,,,,,,
0.6083779811859131,0.9730302095413208,1.4848468886079505e-05,5.624385447394297,40040,,,,,,,,,,,
0.5798687934875488,1.3219114542007446,1.4830910240202275e-05,5.627194830734654,40060,,,,,,,,,,,
0.5974136829376221,0.9706101417541504,1.4813351594325045e-05,5.630004214075011,40080,,,,,,,,,,,
0.6077510833740234,0.8513539433479309,1.4795792948447817e-05,5.6328135974153675,40100,,,,,,,,,,,
0.5616867542266846,1.1317546367645264,1.4778234302570587e-05,5.635622980755724,40120,,,,,,,,,,,
0.5921671390533447,0.9034523367881775,1.4760675656693357e-05,5.638432364096081,40140,,,,,,,,,,,
0.6396195888519287,0.9399869441986084,1.4743117010816127e-05,5.641241747436438,40160,,,,,,,,,,,
0.6104957103729248,0.9744617342948914,1.4725558364938896e-05,5.644051130776795,40180,,,,,,,,,,,
0.580053186416626,1.063330888748169,1.4707999719061666e-05,5.646860514117151,40200,,,,,,,,,,,
0.6051544189453125,0.8771149516105652,1.4690441073184436e-05,5.649669897457508,40220,,,,,,,,,,,
0.6083209991455079,0.8426961898803711,1.4672882427307207e-05,5.6524792807978645,40240,,,,,,,,,,,
0.6157909393310547,1.0654113292694092,1.4655323781429978e-05,5.655288664138221,40260,,,,,,,,,,,
0.5833444118499755,0.917179524898529,1.4637765135552748e-05,5.658098047478578,40280,,,,,,,,,,,
0.6138088703155518,1.0241531133651733,1.4620206489675518e-05,5.660907430818935,40300,,,,,,,,,,,
0.6223189353942871,1.060060977935791,1.4602647843798286e-05,5.663716814159292,40320,,,,,,,,,,,
0.559846019744873,0.970909595489502,1.4585089197921056e-05,5.666526197499649,40340,,,,,,,,,,,
0.6005957126617432,0.9765022993087769,1.4567530552043826e-05,5.669335580840006,40360,,,,,,,,,,,
0.6134811401367187,1.0545319318771362,1.4549971906166598e-05,5.6721449641803625,40380,,,,,,,,,,,
0.6123105525970459,0.9846020936965942,1.4532413260289368e-05,5.674954347520719,40400,,,,,,,,,,,
0.5591158866882324,0.9930421710014343,1.4514854614412138e-05,5.677763730861076,40420,,,,,,,,,,,
0.5917031764984131,0.9366394281387329,1.4497295968534908e-05,5.680573114201433,40440,,,,,,,,,,,
0.5959745407104492,0.9230915307998657,1.4479737322657676e-05,5.68338249754179,40460,,,,,,,,,,,
0.5825774192810058,1.0184661149978638,1.4462178676780446e-05,5.686191880882147,40480,,,,,,,,,,,
0.5675848960876465,1.0899689197540283,1.4444620030903216e-05,5.689001264222503,40500,,,,,,,,,,,
0.5756018161773682,0.886030375957489,1.4427061385025986e-05,5.69181064756286,40520,,,,,,,,,,,
0.5741240501403808,0.7932840585708618,1.4409502739148758e-05,5.6946200309032164,40540,,,,,,,,,,,
0.6187526226043701,0.8570193648338318,1.4391944093271528e-05,5.697429414243573,40560,,,,,,,,,,,
0.5601659297943116,0.8767783045768738,1.4374385447394298e-05,5.70023879758393,40580,,,,,,,,,,,
0.5660788536071777,0.9563210010528564,1.4356826801517068e-05,5.703048180924287,40600,,,,,,,,,,,
0.6179352283477784,1.0671533346176147,1.4339268155639837e-05,5.705857564264644,40620,,,,,,,,,,,
0.5953773498535156,0.8916715979576111,1.4321709509762607e-05,5.708666947605001,40640,,,,,,,,,,,
0.6051012992858886,0.9288944602012634,1.4304150863885377e-05,5.711476330945358,40660,,,,,,,,,,,
0.6202512741088867,0.9359971284866333,1.4286592218008149e-05,5.714285714285714,40680,,,,,,,,,,,
0.6095866203308106,0.9333951473236084,1.4269033572130919e-05,5.717095097626071,40700,,,,,,,,,,,
0.5591212272644043,0.9238898158073425,1.4251474926253689e-05,5.719904480966428,40720,,,,,,,,,,,
0.5828593254089356,1.048398733139038,1.4233916280376459e-05,5.722713864306785,40740,,,,,,,,,,,
0.5867197513580322,0.9097000956535339,1.4216357634499227e-05,5.725523247647142,40760,,,,,,,,,,,
0.6003710269927979,0.8527358770370483,1.4198798988621997e-05,5.728332630987499,40780,,,,,,,,,,,
0.5753103733062744,0.8629255890846252,1.4181240342744767e-05,5.731142014327855,40800,,,,,,,,,,,
0.6066548347473144,0.8354368805885315,1.4163681696867539e-05,5.7339513976682115,40820,,,,,,,,,,,
0.5873319149017334,0.9420623183250427,1.4146123050990309e-05,5.736760781008568,40840,,,,,,,,,,,
0.5571067810058594,0.9033099412918091,1.4128564405113079e-05,5.739570164348925,40860,,,,,,,,,,,
0.5766847133636475,1.0974143743515015,1.4111005759235849e-05,5.742379547689282,40880,,,,,,,,,,,
0.5627260208129883,0.9521804451942444,1.4093447113358617e-05,5.745188931029639,40900,,,,,,,,,,,
0.6140724658966065,0.9648178815841675,1.4075888467481387e-05,5.747998314369996,40920,,,,,,,,,,,
0.5884572982788085,0.9369580745697021,1.4058329821604157e-05,5.750807697710353,40940,,,,,,,,,,,
0.5903871536254883,1.0276894569396973,1.4040771175726928e-05,5.7536170810507095,40960,,,,,,,,,,,
0.6477602958679199,0.9009168744087219,1.40232125298497e-05,5.756426464391066,40980,,,,,,,,,,,
0.61082763671875,1.0473436117172241,1.400565388397247e-05,5.759235847731423,41000,,,,,,,,,,,
0.5768157958984375,1.0543376207351685,1.398809523809524e-05,5.76204523107178,41020,,,,,,,,,,,
0.6001895427703857,1.0090073347091675,1.397053659221801e-05,5.764854614412137,41040,,,,,,,,,,,
0.5787320137023926,0.7525495886802673,1.3952977946340778e-05,5.767663997752493,41060,,,,,,,,,,,
0.5789711475372314,0.9968637228012085,1.3935419300463548e-05,5.770473381092851,41080,,,,,,,,,,,
0.6021315097808838,0.9103766679763794,1.3917860654586318e-05,5.7732827644332065,41100,,,,,,,,,,,
0.5827496528625489,1.0506739616394043,1.390030200870909e-05,5.776092147773563,41120,,,,,,,,,,,
0.5760802745819091,0.9997841119766235,1.388274336283186e-05,5.77890153111392,41140,,,,,,,,,,,
0.5814769268035889,1.0201377868652344,1.386518471695463e-05,5.781710914454277,41160,,,,,,,,,,,
0.6139060020446777,0.9611508250236511,1.38476260710774e-05,5.784520297794634,41180,,,,,,,,,,,
0.5727041721343994,1.0503613948822021,1.3830067425200168e-05,5.787329681134991,41200,,,,,,,,,,,
0.5932898044586181,0.9579273462295532,1.3812508779322938e-05,5.790139064475348,41220,,,,,,,,,,,
0.5956785202026367,0.9519441723823547,1.3794950133445708e-05,5.7929484478157045,41240,,,,,,,,,,,
0.5722075462341308,1.0844719409942627,1.377739148756848e-05,5.795757831156061,41260,,,,,,,,,,,
0.5895885944366455,0.9664923548698425,1.375983284169125e-05,5.798567214496418,41280,,,,,,,,,,,
0.5478259086608886,1.008047103881836,1.374227419581402e-05,5.801376597836775,41300,,,,,,,,,,,
0.5614596843719483,0.9605907797813416,1.372471554993679e-05,5.804185981177132,41320,,,,,,,,,,,
0.5900904655456543,0.9300858378410339,1.370715690405956e-05,5.806995364517489,41340,,,,,,,,,,,
0.573484230041504,0.8758050203323364,1.3689598258182329e-05,5.809804747857845,41360,,,,,,,,,,,
0.5684931755065918,0.9147434830665588,1.3672039612305099e-05,5.8126141311982025,41380,,,,,,,,,,,
0.6079339981079102,0.848183810710907,1.365448096642787e-05,5.815423514538558,41400,,,,,,,,,,,
0.5989631175994873,0.9044011831283569,1.363692232055064e-05,5.818232897878915,41420,,,,,,,,,,,
0.5828510761260987,0.9557027220726013,1.361936367467341e-05,5.821042281219272,41440,,,,,,,,,,,
0.5698260307312012,0.8920127153396606,1.360180502879618e-05,5.823851664559629,41460,,,,,,,,,,,
0.6048015117645263,0.9280046224594116,1.358424638291895e-05,5.826661047899986,41480,,,,,,,,,,,
0.5617907047271729,0.980110764503479,1.3566687737041719e-05,5.829470431240343,41500,,,,,,,,,,,
0.5863879680633545,0.8969932198524475,1.3549129091164489e-05,5.8322798145806996,41520,,,,,,,,,,,
0.5699657917022705,0.9196908473968506,1.3531570445287259e-05,5.835089197921056,41540,,,,,,,,,,,
0.5701800346374511,0.8509535193443298,1.351401179941003e-05,5.837898581261413,41560,,,,,,,,,,,
0.6247103691101075,0.8731926679611206,1.34964531535328e-05,5.84070796460177,41580,,,,,,,,,,,
0.597595500946045,0.8446429967880249,1.347889450765557e-05,5.843517347942127,41600,,,,,,,,,,,
0.608493423461914,1.0641340017318726,1.346133586177834e-05,5.846326731282484,41620,,,,,,,,,,,
0.5860949516296386,1.084502935409546,1.344377721590111e-05,5.849136114622841,41640,,,,,,,,,,,
0.5790435791015625,0.8869686126708984,1.342621857002388e-05,5.851945497963197,41660,,,,,,,,,,,
0.5812507152557373,1.0222324132919312,1.340865992414665e-05,5.8547548813035535,41680,,,,,,,,,,,
0.5620944976806641,0.8962909579277039,1.3391101278269421e-05,5.85756426464391,41700,,,,,,,,,,,
0.5837141036987304,0.8807572722434998,1.3373542632392191e-05,5.860373647984267,41720,,,,,,,,,,,
0.5808402061462402,0.9431501626968384,1.3355983986514961e-05,5.863183031324624,41740,,,,,,,,,,,
0.5878591060638427,1.0644439458847046,1.3338425340637731e-05,5.865992414664981,41760,,,,,,,,,,,
0.5827094078063965,1.09229576587677,1.3320866694760501e-05,5.868801798005338,41780,,,,,,,,,,,
0.5414756298065185,0.8499910831451416,1.330330804888327e-05,5.871611181345695,41800,,,,,,,,,,,
0.5807103633880615,1.0030454397201538,1.328574940300604e-05,5.8744205646860514,41820,,,,,,,,,,,
0.5618469715118408,0.8376106023788452,1.3268190757128811e-05,5.877229948026408,41840,,,,,,,,,,,
0.5876670360565186,0.9957756400108337,1.3250632111251581e-05,5.880039331366765,41860,,,,,,,,,,,
0.6129933357238769,1.0633206367492676,1.3233073465374351e-05,5.882848714707122,41880,,,,,,,,,,,
0.5770496368408203,0.9401330947875977,1.3215514819497122e-05,5.885658098047479,41900,,,,,,,,,,,
0.5890545845031738,0.9642572402954102,1.3197956173619892e-05,5.888467481387836,41920,,,,,,,,,,,
0.5796928405761719,1.044472098350525,1.318039752774266e-05,5.891276864728193,41940,,,,,,,,,,,
0.5862668514251709,0.9901453852653503,1.316283888186543e-05,5.8940862480685485,41960,,,,,,,,,,,
0.6021078109741211,0.8636723756790161,1.31452802359882e-05,5.896895631408905,41980,,,,,,,,,,,
0.5758620262145996,1.021917462348938,1.3127721590110972e-05,5.899705014749262,42000,,,,,,,,,,,
0.5873684406280517,0.8915833830833435,1.3110162944233742e-05,5.902514398089619,42020,,,,,,,,,,,
0.5876524448394775,1.0152124166488647,1.3092604298356512e-05,5.905323781429976,42040,,,,,,,,,,,
0.6068013191223145,0.994994580745697,1.3075045652479282e-05,5.908133164770333,42060,,,,,,,,,,,
0.559089469909668,0.9674319624900818,1.305748700660205e-05,5.91094254811069,42080,,,,,,,,,,,
0.5458034992218017,0.8865169286727905,1.303992836072482e-05,5.9137519314510465,42100,,,,,,,,,,,
0.5695047378540039,0.9864011406898499,1.302236971484759e-05,5.916561314791403,42120,,,,,,,,,,,
0.5871851444244385,1.2281641960144043,1.3004811068970362e-05,5.91937069813176,42140,,,,,,,,,,,
0.6027935028076172,1.03538179397583,1.2987252423093132e-05,5.922180081472117,42160,,,,,,,,,,,
0.5847963809967041,0.9236176013946533,1.2969693777215902e-05,5.924989464812474,42180,,,,,,,,,,,
0.5539112567901612,0.8465611934661865,1.2952135131338672e-05,5.927798848152831,42200,,,,,,,,,,,
0.5574042797088623,1.1517375707626343,1.2934576485461442e-05,5.930608231493188,42220,,,,,,,,,,,
0.612869119644165,0.9717464447021484,1.291701783958421e-05,5.9334176148335445,42240,,,,,,,,,,,
0.5876545906066895,1.0432697534561157,1.289945919370698e-05,5.9362269981739,42260,,,,,,,,,,,
0.5610183715820313,1.020701289176941,1.2881900547829754e-05,5.939036381514257,42280,,,,,,,,,,,
0.5778239727020263,0.8887871503829956,1.2864341901952523e-05,5.941845764854614,42300,,,,,,,,,,,
0.6020925998687744,1.0750353336334229,1.2846783256075293e-05,5.944655148194971,42320,,,,,,,,,,,
0.5651970386505127,0.959148108959198,1.2829224610198063e-05,5.947464531535328,42340,,,,,,,,,,,
0.5672530174255371,1.052109718322754,1.2811665964320833e-05,5.950273914875685,42360,,,,,,,,,,,
0.5500347137451171,1.0369361639022827,1.2794107318443601e-05,5.9530832982160415,42380,,,,,,,,,,,
0.5913382530212402,0.9019172191619873,1.2776548672566371e-05,5.955892681556398,42400,,,,,,,,,,,
0.558400297164917,0.9598424434661865,1.2758990026689141e-05,5.958702064896755,42420,,,,,,,,,,,
0.5758393287658692,0.9641143083572388,1.2741431380811913e-05,5.961511448237112,42440,,,,,,,,,,,
0.560199499130249,0.9484890699386597,1.2723872734934683e-05,5.964320831577469,42460,,,,,,,,,,,
0.557252836227417,1.0043717622756958,1.2706314089057453e-05,5.967130214917826,42480,,,,,,,,,,,
0.5638659000396729,0.816088080406189,1.2688755443180223e-05,5.969939598258183,42500,,,,,,,,,,,
0.5860374927520752,1.1389964818954468,1.2671196797302991e-05,5.9727489815985395,42520,,,,,,,,,,,
0.5975399017333984,0.9282534718513489,1.2653638151425761e-05,5.975558364938896,42540,,,,,,,,,,,
0.5646362781524659,0.9044843316078186,1.2636079505548531e-05,5.978367748279252,42560,,,,,,,,,,,
0.5919673442840576,0.8975885510444641,1.2618520859671303e-05,5.981177131619609,42580,,,,,,,,,,,
0.5732669353485107,0.8512265086174011,1.2600962213794073e-05,5.983986514959966,42600,,,,,,,,,,,
0.5649230480194092,0.9833517670631409,1.2583403567916843e-05,5.986795898300323,42620,,,,,,,,,,,
0.5837532043457031,0.9530640244483948,1.2565844922039613e-05,5.98960528164068,42640,,,,,,,,,,,
0.5975862503051758,0.8445695042610168,1.2548286276162383e-05,5.992414664981037,42660,,,,,,,,,,,
0.5567097187042236,1.052214503288269,1.2530727630285152e-05,5.995224048321393,42680,,,,,,,,,,,
0.6040248870849609,1.1932982206344604,1.2513168984407922e-05,5.99803343166175,42700,,,,,,,,,,,
,,,6.0,42714,1.2993412017822266,35.12683547256955,55.458100161763134,208.0078,16.37,1.024,,,,,
0.5730708599090576,0.8904114365577698,1.2495610338530694e-05,6.000842815002107,42720,,,,,,,,,,,
0.5436986446380615,1.021511435508728,1.2478051692653462e-05,6.003652198342464,42740,,,,,,,,,,,
0.5629245281219483,0.9707541465759277,1.2460493046776234e-05,6.006461581682821,42760,,,,,,,,,,,
0.5460269451141357,0.9046918153762817,1.2442934400899004e-05,6.009270965023178,42780,,,,,,,,,,,
0.5180397033691406,0.8288980722427368,1.2425375755021774e-05,6.0120803483635346,42800,,,,,,,,,,,
0.5457215785980225,1.0180243253707886,1.2407817109144542e-05,6.014889731703891,42820,,,,,,,,,,,
0.5837947845458984,0.9225689768791199,1.2390258463267314e-05,6.017699115044247,42840,,,,,,,,,,,
0.5575785636901855,0.9662563800811768,1.2372699817390084e-05,6.020508498384604,42860,,,,,,,,,,,
0.53861403465271,0.8838027715682983,1.2355141171512854e-05,6.023317881724961,42880,,,,,,,,,,,
0.5918906211853028,0.8557970523834229,1.2337582525635624e-05,6.026127265065318,42900,,,,,,,,,,,
0.5317137718200684,0.9483747482299805,1.2320023879758394e-05,6.028936648405675,42920,,,,,,,,,,,
0.5615664958953858,0.9915264844894409,1.2302465233881164e-05,6.031746031746032,42940,,,,,,,,,,,
0.5684037685394288,0.9810476303100586,1.2284906588003932e-05,6.0345554150863885,42960,,,,,,,,,,,
0.5681994915008545,1.5907649993896484,1.2267347942126704e-05,6.037364798426745,42980,,,,,,,,,,,
0.5710002899169921,0.9793124198913574,1.2249789296249474e-05,6.040174181767102,43000,,,,,,,,,,,
0.5613111019134521,0.9160160422325134,1.2232230650372244e-05,6.042983565107459,43020,,,,,,,,,,,
0.5653116226196289,1.0052717924118042,1.2214672004495013e-05,6.045792948447816,43040,,,,,,,,,,,
0.5420732498168945,0.9037021398544312,1.2197113358617784e-05,6.048602331788173,43060,,,,,,,,,,,
0.525202465057373,0.8812505602836609,1.2179554712740554e-05,6.05141171512853,43080,,,,,,,,,,,
0.552934980392456,1.0311167240142822,1.2161996066863324e-05,6.0542210984688865,43100,,,,,,,,,,,
0.5767948627471924,0.9492328763008118,1.2144437420986095e-05,6.057030481809243,43120,,,,,,,,,,,
0.5779727935791016,0.9020015001296997,1.2126878775108865e-05,6.059839865149599,43140,,,,,,,,,,,
0.5723710060119629,0.864959180355072,1.2109320129231635e-05,6.062649248489956,43160,,,,,,,,,,,
0.5878191947937011,0.9678974747657776,1.2091761483354403e-05,6.065458631830313,43180,,,,,,,,,,,
0.544092845916748,0.8151127099990845,1.2074202837477175e-05,6.06826801517067,43200,,,,,,,,,,,
0.541227912902832,0.9144739508628845,1.2056644191599945e-05,6.071077398511027,43220,,,,,,,,,,,
0.5384009838104248,1.0643459558486938,1.2039085545722715e-05,6.0738867818513835,43240,,,,,,,,,,,
0.5732773303985595,1.012229084968567,1.2021526899845483e-05,6.07669616519174,43260,,,,,,,,,,,
0.543331241607666,0.9716631174087524,1.2003968253968255e-05,6.079505548532097,43280,,,,,,,,,,,
0.5610332489013672,0.9679083824157715,1.1986409608091025e-05,6.082314931872454,43300,,,,,,,,,,,
0.5234528541564941,0.9330580830574036,1.1968850962213795e-05,6.085124315212811,43320,,,,,,,,,,,
0.5518604755401612,0.9850997924804688,1.1951292316336565e-05,6.087933698553168,43340,,,,,,,,,,,
0.5621638774871827,0.9542945027351379,1.1933733670459335e-05,6.090743081893525,43360,,,,,,,,,,,
0.5326755523681641,1.0795172452926636,1.1916175024582105e-05,6.0935524652338815,43380,,,,,,,,,,,
0.5306458473205566,0.8095035552978516,1.1898616378704874e-05,6.096361848574238,43400,,,,,,,,,,,
0.5855954170227051,0.934815526008606,1.1881057732827645e-05,6.099171231914594,43420,,,,,,,,,,,
0.5569394111633301,0.971543550491333,1.1863499086950415e-05,6.101980615254951,43440,,,,,,,,,,,
0.5623655796051026,0.8852046132087708,1.1845940441073185e-05,6.104789998595308,43460,,,,,,,,,,,
0.5695468425750733,0.9112359881401062,1.1828381795195954e-05,6.107599381935665,43480,,,,,,,,,,,
0.5581199645996093,0.9181219339370728,1.1810823149318725e-05,6.110408765276022,43500,,,,,,,,,,,
0.5393362998962402,0.8668851256370544,1.1793264503441495e-05,6.113218148616379,43520,,,,,,,,,,,
0.5509941101074218,1.0837745666503906,1.1775705857564266e-05,6.116027531956735,43540,,,,,,,,,,,
0.5548154354095459,0.9643834233283997,1.1758147211687036e-05,6.118836915297092,43560,,,,,,,,,,,
0.571043872833252,1.102935791015625,1.1740588565809806e-05,6.121646298637449,43580,,,,,,,,,,,
0.5274394035339356,0.9661417603492737,1.1723029919932576e-05,6.124455681977806,43600,,,,,,,,,,,
0.5568124294281006,1.0227807760238647,1.1705471274055344e-05,6.127265065318163,43620,,,,,,,,,,,
0.5329147338867187,1.0456143617630005,1.1687912628178116e-05,6.13007444865852,43640,,,,,,,,,,,
0.5552792549133301,0.8145524859428406,1.1670353982300886e-05,6.1328838319988765,43660,,,,,,,,,,,
0.5415343284606934,0.8512762784957886,1.1652795336423656e-05,6.135693215339233,43680,,,,,,,,,,,
0.5475046634674072,1.0421005487442017,1.1635236690546424e-05,6.13850259867959,43700,,,,,,,,,,,
0.5529632091522216,0.9138959646224976,1.1617678044669196e-05,6.141311982019946,43720,,,,,,,,,,,
0.5469850540161133,1.1013009548187256,1.1600119398791966e-05,6.144121365360303,43740,,,,,,,,,,,
0.5442761898040771,0.9336472749710083,1.1582560752914736e-05,6.14693074870066,43760,,,,,,,,,,,
0.5682977676391602,0.9679739475250244,1.1565002107037506e-05,6.149740132041017,43780,,,,,,,,,,,
0.5352622509002686,0.8745372295379639,1.1547443461160276e-05,6.152549515381374,43800,,,,,,,,,,,
0.5339128017425537,0.8605141043663025,1.1529884815283046e-05,6.1553588987217305,43820,,,,,,,,,,,
0.5473064422607422,0.9659159183502197,1.1512326169405816e-05,6.158168282062087,43840,,,,,,,,,,,
0.5469315528869629,0.9697268009185791,1.1494767523528586e-05,6.160977665402444,43860,,,,,,,,,,,
0.5624104499816894,1.086153268814087,1.1477208877651356e-05,6.163787048742801,43880,,,,,,,,,,,
0.5800702571868896,0.9507115483283997,1.1459650231774126e-05,6.166596432083158,43900,,,,,,,,,,,
0.594393539428711,0.9372884035110474,1.1442091585896895e-05,6.169405815423515,43920,,,,,,,,,,,
0.569823932647705,0.9131738543510437,1.1424532940019667e-05,6.172215198763872,43940,,,,,,,,,,,
0.5616413116455078,1.1367624998092651,1.1406974294142437e-05,6.175024582104228,43960,,,,,,,,,,,
0.5304747104644776,1.0023281574249268,1.1389415648265207e-05,6.177833965444585,43980,,,,,,,,,,,
0.5558247566223145,0.843401312828064,1.1371857002387977e-05,6.180643348784942,44000,,,,,,,,,,,
0.5767175197601319,0.958919107913971,1.1354298356510747e-05,6.183452732125298,44020,,,,,,,,,,,
0.5596351623535156,1.0148483514785767,1.1336739710633517e-05,6.186262115465655,44040,,,,,,,,,,,
0.5400720119476319,0.83942711353302,1.1319181064756287e-05,6.189071498806012,44060,,,,,,,,,,,
0.5656260967254638,0.8451205492019653,1.1301622418879057e-05,6.191880882146369,44080,,,,,,,,,,,
0.5270950317382812,0.888917863368988,1.1284063773001827e-05,6.1946902654867255,44100,,,,,,,,,,,
0.594753360748291,1.1378695964813232,1.1266505127124597e-05,6.197499648827082,44120,,,,,,,,,,,
0.5927264213562011,0.9577051997184753,1.1248946481247365e-05,6.200309032167439,44140,,,,,,,,,,,
0.5655879020690918,0.9437569379806519,1.1231387835370137e-05,6.203118415507796,44160,,,,,,,,,,,
0.5617833137512207,0.9149820804595947,1.1213829189492907e-05,6.205927798848153,44180,,,,,,,,,,,
0.5900677680969239,0.9623576998710632,1.1196270543615677e-05,6.20873718218851,44200,,,,,,,,,,,
0.5588924407958984,1.0582011938095093,1.1178711897738447e-05,6.211546565528867,44220,,,,,,,,,,,
0.565412950515747,1.0837030410766602,1.1161153251861217e-05,6.2143559488692235,44240,,,,,,,,,,,
0.5792943477630615,0.9712079763412476,1.1143594605983987e-05,6.21716533220958,44260,,,,,,,,,,,
0.557849645614624,0.9915599822998047,1.1126035960106757e-05,6.219974715549937,44280,,,,,,,,,,,
0.5685337066650391,0.9326269030570984,1.1108477314229527e-05,6.222784098890293,44300,,,,,,,,,,,
0.5955753326416016,0.9844178557395935,1.1090918668352297e-05,6.22559348223065,44320,,,,,,,,,,,
0.5388288497924805,0.9503876566886902,1.1073360022475068e-05,6.228402865571007,44340,,,,,,,,,,,
0.5645023822784424,1.0966365337371826,1.1055801376597838e-05,6.231212248911364,44360,,,,,,,,,,,
0.529180383682251,0.9672672748565674,1.1038242730720608e-05,6.234021632251721,44380,,,,,,,,,,,
0.5563160419464112,1.08823561668396,1.1020684084843378e-05,6.236831015592077,44400,,,,,,,,,,,
0.553777027130127,0.8874464631080627,1.1003125438966148e-05,6.239640398932434,44420,,,,,,,,,,,
0.5346635341644287,0.9814724922180176,1.0985566793088918e-05,6.242449782272791,44440,,,,,,,,,,,
0.5438868522644043,0.8953791856765747,1.0968008147211688e-05,6.245259165613148,44460,,,,,,,,,,,
0.5087552070617676,0.9821538329124451,1.0950449501334458e-05,6.248068548953505,44480,,,,,,,,,,,
0.5612991333007813,0.9752968549728394,1.0932890855457228e-05,6.250877932293862,44500,,,,,,,,,,,
0.5732113361358643,0.8851237893104553,1.0915332209579998e-05,6.2536873156342185,44520,,,,,,,,,,,
0.5324665069580078,0.9862560629844666,1.0897773563702768e-05,6.256496698974575,44540,,,,,,,,,,,
0.5319651603698731,1.0743340253829956,1.0880214917825538e-05,6.259306082314932,44560,,,,,,,,,,,
0.5619518756866455,0.9485145211219788,1.0862656271948308e-05,6.262115465655288,44580,,,,,,,,,,,
0.5487257957458496,1.041154384613037,1.0845097626071078e-05,6.264924848995645,44600,,,,,,,,,,,
0.556097412109375,0.8630379438400269,1.0827538980193848e-05,6.267734232336002,44620,,,,,,,,,,,
0.5588940143585205,1.0276890993118286,1.0809980334316618e-05,6.270543615676359,44640,,,,,,,,,,,
0.572169017791748,1.0472055673599243,1.0792421688439388e-05,6.273352999016716,44660,,,,,,,,,,,
0.5675357818603516,0.906584620475769,1.0774863042562158e-05,6.2761623823570725,44680,,,,,,,,,,,
0.5580108165740967,1.0154634714126587,1.0757304396684928e-05,6.278971765697429,44700,,,,,,,,,,,
0.5327898502349854,0.9474719166755676,1.0739745750807698e-05,6.281781149037786,44720,,,,,,,,,,,
0.5431815147399902,0.8358938694000244,1.0722187104930468e-05,6.284590532378143,44740,,,,,,,,,,,
0.5128491401672364,0.9764545559883118,1.0704628459053239e-05,6.2873999157185,44760,,,,,,,,,,,
0.5516097068786621,0.9191427230834961,1.0687069813176009e-05,6.290209299058857,44780,,,,,,,,,,,
0.5350858688354492,1.0688899755477905,1.0669511167298779e-05,6.293018682399214,44800,,,,,,,,,,,
0.5275282859802246,0.9881839752197266,1.0651952521421549e-05,6.29582806573957,44820,,,,,,,,,,,
0.5526237964630127,0.9469952583312988,1.0634393875544319e-05,6.298637449079927,44840,,,,,,,,,,,
0.5504731178283692,0.9288314580917358,1.0616835229667089e-05,6.301446832420284,44860,,,,,,,,,,,
0.552634859085083,0.9165663123130798,1.0599276583789859e-05,6.30425621576064,44880,,,,,,,,,,,
0.5504525661468506,0.9376116991043091,1.0581717937912629e-05,6.307065599100997,44900,,,,,,,,,,,
0.5682153701782227,0.989483118057251,1.0564159292035399e-05,6.309874982441354,44920,,,,,,,,,,,
0.5188618183135987,0.9017969965934753,1.0546600646158169e-05,6.312684365781711,44940,,,,,,,,,,,
0.5484385967254639,0.8959448933601379,1.0529042000280939e-05,6.3154937491220675,44960,,,,,,,,,,,
0.5645234107971191,1.0679001808166504,1.0511483354403709e-05,6.318303132462424,44980,,,,,,,,,,,
0.5655035018920899,0.8837382197380066,1.0493924708526479e-05,6.321112515802781,45000,,,,,,,,,,,
0.5633318901062012,0.9974859952926636,1.047636606264925e-05,6.323921899143138,45020,,,,,,,,,,,
0.5598652362823486,1.1178499460220337,1.045880741677202e-05,6.326731282483495,45040,,,,,,,,,,,
0.5514306545257568,0.9299017190933228,1.044124877089479e-05,6.329540665823852,45060,,,,,,,,,,,
0.5543941497802735,0.9499167203903198,1.042369012501756e-05,6.332350049164209,45080,,,,,,,,,,,
0.559832239151001,0.9214016795158386,1.040613147914033e-05,6.3351594325045655,45100,,,,,,,,,,,
0.5563819408416748,0.9832926988601685,1.03885728332631e-05,6.337968815844922,45120,,,,,,,,,,,
0.5646774291992187,0.9438231587409973,1.037101418738587e-05,6.340778199185279,45140,,,,,,,,,,,
0.535916805267334,1.0131099224090576,1.035345554150864e-05,6.343587582525636,45160,,,,,,,,,,,
0.5152979850769043,0.7927554249763489,1.033589689563141e-05,6.346396965865992,45180,,,,,,,,,,,
0.5504281044006347,0.9415972232818604,1.031833824975418e-05,6.349206349206349,45200,,,,,,,,,,,
0.5692085742950439,1.0265450477600098,1.030077960387695e-05,6.352015732546706,45220,,,,,,,,,,,
0.5399281978607178,1.0365064144134521,1.028322095799972e-05,6.354825115887063,45240,,,,,,,,,,,
0.5538831233978272,0.9369562864303589,1.026566231212249e-05,6.357634499227419,45260,,,,,,,,,,,
0.5801077365875245,0.7529218792915344,1.024810366624526e-05,6.360443882567776,45280,,,,,,,,,,,
0.5798867702484131,1.0002892017364502,1.023054502036803e-05,6.363253265908133,45300,,,,,,,,,,,
0.5689016342163086,0.9371242523193359,1.02129863744908e-05,6.36606264924849,45320,,,,,,,,,,,
0.5520207405090332,1.0318350791931152,1.019542772861357e-05,6.368872032588847,45340,,,,,,,,,,,
0.5638065814971924,1.0980829000473022,1.017786908273634e-05,6.371681415929204,45360,,,,,,,,,,,
0.5326331615447998,0.8930428624153137,1.016031043685911e-05,6.3744907992695605,45380,,,,,,,,,,,
0.5364444255828857,1.07421875,1.014275179098188e-05,6.377300182609917,45400,,,,,,,,,,,
0.5731701850891113,0.9103357195854187,1.012519314510465e-05,6.380109565950274,45420,,,,,,,,,,,
0.5544672966003418,0.9455700516700745,1.010763449922742e-05,6.382918949290631,45440,,,,,,,,,,,
0.5607780456542969,1.023032307624817,1.009007585335019e-05,6.385728332630988,45460,,,,,,,,,,,
0.5521384716033936,0.88983154296875,1.007251720747296e-05,6.388537715971344,45480,,,,,,,,,,,
0.5769452571868896,0.9323813915252686,1.005495856159573e-05,6.391347099311701,45500,,,,,,,,,,,
0.5299497127532959,0.9501991271972656,1.00373999157185e-05,6.394156482652058,45520,,,,,,,,,,,
0.5740858554840088,1.0692256689071655,1.001984126984127e-05,6.3969658659924145,45540,,,,,,,,,,,
0.5656413555145263,0.9886420369148254,1.000228262396404e-05,6.399775249332771,45560,,,,,,,,,,,
0.5435245990753174,1.197695016860962,9.98472397808681e-06,6.402584632673128,45580,,,,,,,,,,,
0.5749120235443115,0.985752522945404,9.96716533220958e-06,6.405394016013485,45600,,,,,,,,,,,
0.529862642288208,0.9344682097434998,9.94960668633235e-06,6.408203399353842,45620,,,,,,,,,,,
0.5401750087738038,1.0407283306121826,9.93204804045512e-06,6.411012782694199,45640,,,,,,,,,,,
0.5609641075134277,0.9122703671455383,9.91448939457789e-06,6.413822166034556,45660,,,,,,,,,,,
0.5809085845947266,0.9767240285873413,9.89693074870066e-06,6.416631549374912,45680,,,,,,,,,,,
0.5101289272308349,0.9681042432785034,9.87937210282343e-06,6.419440932715269,45700,,,,,,,,,,,
0.581404447555542,0.9647795557975769,9.861813456946201e-06,6.422250316055626,45720,,,,,,,,,,,
0.5379856109619141,0.916015625,9.844254811068971e-06,6.425059699395983,45740,,,,,,,,,,,
0.5346309661865234,0.8840075731277466,9.826696165191741e-06,6.42786908273634,45760,,,,,,,,,,,
0.5606770515441895,0.8659862279891968,9.809137519314511e-06,6.430678466076696,45780,,,,,,,,,,,
0.5602702617645263,0.810708224773407,9.791578873437281e-06,6.433487849417053,45800,,,,,,,,,,,
0.5480827808380127,0.9456366300582886,9.774020227560051e-06,6.4362972327574095,45820,,,,,,,,,,,
0.5778404712677002,1.1261696815490723,9.756461581682821e-06,6.439106616097766,45840,,,,,,,,,,,
0.5827383041381836,0.9323975443840027,9.738902935805591e-06,6.441915999438123,45860,,,,,,,,,,,
0.5533059120178223,1.0426265001296997,9.721344289928361e-06,6.44472538277848,45880,,,,,,,,,,,
0.5732213020324707,1.0159627199172974,9.703785644051131e-06,6.447534766118837,45900,,,,,,,,,,,
0.5755328178405762,1.0140069723129272,9.686226998173901e-06,6.450344149459194,45920,,,,,,,,,,,
0.5602365493774414,1.0645098686218262,9.668668352296671e-06,6.453153532799551,45940,,,,,,,,,,,
0.5176330089569092,1.030840516090393,9.651109706419441e-06,6.4559629161399075,45960,,,,,,,,,,,
0.5433152675628662,0.9276480078697205,9.633551060542212e-06,6.458772299480264,45980,,,,,,,,,,,
0.5668820858001709,0.9317453503608704,9.615992414664982e-06,6.461581682820621,46000,,,,,,,,,,,
0.5732747077941894,0.9514362215995789,9.598433768787752e-06,6.464391066160978,46020,,,,,,,,,,,
0.5467694282531739,0.9968410730361938,9.580875122910522e-06,6.467200449501334,46040,,,,,,,,,,,
0.5554916858673096,1.0433589220046997,9.563316477033292e-06,6.470009832841691,46060,,,,,,,,,,,
0.547996711730957,0.9803339838981628,9.545757831156062e-06,6.472819216182048,46080,,,,,,,,,,,
0.5392911434173584,0.9155134558677673,9.528199185278832e-06,6.4756285995224045,46100,,,,,,,,,,,
0.545473051071167,1.1311588287353516,9.510640539401602e-06,6.478437982862761,46120,,,,,,,,,,,
0.5429493904113769,0.9413067698478699,9.493081893524372e-06,6.481247366203118,46140,,,,,,,,,,,
0.5562729358673095,1.0411465167999268,9.475523247647142e-06,6.484056749543475,46160,,,,,,,,,,,
0.5553588390350341,0.8468896150588989,9.457964601769912e-06,6.486866132883832,46180,,,,,,,,,,,
0.5591458320617676,0.8179914355278015,9.440405955892682e-06,6.489675516224189,46200,,,,,,,,,,,
0.5756715297698974,0.9289337992668152,9.422847310015452e-06,6.492484899564546,46220,,,,,,,,,,,
0.5443442344665528,1.1012545824050903,9.405288664138222e-06,6.4952942829049025,46240,,,,,,,,,,,
0.5588574409484863,1.0712409019470215,9.387730018260992e-06,6.498103666245259,46260,,,,,,,,,,,
0.5285122871398926,0.9339920282363892,9.370171372383762e-06,6.500913049585616,46280,,,,,,,,,,,
0.5353704929351807,0.9731136560440063,9.352612726506532e-06,6.503722432925973,46300,,,,,,,,,,,
0.5556439399719239,1.0082981586456299,9.335054080629302e-06,6.50653181626633,46320,,,,,,,,,,,
0.549490213394165,0.9045093655586243,9.317495434752072e-06,6.509341199606686,46340,,,,,,,,,,,
0.5463819980621338,0.8769388794898987,9.299936788874842e-06,6.512150582947043,46360,,,,,,,,,,,
0.528569221496582,1.0144777297973633,9.282378142997613e-06,6.5149599662874,46380,,,,,,,,,,,
0.5180157661437989,0.9089484810829163,9.264819497120383e-06,6.5177693496277564,46400,,,,,,,,,,,
0.564354658126831,0.9260277152061462,9.247260851243153e-06,6.520578732968113,46420,,,,,,,,,,,
0.5319719791412354,0.8285166621208191,9.229702205365923e-06,6.52338811630847,46440,,,,,,,,,,,
0.5219866275787354,0.9834820032119751,9.212143559488693e-06,6.526197499648827,46460,,,,,,,,,,,
0.5450788974761963,0.8566508293151855,9.194584913611463e-06,6.529006882989184,46480,,,,,,,,,,,
0.5367960453033447,0.9827805161476135,9.177026267734233e-06,6.531816266329541,46500,,,,,,,,,,,
0.5526129245758057,0.9138104319572449,9.159467621857003e-06,6.534625649669898,46520,,,,,,,,,,,
0.53376145362854,0.9641695022583008,9.141908975979773e-06,6.537435033010254,46540,,,,,,,,,,,
0.5314427852630615,0.911054253578186,9.124350330102543e-06,6.540244416350611,46560,,,,,,,,,,,
0.574608039855957,1.0453932285308838,9.106791684225313e-06,6.543053799690968,46580,,,,,,,,,,,
0.588481092453003,0.9824633002281189,9.089233038348083e-06,6.545863183031325,46600,,,,,,,,,,,
0.5589312553405762,1.0162073373794556,9.071674392470853e-06,6.548672566371682,46620,,,,,,,,,,,
0.5132791042327881,0.9650537967681885,9.054115746593623e-06,6.551481949712038,46640,,,,,,,,,,,
0.5339712619781494,0.9432112574577332,9.036557100716393e-06,6.554291333052395,46660,,,,,,,,,,,
0.5425642013549805,0.8875035643577576,9.018998454839163e-06,6.5571007163927515,46680,,,,,,,,,,,
0.5638851165771485,0.9219402074813843,9.001439808961933e-06,6.559910099733108,46700,,,,,,,,,,,
0.5573051452636719,0.94158536195755,8.983881163084703e-06,6.562719483073465,46720,,,,,,,,,,,
0.5304182052612305,0.9695677161216736,8.966322517207473e-06,6.565528866413822,46740,,,,,,,,,,,
0.5758518218994141,0.9534602761268616,8.948763871330243e-06,6.568338249754179,46760,,,,,,,,,,,
0.5408847808837891,1.0169215202331543,8.931205225453013e-06,6.571147633094536,46780,,,,,,,,,,,
0.5114502906799316,0.8886661529541016,8.913646579575784e-06,6.573957016434893,46800,,,,,,,,,,,
0.560742998123169,1.2938892841339111,8.896087933698554e-06,6.5767663997752495,46820,,,,,,,,,,,
0.5371534347534179,0.8858194947242737,8.878529287821324e-06,6.579575783115606,46840,,,,,,,,,,,
0.5545124053955078,0.8706657290458679,8.860970641944094e-06,6.582385166455963,46860,,,,,,,,,,,
0.5316415786743164,0.982941210269928,8.843411996066864e-06,6.58519454979632,46880,,,,,,,,,,,
0.5630259037017822,0.9837730526924133,8.825853350189634e-06,6.588003933136677,46900,,,,,,,,,,,
0.50132155418396,0.8303613066673279,8.808294704312404e-06,6.590813316477034,46920,,,,,,,,,,,
0.5508996963500976,0.9761364459991455,8.790736058435174e-06,6.59362269981739,46940,,,,,,,,,,,
0.5630436897277832,0.9313781261444092,8.773177412557944e-06,6.5964320831577465,46960,,,,,,,,,,,
0.5385219097137451,1.021083116531372,8.755618766680714e-06,6.599241466498103,46980,,,,,,,,,,,
0.56031813621521,0.8957360982894897,8.738060120803484e-06,6.60205084983846,47000,,,,,,,,,,,
0.552752161026001,0.9343838691711426,8.720501474926254e-06,6.604860233178817,47020,,,,,,,,,,,
0.5275226593017578,0.9124431610107422,8.702942829049024e-06,6.607669616519174,47040,,,,,,,,,,,
0.5872100353240967,0.8913480639457703,8.685384183171794e-06,6.610478999859531,47060,,,,,,,,,,,
0.5306829929351806,0.8813319206237793,8.667825537294564e-06,6.613288383199888,47080,,,,,,,,,,,
0.5658938407897949,0.9152387976646423,8.650266891417334e-06,6.6160977665402445,47100,,,,,,,,,,,
0.5537370204925537,0.9410679936408997,8.632708245540104e-06,6.618907149880601,47120,,,,,,,,,,,
0.5870415210723877,1.0366640090942383,8.615149599662874e-06,6.621716533220958,47140,,,,,,,,,,,
0.5308162689208984,1.0340700149536133,8.597590953785644e-06,6.624525916561315,47160,,,,,,,,,,,
0.5989048957824707,1.056020975112915,8.580032307908414e-06,6.627335299901672,47180,,,,,,,,,,,
0.5245648860931397,0.9408409595489502,8.562473662031185e-06,6.630144683242028,47200,,,,,,,,,,,
0.5550154209136963,0.8714660406112671,8.544915016153955e-06,6.632954066582386,47220,,,,,,,,,,,
0.566716480255127,0.7960463166236877,8.527356370276725e-06,6.635763449922742,47240,,,,,,,,,,,
0.5481369972229004,0.8511694669723511,8.509797724399495e-06,6.638572833263098,47260,,,,,,,,,,,
0.5429354667663574,0.9236449599266052,8.492239078522265e-06,6.641382216603455,47280,,,,,,,,,,,
0.5523101806640625,0.9897006750106812,8.474680432645035e-06,6.644191599943812,47300,,,,,,,,,,,
0.5553835868835449,0.9586665034294128,8.457121786767805e-06,6.647000983284169,47320,,,,,,,,,,,
0.549351978302002,0.9077032804489136,8.439563140890575e-06,6.649810366624526,47340,,,,,,,,,,,
0.552306842803955,0.9560775756835938,8.422004495013345e-06,6.652619749964883,47360,,,,,,,,,,,
0.5586784362792969,0.948613166809082,8.404445849136115e-06,6.6554291333052396,47380,,,,,,,,,,,
0.5756955146789551,0.9510785937309265,8.386887203258885e-06,6.658238516645596,47400,,,,,,,,,,,
0.547504997253418,0.9631057977676392,8.369328557381655e-06,6.661047899985953,47420,,,,,,,,,,,
0.5327927589416503,0.9576343894004822,8.351769911504425e-06,6.66385728332631,47440,,,,,,,,,,,
0.5191125392913818,0.88041090965271,8.334211265627195e-06,6.666666666666667,47460,,,,,,,,,,,
0.5633316993713379,0.987511396408081,8.316652619749965e-06,6.669476050007024,47480,,,,,,,,,,,
0.5566187858581543,0.9921796917915344,8.299093973872735e-06,6.67228543334738,47500,,,,,,,,,,,
0.5363383769989014,0.9466303586959839,8.281535327995505e-06,6.6750948166877375,47520,,,,,,,,,,,
0.5401352405548095,0.9463262557983398,8.263976682118275e-06,6.6779042000280935,47540,,,,,,,,,,,
0.5480472564697265,1.011148452758789,8.246418036241045e-06,6.68071358336845,47560,,,,,,,,,,,
0.5192238807678222,1.1215877532958984,8.228859390363815e-06,6.683522966708807,47580,,,,,,,,,,,
0.5922849178314209,0.9904338121414185,8.211300744486585e-06,6.686332350049164,47600,,,,,,,,,,,
0.5347999095916748,0.900394082069397,8.193742098609356e-06,6.689141733389521,47620,,,,,,,,,,,
0.5567968368530274,1.0468116998672485,8.176183452732126e-06,6.691951116729878,47640,,,,,,,,,,,
0.5413346290588379,1.0236402750015259,8.158624806854896e-06,6.694760500070235,47660,,,,,,,,,,,
0.5276562213897705,1.002877116203308,8.141066160977666e-06,6.6975698834105915,47680,,,,,,,,,,,
0.5679963111877442,0.8883957266807556,8.123507515100436e-06,6.700379266750948,47700,,,,,,,,,,,
0.5688666820526123,0.9153022766113281,8.105948869223206e-06,6.703188650091305,47720,,,,,,,,,,,
0.5643647670745849,0.8774454593658447,8.088390223345976e-06,6.705998033431662,47740,,,,,,,,,,,
0.5069740295410157,0.9900482296943665,8.070831577468746e-06,6.708807416772019,47760,,,,,,,,,,,
0.5342159748077393,0.9875226616859436,8.053272931591516e-06,6.711616800112376,47780,,,,,,,,,,,
0.563993501663208,0.9461291432380676,8.035714285714286e-06,6.714426183452732,47800,,,,,,,,,,,
0.5537595748901367,0.9318735003471375,8.018155639837056e-06,6.7172355667930885,47820,,,,,,,,,,,
0.5509657859802246,1.01132333278656,8.000596993959826e-06,6.720044950133445,47840,,,,,,,,,,,
0.5082901954650879,0.9775497913360596,7.983038348082596e-06,6.722854333473802,47860,,,,,,,,,,,
0.5542781829833985,1.0645663738250732,7.965479702205366e-06,6.725663716814159,47880,,,,,,,,,,,
0.5334043025970459,0.9042763113975525,7.947921056328136e-06,6.728473100154516,47900,,,,,,,,,,,
0.5864222526550293,0.9124982357025146,7.930362410450906e-06,6.731282483494873,47920,,,,,,,,,,,
0.5506007194519043,0.8785180449485779,7.912803764573676e-06,6.73409186683523,47940,,,,,,,,,,,
0.5550774097442627,0.8864961862564087,7.895245118696446e-06,6.7369012501755865,47960,,,,,,,,,,,
0.5241024494171143,0.925053060054779,7.877686472819216e-06,6.739710633515943,47980,,,,,,,,,,,
0.5578009128570557,1.045008659362793,7.860127826941986e-06,6.7425200168563,48000,,,,,,,,,,,
0.5293164253234863,1.0453952550888062,7.842569181064757e-06,6.745329400196657,48020,,,,,,,,,,,
0.556734037399292,1.0339370965957642,7.825010535187527e-06,6.748138783537014,48040,,,,,,,,,,,
0.5328884124755859,0.823360800743103,7.807451889310297e-06,6.750948166877371,48060,,,,,,,,,,,
0.5354647159576416,0.995949923992157,7.789893243433067e-06,6.753757550217728,48080,,,,,,,,,,,
0.5783041477203369,1.0617274045944214,7.772334597555837e-06,6.756566933558084,48100,,,,,,,,,,,
0.5436439514160156,0.9241806268692017,7.754775951678607e-06,6.75937631689844,48120,,,,,,,,,,,
0.5319188594818115,1.0103528499603271,7.737217305801377e-06,6.762185700238797,48140,,,,,,,,,,,
0.5492855072021484,0.8801516890525818,7.719658659924147e-06,6.764995083579154,48160,,,,,,,,,,,
0.5286370277404785,0.8778289556503296,7.702100014046917e-06,6.767804466919511,48180,,,,,,,,,,,
0.5391713142395019,1.0338653326034546,7.684541368169687e-06,6.770613850259868,48200,,,,,,,,,,,
0.5396315574645996,0.8878682851791382,7.666982722292457e-06,6.773423233600225,48220,,,,,,,,,,,
0.521976900100708,0.9513245224952698,7.649424076415227e-06,6.7762326169405815,48240,,,,,,,,,,,
0.5297735691070556,1.0588092803955078,7.631865430537997e-06,6.779042000280938,48260,,,,,,,,,,,
0.5367908477783203,1.0041085481643677,7.614306784660767e-06,6.781851383621295,48280,,,,,,,,,,,
0.5513968467712402,0.8103340864181519,7.596748138783537e-06,6.784660766961652,48300,,,,,,,,,,,
0.544260311126709,1.0313634872436523,7.579189492906308e-06,6.787470150302009,48320,,,,,,,,,,,
0.5642858028411866,0.9778631329536438,7.561630847029077e-06,6.790279533642366,48340,,,,,,,,,,,
0.5515852928161621,0.9798838496208191,7.544072201151847e-06,6.793088916982723,48360,,,,,,,,,,,
0.5546493530273438,0.9993774890899658,7.526513555274618e-06,6.7958983003230795,48380,,,,,,,,,,,
0.5246667861938477,0.8850086331367493,7.508954909397388e-06,6.7987076836634355,48400,,,,,,,,,,,
0.515682601928711,0.9870744347572327,7.4913962635201575e-06,6.801517067003792,48420,,,,,,,,,,,
0.5501912117004395,0.8934217095375061,7.4738376176429275e-06,6.804326450344149,48440,,,,,,,,,,,
0.5090898036956787,0.8459104299545288,7.4562789717656984e-06,6.807135833684506,48460,,,,,,,,,,,
0.531917142868042,0.9091709852218628,7.438720325888468e-06,6.809945217024863,48480,,,,,,,,,,,
0.5630209445953369,0.9068527221679688,7.421161680011238e-06,6.81275460036522,48500,,,,,,,,,,,
0.5315290451049804,1.029091477394104,7.403603034134008e-06,6.815563983705577,48520,,,,,,,,,,,
0.5433647155761718,0.8824679851531982,7.386044388256779e-06,6.818373367045933,48540,,,,,,,,,,,
0.530467939376831,0.8824297189712524,7.368485742379548e-06,6.82118275038629,48560,,,,,,,,,,,
0.5258211135864258,1.0181634426116943,7.350927096502318e-06,6.823992133726647,48580,,,,,,,,,,,
0.5483587741851806,0.9219599962234497,7.333368450625089e-06,6.826801517067004,48600,,,,,,,,,,,
0.5265273571014404,0.9939243793487549,7.315809804747859e-06,6.829610900407361,48620,,,,,,,,,,,
0.5421154499053955,0.8777806162834167,7.298251158870628e-06,6.832420283747718,48640,,,,,,,,,,,
0.5487183094024658,1.0018335580825806,7.280692512993398e-06,6.835229667088074,48660,,,,,,,,,,,
0.5440710544586181,0.997894823551178,7.263133867116169e-06,6.838039050428431,48680,,,,,,,,,,,
0.5211714744567871,0.9591220617294312,7.245575221238938e-06,6.840848433768787,48700,,,,,,,,,,,
0.5437424182891846,0.897907555103302,7.228016575361708e-06,6.843657817109144,48720,,,,,,,,,,,
0.5471722602844238,0.9408002495765686,7.210457929484478e-06,6.846467200449501,48740,,,,,,,,,,,
0.5862462997436524,0.9233902096748352,7.192899283607249e-06,6.849276583789858,48760,,,,,,,,,,,
0.5231048107147217,0.8656003475189209,7.175340637730018e-06,6.852085967130215,48780,,,,,,,,,,,
0.5345271110534668,1.003122091293335,7.1577819918527884e-06,6.854895350470572,48800,,,,,,,,,,,
0.5836725234985352,0.9188861846923828,7.140223345975559e-06,6.8577047338109285,48820,,,,,,,,,,,
0.5417891025543213,0.9365883469581604,7.122664700098329e-06,6.860514117151285,48840,,,,,,,,,,,
0.5586310386657715,0.882023274898529,7.1051060542210986e-06,6.863323500491642,48860,,,,,,,,,,,
0.550783920288086,1.0119855403900146,7.087547408343869e-06,6.866132883831999,48880,,,,,,,,,,,
0.5282809257507324,1.0311964750289917,7.0699887624666395e-06,6.868942267172356,48900,,,,,,,,,,,
0.5619318008422851,0.9052652716636658,7.052430116589409e-06,6.871751650512713,48920,,,,,,,,,,,
0.549562931060791,0.9153198003768921,7.034871470712179e-06,6.87456103385307,48940,,,,,,,,,,,
0.5784679889678955,0.9777122139930725,7.017312824834949e-06,6.877370417193426,48960,,,,,,,,,,,
0.5525362968444825,0.9265606999397278,6.99975417895772e-06,6.880179800533783,48980,,,,,,,,,,,
0.5378881931304932,1.042494297027588,6.982195533080489e-06,6.882989183874139,49000,,,,,,,,,,,
0.5329522609710693,0.9432551860809326,6.964636887203259e-06,6.885798567214496,49020,,,,,,,,,,,
0.5090790748596191,0.9622184634208679,6.94707824132603e-06,6.888607950554853,49040,,,,,,,,,,,
0.5860186576843261,0.8878075480461121,6.9295195954488e-06,6.89141733389521,49060,,,,,,,,,,,
0.5626456260681152,0.9871628284454346,6.911960949571569e-06,6.894226717235567,49080,,,,,,,,,,,
0.539860200881958,0.9962877035140991,6.894402303694339e-06,6.8970361005759235,49100,,,,,,,,,,,
0.5298730373382569,0.9671988487243652,6.87684365781711e-06,6.89984548391628,49120,,,,,,,,,,,
0.5147295951843261,0.9627937078475952,6.859285011939879e-06,6.902654867256637,49140,,,,,,,,,,,
0.5426002025604248,0.8252872824668884,6.841726366062649e-06,6.905464250596994,49160,,,,,,,,,,,
0.5427176475524902,1.069865345954895,6.824167720185419e-06,6.908273633937351,49180,,,,,,,,,,,
0.590464735031128,1.1606823205947876,6.80660907430819e-06,6.911083017277708,49200,,,,,,,,,,,
0.5412331581115722,0.9296523928642273,6.7890504284309595e-06,6.913892400618065,49220,,,,,,,,,,,
0.5359592437744141,1.05321204662323,6.7714917825537295e-06,6.9167017839584215,49240,,,,,,,,,,,
0.5230905532836914,1.005429744720459,6.7539331366765e-06,6.9195111672987775,49260,,,,,,,,,,,
0.5143019199371338,0.8059466481208801,6.7363744907992705e-06,6.922320550639135,49280,,,,,,,,,,,
0.5578617572784423,0.970533013343811,6.71881584492204e-06,6.925129933979491,49300,,,,,,,,,,,
0.513201904296875,0.8882423639297485,6.70125719904481e-06,6.927939317319848,49320,,,,,,,,,,,
0.5541543960571289,0.9432986974716187,6.683698553167581e-06,6.930748700660205,49340,,,,,,,,,,,
0.5305218696594238,0.9673640131950378,6.66613990729035e-06,6.933558084000562,49360,,,,,,,,,,,
0.5346223831176757,1.0749369859695435,6.64858126141312e-06,6.936367467340919,49380,,,,,,,,,,,
0.5356732845306397,2.2273221015930176,6.63102261553589e-06,6.939176850681275,49400,,,,,,,,,,,
0.5310262203216553,1.0753731727600098,6.613463969658661e-06,6.941986234021632,49420,,,,,,,,,,,
0.5366898536682129,0.9311214685440063,6.59590532378143e-06,6.944795617361989,49440,,,,,,,,,,,
0.537990665435791,1.0554908514022827,6.5783466779042e-06,6.947605000702346,49460,,,,,,,,,,,
0.5285894870758057,0.9204577803611755,6.560788032026971e-06,6.950414384042703,49480,,,,,,,,,,,
0.5445752143859863,1.0439577102661133,6.543229386149741e-06,6.95322376738306,49500,,,,,,,,,,,
0.5277349472045898,1.0093297958374023,6.52567074027251e-06,6.9560331507234165,49520,,,,,,,,,,,
0.5529263019561768,0.9316193461418152,6.50811209439528e-06,6.958842534063773,49540,,,,,,,,,,,
0.5465482711791992,1.0237939357757568,6.490553448518051e-06,6.961651917404129,49560,,,,,,,,,,,
0.5590524196624755,0.9631472229957581,6.47299480264082e-06,6.964461300744486,49580,,,,,,,,,,,
0.5240869998931885,1.1295976638793945,6.45543615676359e-06,6.967270684084843,49600,,,,,,,,,,,
0.5758527755737305,0.9228825569152832,6.4378775108863604e-06,6.9700800674252,49620,,,,,,,,,,,
0.5443826675415039,1.059747576713562,6.420318865009131e-06,6.972889450765557,49640,,,,,,,,,,,
0.5205252647399903,1.1094528436660767,6.4027602191319005e-06,6.975698834105914,49660,,,,,,,,,,,
0.539888858795166,1.0514253377914429,6.385201573254671e-06,6.9785082174462705,49680,,,,,,,,,,,
0.5319852828979492,0.9357589483261108,6.3676429273774415e-06,6.981317600786627,49700,,,,,,,,,,,
0.5681691646575928,0.9663630127906799,6.3500842815002115e-06,6.984126984126984,49720,,,,,,,,,,,
0.5199067115783691,0.9856376051902771,6.332525635622981e-06,6.986936367467341,49740,,,,,,,,,,,
0.5241864681243896,1.0764422416687012,6.314966989745751e-06,6.989745750807698,49760,,,,,,,,,,,
0.5608986377716064,0.8717278242111206,6.297408343868522e-06,6.992555134148055,49780,,,,,,,,,,,
0.5252326488494873,0.8886426687240601,6.279849697991292e-06,6.995364517488412,49800,,,,,,,,,,,
0.5662025451660156,0.8761394619941711,6.262291052114061e-06,6.9981739008287684,49820,,,,,,,,,,,
,,,7.0,49833,1.3201289176940918,35.84978785624052,55.98994280627687,208.8586,16.303,1.02,,,,,
0.5167219161987304,0.9280614852905273,6.244732406236831e-06,7.000983284169125,49840,,,,,,,,,,,
0.5518036842346191,0.9872074127197266,6.227173760359602e-06,7.003792667509481,49860,,,,,,,,,,,
0.5062031745910645,1.1002414226531982,6.209615114482371e-06,7.006602050849838,49880,,,,,,,,,,,
0.5272656917572022,0.9037018418312073,6.192056468605142e-06,7.009411434190195,49900,,,,,,,,,,,
0.5429576873779297,0.9963916540145874,6.174497822727911e-06,7.012220817530552,49920,,,,,,,,,,,
0.5397290706634521,0.8794635534286499,6.156939176850682e-06,7.015030200870909,49940,,,,,,,,,,,
0.5370363235473633,0.9400267004966736,6.139380530973451e-06,7.0178395842112655,49960,,,,,,,,,,,
0.5164475917816163,0.9193066358566284,6.121821885096222e-06,7.020648967551622,49980,,,,,,,,,,,
0.5547447204589844,0.9807789325714111,6.104263239218991e-06,7.023458350891979,50000,,,,,,,,,,,
0.503976583480835,0.8379160761833191,6.086704593341762e-06,7.026267734232336,50020,,,,,,,,,,,
0.5678680419921875,0.9248132705688477,6.0691459474645315e-06,7.029077117572693,50040,,,,,,,,,,,
0.5518557548522949,0.9306488037109375,6.0515873015873015e-06,7.03188650091305,50060,,,,,,,,,,,
0.5168743133544922,0.8134059906005859,6.034028655710072e-06,7.034695884253407,50080,,,,,,,,,,,
0.5242093086242676,0.9563388824462891,6.016470009832842e-06,7.0375052675937635,50100,,,,,,,,,,,
0.5405368804931641,1.3726221323013306,5.9989113639556125e-06,7.04031465093412,50120,,,,,,,,,,,
0.516719913482666,0.9646162986755371,5.981352718078382e-06,7.043124034274477,50140,,,,,,,,,,,
0.5113114833831787,0.9789022207260132,5.963794072201153e-06,7.045933417614833,50160,,,,,,,,,,,
0.5085806369781494,0.9082210659980774,5.946235426323922e-06,7.04874280095519,50180,,,,,,,,,,,
0.5161821365356445,1.002357006072998,5.928676780446693e-06,7.051552184295547,50200,,,,,,,,,,,
0.5108195304870605,0.9991979002952576,5.911118134569462e-06,7.054361567635904,50220,,,,,,,,,,,
0.5134517192840576,1.005263090133667,5.893559488692233e-06,7.057170950976261,50240,,,,,,,,,,,
0.5242483139038085,0.9680982232093811,5.876000842815002e-06,7.059980334316617,50260,,,,,,,,,,,
0.506649398803711,1.0235825777053833,5.858442196937772e-06,7.062789717656974,50280,,,,,,,,,,,
0.5247251987457275,0.9283328056335449,5.840883551060543e-06,7.065599100997331,50300,,,,,,,,,,,
0.5412121772766113,0.8591399788856506,5.823324905183312e-06,7.068408484337688,50320,,,,,,,,,,,
0.5217339515686035,0.9813051223754883,5.805766259306083e-06,7.071217867678045,50340,,,,,,,,,,,
0.5463011741638184,0.9709802269935608,5.788207613428852e-06,7.074027251018402,50360,,,,,,,,,,,
0.5150545597076416,1.7323968410491943,5.770648967551623e-06,7.0768366343587585,50380,,,,,,,,,,,
0.5283320903778076,0.8784514665603638,5.753090321674392e-06,7.079646017699115,50400,,,,,,,,,,,
0.5319431304931641,0.9515424966812134,5.735531675797163e-06,7.082455401039472,50420,,,,,,,,,,,
0.5189543724060058,0.9082655310630798,5.7179730299199324e-06,7.085264784379828,50440,,,,,,,,,,,
0.5335000991821289,0.8648762702941895,5.700414384042703e-06,7.088074167720185,50460,,,,,,,,,,,
0.5164374828338623,0.9591160416603088,5.6828557381654725e-06,7.090883551060542,50480,,,,,,,,,,,
0.48952884674072267,0.9537284970283508,5.665297092288243e-06,7.093692934400899,50500,,,,,,,,,,,
0.5381975173950195,1.061495065689087,5.6477384464110135e-06,7.096502317741256,50520,,,,,,,,,,,
0.5273150444030762,0.802856981754303,5.630179800533783e-06,7.0993117010816125,50540,,,,,,,,,,,
0.4957846164703369,0.8751198649406433,5.612621154656554e-06,7.102121084421969,50560,,,,,,,,,,,
0.4956671714782715,0.9203072786331177,5.595062508779323e-06,7.104930467762326,50580,,,,,,,,,,,
0.5149797439575196,1.0695174932479858,5.577503862902094e-06,7.107739851102683,50600,,,,,,,,,,,
0.5403560161590576,0.932872474193573,5.559945217024863e-06,7.11054923444304,50620,,,,,,,,,,,
0.5427867412567139,0.9660593867301941,5.542386571147634e-06,7.113358617783397,50640,,,,,,,,,,,
0.5471235752105713,0.9667955636978149,5.524827925270403e-06,7.116168001123754,50660,,,,,,,,,,,
0.5148581027984619,0.9266359210014343,5.507269279393174e-06,7.11897738446411,50680,,,,,,,,,,,
0.5383601665496827,0.9041047096252441,5.489710633515943e-06,7.121786767804467,50700,,,,,,,,,,,
0.5386877059936523,0.8755077123641968,5.472151987638713e-06,7.124596151144824,50720,,,,,,,,,,,
0.5108951568603516,1.1035706996917725,5.454593341761484e-06,7.12740553448518,50740,,,,,,,,,,,
0.5230328559875488,0.9943391680717468,5.437034695884253e-06,7.130214917825537,50760,,,,,,,,,,,
0.5589169979095459,1.0114388465881348,5.419476050007024e-06,7.133024301165894,50780,,,,,,,,,,,
0.5157108783721924,1.0110971927642822,5.401917404129793e-06,7.135833684506251,50800,,,,,,,,,,,
0.5031518459320068,0.8965012431144714,5.384358758252564e-06,7.1386430678466075,50820,,,,,,,,,,,
0.5203442096710205,0.9866466522216797,5.3668001123753334e-06,7.141452451186964,50840,,,,,,,,,,,
0.546764326095581,1.0446054935455322,5.349241466498104e-06,7.144261834527321,50860,,,,,,,,,,,
0.5261576175689697,0.8097972869873047,5.3316828206208735e-06,7.147071217867678,50880,,,,,,,,,,,
0.5508425235748291,1.009605884552002,5.314124174743644e-06,7.149880601208035,50900,,,,,,,,,,,
0.5381216049194336,1.0503818988800049,5.2965655288664145e-06,7.152689984548392,50920,,,,,,,,,,,
0.568963623046875,0.8554940223693848,5.279006882989184e-06,7.155499367888749,50940,,,,,,,,,,,
0.575294017791748,0.9764814376831055,5.2614482371119546e-06,7.1583087512291055,50960,,,,,,,,,,,
0.5423137664794921,1.4055380821228027,5.243889591234724e-06,7.161118134569462,50980,,,,,,,,,,,
0.5154538154602051,0.9351977109909058,5.226330945357495e-06,7.163927517909819,51000,,,,,,,,,,,
0.5001821517944336,0.923012375831604,5.208772299480264e-06,7.166736901250175,51020,,,,,,,,,,,
0.5120556354522705,0.8247248530387878,5.191213653603035e-06,7.169546284590532,51040,,,,,,,,,,,
0.5599751949310303,0.9056991338729858,5.173655007725804e-06,7.172355667930889,51060,,,,,,,,,,,
0.531970739364624,0.9403316974639893,5.156096361848575e-06,7.175165051271246,51080,,,,,,,,,,,
0.5346022129058838,1.0343009233474731,5.138537715971344e-06,7.177974434611603,51100,,,,,,,,,,,
0.5519660472869873,0.8775028586387634,5.120979070094115e-06,7.180783817951959,51120,,,,,,,,,,,
0.5231748580932617,0.8738146424293518,5.103420424216885e-06,7.183593201292316,51140,,,,,,,,,,,
0.5116748809814453,0.8755517601966858,5.085861778339654e-06,7.186402584632673,51160,,,,,,,,,,,
0.5748014926910401,1.151784062385559,5.068303132462425e-06,7.18921196797303,51180,,,,,,,,,,,
0.4976600170135498,1.0120179653167725,5.050744486585194e-06,7.192021351313387,51200,,,,,,,,,,,
0.5254418849945068,1.030410647392273,5.033185840707965e-06,7.194830734653744,51220,,,,,,,,,,,
0.5316548347473145,0.9668060541152954,5.015627194830734e-06,7.1976401179941005,51240,,,,,,,,,,,
0.5385086536407471,0.8558210134506226,4.998068548953505e-06,7.200449501334457,51260,,,,,,,,,,,
0.5500680446624756,1.0624569654464722,4.9805099030762745e-06,7.203258884674814,51280,,,,,,,,,,,
0.48313302993774415,0.9004018902778625,4.962951257199045e-06,7.206068268015171,51300,,,,,,,,,,,
0.5271597862243652,0.9145442843437195,4.945392611321815e-06,7.208877651355527,51320,,,,,,,,,,,
0.5370988845825195,0.841393768787384,4.9278339654445855e-06,7.211687034695884,51340,,,,,,,,,,,
0.5510927677154541,0.9750198125839233,4.9102753195673555e-06,7.214496418036241,51360,,,,,,,,,,,
0.5413918972015381,0.936172366142273,4.892716673690126e-06,7.217305801376598,51380,,,,,,,,,,,
0.559800672531128,1.1615716218948364,4.875158027812896e-06,7.2201151847169545,51400,,,,,,,,,,,
0.5202625751495361,0.8330544829368591,4.857599381935665e-06,7.222924568057311,51420,,,,,,,,,,,
0.510700798034668,0.8834067583084106,4.840040736058436e-06,7.225733951397668,51440,,,,,,,,,,,
0.5344174385070801,1.005168080329895,4.822482090181205e-06,7.228543334738025,51460,,,,,,,,,,,
0.5121538162231445,0.8596010804176331,4.804923444303976e-06,7.231352718078382,51480,,,,,,,,,,,
0.5345157623291016,0.9319591522216797,4.787364798426745e-06,7.234162101418739,51500,,,,,,,,,,,
0.5475102424621582,1.023419737815857,4.769806152549516e-06,7.236971484759096,51520,,,,,,,,,,,
0.5031349658966064,0.9680217504501343,4.752247506672285e-06,7.239780868099452,51540,,,,,,,,,,,
0.5042929172515869,1.0279440879821777,4.734688860795056e-06,7.242590251439809,51560,,,,,,,,,,,
0.5234898567199707,0.9513241648674011,4.717130214917826e-06,7.245399634780166,51580,,,,,,,,,,,
0.5493914127349854,0.8379891514778137,4.699571569040596e-06,7.248209018120523,51600,,,,,,,,,,,
0.5220273494720459,0.8250977396965027,4.682012923163366e-06,7.251018401460879,51620,,,,,,,,,,,
0.5141205310821533,0.9217625856399536,4.664454277286135e-06,7.253827784801236,51640,,,,,,,,,,,
0.5201752662658692,0.9113401174545288,4.646895631408906e-06,7.256637168141593,51660,,,,,,,,,,,
0.5466369152069092,0.9367991089820862,4.6293369855316755e-06,7.2594465514819495,51680,,,,,,,,,,,
0.5108189582824707,1.2883203029632568,4.611778339654446e-06,7.262255934822306,51700,,,,,,,,,,,
0.520558214187622,0.8884246945381165,4.594219693777216e-06,7.265065318162663,51720,,,,,,,,,,,
0.5318155765533448,1.0184870958328247,4.5766610478999865e-06,7.26787470150302,51740,,,,,,,,,,,
0.5716416358947753,0.9839915633201599,4.5591024020227565e-06,7.270684084843377,51760,,,,,,,,,,,
0.5389795303344727,0.9471045732498169,4.5415437561455266e-06,7.273493468183734,51780,,,,,,,,,,,
0.5181478500366211,0.8640421032905579,4.523985110268297e-06,7.276302851524091,51800,,,,,,,,,,,
0.5304643630981445,0.8992616534233093,4.506426464391067e-06,7.2791122348644475,51820,,,,,,,,,,,
0.5266479015350342,0.9447379112243652,4.488867818513837e-06,7.281921618204804,51840,,,,,,,,,,,
0.5203033924102783,1.1593540906906128,4.471309172636606e-06,7.284731001545161,51860,,,,,,,,,,,
0.4975388526916504,0.9456971287727356,4.453750526759377e-06,7.287540384885518,51880,,,,,,,,,,,
0.5242355346679688,0.9379311800003052,4.436191880882146e-06,7.290349768225875,51900,,,,,,,,,,,
0.5130813121795654,0.9467105865478516,4.418633235004917e-06,7.293159151566231,51920,,,,,,,,,,,
0.5329030513763428,0.8701537847518921,4.401074589127686e-06,7.295968534906588,51940,,,,,,,,,,,
0.5370549201965332,0.8818356990814209,4.383515943250457e-06,7.2987779182469446,51960,,,,,,,,,,,
0.5077804088592529,0.992976725101471,4.365957297373227e-06,7.301587301587301,51980,,,,,,,,,,,
0.5208587169647216,0.9186329245567322,4.348398651495997e-06,7.304396684927658,52000,,,,,,,,,,,
0.5361504077911377,0.8692968487739563,4.330840005618767e-06,7.307206068268015,52020,,,,,,,,,,,
0.5205283641815186,1.029908537864685,4.313281359741537e-06,7.310015451608372,52040,,,,,,,,,,,
0.49207534790039065,0.9379686117172241,4.295722713864307e-06,7.312824834948729,52060,,,,,,,,,,,
0.5511279106140137,0.8697186708450317,4.2781640679870765e-06,7.315634218289086,52080,,,,,,,,,,,
0.5302632331848145,1.0491951704025269,4.260605422109847e-06,7.3184436016294425,52100,,,,,,,,,,,
0.5248247146606445,0.9333171248435974,4.2430467762326166e-06,7.321252984969799,52120,,,,,,,,,,,
0.5338243007659912,1.0003410577774048,4.2254881303553875e-06,7.324062368310156,52140,,,,,,,,,,,
0.5245592594146729,0.9302910566329956,4.207929484478157e-06,7.326871751650513,52160,,,,,,,,,,,
0.5162797451019288,0.8044509291648865,4.1903708386009276e-06,7.329681134990869,52180,,,,,,,,,,,
0.517232608795166,0.8259516358375549,4.172812192723698e-06,7.332490518331226,52200,,,,,,,,,,,
0.520475435256958,0.9090576171875,4.155253546846468e-06,7.335299901671583,52220,,,,,,,,,,,
0.5192678451538086,1.008337378501892,4.137694900969238e-06,7.33810928501194,52240,,,,,,,,,,,
0.5362518310546875,0.9946226477622986,4.120136255092008e-06,7.3409186683522965,52260,,,,,,,,,,,
0.47518444061279297,0.913504421710968,4.102577609214778e-06,7.343728051692653,52280,,,,,,,,,,,
0.5099698543548584,0.9225220680236816,4.085018963337547e-06,7.34653743503301,52300,,,,,,,,,,,
0.5073049545288086,0.9377353191375732,4.067460317460318e-06,7.349346818373367,52320,,,,,,,,,,,
0.5223472118377686,0.9360584616661072,4.049901671583087e-06,7.352156201713724,52340,,,,,,,,,,,
0.5284942626953125,0.9110788702964783,4.032343025705858e-06,7.354965585054081,52360,,,,,,,,,,,
0.5184619426727295,0.9583154320716858,4.014784379828627e-06,7.357774968394438,52380,,,,,,,,,,,
0.5050135612487793,0.8961244225502014,3.997225733951398e-06,7.360584351734794,52400,,,,,,,,,,,
0.5379504203796387,1.1024585962295532,3.979667088074168e-06,7.363393735075151,52420,,,,,,,,,,,
0.5231716156005859,0.923743486404419,3.962108442196938e-06,7.366203118415508,52440,,,,,,,,,,,
0.5327688217163086,0.9226683378219604,3.944549796319708e-06,7.369012501755865,52460,,,,,,,,,,,
0.5044861316680909,1.1535893678665161,3.926991150442478e-06,7.371821885096221,52480,,,,,,,,,,,
0.5269133090972901,0.8335174322128296,3.909432504565248e-06,7.374631268436578,52500,,,,,,,,,,,
0.5053959846496582,0.8571298718452454,3.8918738586880175e-06,7.377440651776935,52520,,,,,,,,,,,
0.5146613597869873,1.1007879972457886,3.8743152128107884e-06,7.3802500351172915,52540,,,,,,,,,,,
0.5323386192321777,1.0079742670059204,3.856756566933558e-06,7.383059418457648,52560,,,,,,,,,,,
0.5067904472351075,0.8492147922515869,3.8391979210563285e-06,7.385868801798005,52580,,,,,,,,,,,
0.5427493095397949,1.0836864709854126,3.821639275179098e-06,7.388678185138362,52600,,,,,,,,,,,
0.5225197792053222,0.9118391871452332,3.804080629301868e-06,7.391487568478719,52620,,,,,,,,,,,
0.5193741321563721,1.1177122592926025,3.7865219834246387e-06,7.394296951819076,52640,,,,,,,,,,,
0.527041244506836,1.0229427814483643,3.7689633375474083e-06,7.397106335159433,52660,,,,,,,,,,,
0.5105207920074463,1.0304725170135498,3.7514046916701788e-06,7.3999157184997895,52680,,,,,,,,,,,
0.5289911746978759,0.9528896808624268,3.7338460457929484e-06,7.402725101840146,52700,,,,,,,,,,,
0.508614444732666,1.0128198862075806,3.716287399915719e-06,7.405534485180503,52720,,,,,,,,,,,
0.47940845489501954,0.9796692728996277,3.6987287540384885e-06,7.40834386852086,52740,,,,,,,,,,,
0.49340085983276366,0.907517671585083,3.681170108161259e-06,7.411153251861217,52760,,,,,,,,,,,
0.5305541515350342,1.027475357055664,3.6636114622840286e-06,7.413962635201573,52780,,,,,,,,,,,
0.5503747940063477,0.936587929725647,3.646052816406799e-06,7.41677201854193,52800,,,,,,,,,,,
0.5265892028808594,0.9361334443092346,3.628494170529569e-06,7.4195814018822865,52820,,,,,,,,,,,
0.524861478805542,0.9622191190719604,3.6109355246523387e-06,7.422390785222643,52840,,,,,,,,,,,
0.5611469268798828,0.9269891381263733,3.5933768787751092e-06,7.425200168563,52860,,,,,,,,,,,
0.497396183013916,0.9584876894950867,3.575818232897879e-06,7.428009551903357,52880,,,,,,,,,,,
0.5336976528167725,0.8790119290351868,3.5582595870206493e-06,7.430818935243714,52900,,,,,,,,,,,
0.4808823585510254,1.0424655675888062,3.540700941143419e-06,7.433628318584071,52920,,,,,,,,,,,
0.5294939994812011,0.8456053137779236,3.5231422952661894e-06,7.436437701924428,52940,,,,,,,,,,,
0.5262145042419434,1.013231873512268,3.505583649388959e-06,7.4392470852647845,52960,,,,,,,,,,,
0.5264201164245605,1.1088149547576904,3.4880250035117295e-06,7.442056468605141,52980,,,,,,,,,,,
0.49635634422302244,0.9305458068847656,3.470466357634499e-06,7.444865851945498,53000,,,,,,,,,,,
0.5328201293945313,1.5438649654388428,3.4529077117572696e-06,7.447675235285855,53020,,,,,,,,,,,
0.5211594581604004,0.9060346484184265,3.4353490658800397e-06,7.450484618626212,53040,,,,,,,,,,,
0.5213963985443115,1.0376298427581787,3.4177904200028093e-06,7.453294001966569,53060,,,,,,,,,,,
0.5272647857666015,0.9950683116912842,3.4002317741255798e-06,7.456103385306925,53080,,,,,,,,,,,
0.5223913192749023,0.9752646684646606,3.3826731282483494e-06,7.458912768647282,53100,,,,,,,,,,,
0.49898614883422854,0.8662964105606079,3.36511448237112e-06,7.461722151987638,53120,,,,,,,,,,,
0.5163429737091064,0.9740103483200073,3.3475558364938895e-06,7.464531535327995,53140,,,,,,,,,,,
0.4928282260894775,0.9889967441558838,3.32999719061666e-06,7.467340918668352,53160,,,,,,,,,,,
0.5125372409820557,1.0264354944229126,3.3124385447394296e-06,7.470150302008709,53180,,,,,,,,,,,
0.5699621200561523,0.9579073190689087,3.2948798988622e-06,7.472959685349066,53200,,,,,,,,,,,
0.4973613739013672,0.8436909317970276,3.2773212529849697e-06,7.475769068689423,53220,,,,,,,,,,,
0.49010696411132815,0.8159999251365662,3.25976260710774e-06,7.4785784520297796,53240,,,,,,,,,,,
0.5444832801818847,1.0160186290740967,3.24220396123051e-06,7.481387835370136,53260,,,,,,,,,,,
0.4989491939544678,0.96539306640625,3.2246453153532802e-06,7.484197218710493,53280,,,,,,,,,,,
0.570762825012207,0.9980759024620056,3.2070866694760503e-06,7.48700660205085,53300,,,,,,,,,,,
0.5306337833404541,0.7991204261779785,3.18952802359882e-06,7.489815985391207,53320,,,,,,,,,,,
0.528361177444458,0.9510701298713684,3.1719693777215904e-06,7.492625368731564,53340,,,,,,,,,,,
0.4987974166870117,0.9519668221473694,3.15441073184436e-06,7.495434752071921,53360,,,,,,,,,,,
0.5449796199798584,1.0214474201202393,3.1368520859671305e-06,7.498244135412277,53380,,,,,,,,,,,
0.5131102085113526,1.0144749879837036,3.1192934400899005e-06,7.5010535187526335,53400,,,,,,,,,,,
0.5355011463165283,0.9746075868606567,3.1017347942126706e-06,7.50386290209299,53420,,,,,,,,,,,
0.5240872383117676,0.852818489074707,3.0841761483354406e-06,7.506672285433347,53440,,,,,,,,,,,
0.5332504272460937,1.0474598407745361,3.0666175024582107e-06,7.509481668773704,53460,,,,,,,,,,,
0.5149320602416992,0.9719241261482239,3.0490588565809807e-06,7.512291052114061,53480,,,,,,,,,,,
0.5285526275634765,1.0113883018493652,3.0315002107037508e-06,7.515100435454418,53500,,,,,,,,,,,
0.5279817104339599,0.9620943069458008,3.0139415648265204e-06,7.517909818794775,53520,,,,,,,,,,,
0.5473444938659668,0.9447561502456665,2.9963829189492905e-06,7.5207192021351315,53540,,,,,,,,,,,
0.554456090927124,1.0131380558013916,2.978824273072061e-06,7.523528585475488,53560,,,,,,,,,,,
0.5133033752441406,0.9320401549339294,2.961265627194831e-06,7.526337968815845,53580,,,,,,,,,,,
0.4931957244873047,0.9279476404190063,2.943706981317601e-06,7.529147352156202,53600,,,,,,,,,,,
0.5402997016906739,0.8551995754241943,2.926148335440371e-06,7.531956735496559,53620,,,,,,,,,,,
0.5159133434295654,0.9654284715652466,2.908589689563141e-06,7.534766118836915,53640,,,,,,,,,,,
0.5108687877655029,1.1964197158813477,2.891031043685911e-06,7.537575502177273,53660,,,,,,,,,,,
0.528052568435669,0.9811432957649231,2.8734723978086812e-06,7.5403848855176285,53680,,,,,,,,,,,
0.5013232231140137,0.9395356178283691,2.8559137519314513e-06,7.543194268857985,53700,,,,,,,,,,,
0.5249284744262696,0.9828147888183594,2.8383551060542213e-06,7.546003652198342,53720,,,,,,,,,,,
0.5329922676086426,0.9494052529335022,2.820796460176991e-06,7.548813035538699,53740,,,,,,,,,,,
0.5192783832550049,0.9341016411781311,2.803237814299761e-06,7.551622418879056,53760,,,,,,,,,,,
0.5290849685668946,0.9065788984298706,2.7856791684225315e-06,7.554431802219413,53780,,,,,,,,,,,
0.5170650005340576,0.8318301439285278,2.7681205225453015e-06,7.55724118555977,53800,,,,,,,,,,,
0.5484305858612061,0.9382712244987488,2.7505618766680716e-06,7.5600505689001265,53820,,,,,,,,,,,
0.5346060276031495,1.0279583930969238,2.7330032307908416e-06,7.562859952240483,53840,,,,,,,,,,,
0.5218984127044678,1.094744086265564,2.7154445849136117e-06,7.56566933558084,53860,,,,,,,,,,,
0.5359788417816163,0.9712308049201965,2.6978859390363817e-06,7.568478718921197,53880,,,,,,,,,,,
0.5189045906066895,0.9808993935585022,2.6803272931591518e-06,7.571288102261554,53900,,,,,,,,,,,
0.5201146602630615,1.0619698762893677,2.662768647281922e-06,7.574097485601911,53920,,,,,,,,,,,
0.5055883884429931,0.8918938636779785,2.645210001404692e-06,7.576906868942267,53940,,,,,,,,,,,
0.5147709369659423,0.9630265235900879,2.627651355527462e-06,7.579716252282624,53960,,,,,,,,,,,
0.5319798469543457,1.0420376062393188,2.6100927096502315e-06,7.58252563562298,53980,,,,,,,,,,,
0.4974715232849121,0.9327658414840698,2.592534063773002e-06,7.585335018963337,54000,,,,,,,,,,,
0.5369876861572266,0.9500297904014587,2.574975417895772e-06,7.588144402303694,54020,,,,,,,,,,,
0.5540164470672607,0.9932060837745667,2.557416772018542e-06,7.590953785644051,54040,,,,,,,,,,,
0.5074843883514404,1.0359699726104736,2.539858126141312e-06,7.593763168984408,54060,,,,,,,,,,,
0.5450421333312988,1.072779655456543,2.522299480264082e-06,7.596572552324765,54080,,,,,,,,,,,
0.5135374069213867,0.9233518242835999,2.5047408343868523e-06,7.5993819356651215,54100,,,,,,,,,,,
0.5718412399291992,1.1130874156951904,2.4871821885096223e-06,7.602191319005478,54120,,,,,,,,,,,
0.5136804103851318,0.8918043375015259,2.4696235426323924e-06,7.605000702345835,54140,,,,,,,,,,,
0.5404026985168457,0.9512652158737183,2.4520648967551624e-06,7.607810085686192,54160,,,,,,,,,,,
0.5384025573730469,1.036423921585083,2.4345062508779325e-06,7.610619469026549,54180,,,,,,,,,,,
0.5464618682861329,1.0509326457977295,2.4169476050007025e-06,7.613428852366906,54200,,,,,,,,,,,
0.5143476486206054,0.9199246764183044,2.3993889591234726e-06,7.616238235707263,54220,,,,,,,,,,,
0.5242436408996582,1.025466799736023,2.3818303132462426e-06,7.619047619047619,54240,,,,,,,,,,,
0.5141929149627685,0.8784215450286865,2.3642716673690126e-06,7.6218570023879755,54260,,,,,,,,,,,
0.5405173778533936,1.007975459098816,2.3467130214917827e-06,7.624666385728332,54280,,,,,,,,,,,
0.5328984737396241,1.0111373662948608,2.3291543756145527e-06,7.627475769068689,54300,,,,,,,,,,,
0.5262935161590576,1.0540316104888916,2.311595729737323e-06,7.630285152409046,54320,,,,,,,,,,,
0.5349412441253663,0.8602518439292908,2.294037083860093e-06,7.633094535749403,54340,,,,,,,,,,,
0.518958568572998,0.9738397598266602,2.276478437982863e-06,7.63590391908976,54360,,,,,,,,,,,
0.5390034675598144,0.8857278823852539,2.258919792105633e-06,7.638713302430117,54380,,,,,,,,,,,
0.5232266426086426,0.9459304213523865,2.241361146228403e-06,7.6415226857704734,54400,,,,,,,,,,,
0.49284992218017576,0.7911666631698608,2.223802500351173e-06,7.64433206911083,54420,,,,,,,,,,,
0.5196619987487793,0.9596971273422241,2.206243854473943e-06,7.647141452451187,54440,,,,,,,,,,,
0.5127407550811768,0.9212002158164978,2.188685208596713e-06,7.649950835791544,54460,,,,,,,,,,,
0.5333747386932373,0.9693771004676819,2.171126562719483e-06,7.652760219131901,54480,,,,,,,,,,,
0.5376256465911865,1.0489181280136108,2.1535679168422532e-06,7.655569602472258,54500,,,,,,,,,,,
0.549444055557251,0.9175203442573547,2.1360092709650233e-06,7.658378985812615,54520,,,,,,,,,,,
0.4956484317779541,0.9887986779212952,2.1184506250877933e-06,7.6611883691529705,54540,,,,,,,,,,,
0.5349977493286133,1.0389515161514282,2.1008919792105634e-06,7.663997752493327,54560,,,,,,,,,,,
0.5110990524291992,0.9465294480323792,2.0833333333333334e-06,7.666807135833684,54580,,,,,,,,,,,
0.5249844074249268,0.8292970657348633,2.0657746874561035e-06,7.669616519174041,54600,,,,,,,,,,,
0.5498410701751709,0.9552333354949951,2.0482160415788735e-06,7.672425902514398,54620,,,,,,,,,,,
0.5224536895751953,0.9023095965385437,2.0306573957016436e-06,7.675235285854755,54640,,,,,,,,,,,
0.5001833438873291,0.9034603834152222,2.0130987498244136e-06,7.678044669195112,54660,,,,,,,,,,,
0.5308267116546631,0.9720725417137146,1.9955401039471837e-06,7.6808540525354685,54680,,,,,,,,,,,
0.5323350429534912,0.9212512373924255,1.9779814580699537e-06,7.683663435875825,54700,,,,,,,,,,,
0.5169525623321534,0.9128066897392273,1.9604228121927238e-06,7.686472819216182,54720,,,,,,,,,,,
0.5367097854614258,0.849554181098938,1.942864166315494e-06,7.689282202556539,54740,,,,,,,,,,,
0.5199748039245605,1.200690746307373,1.925305520438264e-06,7.692091585896896,54760,,,,,,,,,,,
0.5119228363037109,1.017787218093872,1.907746874561034e-06,7.694900969237253,54780,,,,,,,,,,,
0.5235578060150147,0.8240668773651123,1.8901882286838038e-06,7.697710352577609,54800,,,,,,,,,,,
0.5256591320037842,1.0284415483474731,1.8726295828065738e-06,7.7005197359179665,54820,,,,,,,,,,,
0.5258433818817139,1.0302364826202393,1.8550709369293443e-06,7.703329119258322,54840,,,,,,,,,,,
0.5142753601074219,1.0059986114501953,1.8375122910521143e-06,7.706138502598679,54860,,,,,,,,,,,
0.48781933784484866,0.9745009541511536,1.8199536451748844e-06,7.708947885939036,54880,,,,,,,,,,,
0.5373551368713378,0.9016174674034119,1.8023949992976542e-06,7.711757269279393,54900,,,,,,,,,,,
0.5466371059417725,0.8164786100387573,1.7848363534204243e-06,7.71456665261975,54920,,,,,,,,,,,
0.4959240913391113,0.8855539560317993,1.7672777075431943e-06,7.717376035960107,54940,,,,,,,,,,,
0.5299525260925293,1.0073822736740112,1.7497190616659644e-06,7.7201854193004635,54960,,,,,,,,,,,
0.5167614936828613,0.9391894936561584,1.7321604157887344e-06,7.72299480264082,54980,,,,,,,,,,,
0.529252004623413,0.9193328022956848,1.7146017699115045e-06,7.725804185981177,55000,,,,,,,,,,,
0.5214997291564941,1.010398507118225,1.6970431240342745e-06,7.728613569321534,55020,,,,,,,,,,,
0.5338856697082519,0.9723432660102844,1.6794844781570448e-06,7.731422952661891,55040,,,,,,,,,,,
0.5205180168151855,1.0051718950271606,1.6619258322798148e-06,7.734232336002248,55060,,,,,,,,,,,
0.5268651485443115,0.8452348709106445,1.6443671864025849e-06,7.737041719342605,55080,,,,,,,,,,,
0.536784553527832,0.9383249878883362,1.626808540525355e-06,7.739851102682961,55100,,,,,,,,,,,
0.556765079498291,0.9992343783378601,1.6092498946481248e-06,7.742660486023318,55120,,,,,,,,,,,
0.5352998733520508,0.9087741374969482,1.5916912487708948e-06,7.745469869363674,55140,,,,,,,,,,,
0.5135224342346192,0.9476090669631958,1.5741326028936649e-06,7.748279252704031,55160,,,,,,,,,,,
0.5093180179595947,0.8850821256637573,1.556573957016435e-06,7.751088636044388,55180,,,,,,,,,,,
0.5085779190063476,0.9580571055412292,1.5390153111392052e-06,7.753898019384745,55200,,,,,,,,,,,
0.5029850006103516,0.9081367254257202,1.5214566652619752e-06,7.756707402725102,55220,,,,,,,,,,,
0.5114055633544922,0.8904163837432861,1.503898019384745e-06,7.759516786065459,55240,,,,,,,,,,,
0.5103269100189209,0.9296831488609314,1.486339373507515e-06,7.762326169405815,55260,,,,,,,,,,,
0.5327764987945557,0.9086469411849976,1.4687807276302851e-06,7.765135552746172,55280,,,,,,,,,,,
0.5147988796234131,0.8152057528495789,1.4512220817530552e-06,7.767944936086529,55300,,,,,,,,,,,
0.5444087505340576,0.9074715971946716,1.4336634358758255e-06,7.770754319426886,55320,,,,,,,,,,,
0.5336688041687012,0.9694616198539734,1.4161047899985955e-06,7.773563702767243,55340,,,,,,,,,,,
0.549167537689209,1.016921877861023,1.3985461441213653e-06,7.7763730861076,55360,,,,,,,,,,,
0.5216296672821045,1.0227887630462646,1.3809874982441354e-06,7.7791824694479565,55380,,,,,,,,,,,
0.5165256977081298,1.0272997617721558,1.3634288523669054e-06,7.7819918527883125,55400,,,,,,,,,,,
0.5635303497314453,0.8167341351509094,1.3458702064896757e-06,7.78480123612867,55420,,,,,,,,,,,
0.5075308322906494,1.004263162612915,1.3283115606124458e-06,7.787610619469026,55440,,,,,,,,,,,
0.5094193458557129,0.9374724626541138,1.3107529147352156e-06,7.790420002809383,55460,,,,,,,,,,,
0.5198588848114014,1.6592507362365723,1.2931942688579856e-06,7.79322938614974,55480,,,,,,,,,,,
0.5515154838562012,0.9369763731956482,1.2756356229807557e-06,7.796038769490097,55500,,,,,,,,,,,
0.5037894248962402,0.7926740646362305,1.258076977103526e-06,7.798848152830454,55520,,,,,,,,,,,
0.49381561279296876,0.905066967010498,1.240518331226296e-06,7.8016575361708105,55540,,,,,,,,,,,
0.5278554439544678,0.9764221906661987,1.222959685349066e-06,7.804466919511167,55560,,,,,,,,,,,
0.507479476928711,0.9687628149986267,1.2054010394718359e-06,7.807276302851524,55580,,,,,,,,,,,
0.5234756469726562,0.9996482729911804,1.187842393594606e-06,7.810085686191881,55600,,,,,,,,,,,
0.538471269607544,1.0592119693756104,1.170283747717376e-06,7.812895069532238,55620,,,,,,,,,,,
0.5070947647094727,0.8932838439941406,1.1527251018401462e-06,7.815704452872595,55640,,,,,,,,,,,
0.5089479923248291,1.019585371017456,1.1351664559629163e-06,7.818513836212952,55660,,,,,,,,,,,
0.5342385292053222,1.0376684665679932,1.1176078100856863e-06,7.8213232195533084,55680,,,,,,,,,,,
0.5173758506774903,0.9687885642051697,1.1000491642084562e-06,7.824132602893664,55700,,,,,,,,,,,
0.5446325302124023,0.9484496116638184,1.0824905183312262e-06,7.826941986234021,55720,,,,,,,,,,,
0.498903226852417,0.8876660466194153,1.0649318724539965e-06,7.829751369574378,55740,,,,,,,,,,,
0.5224398612976074,1.0314663648605347,1.0473732265767665e-06,7.832560752914735,55760,,,,,,,,,,,
0.5523652553558349,0.9455020427703857,1.0298145806995366e-06,7.835370136255092,55780,,,,,,,,,,,
0.5220456123352051,0.8511784672737122,1.0122559348223064e-06,7.838179519595449,55800,,,,,,,,,,,
0.5391115665435791,0.919370710849762,9.946972889450765e-07,7.8409889029358055,55820,,,,,,,,,,,
0.5449904918670654,0.9138474464416504,9.771386430678467e-07,7.843798286276162,55840,,,,,,,,,,,
0.5490323066711426,1.169702172279358,9.595799971906168e-07,7.846607669616519,55860,,,,,,,,,,,
0.47959280014038086,0.93600994348526,9.420213513133867e-07,7.849417052956876,55880,,,,,,,,,,,
0.4981837749481201,0.9151128530502319,9.244627054361568e-07,7.852226436297233,55900,,,,,,,,,,,
0.5191189765930175,0.9158759117126465,9.069040595589268e-07,7.85503581963759,55920,,,,,,,,,,,
0.5171593189239502,0.9215857982635498,8.89345413681697e-07,7.857845202977947,55940,,,,,,,,,,,
0.5209772109985351,0.8452696800231934,8.71786767804467e-07,7.8606545863183035,55960,,,,,,,,,,,
0.49219141006469724,0.9598838090896606,8.542281219272371e-07,7.86346396965866,55980,,,,,,,,,,,
0.4971008777618408,1.0432407855987549,8.36669476050007e-07,7.866273352999016,56000,,,,,,,,,,,
0.4862209320068359,0.9521233439445496,8.191108301727771e-07,7.869082736339373,56020,,,,,,,,,,,
0.5417995452880859,1.0101150274276733,8.015521842955471e-07,7.87189211967973,56040,,,,,,,,,,,
0.5316897869110108,0.8711467981338501,7.839935384183173e-07,7.874701503020087,56060,,,,,,,,,,,
0.5325403213500977,0.8860141634941101,7.664348925410873e-07,7.877510886360444,56080,,,,,,,,,,,
0.5355906963348389,0.803475558757782,7.488762466638573e-07,7.880320269700801,56100,,,,,,,,,,,
0.5161313056945801,0.8851544857025146,7.313176007866273e-07,7.883129653041157,56120,,,,,,,,,,,
0.4919593811035156,1.0247606039047241,7.137589549093975e-07,7.885939036381514,56140,,,,,,,,,,,
0.5196493625640869,5.523484230041504,6.962003090321674e-07,7.888748419721871,56160,,,,,,,,,,,
0.4869384288787842,0.8697285056114197,6.786416631549376e-07,7.891557803062228,56180,,,,,,,,,,,
0.5669829368591308,1.0057042837142944,6.610830172777076e-07,7.894367186402585,56200,,,,,,,,,,,
0.5260368824005127,0.9786366820335388,6.435243714004776e-07,7.897176569742942,56220,,,,,,,,,,,
0.5130416870117187,0.8818683624267578,6.259657255232477e-07,7.8999859530832985,56240,,,,,,,,,,,
0.5447666645050049,0.9468583464622498,6.084070796460178e-07,7.902795336423655,56260,,,,,,,,,,,
0.4996063232421875,0.9208908677101135,5.908484337687877e-07,7.905604719764012,56280,,,,,,,,,,,
0.5243481159210205,0.9244494438171387,5.732897878915579e-07,7.908414103104368,56300,,,,,,,,,,,
0.5479231834411621,1.005318522453308,5.557311420143279e-07,7.911223486444725,56320,,,,,,,,,,,
0.5007264614105225,0.8712856769561768,5.38172496137098e-07,7.914032869785082,56340,,,,,,,,,,,
0.5442847728729248,0.9711055159568787,5.20613850259868e-07,7.916842253125439,56360,,,,,,,,,,,
0.5266623020172119,0.974524974822998,5.030552043826381e-07,7.919651636465796,56380,,,,,,,,,,,
0.5192477703094482,0.9351084232330322,4.854965585054081e-07,7.9224610198061525,56400,,,,,,,,,,,
0.5189965724945068,0.8471197485923767,4.6793791262817815e-07,7.925270403146509,56420,,,,,,,,,,,
0.5163254737854004,0.8199324011802673,4.5037926675094825e-07,7.928079786486866,56440,,,,,,,,,,,
0.5161497116088867,0.9804562926292419,4.3282062087371825e-07,7.930889169827223,56460,,,,,,,,,,,
0.5460131645202637,0.8186304569244385,4.1526197499648825e-07,7.93369855316758,56480,,,,,,,,,,,
0.5149990558624268,0.9778933525085449,3.9770332911925835e-07,7.936507936507937,56500,,,,,,,,,,,
0.501340389251709,1.0117335319519043,3.801446832420284e-07,7.939317319848294,56520,,,,,,,,,,,
0.5070887565612793,0.9000337719917297,3.6258603736479845e-07,7.94212670318865,56540,,,,,,,,,,,
0.5238925457000733,0.9394544363021851,3.450273914875685e-07,7.944936086529006,56560,,,,,,,,,,,
0.5305526733398438,0.8547442555427551,3.2746874561033854e-07,7.947745469869364,56580,,,,,,,,,,,
0.5215160369873046,0.9122593402862549,3.099100997331086e-07,7.95055485320972,56600,,,,,,,,,,,
0.5247137546539307,0.849955141544342,2.9235145385587864e-07,7.953364236550077,56620,,,,,,,,,,,
0.5211048603057862,0.9073250889778137,2.7479280797864874e-07,7.956173619890434,56640,,,,,,,,,,,
0.521073865890503,0.986113965511322,2.5723416210141874e-07,7.958983003230791,56660,,,,,,,,,,,
0.5519670486450196,0.9073641896247864,2.396755162241888e-07,7.9617923865711475,56680,,,,,,,,,,,
0.5071405887603759,0.9095175862312317,2.2211687034695886e-07,7.964601769911504,56700,,,,,,,,,,,
0.49676966667175293,0.9275493621826172,2.0455822446972891e-07,7.967411153251861,56720,,,,,,,,,,,
0.5464856624603271,0.9317341446876526,1.8699957859249896e-07,7.970220536592218,56740,,,,,,,,,,,
0.5413002490997314,0.9597222208976746,1.69440932715269e-07,7.973029919932575,56760,,,,,,,,,,,
0.5491878509521484,0.8491494059562683,1.5188228683803906e-07,7.975839303272932,56780,,,,,,,,,,,
0.5060405731201172,1.0372587442398071,1.343236409608091e-07,7.978648686613289,56800,,,,,,,,,,,
0.5141753673553466,0.973250687122345,1.1676499508357917e-07,7.9814580699536455,56820,,,,,,,,,,,
0.51743483543396,0.8599692583084106,9.920634920634921e-08,7.984267453294002,56840,,,,,,,,,,,
0.5072285175323487,0.8583807945251465,8.164770332911927e-08,7.987076836634358,56860,,,,,,,,,,,
0.5134297370910644,0.9105993509292603,6.408905745188932e-08,7.989886219974716,56880,,,,,,,,,,,
0.5197786331176758,0.8490344882011414,4.653041157465936e-08,7.992695603315072,56900,,,,,,,,,,,
0.5019097805023194,1.0326578617095947,2.8971765697429413e-08,7.995504986655429,56920,,,,,,,,,,,
0.531121301651001,0.9295263290405273,1.1413119820199467e-08,7.998314369995786,56940,,,,,,,,,,,
,,,8.0,56952,1.3223541975021362,36.428558749602374,56.43683291980067,206.3644,16.5,1.032,,,,,
,,,8.0,56952,,,,,,,10848.3674,167.99,5.25,2.6469672513778483e+17,0.8774040125698701
